customer_id,first_name,last_name,age_group,gender,region,loyalty_tier,registration_date,email_opt_in,is_active
CUST00001,Jacob,Jones,65+,Female,South East,Bronze,2023-10-17,True,True
CUST00002,Noah,Lee,18-24,Male,London,Bronze,2023-07-13,True,True
CUST00003,Emily,Wood,45-54,Prefer not to say,South East,Gold,2024-01-04,True,True
CUST00004,Ella,Roberts,25-34,Female,London,Bronze,2022-12-15,True,False
CUST00005,Sophia,Williams,65+,Female,East of England,Platinum,2023-09-11,False,True
CUST00006,Rahul,Walker,65+,Male,London,Bronze,2022-10-28,True,False
CUST00007,Mia,Evans,45-54,Female,East of England,Gold,2024-05-25,True,True
CUST00008,Ella,Brown,55-64,Prefer not to say,London,Silver,2022-08-03,True,True
CUST00009,Mia,Martin,18-24,Male,North West,Gold,2022-10-04,False,True
CUST00010,Mohammed,Robinson,65+,Female,South West,Gold,2022-08-05,False,True
CUST00011,Isabella,White,65+,Prefer not to say,South West,Silver,2022-05-23,True,True
CUST00012,Michael,Davies,18-24,Male,London,Bronze,2022-05-22,False,True
CUST00013,Sofia,Ahmed,55-64,Female,Wales,Gold,2023-01-30,True,True
CUST00014,Ella,Clark,18-24,Female,South West,Silver,2022-04-28,True,False
CUST00015,Amelia,Evans,65+,Female,North West,Silver,2024-02-20,True,True
CUST00016,Olivia,Smith,55-64,Female,East of England,Bronze,2024-02-20,True,False
CUST00017,Lily,Thompson,18-24,Male,North West,Platinum,2024-05-01,True,True
CUST00018,George,Thomas,25-34,Prefer not to say,East of England,Silver,2024-04-15,True,True
CUST00019,Thomas,Robinson,55-64,Prefer not to say,West Midlands,Silver,2023-09-14,False,False
CUST00020,Rahul,Kim,55-64,Female,London,Bronze,2023-10-28,True,True
CUST00021,Mia,Wood,18-24,Male,Yorkshire,Bronze,2023-07-22,True,False
CUST00022,Aisha,Brown,55-64,Male,South East,Silver,2024-05-30,True,True
CUST00023,Sarah,Thompson,45-54,Female,London,Bronze,2023-08-08,False,True
CUST00024,David,Taylor,65+,Prefer not to say,Wales,Bronze,2023-02-25,False,True
CUST00025,Charlie,Thompson,25-34,Male,East of England,Bronze,2024-03-30,True,True
CUST00026,George,Kim,55-64,Male,London,Platinum,2022-09-13,True,False
CUST00027,Isabella,Johnson,45-54,Female,East of England,Gold,2024-02-11,True,True
CUST00028,Sofia,White,45-54,Female,South West,Platinum,2022-01-03,False,True
CUST00029,Ava,Taylor,55-64,Prefer not to say,East Midlands,Silver,2022-10-31,True,True
CUST00030,Olivia,Taylor,55-64,Male,North West,Bronze,2023-05-04,True,True
CUST00031,Daniel,Wilson,55-64,Male,East Midlands,Bronze,2022-08-29,True,True
CUST00032,Mohammed,White,25-34,Prefer not to say,Yorkshire,Bronze,2023-08-21,False,True
CUST00033,Lily,Ahmed,35-44,Male,London,Silver,2023-10-23,True,True
CUST00034,Sophia,Thomas,35-44,Male,North West,Bronze,2022-08-07,True,True
CUST00035,Lily,Smith,65+,Prefer not to say,South East,Silver,2023-07-11,True,True
CUST00036,Freddie,Watson,35-44,Prefer not to say,London,Bronze,2022-04-20,True,True
CUST00037,Jack,Davies,65+,Female,North West,Bronze,2022-09-15,True,True
CUST00038,Sophia,Johnson,65+,Female,East Midlands,Bronze,2023-10-15,True,True
CUST00039,Freddie,Williams,35-44,Prefer not to say,East Midlands,Bronze,2023-12-09,True,True
CUST00040,Harry,Patel,25-34,Prefer not to say,South East,Bronze,2024-03-26,False,False
CUST00041,Freddie,Thompson,25-34,Male,North East,Bronze,2024-02-07,True,True
CUST00042,Isabella,Watson,25-34,Prefer not to say,London,Gold,2023-02-26,False,True
CUST00043,David,Patel,35-44,Male,South East,Silver,2024-04-16,False,True
CUST00044,George,Watson,35-44,Prefer not to say,East of England,Silver,2024-06-04,True,False
CUST00045,Sophia,Lewis,55-64,Female,London,Silver,2022-04-29,True,True
CUST00046,Thomas,Wilson,45-54,Prefer not to say,London,Bronze,2022-11-18,False,True
CUST00047,Isla,Singh,45-54,Male,Scotland,Gold,2024-04-05,True,True
CUST00048,Lily,Harris,65+,Female,South East,Silver,2022-05-08,True,True
CUST00049,Sofia,Lewis,55-64,Prefer not to say,South East,Silver,2023-11-12,True,True
CUST00050,Thomas,Martin,45-54,Female,South West,Bronze,2022-08-04,False,True
CUST00051,Olivia,Davies,35-44,Prefer not to say,West Midlands,Silver,2024-03-26,True,True
CUST00052,Isabella,Harris,25-34,Male,London,Bronze,2024-02-09,False,True
CUST00053,George,Ahmed,45-54,Prefer not to say,East Midlands,Silver,2024-02-26,False,True
CUST00054,Freddie,Smith,18-24,Female,London,Gold,2022-09-07,False,True
CUST00055,Jacob,Ahmed,25-34,Female,West Midlands,Platinum,2022-09-13,True,False
CUST00056,Thomas,Kim,25-34,Prefer not to say,North West,Silver,2023-03-30,True,False
CUST00057,Michael,Thompson,35-44,Female,London,Bronze,2022-10-11,True,True
CUST00058,Noah,Thomas,25-34,Male,South West,Bronze,2023-07-08,True,True
CUST00059,Aisha,Ahmed,45-54,Male,London,Bronze,2023-02-22,True,False
CUST00060,Sofia,Hussain,18-24,Female,South East,Bronze,2024-02-23,False,True
CUST00061,Mia,Sharma,25-34,Female,South West,Bronze,2024-01-23,True,True
CUST00062,Daniel,Johnson,45-54,Male,Wales,Silver,2024-03-28,False,True
CUST00063,Oliver,Davies,65+,Female,London,Silver,2023-11-10,True,True
CUST00064,Ava,Ahmed,35-44,Female,Yorkshire,Bronze,2022-12-02,False,True
CUST00065,Sarah,Jones,65+,Prefer not to say,London,Platinum,2022-03-25,True,True
CUST00066,Harry,Jones,25-34,Male,North West,Silver,2024-03-10,True,True
CUST00067,Jacob,Robinson,45-54,Prefer not to say,South East,Bronze,2023-11-17,True,True
CUST00068,Lily,Evans,55-64,Male,Scotland,Silver,2022-06-17,False,True
CUST00069,Isla,Brown,55-64,Prefer not to say,North West,Bronze,2024-01-03,True,False
CUST00070,Jacob,Williams,35-44,Prefer not to say,South West,Bronze,2023-09-07,True,True
CUST00071,Michael,Evans,45-54,Female,West Midlands,Gold,2023-03-07,True,True
CUST00072,Ella,Hussain,45-54,Female,North West,Silver,2024-01-22,True,False
CUST00073,Noah,Watson,45-54,Male,Yorkshire,Silver,2024-04-30,False,True
CUST00074,Mohammed,Lewis,45-54,Male,South East,Bronze,2023-05-22,True,False
CUST00075,Ella,Smith,55-64,Male,London,Silver,2023-12-20,False,True
CUST00076,Sarah,Sharma,45-54,Male,London,Bronze,2022-09-04,True,True
CUST00077,Rahul,Hussain,55-64,Prefer not to say,South East,Platinum,2023-08-19,True,True
CUST00078,Ella,Harris,35-44,Male,London,Bronze,2023-04-10,True,True
CUST00079,Amelia,Walker,25-34,Prefer not to say,East of England,Silver,2024-02-20,True,False
CUST00080,Isla,Jackson,25-34,Female,London,Bronze,2024-05-02,True,True
CUST00081,Grace,Thomas,65+,Female,London,Bronze,2022-02-25,True,True
CUST00082,Aisha,Lewis,18-24,Female,Scotland,Silver,2023-03-28,True,True
CUST00083,Jack,Roberts,25-34,Prefer not to say,Scotland,Bronze,2022-03-17,True,True
CUST00084,Emily,Wood,55-64,Female,East of England,Bronze,2024-02-22,False,True
CUST00085,Jack,Evans,25-34,Prefer not to say,London,Silver,2023-09-28,True,True
CUST00086,George,Johnson,18-24,Female,East of England,Silver,2023-07-20,True,True
CUST00087,Grace,Ahmed,18-24,Prefer not to say,South East,Bronze,2022-10-23,True,True
CUST00088,Mia,Roberts,35-44,Male,London,Bronze,2023-07-12,True,True
CUST00089,Grace,Kim,18-24,Female,West Midlands,Silver,2024-04-24,True,True
CUST00090,Jessica,Davies,55-64,Male,North East,Silver,2023-05-21,True,True
CUST00091,Oliver,Watson,55-64,Male,Yorkshire,Bronze,2022-08-23,False,False
CUST00092,Thomas,Sharma,18-24,Female,South East,Bronze,2022-07-05,True,False
CUST00093,Emily,Sharma,35-44,Prefer not to say,Scotland,Gold,2022-12-04,True,True
CUST00094,Sophia,Martin,18-24,Female,North West,Gold,2022-11-19,True,True
CUST00095,David,Chen,18-24,Male,East of England,Silver,2023-07-10,False,True
CUST00096,Jack,Robinson,35-44,Prefer not to say,London,Bronze,2024-02-18,False,True
CUST00097,Isabella,Johnson,35-44,Prefer not to say,London,Bronze,2023-10-08,True,False
CUST00098,David,Wilson,65+,Male,East of England,Silver,2022-04-27,True,True
CUST00099,Sarah,Thompson,45-54,Prefer not to say,London,Bronze,2023-05-10,True,False
CUST00100,Emily,Clark,55-64,Female,North West,Bronze,2022-10-10,True,False
CUST00101,Michael,Roberts,45-54,Prefer not to say,East of England,Bronze,2023-08-17,False,True
CUST00102,Isla,Thompson,55-64,Female,South East,Gold,2022-11-26,True,True
CUST00103,Sofia,Ali,65+,Prefer not to say,Wales,Silver,2023-04-30,True,True
CUST00104,Aisha,Evans,45-54,Male,East of England,Silver,2023-08-28,True,True
CUST00105,Freddie,Brown,45-54,Female,South East,Silver,2023-11-02,True,False
CUST00106,Sofia,Martin,65+,Prefer not to say,North East,Silver,2024-05-22,True,True
CUST00107,Grace,Wood,65+,Male,South West,Bronze,2022-08-29,True,True
CUST00108,Lily,Jones,18-24,Female,North West,Bronze,2023-12-12,True,True
CUST00109,Emily,Lewis,25-34,Male,London,Gold,2022-09-08,True,True
CUST00110,Freddie,Wood,45-54,Prefer not to say,South East,Bronze,2023-08-21,True,False
CUST00111,Grace,Johnson,18-24,Female,Scotland,Platinum,2023-04-22,True,True
CUST00112,Sophia,Ahmed,35-44,Male,Wales,Gold,2023-03-11,True,True
CUST00113,Priya,Jackson,65+,Female,London,Gold,2023-08-09,False,True
CUST00114,Jack,Sharma,35-44,Male,East Midlands,Bronze,2023-08-03,True,True
CUST00115,Alfie,Evans,65+,Prefer not to say,London,Gold,2023-11-26,True,True
CUST00116,Alfie,Davies,35-44,Female,Yorkshire,Bronze,2024-01-20,True,True
CUST00117,Rahul,Watson,25-34,Female,North East,Platinum,2024-06-16,True,True
CUST00118,Jacob,Ahmed,18-24,Male,Yorkshire,Bronze,2022-12-13,False,False
CUST00119,Rahul,Davies,45-54,Male,South East,Bronze,2024-04-03,True,True
CUST00120,Sophia,Ali,65+,Female,London,Bronze,2023-11-20,True,True
CUST00121,Mohammed,Wood,65+,Male,West Midlands,Silver,2023-07-29,True,True
CUST00122,Alfie,Williams,18-24,Female,Wales,Bronze,2022-04-30,True,False
CUST00123,Sofia,Ahmed,35-44,Prefer not to say,Scotland,Silver,2022-05-19,False,True
CUST00124,Freddie,Chen,65+,Male,North West,Silver,2024-01-15,True,True
CUST00125,Ava,Kim,45-54,Male,North West,Bronze,2023-01-15,True,True
CUST00126,Priya,Taylor,45-54,Female,London,Bronze,2023-10-23,False,True
CUST00127,Oliver,Taylor,35-44,Male,Wales,Gold,2022-08-06,True,True
CUST00128,Ava,Robinson,25-34,Female,Yorkshire,Gold,2024-02-23,True,True
CUST00129,Alfie,White,25-34,Male,West Midlands,Bronze,2022-05-29,True,True
CUST00130,Isabella,Martin,18-24,Male,South East,Bronze,2024-03-18,False,True
CUST00131,George,Hussain,45-54,Female,East of England,Bronze,2024-02-03,True,False
CUST00132,Lily,Ahmed,65+,Male,London,Silver,2022-02-14,False,True
CUST00133,Michael,Kim,18-24,Male,South East,Bronze,2022-04-21,True,True
CUST00134,Mohammed,Ali,55-64,Prefer not to say,South East,Silver,2023-10-11,False,True
CUST00135,Jacob,Robinson,45-54,Female,North East,Bronze,2023-12-20,False,True
CUST00136,Charlie,Martin,45-54,Female,West Midlands,Bronze,2024-01-18,True,True
CUST00137,George,Davies,18-24,Male,South West,Silver,2023-05-01,True,True
CUST00138,Jack,Clark,65+,Male,South West,Gold,2023-07-24,False,False
CUST00139,Jack,Jackson,55-64,Female,South East,Silver,2024-01-09,True,True
CUST00140,Mia,Evans,35-44,Prefer not to say,South East,Gold,2023-05-09,True,True
CUST00141,Oliver,Watson,18-24,Male,South East,Gold,2024-05-15,True,True
CUST00142,Freddie,Khan,18-24,Male,Yorkshire,Platinum,2022-07-05,True,True
CUST00143,Sofia,Chen,45-54,Female,London,Bronze,2022-08-09,True,True
CUST00144,Noah,Taylor,25-34,Male,Yorkshire,Bronze,2023-08-05,True,True
CUST00145,Thomas,Sharma,55-64,Female,South West,Bronze,2023-11-09,True,True
CUST00146,Grace,Sharma,55-64,Prefer not to say,South East,Bronze,2022-04-24,True,True
CUST00147,Ava,Thomas,35-44,Female,South East,Bronze,2022-11-05,False,True
CUST00148,Mia,Patel,18-24,Female,North West,Bronze,2023-01-25,True,True
CUST00149,Mohammed,Lee,55-64,Female,Yorkshire,Bronze,2022-03-21,True,True
CUST00150,Olivia,Ahmed,65+,Female,London,Gold,2022-11-29,True,True
CUST00151,Noah,Khan,35-44,Prefer not to say,South East,Bronze,2023-02-15,True,True
CUST00152,Jacob,Walker,35-44,Female,Yorkshire,Gold,2023-10-11,True,True
CUST00153,Sophia,Walker,25-34,Prefer not to say,London,Gold,2022-05-30,True,True
CUST00154,Michael,Ahmed,55-64,Prefer not to say,South West,Gold,2024-03-02,True,False
CUST00155,Mohammed,Roberts,45-54,Male,East of England,Silver,2023-10-05,True,True
CUST00156,George,Harris,45-54,Female,London,Bronze,2022-12-27,True,True
CUST00157,Noah,Ali,45-54,Prefer not to say,East Midlands,Gold,2024-06-03,True,True
CUST00158,Isla,Martin,55-64,Female,East of England,Platinum,2024-04-09,False,True
CUST00159,Aisha,Davies,55-64,Prefer not to say,London,Bronze,2024-05-07,False,False
CUST00160,Olivia,Singh,35-44,Female,South West,Gold,2023-06-21,True,True
CUST00161,Aisha,Brown,35-44,Male,East Midlands,Bronze,2023-10-25,True,True
CUST00162,Freddie,Clark,18-24,Prefer not to say,West Midlands,Gold,2023-11-04,True,False
CUST00163,Daniel,Thomas,55-64,Prefer not to say,Scotland,Bronze,2023-12-17,False,True
CUST00164,Alfie,Davies,65+,Prefer not to say,South West,Bronze,2022-12-03,True,True
CUST00165,Aisha,Sharma,25-34,Male,Wales,Bronze,2022-08-08,True,False
CUST00166,Harry,Clark,55-64,Male,East Midlands,Bronze,2022-04-14,True,False
CUST00167,Olivia,Kim,18-24,Female,South East,Silver,2024-02-29,False,True
CUST00168,Jessica,Wood,55-64,Male,South East,Gold,2024-02-10,False,False
CUST00169,Rahul,Kim,45-54,Female,Yorkshire,Silver,2022-07-18,False,False
CUST00170,Isla,Thomas,35-44,Male,West Midlands,Gold,2024-04-16,True,True
CUST00171,Jacob,Jackson,18-24,Male,South East,Gold,2023-06-13,True,False
CUST00172,Mia,Kim,35-44,Male,South West,Bronze,2022-04-04,True,True
CUST00173,Rahul,Wood,18-24,Female,Scotland,Gold,2022-03-25,True,True
CUST00174,Harry,Jackson,45-54,Prefer not to say,North West,Gold,2022-05-21,False,True
CUST00175,Noah,Jones,35-44,Male,North West,Silver,2022-01-06,False,True
CUST00176,Isabella,Harris,18-24,Male,South East,Silver,2022-10-23,False,True
CUST00177,Michael,Jones,65+,Prefer not to say,East Midlands,Silver,2024-05-06,True,True
CUST00178,Priya,Thompson,55-64,Female,London,Silver,2023-09-22,True,True
CUST00179,Oliver,Ali,45-54,Male,West Midlands,Platinum,2023-06-23,True,True
CUST00180,George,Patel,25-34,Prefer not to say,West Midlands,Bronze,2023-01-01,True,True
CUST00181,Aisha,Lewis,65+,Female,Wales,Silver,2022-12-27,True,True
CUST00182,David,Williams,35-44,Male,London,Bronze,2022-03-06,True,True
CUST00183,Daniel,Hussain,35-44,Male,Yorkshire,Bronze,2022-11-14,True,False
CUST00184,Aisha,Watson,18-24,Female,South West,Bronze,2022-02-18,False,False
CUST00185,Aisha,Lewis,45-54,Prefer not to say,East of England,Gold,2023-01-31,True,True
CUST00186,Thomas,Davies,45-54,Prefer not to say,Wales,Bronze,2024-01-15,True,True
CUST00187,Mohammed,Jackson,35-44,Female,East Midlands,Bronze,2022-03-23,False,True
CUST00188,Priya,Lee,35-44,Prefer not to say,Wales,Platinum,2022-02-13,True,True
CUST00189,Rahul,Johnson,18-24,Male,North West,Silver,2023-02-20,False,True
CUST00190,Isabella,Singh,35-44,Female,Scotland,Bronze,2022-03-10,True,True
CUST00191,Rahul,Kim,18-24,Prefer not to say,London,Bronze,2023-01-15,True,True
CUST00192,Jacob,Jones,65+,Male,East of England,Bronze,2022-09-13,True,True
CUST00193,Jessica,Robinson,55-64,Female,West Midlands,Platinum,2022-09-24,True,True
CUST00194,George,Kim,25-34,Prefer not to say,South West,Bronze,2024-05-23,True,True
CUST00195,George,Jackson,35-44,Male,Yorkshire,Gold,2023-12-28,True,True
CUST00196,Mia,Wilson,25-34,Male,South East,Silver,2023-06-05,True,True
CUST00197,David,Thomas,55-64,Male,London,Bronze,2023-01-13,False,True
CUST00198,Emily,Brown,25-34,Female,West Midlands,Bronze,2024-02-27,True,True
CUST00199,Amelia,Thomas,45-54,Prefer not to say,North East,Bronze,2024-04-28,True,True
CUST00200,Olivia,Johnson,35-44,Prefer not to say,South East,Platinum,2022-11-08,True,False
CUST00201,Isla,Watson,25-34,Prefer not to say,South East,Silver,2022-09-14,True,True
CUST00202,Freddie,Johnson,65+,Prefer not to say,Yorkshire,Silver,2023-08-18,True,False
CUST00203,Noah,Williams,65+,Prefer not to say,South East,Bronze,2022-01-30,False,True
CUST00204,Michael,Jackson,65+,Female,East of England,Gold,2022-02-01,False,True
CUST00205,Jack,Johnson,45-54,Female,East of England,Bronze,2022-03-16,True,True
CUST00206,Mohammed,Patel,45-54,Male,Yorkshire,Silver,2024-01-06,True,True
CUST00207,Jacob,Watson,45-54,Male,London,Bronze,2023-04-23,False,False
CUST00208,Isabella,Johnson,35-44,Prefer not to say,Yorkshire,Bronze,2023-03-05,True,True
CUST00209,David,Sharma,35-44,Female,London,Platinum,2023-06-12,False,False
CUST00210,Priya,Taylor,18-24,Female,East of England,Gold,2022-08-09,False,True
CUST00211,Charlie,Lee,25-34,Female,Yorkshire,Gold,2022-01-09,True,True
CUST00212,Isla,Singh,55-64,Female,London,Silver,2022-02-22,True,False
CUST00213,Jacob,Thomas,18-24,Female,South West,Platinum,2023-10-01,True,True
CUST00214,Daniel,Williams,18-24,Male,London,Bronze,2022-07-23,False,True
CUST00215,Alfie,Martin,55-64,Female,London,Platinum,2022-06-02,True,True
CUST00216,Michael,Harris,45-54,Male,South East,Silver,2023-06-04,False,True
CUST00217,Oliver,Hussain,35-44,Prefer not to say,North West,Gold,2024-03-26,True,True
CUST00218,Sarah,Johnson,55-64,Prefer not to say,Yorkshire,Gold,2023-08-21,False,True
CUST00219,Isabella,Williams,55-64,Prefer not to say,London,Bronze,2023-11-29,True,True
CUST00220,Ava,Chen,55-64,Prefer not to say,Scotland,Gold,2023-02-27,True,True
CUST00221,Ava,Martin,65+,Female,East of England,Bronze,2023-06-16,True,True
CUST00222,Aisha,Patel,65+,Prefer not to say,West Midlands,Gold,2023-06-30,True,True
CUST00223,Isabella,Watson,55-64,Female,South East,Platinum,2022-07-16,True,True
CUST00224,Ava,Sharma,35-44,Female,South East,Platinum,2023-12-23,True,True
CUST00225,Sofia,Khan,35-44,Male,South East,Bronze,2023-08-11,True,True
CUST00226,Sophia,Hussain,25-34,Male,North West,Bronze,2023-03-29,True,True
CUST00227,Isabella,Thompson,18-24,Prefer not to say,North East,Bronze,2023-09-23,True,True
CUST00228,Aisha,Hussain,18-24,Prefer not to say,Yorkshire,Bronze,2023-02-28,True,True
CUST00229,Sarah,Hussain,65+,Male,Yorkshire,Bronze,2024-06-18,True,True
CUST00230,Noah,Wood,55-64,Prefer not to say,Yorkshire,Platinum,2024-02-27,True,True
CUST00231,Amelia,Williams,45-54,Female,London,Silver,2024-05-07,True,False
CUST00232,Lily,Evans,35-44,Female,East of England,Silver,2022-01-10,False,False
CUST00233,David,Watson,25-34,Male,South East,Silver,2022-05-18,True,True
CUST00234,Aisha,Jackson,55-64,Prefer not to say,Yorkshire,Bronze,2022-01-15,False,False
CUST00235,Mohammed,Davies,45-54,Prefer not to say,London,Platinum,2023-06-12,False,True
CUST00236,James,White,45-54,Male,South West,Bronze,2022-09-12,True,True
CUST00237,James,White,65+,Female,West Midlands,Bronze,2024-01-11,True,True
CUST00238,Daniel,Harris,65+,Male,West Midlands,Platinum,2022-06-13,True,True
CUST00239,Alfie,Hussain,25-34,Female,Yorkshire,Silver,2022-08-13,False,True
CUST00240,Ava,Thompson,65+,Prefer not to say,North West,Bronze,2023-04-28,False,True
CUST00241,George,Wilson,18-24,Prefer not to say,North East,Bronze,2023-01-06,True,True
CUST00242,Jessica,Wilson,65+,Male,Yorkshire,Silver,2024-05-24,False,True
CUST00243,Alfie,Chen,45-54,Prefer not to say,London,Silver,2023-04-10,True,True
CUST00244,Sophia,Smith,65+,Male,East Midlands,Bronze,2023-02-10,True,True
CUST00245,Jack,Brown,45-54,Male,South East,Bronze,2023-07-09,True,True
CUST00246,Emily,Singh,45-54,Female,North West,Gold,2024-01-17,False,True
CUST00247,Alfie,Patel,18-24,Male,Wales,Bronze,2023-11-09,True,True
CUST00248,James,Jones,35-44,Female,West Midlands,Silver,2022-08-17,False,False
CUST00249,David,Patel,25-34,Female,London,Gold,2022-09-11,True,True
CUST00250,Emily,Jones,25-34,Male,London,Silver,2023-11-08,False,True
CUST00251,Jack,Thompson,65+,Male,South West,Bronze,2023-12-22,True,True
CUST00252,Jack,Thomas,55-64,Female,South East,Gold,2024-03-05,True,True
CUST00253,Mohammed,Thompson,35-44,Male,Wales,Silver,2024-03-02,False,True
CUST00254,Amelia,Lee,55-64,Female,London,Bronze,2022-03-04,False,True
CUST00255,Emily,Chen,25-34,Female,South West,Gold,2022-11-23,False,True
CUST00256,Lily,Roberts,45-54,Male,East Midlands,Platinum,2022-08-19,True,True
CUST00257,Ava,Clark,65+,Male,Scotland,Gold,2022-09-19,True,True
CUST00258,Isla,Taylor,35-44,Female,West Midlands,Silver,2024-04-29,True,True
CUST00259,Ava,Hussain,25-34,Female,South East,Gold,2024-02-19,True,False
CUST00260,Jacob,Hussain,25-34,Prefer not to say,East Midlands,Bronze,2024-01-30,True,True
CUST00261,Grace,Ali,45-54,Prefer not to say,West Midlands,Bronze,2024-03-05,True,True
CUST00262,David,Evans,65+,Female,Yorkshire,Bronze,2023-05-25,True,True
CUST00263,Harry,Wood,65+,Male,London,Silver,2023-02-28,False,True
CUST00264,Aisha,Wood,45-54,Prefer not to say,North West,Silver,2022-07-20,True,True
CUST00265,Michael,Sharma,45-54,Male,Yorkshire,Bronze,2024-04-21,True,True
CUST00266,Amelia,Taylor,55-64,Male,North West,Bronze,2023-05-16,True,True
CUST00267,Alfie,Wood,18-24,Prefer not to say,London,Bronze,2023-02-27,False,True
CUST00268,Sarah,Sharma,18-24,Male,East of England,Bronze,2023-09-25,True,True
CUST00269,Grace,Jones,55-64,Prefer not to say,West Midlands,Gold,2022-10-09,True,True
CUST00270,Freddie,Thompson,25-34,Prefer not to say,East of England,Gold,2022-04-09,True,True
CUST00271,Rahul,Khan,45-54,Prefer not to say,South East,Silver,2022-03-22,True,True
CUST00272,Noah,Williams,18-24,Female,South West,Silver,2024-05-18,True,True
CUST00273,Olivia,Davies,45-54,Female,West Midlands,Bronze,2023-12-21,True,False
CUST00274,Mia,Robinson,65+,Prefer not to say,East of England,Bronze,2022-02-13,True,True
CUST00275,Harry,Lewis,35-44,Male,Scotland,Silver,2022-10-15,False,False
CUST00276,Olivia,Thompson,55-64,Female,West Midlands,Silver,2022-11-03,False,True
CUST00277,Noah,Patel,18-24,Male,South West,Gold,2022-05-24,True,True
CUST00278,Daniel,Martin,18-24,Prefer not to say,South East,Platinum,2023-09-21,False,True
CUST00279,Sofia,Lee,25-34,Prefer not to say,East Midlands,Bronze,2023-07-21,True,True
CUST00280,George,Davies,35-44,Male,South West,Gold,2024-01-01,True,True
CUST00281,Rahul,Evans,18-24,Male,Scotland,Bronze,2022-11-21,True,True
CUST00282,Amelia,Lee,45-54,Prefer not to say,East Midlands,Bronze,2022-03-31,True,True
CUST00283,Noah,Martin,45-54,Male,South East,Bronze,2023-07-22,True,True
CUST00284,Isabella,Johnson,65+,Female,London,Bronze,2023-07-27,True,True
CUST00285,Olivia,Lee,35-44,Female,South East,Gold,2022-03-06,True,True
CUST00286,Michael,Walker,45-54,Male,London,Bronze,2022-09-10,False,True
CUST00287,Sofia,Clark,45-54,Female,South West,Gold,2023-09-28,True,True
CUST00288,Isla,Hussain,35-44,Male,Scotland,Platinum,2023-09-10,True,True
CUST00289,Michael,Thompson,35-44,Female,South East,Gold,2023-10-11,True,True
CUST00290,Isla,Lewis,65+,Prefer not to say,London,Silver,2023-08-01,True,True
CUST00291,George,Chen,65+,Female,London,Bronze,2022-10-26,True,True
CUST00292,Thomas,Ali,18-24,Female,Wales,Silver,2024-01-03,False,True
CUST00293,Emily,Williams,35-44,Prefer not to say,North East,Silver,2024-06-09,True,True
CUST00294,Priya,Johnson,65+,Prefer not to say,London,Platinum,2022-09-12,False,False
CUST00295,Thomas,Evans,18-24,Male,South East,Silver,2022-12-06,True,True
CUST00296,David,Roberts,35-44,Male,East of England,Bronze,2023-02-05,True,True
CUST00297,Freddie,Patel,35-44,Female,East of England,Bronze,2024-01-18,False,True
CUST00298,Jessica,Kim,35-44,Male,South East,Gold,2022-04-10,True,True
CUST00299,Charlie,Johnson,65+,Male,East of England,Silver,2022-12-18,True,True
CUST00300,Mia,Khan,65+,Male,London,Silver,2023-04-19,False,True
CUST00301,Isla,Kim,55-64,Female,South West,Silver,2023-09-21,True,True
CUST00302,George,Evans,55-64,Male,South East,Bronze,2023-12-22,True,True
CUST00303,Michael,Martin,55-64,Female,West Midlands,Silver,2024-06-02,True,True
CUST00304,Amelia,Harris,55-64,Prefer not to say,London,Bronze,2023-04-14,True,True
CUST00305,Amelia,Singh,65+,Male,East of England,Bronze,2022-04-30,True,True
CUST00306,Amelia,Sharma,65+,Prefer not to say,West Midlands,Silver,2023-03-10,True,True
CUST00307,Grace,Thomas,25-34,Female,North West,Silver,2023-05-17,True,False
CUST00308,Alfie,Walker,45-54,Prefer not to say,East of England,Silver,2023-05-12,False,True
CUST00309,Jessica,Sharma,25-34,Male,East Midlands,Gold,2024-05-10,True,True
CUST00310,Mia,Jackson,25-34,Female,East Midlands,Gold,2022-10-09,False,True
CUST00311,Jacob,Watson,55-64,Female,East Midlands,Gold,2022-04-26,False,True
CUST00312,Charlie,Thompson,35-44,Male,South West,Bronze,2023-03-12,True,True
CUST00313,Isabella,Robinson,65+,Prefer not to say,West Midlands,Gold,2022-05-01,False,True
CUST00314,Ava,Robinson,18-24,Prefer not to say,South East,Bronze,2022-05-23,True,True
CUST00315,Grace,Jackson,55-64,Female,Scotland,Silver,2023-12-22,True,True
CUST00316,Emily,Taylor,35-44,Prefer not to say,London,Gold,2024-02-08,True,True
CUST00317,Isabella,Khan,45-54,Male,East Midlands,Bronze,2022-11-26,False,True
CUST00318,Noah,Khan,55-64,Prefer not to say,South East,Platinum,2022-03-19,True,True
CUST00319,Mohammed,Smith,65+,Male,Yorkshire,Silver,2023-05-15,True,False
CUST00320,Daniel,Robinson,45-54,Male,East of England,Bronze,2024-03-25,True,True
CUST00321,Alfie,Sharma,35-44,Prefer not to say,Yorkshire,Bronze,2023-08-15,False,True
CUST00322,Olivia,Kim,45-54,Male,Wales,Bronze,2024-05-28,True,False
CUST00323,Olivia,Watson,18-24,Prefer not to say,South East,Bronze,2022-11-06,True,True
CUST00324,Lily,Wood,45-54,Prefer not to say,London,Bronze,2023-10-03,True,True
CUST00325,Mia,Kim,18-24,Male,West Midlands,Gold,2022-05-16,False,True
CUST00326,George,Wood,45-54,Male,Yorkshire,Bronze,2023-05-05,True,True
CUST00327,Alfie,Ali,25-34,Prefer not to say,Wales,Bronze,2022-11-03,True,True
CUST00328,Jessica,Patel,65+,Male,West Midlands,Bronze,2022-06-18,False,True
CUST00329,Ava,Davies,18-24,Male,Yorkshire,Silver,2023-03-30,False,True
CUST00330,Mohammed,Thomas,25-34,Female,West Midlands,Bronze,2023-03-16,True,True
CUST00331,Oliver,Harris,25-34,Prefer not to say,East Midlands,Bronze,2023-12-09,False,True
CUST00332,Isabella,Sharma,45-54,Male,South East,Silver,2022-02-25,True,True
CUST00333,Rahul,Martin,25-34,Female,North West,Silver,2022-01-13,True,True
CUST00334,Sarah,Brown,18-24,Prefer not to say,London,Bronze,2022-06-26,True,False
CUST00335,Daniel,Jackson,65+,Prefer not to say,East of England,Bronze,2024-03-19,False,True
CUST00336,Freddie,Watson,18-24,Female,London,Gold,2023-07-04,True,True
CUST00337,George,Harris,65+,Female,Yorkshire,Gold,2023-02-05,True,True
CUST00338,Jacob,Ahmed,55-64,Prefer not to say,London,Silver,2023-03-21,True,True
CUST00339,Alfie,Smith,25-34,Female,Scotland,Silver,2023-12-26,True,True
CUST00340,Ella,Wilson,18-24,Female,North West,Bronze,2022-05-10,True,True
CUST00341,George,Sharma,45-54,Prefer not to say,South East,Silver,2023-08-14,True,True
CUST00342,Charlie,Wilson,25-34,Prefer not to say,East of England,Bronze,2022-09-19,True,True
CUST00343,Rahul,Ali,25-34,Male,Scotland,Gold,2023-04-29,False,True
CUST00344,Emily,Martin,35-44,Male,East Midlands,Bronze,2022-09-12,True,True
CUST00345,Harry,Khan,18-24,Female,North West,Gold,2024-04-03,True,True
CUST00346,David,Smith,35-44,Male,South East,Gold,2023-07-21,True,True
CUST00347,Michael,Walker,65+,Prefer not to say,Yorkshire,Bronze,2023-08-29,True,False
CUST00348,Mia,Patel,65+,Prefer not to say,North West,Platinum,2022-01-25,True,True
CUST00349,Lily,Evans,25-34,Prefer not to say,Wales,Bronze,2023-01-21,True,False
CUST00350,Ella,Davies,18-24,Male,North East,Silver,2022-05-26,True,True
CUST00351,Noah,Evans,55-64,Male,West Midlands,Bronze,2024-02-05,True,True
CUST00352,Isabella,Jackson,35-44,Female,Scotland,Bronze,2022-05-14,True,True
CUST00353,Mia,Brown,25-34,Male,Yorkshire,Silver,2022-10-06,True,True
CUST00354,David,Martin,45-54,Male,East of England,Platinum,2023-04-06,True,True
CUST00355,Sophia,Wilson,18-24,Male,North West,Bronze,2023-04-20,True,True
CUST00356,Mohammed,Roberts,18-24,Prefer not to say,South East,Bronze,2024-05-27,True,True
CUST00357,Amelia,Jones,45-54,Female,East Midlands,Silver,2022-09-24,True,True
CUST00358,Alfie,Wilson,18-24,Male,North West,Platinum,2024-04-03,True,True
CUST00359,Rahul,Davies,55-64,Prefer not to say,South East,Gold,2023-02-15,True,False
CUST00360,Jessica,Thomas,18-24,Female,London,Platinum,2022-07-22,True,True
CUST00361,Thomas,Khan,45-54,Male,South West,Bronze,2023-08-11,True,True
CUST00362,Ella,Watson,45-54,Male,London,Silver,2022-07-11,True,True
CUST00363,Emily,Hussain,18-24,Male,South East,Bronze,2023-05-26,True,True
CUST00364,Isabella,Jones,45-54,Prefer not to say,South East,Silver,2024-03-27,False,True
CUST00365,Mohammed,Ali,35-44,Male,London,Silver,2023-08-03,True,False
CUST00366,Ella,Taylor,45-54,Prefer not to say,South East,Silver,2024-03-08,True,False
CUST00367,Isabella,Thompson,35-44,Prefer not to say,North West,Gold,2022-04-13,True,True
CUST00368,Sofia,Patel,25-34,Male,South East,Bronze,2022-08-13,True,False
CUST00369,Priya,Roberts,55-64,Male,North West,Gold,2022-01-29,False,True
CUST00370,Michael,Williams,18-24,Male,South East,Bronze,2022-06-29,False,True
CUST00371,Isla,Thomas,35-44,Prefer not to say,London,Gold,2023-09-21,True,True
CUST00372,Freddie,Wilson,55-64,Female,Scotland,Bronze,2022-06-01,False,True
CUST00373,Lily,Martin,25-34,Male,Yorkshire,Bronze,2022-12-11,False,True
CUST00374,Priya,Wood,65+,Prefer not to say,North West,Bronze,2022-06-28,True,True
CUST00375,James,Khan,55-64,Male,London,Bronze,2024-01-17,True,True
CUST00376,Michael,Roberts,35-44,Prefer not to say,London,Bronze,2022-04-17,True,True
CUST00377,Aisha,Kim,18-24,Female,London,Silver,2022-04-01,True,True
CUST00378,James,Taylor,45-54,Female,Yorkshire,Platinum,2022-04-21,False,True
CUST00379,Priya,Ali,18-24,Female,North West,Silver,2023-01-23,True,True
CUST00380,Harry,Jackson,18-24,Female,South East,Bronze,2022-03-17,True,True
CUST00381,Olivia,Brown,55-64,Male,South East,Platinum,2023-01-20,False,True
CUST00382,Olivia,Lee,25-34,Male,London,Bronze,2023-03-18,True,True
CUST00383,Sophia,Jackson,35-44,Male,London,Bronze,2023-07-22,False,True
CUST00384,James,Lee,18-24,Female,North West,Silver,2023-01-05,False,True
CUST00385,Ava,Johnson,65+,Female,Wales,Silver,2022-01-27,True,True
CUST00386,Sarah,Sharma,65+,Female,London,Silver,2023-02-12,True,True
CUST00387,Rahul,Lewis,45-54,Male,South East,Silver,2023-01-26,True,False
CUST00388,Jack,Roberts,65+,Prefer not to say,London,Silver,2023-08-01,False,False
CUST00389,Mia,Taylor,45-54,Prefer not to say,South West,Silver,2023-08-27,False,True
CUST00390,Sarah,Harris,18-24,Female,North East,Silver,2022-08-30,True,True
CUST00391,Jessica,Lewis,25-34,Male,North West,Bronze,2024-02-15,False,True
CUST00392,Thomas,Walker,65+,Male,North West,Bronze,2023-12-01,True,True
CUST00393,Daniel,Martin,35-44,Prefer not to say,East of England,Gold,2023-07-24,False,True
CUST00394,Freddie,Evans,18-24,Prefer not to say,Yorkshire,Gold,2022-06-03,True,False
CUST00395,Sofia,Sharma,55-64,Prefer not to say,East of England,Bronze,2022-09-28,False,True
CUST00396,Daniel,Williams,45-54,Female,West Midlands,Bronze,2023-09-16,False,False
CUST00397,Oliver,Clark,35-44,Female,South East,Silver,2023-01-17,True,False
CUST00398,Alfie,Harris,65+,Female,Yorkshire,Bronze,2022-08-22,False,True
CUST00399,Isla,Kim,25-34,Female,Yorkshire,Gold,2022-04-02,True,False
CUST00400,Olivia,Brown,35-44,Prefer not to say,East of England,Bronze,2023-06-12,True,True
CUST00401,Isla,Taylor,25-34,Male,East of England,Gold,2024-06-15,True,True
CUST00402,David,Khan,65+,Male,West Midlands,Bronze,2024-04-23,False,True
CUST00403,Sarah,Patel,35-44,Male,North West,Bronze,2022-07-01,True,True
CUST00404,Jack,Johnson,55-64,Male,North West,Silver,2023-01-31,True,True
CUST00405,Oliver,Smith,45-54,Male,West Midlands,Silver,2023-02-24,True,True
CUST00406,Lily,Watson,45-54,Female,North West,Silver,2023-09-15,True,True
CUST00407,Daniel,Evans,18-24,Prefer not to say,Wales,Platinum,2023-11-25,True,True
CUST00408,Grace,Harris,65+,Male,East of England,Bronze,2023-09-01,True,True
CUST00409,Ella,White,65+,Prefer not to say,Scotland,Silver,2024-06-01,True,True
CUST00410,Isabella,Taylor,55-64,Female,West Midlands,Silver,2024-02-23,True,True
CUST00411,Sophia,Chen,45-54,Female,Yorkshire,Silver,2022-10-30,True,True
CUST00412,Mia,Hussain,65+,Female,East of England,Gold,2024-01-01,True,True
CUST00413,Alfie,White,65+,Prefer not to say,Yorkshire,Bronze,2023-04-28,True,True
CUST00414,Priya,Wood,65+,Female,South West,Gold,2022-08-16,True,True
CUST00415,David,Wilson,45-54,Male,North West,Silver,2022-10-29,True,True
CUST00416,Jacob,Ali,55-64,Female,South West,Gold,2022-07-19,True,True
CUST00417,Aisha,Chen,55-64,Female,London,Gold,2022-07-25,True,True
CUST00418,Aisha,Lewis,35-44,Prefer not to say,London,Silver,2023-05-15,True,True
CUST00419,Olivia,Sharma,18-24,Male,West Midlands,Silver,2022-06-22,False,True
CUST00420,Sofia,Smith,18-24,Prefer not to say,London,Bronze,2023-05-04,True,False
CUST00421,Isla,Jones,65+,Male,West Midlands,Bronze,2024-02-15,True,True
CUST00422,Sofia,Harris,25-34,Male,North West,Bronze,2022-04-16,True,True
CUST00423,Aisha,Lee,65+,Male,South East,Gold,2023-06-17,True,True
CUST00424,Daniel,Jones,25-34,Male,Yorkshire,Bronze,2022-06-18,True,True
CUST00425,Jacob,Singh,65+,Prefer not to say,North West,Bronze,2022-06-23,True,True
CUST00426,Jack,Taylor,65+,Male,West Midlands,Bronze,2023-10-01,True,True
CUST00427,Jacob,White,45-54,Prefer not to say,London,Silver,2023-01-25,True,True
CUST00428,Charlie,Watson,55-64,Prefer not to say,Yorkshire,Bronze,2023-11-09,True,True
CUST00429,Jacob,Jackson,18-24,Male,East of England,Silver,2023-09-25,True,False
CUST00430,Priya,Chen,35-44,Male,London,Silver,2022-07-26,True,True
CUST00431,Aisha,Thompson,18-24,Male,West Midlands,Gold,2023-05-08,False,True
CUST00432,George,Evans,35-44,Prefer not to say,South East,Platinum,2022-04-03,True,True
CUST00433,Charlie,Lewis,18-24,Female,South East,Silver,2022-02-21,False,True
CUST00434,Harry,Smith,25-34,Prefer not to say,West Midlands,Bronze,2022-04-08,False,False
CUST00435,Noah,Singh,35-44,Male,London,Bronze,2022-10-02,False,True
CUST00436,Sarah,Chen,65+,Male,London,Silver,2023-01-30,True,False
CUST00437,Olivia,Evans,45-54,Prefer not to say,East of England,Silver,2024-05-14,False,True
CUST00438,Priya,Jones,65+,Prefer not to say,Wales,Bronze,2023-01-24,False,True
CUST00439,Jessica,Williams,18-24,Female,West Midlands,Bronze,2023-02-26,True,False
CUST00440,Aisha,Evans,45-54,Prefer not to say,Yorkshire,Silver,2023-11-17,False,True
CUST00441,Jack,Smith,65+,Male,East of England,Silver,2024-04-26,False,False
CUST00442,Michael,Martin,25-34,Female,Wales,Bronze,2022-03-18,True,True
CUST00443,Daniel,Thompson,18-24,Female,South West,Silver,2023-01-23,True,False
CUST00444,Mohammed,Wilson,45-54,Prefer not to say,West Midlands,Bronze,2023-04-03,False,True
CUST00445,James,Davies,55-64,Prefer not to say,West Midlands,Gold,2023-07-17,True,True
CUST00446,Aisha,Singh,18-24,Male,North West,Bronze,2023-04-13,False,True
CUST00447,Jessica,Wilson,18-24,Prefer not to say,South East,Bronze,2023-01-08,True,True
CUST00448,Charlie,Williams,25-34,Female,London,Silver,2023-01-18,False,True
CUST00449,Isla,Walker,18-24,Female,London,Gold,2023-09-18,True,True
CUST00450,Emily,Williams,65+,Prefer not to say,East Midlands,Gold,2022-04-21,False,True
CUST00451,Alfie,Sharma,18-24,Prefer not to say,Yorkshire,Silver,2023-08-27,False,False
CUST00452,Amelia,Lewis,65+,Male,London,Silver,2023-05-10,True,True
CUST00453,Emily,Thompson,35-44,Female,Scotland,Platinum,2023-01-29,False,True
CUST00454,Emily,Harris,65+,Prefer not to say,North West,Silver,2022-05-22,True,True
CUST00455,Grace,Patel,65+,Male,Wales,Silver,2023-10-02,True,True
CUST00456,Mohammed,Wilson,35-44,Prefer not to say,East of England,Silver,2023-12-12,False,True
CUST00457,Grace,Lee,18-24,Prefer not to say,London,Bronze,2024-05-11,True,True
CUST00458,Ella,Johnson,35-44,Prefer not to say,South East,Gold,2022-07-24,True,True
CUST00459,Harry,Patel,45-54,Male,West Midlands,Silver,2023-07-09,True,True
CUST00460,Sofia,Thompson,55-64,Prefer not to say,South East,Silver,2023-07-29,False,True
CUST00461,Mohammed,Taylor,18-24,Prefer not to say,South East,Silver,2024-03-18,False,False
CUST00462,Rahul,Walker,65+,Male,South East,Bronze,2023-10-11,True,True
CUST00463,Jacob,Ali,18-24,Female,South East,Bronze,2022-06-27,True,True
CUST00464,James,Clark,45-54,Prefer not to say,Scotland,Bronze,2022-09-19,True,True
CUST00465,Lily,Sharma,55-64,Prefer not to say,South East,Gold,2024-03-03,True,True
CUST00466,George,Johnson,45-54,Prefer not to say,East of England,Bronze,2022-07-08,True,False
CUST00467,Aisha,Clark,35-44,Female,London,Gold,2023-11-11,False,False
CUST00468,James,Wilson,65+,Female,South West,Gold,2024-04-23,True,False
CUST00469,Mohammed,Ali,18-24,Female,South East,Silver,2023-11-30,True,False
CUST00470,Rahul,Kim,45-54,Male,South East,Silver,2024-04-21,True,True
CUST00471,Olivia,Smith,65+,Male,London,Silver,2022-04-09,True,False
CUST00472,Charlie,Robinson,55-64,Prefer not to say,North West,Silver,2023-03-11,False,True
CUST00473,Freddie,Jones,45-54,Prefer not to say,South East,Bronze,2022-03-15,True,True
CUST00474,George,Wood,35-44,Female,South West,Silver,2022-09-15,False,True
CUST00475,Jacob,Smith,65+,Prefer not to say,West Midlands,Gold,2023-02-03,True,True
CUST00476,Priya,Evans,35-44,Prefer not to say,South East,Bronze,2022-03-16,False,True
CUST00477,Oliver,Hussain,25-34,Prefer not to say,London,Silver,2024-04-21,True,False
CUST00478,Lily,Singh,18-24,Prefer not to say,North West,Bronze,2022-05-28,True,True
CUST00479,Daniel,Davies,35-44,Male,Yorkshire,Gold,2023-09-03,True,True
CUST00480,Freddie,Johnson,25-34,Male,West Midlands,Bronze,2023-10-24,True,True
CUST00481,Jack,Ahmed,65+,Prefer not to say,London,Silver,2024-03-29,True,True
CUST00482,Michael,Clark,35-44,Male,West Midlands,Bronze,2024-01-14,True,True
CUST00483,Mohammed,Sharma,45-54,Female,West Midlands,Bronze,2022-07-18,True,True
CUST00484,Mohammed,Lee,25-34,Male,South East,Gold,2023-01-09,False,True
CUST00485,Alfie,Clark,45-54,Female,South West,Gold,2023-01-04,False,True
CUST00486,Noah,Watson,25-34,Prefer not to say,London,Silver,2022-06-29,True,True
CUST00487,Oliver,Khan,55-64,Male,North East,Silver,2022-01-20,False,True
CUST00488,Rahul,Khan,25-34,Prefer not to say,Yorkshire,Bronze,2022-06-02,False,True
CUST00489,Daniel,Singh,55-64,Male,West Midlands,Gold,2022-04-03,True,True
CUST00490,Jessica,Johnson,25-34,Prefer not to say,Scotland,Silver,2022-05-24,True,True
CUST00491,Priya,Williams,25-34,Female,South East,Bronze,2023-05-11,True,True
CUST00492,Rahul,Ali,45-54,Female,North East,Bronze,2022-07-31,True,True
CUST00493,Ella,White,55-64,Prefer not to say,East Midlands,Bronze,2023-06-18,False,True
CUST00494,George,White,45-54,Male,East of England,Bronze,2023-11-01,True,True
CUST00495,James,Thomas,45-54,Male,South East,Silver,2023-05-09,True,True
CUST00496,Olivia,Singh,55-64,Prefer not to say,North West,Silver,2022-07-11,False,True
CUST00497,Jacob,Hussain,65+,Female,East of England,Silver,2024-01-08,False,True
CUST00498,Alfie,Johnson,25-34,Prefer not to say,East of England,Gold,2022-02-14,True,True
CUST00499,Amelia,Khan,55-64,Prefer not to say,West Midlands,Gold,2022-09-22,True,False
CUST00500,Jessica,Hussain,45-54,Male,London,Bronze,2022-08-10,True,True
CUST00501,Amelia,White,25-34,Prefer not to say,West Midlands,Gold,2024-04-20,True,True
CUST00502,Alfie,Evans,18-24,Male,East of England,Gold,2023-01-30,False,False
CUST00503,Charlie,Lewis,45-54,Prefer not to say,East Midlands,Gold,2023-09-13,True,True
CUST00504,Alfie,Smith,65+,Prefer not to say,South West,Bronze,2023-11-07,True,True
CUST00505,Mia,Hussain,45-54,Female,East Midlands,Silver,2023-03-16,True,True
CUST00506,Sarah,Wood,18-24,Female,East Midlands,Silver,2022-09-18,True,True
CUST00507,James,Wilson,55-64,Male,South West,Bronze,2023-12-28,True,True
CUST00508,Freddie,Lee,65+,Prefer not to say,South East,Gold,2022-04-20,False,True
CUST00509,Ella,Khan,25-34,Female,East Midlands,Silver,2023-09-19,True,True
CUST00510,Sarah,White,35-44,Prefer not to say,South East,Silver,2023-07-23,True,False
CUST00511,Jacob,Wood,45-54,Prefer not to say,Scotland,Bronze,2023-11-07,False,True
CUST00512,Jack,Johnson,45-54,Prefer not to say,London,Bronze,2024-03-31,True,True
CUST00513,Thomas,Davies,18-24,Female,South East,Bronze,2023-09-07,True,True
CUST00514,Grace,Taylor,25-34,Prefer not to say,East of England,Bronze,2023-02-15,True,True
CUST00515,Mia,Johnson,65+,Male,South East,Silver,2024-03-13,True,True
CUST00516,Daniel,Patel,65+,Female,South West,Bronze,2022-10-10,True,True
CUST00517,Noah,Jackson,65+,Prefer not to say,North East,Bronze,2022-03-12,True,True
CUST00518,David,Khan,55-64,Male,South East,Bronze,2022-07-19,True,True
CUST00519,Grace,Clark,18-24,Prefer not to say,Scotland,Gold,2023-05-31,True,True
CUST00520,Sarah,Thompson,35-44,Female,West Midlands,Gold,2023-01-22,True,True
CUST00521,George,Ali,65+,Male,West Midlands,Bronze,2022-09-22,True,True
CUST00522,James,White,25-34,Female,London,Silver,2022-12-28,True,True
CUST00523,Sarah,Martin,35-44,Male,North East,Bronze,2022-07-02,True,True
CUST00524,Isabella,Thompson,35-44,Male,South East,Gold,2022-07-24,True,True
CUST00525,Jacob,Davies,65+,Prefer not to say,East of England,Bronze,2022-04-20,True,False
CUST00526,Mohammed,Sharma,55-64,Female,East of England,Platinum,2023-01-16,True,True
CUST00527,Alfie,Taylor,55-64,Female,East of England,Silver,2024-02-08,True,True
CUST00528,Amelia,Ahmed,18-24,Prefer not to say,East of England,Bronze,2023-12-04,True,True
CUST00529,Sofia,Evans,35-44,Female,West Midlands,Bronze,2022-08-04,True,True
CUST00530,Aisha,Singh,25-34,Female,South West,Bronze,2023-04-28,True,True
CUST00531,Ella,Kim,25-34,Prefer not to say,London,Silver,2023-02-15,True,True
CUST00532,Ella,Thompson,55-64,Female,North West,Bronze,2024-01-09,True,True
CUST00533,Amelia,Chen,45-54,Male,Wales,Gold,2022-01-10,True,True
CUST00534,Sophia,Taylor,45-54,Male,West Midlands,Bronze,2022-11-04,True,True
CUST00535,Charlie,Kim,65+,Female,South East,Bronze,2023-10-07,True,True
CUST00536,Jacob,Patel,65+,Prefer not to say,London,Silver,2023-02-26,True,False
CUST00537,Priya,Martin,65+,Prefer not to say,East of England,Silver,2022-10-19,True,True
CUST00538,David,Roberts,25-34,Prefer not to say,North West,Bronze,2022-10-21,False,False
CUST00539,Noah,Johnson,35-44,Male,South East,Silver,2022-03-15,True,True
CUST00540,Ella,Kim,35-44,Prefer not to say,East Midlands,Platinum,2023-02-09,False,True
CUST00541,Oliver,Thomas,65+,Male,West Midlands,Platinum,2024-05-24,True,True
CUST00542,Charlie,Evans,18-24,Female,East Midlands,Bronze,2023-02-11,False,True
CUST00543,Charlie,White,55-64,Male,London,Platinum,2022-03-27,False,True
CUST00544,Grace,Kim,65+,Male,London,Gold,2022-09-11,True,True
CUST00545,Mohammed,Hussain,45-54,Prefer not to say,Scotland,Silver,2023-01-01,True,False
CUST00546,Amelia,Ahmed,65+,Prefer not to say,West Midlands,Silver,2023-12-16,True,False
CUST00547,Mia,Davies,45-54,Female,South East,Bronze,2023-05-09,True,True
CUST00548,Alfie,Patel,35-44,Female,East of England,Silver,2023-06-20,False,False
CUST00549,Lily,Smith,45-54,Female,East Midlands,Gold,2023-05-04,True,True
CUST00550,Thomas,Khan,25-34,Male,Yorkshire,Silver,2023-07-29,False,True
CUST00551,Thomas,Thompson,55-64,Prefer not to say,North West,Silver,2022-03-23,True,True
CUST00552,Ella,Chen,25-34,Male,London,Bronze,2023-06-29,False,True
CUST00553,Michael,Walker,35-44,Male,London,Platinum,2022-10-06,True,True
CUST00554,Grace,Watson,25-34,Prefer not to say,South West,Bronze,2022-04-15,True,True
CUST00555,Ava,Clark,45-54,Female,North West,Silver,2023-05-21,True,True
CUST00556,Harry,Clark,18-24,Male,London,Gold,2024-03-21,True,True
CUST00557,Isla,White,45-54,Male,London,Gold,2022-07-05,True,True
CUST00558,Isabella,Williams,25-34,Female,Yorkshire,Bronze,2023-03-30,True,True
CUST00559,Lily,Martin,25-34,Prefer not to say,Yorkshire,Silver,2023-11-29,True,True
CUST00560,Lily,Walker,35-44,Male,North West,Bronze,2023-10-16,True,True
CUST00561,Mohammed,Smith,25-34,Female,East Midlands,Bronze,2023-03-21,True,True
CUST00562,Sarah,Roberts,35-44,Male,South East,Silver,2022-02-13,True,False
CUST00563,Jack,Taylor,35-44,Prefer not to say,London,Silver,2024-02-17,True,True
CUST00564,Mohammed,Patel,45-54,Prefer not to say,London,Silver,2022-08-27,True,True
CUST00565,Harry,Sharma,65+,Female,East Midlands,Silver,2022-09-14,False,True
CUST00566,Priya,Martin,65+,Female,South East,Gold,2022-07-11,True,True
CUST00567,Jessica,Jackson,35-44,Prefer not to say,South East,Bronze,2022-06-08,False,True
CUST00568,Rahul,Thompson,35-44,Prefer not to say,London,Platinum,2022-01-20,False,True
CUST00569,Michael,Roberts,55-64,Female,South East,Silver,2023-12-01,True,True
CUST00570,George,Williams,25-34,Male,North West,Bronze,2023-11-06,False,True
CUST00571,Sofia,Sharma,55-64,Prefer not to say,Yorkshire,Bronze,2022-02-02,True,True
CUST00572,George,Smith,25-34,Prefer not to say,East of England,Gold,2024-01-06,True,True
CUST00573,Jack,Singh,55-64,Prefer not to say,Scotland,Bronze,2023-10-17,True,True
CUST00574,Ella,Williams,65+,Male,North West,Bronze,2022-03-01,True,False
CUST00575,Charlie,Wood,55-64,Female,London,Silver,2022-04-10,True,True
CUST00576,Emily,Evans,65+,Prefer not to say,South East,Silver,2022-07-03,False,False
CUST00577,Amelia,Khan,55-64,Female,West Midlands,Silver,2022-06-20,False,False
CUST00578,Mohammed,Singh,45-54,Prefer not to say,South West,Silver,2022-11-19,True,True
CUST00579,Sofia,White,35-44,Female,South West,Bronze,2022-08-08,True,False
CUST00580,Oliver,Thomas,35-44,Male,South East,Bronze,2023-09-03,True,True
CUST00581,Ella,Roberts,18-24,Male,East of England,Bronze,2024-04-21,True,True
CUST00582,Isabella,Wood,35-44,Female,London,Bronze,2023-08-20,True,True
CUST00583,Mohammed,Hussain,25-34,Female,North West,Silver,2024-01-11,True,True
CUST00584,Harry,Ali,18-24,Male,Scotland,Bronze,2022-11-04,False,True
CUST00585,Jacob,Wood,65+,Prefer not to say,North West,Gold,2024-06-07,False,True
CUST00586,Harry,Martin,55-64,Prefer not to say,London,Silver,2023-06-21,True,True
CUST00587,Daniel,Kim,55-64,Prefer not to say,East of England,Bronze,2023-11-21,True,True
CUST00588,Alfie,Clark,18-24,Female,East Midlands,Bronze,2022-06-01,False,True
CUST00589,Thomas,Thomas,25-34,Female,East Midlands,Silver,2023-02-13,True,True
CUST00590,Isabella,Thompson,18-24,Female,Yorkshire,Bronze,2024-01-24,True,True
CUST00591,Thomas,Singh,35-44,Male,South East,Silver,2023-02-28,True,True
CUST00592,Priya,Kim,55-64,Male,South West,Gold,2022-06-23,True,True
CUST00593,Freddie,Davies,18-24,Prefer not to say,London,Platinum,2023-01-18,True,False
CUST00594,Grace,Smith,35-44,Prefer not to say,North West,Bronze,2024-04-19,False,True
CUST00595,Ava,Robinson,55-64,Prefer not to say,Yorkshire,Silver,2022-08-03,True,True
CUST00596,Oliver,Ali,55-64,Prefer not to say,East of England,Bronze,2023-11-16,True,True
CUST00597,Ella,Taylor,45-54,Prefer not to say,Scotland,Bronze,2024-03-19,True,True
CUST00598,Rahul,Evans,18-24,Female,North West,Silver,2023-11-07,True,False
CUST00599,Charlie,Martin,45-54,Prefer not to say,East of England,Bronze,2023-06-05,False,True
CUST00600,Oliver,Williams,25-34,Prefer not to say,South East,Silver,2023-12-31,True,True
CUST00601,Priya,Patel,65+,Female,South East,Platinum,2023-12-02,True,True
CUST00602,Sophia,Ali,18-24,Prefer not to say,Scotland,Bronze,2023-10-03,True,False
CUST00603,Alfie,Davies,65+,Female,East of England,Silver,2023-11-04,True,True
CUST00604,Freddie,Lee,35-44,Prefer not to say,South East,Silver,2023-08-10,True,True
CUST00605,Isla,Thomas,35-44,Prefer not to say,Yorkshire,Silver,2023-08-18,True,True
CUST00606,Freddie,Johnson,35-44,Male,East Midlands,Platinum,2024-02-28,True,True
CUST00607,Freddie,Jones,35-44,Female,Scotland,Bronze,2024-05-09,True,True
CUST00608,Charlie,Thomas,25-34,Male,Yorkshire,Silver,2022-07-12,True,True
CUST00609,Mia,Wood,25-34,Prefer not to say,London,Bronze,2023-09-20,False,True
CUST00610,Sarah,Singh,25-34,Female,East of England,Bronze,2024-05-16,True,True
CUST00611,James,Watson,45-54,Male,Yorkshire,Platinum,2023-02-23,True,True
CUST00612,Michael,Martin,45-54,Male,South West,Gold,2023-03-26,False,True
CUST00613,Harry,Evans,45-54,Female,North West,Bronze,2023-02-08,True,True
CUST00614,Harry,Ali,55-64,Prefer not to say,Scotland,Bronze,2023-02-10,False,True
CUST00615,Grace,Ahmed,25-34,Female,South East,Gold,2022-11-08,True,True
CUST00616,Jessica,Davies,65+,Prefer not to say,London,Gold,2023-10-24,True,True
CUST00617,Jessica,Jones,25-34,Female,East Midlands,Silver,2022-11-28,True,False
CUST00618,Sophia,Martin,65+,Prefer not to say,North East,Gold,2022-04-03,True,True
CUST00619,Jessica,Singh,18-24,Prefer not to say,Yorkshire,Silver,2023-12-25,True,True
CUST00620,Harry,Johnson,35-44,Prefer not to say,North West,Gold,2023-01-25,True,False
CUST00621,Jack,Chen,35-44,Female,Yorkshire,Platinum,2022-07-03,True,True
CUST00622,Alfie,Walker,18-24,Prefer not to say,Yorkshire,Bronze,2022-05-01,False,False
CUST00623,James,Sharma,25-34,Male,East Midlands,Silver,2023-07-11,False,True
CUST00624,James,Thompson,55-64,Female,West Midlands,Silver,2023-09-08,True,True
CUST00625,Jack,Patel,18-24,Male,North West,Silver,2022-06-01,True,True
CUST00626,Jack,Evans,45-54,Male,London,Bronze,2022-03-31,True,False
CUST00627,Rahul,Williams,18-24,Female,South East,Gold,2024-02-07,True,True
CUST00628,George,Jackson,45-54,Male,London,Gold,2024-05-13,True,True
CUST00629,Ava,Robinson,55-64,Male,London,Silver,2023-06-22,True,True
CUST00630,Grace,Lee,55-64,Female,South East,Silver,2023-12-07,True,False
CUST00631,Michael,Sharma,45-54,Male,North East,Bronze,2023-09-22,True,False
CUST00632,Jacob,Jones,45-54,Prefer not to say,North West,Silver,2022-01-02,True,True
CUST00633,Emily,Williams,35-44,Female,East Midlands,Silver,2023-03-01,True,True
CUST00634,Grace,White,18-24,Female,South East,Silver,2023-12-08,True,True
CUST00635,Aisha,Khan,65+,Prefer not to say,West Midlands,Bronze,2022-12-08,True,True
CUST00636,Aisha,Hussain,45-54,Male,West Midlands,Silver,2024-05-03,False,False
CUST00637,Aisha,Ahmed,45-54,Prefer not to say,London,Silver,2023-07-04,True,True
CUST00638,Ava,Clark,35-44,Male,Scotland,Bronze,2022-01-20,True,True
CUST00639,Olivia,Ali,25-34,Prefer not to say,London,Gold,2023-01-20,True,True
CUST00640,Harry,Watson,45-54,Male,East of England,Bronze,2022-11-19,False,False
CUST00641,Ava,Harris,25-34,Male,South West,Bronze,2022-11-06,True,False
CUST00642,Oliver,Hussain,55-64,Male,London,Gold,2023-03-31,True,True
CUST00643,Charlie,Thomas,25-34,Prefer not to say,London,Bronze,2022-05-27,True,True
CUST00644,Noah,Clark,45-54,Male,London,Gold,2022-02-15,True,True
CUST00645,Lily,Robinson,35-44,Male,London,Bronze,2024-02-16,True,True
CUST00646,Jacob,Watson,25-34,Male,South East,Bronze,2023-11-19,True,True
CUST00647,Mohammed,Watson,25-34,Prefer not to say,North West,Silver,2022-12-25,True,True
CUST00648,Aisha,Kim,18-24,Male,London,Gold,2023-09-20,True,True
CUST00649,Noah,Lee,45-54,Male,Yorkshire,Gold,2022-02-25,False,True
CUST00650,Aisha,Walker,65+,Prefer not to say,North West,Bronze,2022-11-16,False,True
CUST00651,David,Evans,45-54,Female,West Midlands,Silver,2022-04-06,False,True
CUST00652,Freddie,White,35-44,Female,London,Gold,2022-08-18,True,True
CUST00653,David,Sharma,18-24,Male,East of England,Bronze,2022-11-29,False,False
CUST00654,Priya,Thomas,55-64,Male,South West,Silver,2022-10-17,True,True
CUST00655,George,Harris,55-64,Female,South West,Bronze,2023-10-28,True,True
CUST00656,Sofia,Brown,35-44,Male,North West,Silver,2023-05-09,False,True
CUST00657,Isabella,Lewis,65+,Prefer not to say,London,Platinum,2022-12-17,False,True
CUST00658,David,Martin,55-64,Male,North West,Bronze,2023-09-03,False,True
CUST00659,Sofia,Martin,45-54,Prefer not to say,West Midlands,Bronze,2022-04-22,True,False
CUST00660,James,Roberts,65+,Male,East of England,Bronze,2024-02-13,False,True
CUST00661,Mohammed,Harris,55-64,Prefer not to say,South East,Platinum,2023-11-29,False,True
CUST00662,Noah,Smith,55-64,Prefer not to say,South West,Bronze,2022-12-19,True,True
CUST00663,Jack,Smith,65+,Prefer not to say,North West,Bronze,2023-07-17,True,False
CUST00664,Thomas,Khan,65+,Female,Yorkshire,Bronze,2022-08-29,False,True
CUST00665,Amelia,Hussain,25-34,Male,East Midlands,Gold,2023-11-10,True,False
CUST00666,Grace,Thomas,25-34,Male,London,Bronze,2022-06-07,False,True
CUST00667,Noah,Thomas,65+,Female,North West,Gold,2022-05-20,False,True
CUST00668,Thomas,Kim,45-54,Female,South East,Bronze,2023-04-11,True,True
CUST00669,Isabella,Watson,45-54,Prefer not to say,East Midlands,Bronze,2024-05-17,True,True
CUST00670,Rahul,Wilson,55-64,Female,Scotland,Bronze,2023-12-23,True,True
CUST00671,Noah,Thompson,45-54,Prefer not to say,Yorkshire,Platinum,2022-03-22,True,True
CUST00672,Lily,Taylor,35-44,Prefer not to say,Yorkshire,Silver,2023-07-07,False,True
CUST00673,Emily,Patel,35-44,Female,London,Silver,2022-12-06,True,True
CUST00674,Sophia,Taylor,65+,Female,East Midlands,Silver,2023-08-01,True,True
CUST00675,Oliver,Jackson,45-54,Male,London,Bronze,2023-10-02,True,True
CUST00676,Ella,Watson,35-44,Male,Yorkshire,Silver,2023-09-23,True,True
CUST00677,Amelia,White,65+,Male,East of England,Gold,2023-01-14,True,True
CUST00678,Freddie,Roberts,45-54,Female,Yorkshire,Bronze,2022-03-28,False,True
CUST00679,Ava,Patel,18-24,Prefer not to say,South East,Gold,2022-06-21,True,True
CUST00680,Sarah,Harris,45-54,Prefer not to say,Scotland,Gold,2023-02-13,True,True
CUST00681,Sofia,Hussain,35-44,Male,East of England,Bronze,2023-12-24,True,False
CUST00682,Sofia,Martin,55-64,Prefer not to say,Scotland,Bronze,2023-04-05,True,False
CUST00683,Ella,Clark,35-44,Female,North West,Bronze,2023-03-19,False,True
CUST00684,Isabella,Walker,55-64,Female,West Midlands,Platinum,2023-11-23,True,True
CUST00685,James,Brown,18-24,Female,London,Bronze,2023-11-20,False,True
CUST00686,Grace,White,25-34,Male,London,Bronze,2024-01-13,True,False
CUST00687,Jacob,Wilson,18-24,Prefer not to say,London,Silver,2023-10-16,True,False
CUST00688,Amelia,White,35-44,Female,West Midlands,Bronze,2023-12-14,False,False
CUST00689,Thomas,Martin,35-44,Male,North West,Bronze,2022-10-11,True,True
CUST00690,Jack,White,35-44,Male,South West,Silver,2022-12-07,True,True
CUST00691,Michael,Evans,25-34,Prefer not to say,Yorkshire,Bronze,2022-07-02,True,False
CUST00692,Sophia,Evans,18-24,Male,London,Silver,2024-01-03,False,True
CUST00693,Freddie,Smith,18-24,Prefer not to say,South West,Bronze,2023-05-25,True,False
CUST00694,James,Sharma,45-54,Female,South West,Silver,2023-08-12,True,True
CUST00695,Sofia,Hussain,18-24,Prefer not to say,East of England,Platinum,2022-01-04,True,True
CUST00696,Jack,Davies,35-44,Prefer not to say,North West,Bronze,2023-02-15,False,True
CUST00697,Isla,Lewis,55-64,Male,Scotland,Silver,2022-10-24,True,True
CUST00698,Priya,Sharma,18-24,Prefer not to say,South West,Bronze,2022-04-20,True,True
CUST00699,Isabella,Sharma,45-54,Male,North West,Silver,2024-01-08,False,True
CUST00700,Jessica,Jones,18-24,Female,London,Gold,2024-05-04,True,True
CUST00701,David,Roberts,65+,Prefer not to say,South East,Bronze,2022-08-05,True,True
CUST00702,Sarah,Williams,25-34,Prefer not to say,West Midlands,Bronze,2022-01-20,True,False
CUST00703,Charlie,Ahmed,55-64,Male,North West,Bronze,2024-04-20,True,True
CUST00704,Mia,Brown,25-34,Female,South East,Gold,2023-09-02,False,True
CUST00705,Alfie,Martin,25-34,Male,East Midlands,Bronze,2023-12-02,True,True
CUST00706,Emily,Johnson,65+,Female,East Midlands,Bronze,2024-02-15,True,True
CUST00707,Sofia,Johnson,18-24,Female,London,Bronze,2024-03-21,True,True
CUST00708,Grace,Chen,65+,Female,West Midlands,Bronze,2023-08-31,True,True
CUST00709,Isabella,Lewis,55-64,Prefer not to say,London,Bronze,2023-02-26,False,True
CUST00710,Lily,Patel,45-54,Male,East Midlands,Bronze,2022-04-01,True,True
CUST00711,Mia,Ahmed,65+,Prefer not to say,London,Bronze,2024-06-02,True,True
CUST00712,Sarah,Sharma,25-34,Male,West Midlands,Bronze,2023-12-03,True,True
CUST00713,Sophia,Clark,55-64,Female,London,Silver,2023-03-22,True,True
CUST00714,Michael,Wilson,18-24,Male,Yorkshire,Silver,2022-01-30,True,True
CUST00715,Mohammed,Wood,18-24,Female,South East,Bronze,2024-02-05,False,False
CUST00716,Mia,Brown,45-54,Prefer not to say,East of England,Gold,2023-01-20,True,True
CUST00717,David,Lewis,45-54,Female,London,Silver,2023-09-17,True,False
CUST00718,Aisha,Thomas,18-24,Prefer not to say,East Midlands,Bronze,2022-07-27,True,False
CUST00719,Emily,Johnson,35-44,Male,North East,Silver,2023-04-15,True,True
CUST00720,Mia,Davies,45-54,Prefer not to say,East of England,Platinum,2023-07-21,False,False
CUST00721,James,Lee,65+,Male,South East,Bronze,2022-10-13,True,False
CUST00722,Freddie,Smith,45-54,Male,London,Silver,2023-08-29,True,True
CUST00723,Sarah,Evans,45-54,Female,South East,Silver,2023-02-08,True,True
CUST00724,Ava,Thomas,35-44,Female,South East,Platinum,2023-02-21,True,True
CUST00725,Olivia,Ahmed,55-64,Prefer not to say,East Midlands,Platinum,2022-11-09,False,True
CUST00726,Daniel,Lewis,35-44,Prefer not to say,East of England,Silver,2024-06-14,True,True
CUST00727,Aisha,Williams,35-44,Female,Yorkshire,Silver,2023-12-09,True,True
CUST00728,Aisha,Taylor,55-64,Prefer not to say,South East,Bronze,2022-03-24,False,True
CUST00729,Harry,Singh,35-44,Male,West Midlands,Silver,2023-09-26,True,True
CUST00730,Isabella,Wilson,65+,Female,Yorkshire,Gold,2022-12-09,True,True
CUST00731,Mia,Martin,35-44,Female,East of England,Bronze,2024-02-19,True,True
CUST00732,Jessica,Sharma,55-64,Prefer not to say,North West,Silver,2022-12-20,True,True
CUST00733,George,Walker,45-54,Male,London,Gold,2023-01-12,True,False
CUST00734,Charlie,Johnson,35-44,Male,West Midlands,Silver,2022-03-20,True,True
CUST00735,Oliver,Jackson,45-54,Prefer not to say,East Midlands,Bronze,2023-10-05,True,True
CUST00736,Oliver,Jackson,25-34,Male,London,Gold,2024-01-26,True,True
CUST00737,Mohammed,Sharma,55-64,Prefer not to say,West Midlands,Gold,2022-12-18,False,True
CUST00738,Alfie,Harris,25-34,Female,South East,Bronze,2023-08-04,True,True
CUST00739,Freddie,Patel,35-44,Female,Scotland,Silver,2022-02-18,True,True
CUST00740,Amelia,Lewis,65+,Prefer not to say,North East,Gold,2022-10-20,True,True
CUST00741,Mohammed,Thomas,45-54,Female,South East,Bronze,2022-02-12,True,True
CUST00742,Freddie,Singh,45-54,Prefer not to say,Wales,Silver,2022-12-19,True,False
CUST00743,Michael,Roberts,45-54,Female,London,Platinum,2023-02-19,True,True
CUST00744,Sarah,Jackson,55-64,Prefer not to say,London,Silver,2022-10-30,False,True
CUST00745,Sarah,Williams,25-34,Prefer not to say,East Midlands,Bronze,2022-04-26,False,True
CUST00746,Jessica,Patel,18-24,Female,London,Silver,2022-08-14,True,True
CUST00747,Ella,Walker,18-24,Male,East of England,Bronze,2024-02-25,True,False
CUST00748,Isla,Sharma,35-44,Prefer not to say,East Midlands,Platinum,2023-02-08,True,True
CUST00749,Thomas,Singh,45-54,Female,London,Bronze,2024-01-04,True,False
CUST00750,Noah,Robinson,65+,Female,Yorkshire,Bronze,2024-06-14,False,True
CUST00751,Thomas,Chen,25-34,Prefer not to say,East Midlands,Bronze,2024-04-05,True,True
CUST00752,Aisha,Brown,55-64,Female,London,Bronze,2024-06-07,True,True
CUST00753,David,Thomas,25-34,Male,North West,Bronze,2023-07-24,False,True
CUST00754,Lily,Harris,45-54,Prefer not to say,Yorkshire,Bronze,2024-04-26,True,True
CUST00755,Sarah,Wilson,65+,Prefer not to say,North East,Bronze,2022-11-04,False,False
CUST00756,Isabella,Jones,18-24,Female,East of England,Platinum,2023-10-23,True,True
CUST00757,Thomas,White,65+,Prefer not to say,East of England,Silver,2023-08-03,True,True
CUST00758,Oliver,White,25-34,Prefer not to say,London,Bronze,2024-01-21,True,True
CUST00759,Ella,Singh,45-54,Prefer not to say,North East,Bronze,2022-02-24,True,True
CUST00760,George,Walker,65+,Male,Yorkshire,Silver,2023-10-17,True,True
CUST00761,Mohammed,Harris,35-44,Prefer not to say,West Midlands,Bronze,2024-06-12,True,False
CUST00762,Alfie,Jackson,35-44,Female,South West,Gold,2022-01-14,True,True
CUST00763,Mia,Walker,55-64,Prefer not to say,West Midlands,Platinum,2022-06-08,True,True
CUST00764,Jacob,Thomas,18-24,Female,South East,Silver,2022-03-20,True,True
CUST00765,Aisha,Lewis,65+,Female,London,Gold,2023-09-04,True,True
CUST00766,Freddie,Wood,35-44,Male,London,Platinum,2023-12-12,False,True
CUST00767,Jacob,Brown,18-24,Female,Yorkshire,Bronze,2024-03-13,True,True
CUST00768,Jack,Hussain,18-24,Female,London,Bronze,2023-11-07,True,True
CUST00769,Jacob,Robinson,55-64,Male,London,Bronze,2024-03-12,True,True
CUST00770,Ella,Patel,35-44,Male,North West,Gold,2024-02-04,True,True
CUST00771,Charlie,Smith,55-64,Male,Yorkshire,Platinum,2022-03-11,True,False
CUST00772,James,Evans,25-34,Prefer not to say,North West,Silver,2023-07-05,True,True
CUST00773,Amelia,Patel,45-54,Female,London,Bronze,2022-04-20,True,True
CUST00774,Jacob,Ahmed,18-24,Prefer not to say,London,Gold,2022-11-18,True,True
CUST00775,Noah,Martin,45-54,Male,South West,Silver,2022-02-11,True,True
CUST00776,Jessica,Wood,55-64,Female,South East,Gold,2024-05-11,True,False
CUST00777,Sarah,Singh,25-34,Male,Wales,Silver,2024-05-11,True,True
CUST00778,Noah,Wilson,25-34,Female,South West,Silver,2023-06-20,True,True
CUST00779,George,Singh,25-34,Female,London,Gold,2022-06-22,False,True
CUST00780,Thomas,Sharma,35-44,Prefer not to say,Yorkshire,Silver,2024-05-08,False,True
CUST00781,Daniel,Sharma,55-64,Female,London,Silver,2023-11-14,True,True
CUST00782,Mia,Thomas,18-24,Male,Yorkshire,Gold,2023-05-25,False,True
CUST00783,Sofia,Martin,25-34,Female,West Midlands,Bronze,2022-07-03,True,True
CUST00784,Michael,Ahmed,25-34,Female,West Midlands,Silver,2023-06-17,True,True
CUST00785,Oliver,Williams,45-54,Male,South West,Bronze,2024-04-08,False,True
CUST00786,Harry,Lewis,55-64,Prefer not to say,North West,Bronze,2022-02-06,True,True
CUST00787,Lily,Ali,45-54,Male,East Midlands,Silver,2022-05-18,False,True
CUST00788,Olivia,Taylor,45-54,Female,East of England,Platinum,2024-05-24,True,True
CUST00789,Mohammed,Taylor,18-24,Prefer not to say,London,Gold,2022-10-19,True,True
CUST00790,Oliver,Clark,45-54,Male,South West,Platinum,2023-08-21,False,True
CUST00791,Isabella,Thompson,25-34,Prefer not to say,South East,Bronze,2023-11-09,True,False
CUST00792,Aisha,Johnson,18-24,Prefer not to say,South East,Silver,2022-04-28,False,True
CUST00793,Ella,Jones,65+,Female,East Midlands,Platinum,2023-03-08,False,True
CUST00794,Charlie,Sharma,18-24,Prefer not to say,West Midlands,Bronze,2022-11-27,True,True
CUST00795,Rahul,Lee,25-34,Female,West Midlands,Platinum,2022-11-03,True,False
CUST00796,Ava,Jackson,35-44,Male,South East,Silver,2023-07-03,True,True
CUST00797,Charlie,Clark,35-44,Male,East Midlands,Silver,2022-04-05,False,True
CUST00798,George,Harris,55-64,Female,South West,Silver,2024-03-25,True,True
CUST00799,David,Lewis,18-24,Prefer not to say,Yorkshire,Gold,2022-09-15,False,True
CUST00800,David,Watson,65+,Prefer not to say,North West,Gold,2024-04-23,False,False
CUST00801,Jack,Walker,35-44,Female,London,Bronze,2024-01-15,True,False
CUST00802,Mohammed,Brown,65+,Male,North West,Bronze,2023-02-25,True,True
CUST00803,Isabella,Khan,25-34,Male,London,Bronze,2022-09-20,True,True
CUST00804,Thomas,Lee,65+,Male,London,Bronze,2023-07-28,True,True
CUST00805,Ella,Lewis,65+,Male,Scotland,Silver,2024-04-02,True,True
CUST00806,Mohammed,Harris,18-24,Female,North East,Silver,2022-03-27,True,True
CUST00807,Alfie,Thompson,18-24,Prefer not to say,Yorkshire,Platinum,2024-05-09,True,True
CUST00808,Isabella,Wilson,35-44,Female,North West,Silver,2022-04-03,True,False
CUST00809,Freddie,Evans,25-34,Male,Scotland,Bronze,2022-08-12,True,False
CUST00810,Michael,Singh,65+,Male,South East,Bronze,2022-02-27,True,False
CUST00811,Freddie,Singh,45-54,Prefer not to say,South East,Bronze,2024-06-19,True,False
CUST00812,Jack,Thompson,35-44,Prefer not to say,South West,Silver,2023-11-10,True,False
CUST00813,Jacob,Thompson,45-54,Female,London,Platinum,2023-12-03,True,True
CUST00814,Isabella,Harris,25-34,Male,North East,Silver,2024-04-22,False,True
CUST00815,Noah,Sharma,45-54,Prefer not to say,South West,Gold,2022-10-08,False,False
CUST00816,Charlie,Johnson,65+,Female,East of England,Bronze,2024-04-19,True,True
CUST00817,Jack,Lewis,65+,Female,North West,Bronze,2022-01-29,False,True
CUST00818,Mohammed,Davies,18-24,Male,South East,Silver,2022-11-09,True,False
CUST00819,Emily,Martin,45-54,Female,North West,Bronze,2023-12-04,True,True
CUST00820,Mohammed,Jackson,25-34,Male,South West,Bronze,2024-04-26,False,False
CUST00821,Mia,Jones,18-24,Prefer not to say,West Midlands,Silver,2023-08-08,True,False
CUST00822,Sophia,Johnson,18-24,Female,West Midlands,Silver,2022-07-23,True,True
CUST00823,Olivia,Wilson,18-24,Prefer not to say,East of England,Gold,2023-01-12,False,False
CUST00824,Jacob,Wood,65+,Male,London,Gold,2023-05-22,True,True
CUST00825,Sofia,Thomas,45-54,Male,East Midlands,Platinum,2023-05-22,True,True
CUST00826,Emily,Lewis,45-54,Male,London,Platinum,2022-07-13,True,True
CUST00827,Rahul,Ahmed,18-24,Male,East of England,Gold,2022-09-12,False,True
CUST00828,Sofia,Lee,65+,Prefer not to say,South East,Bronze,2024-01-01,True,True
CUST00829,Sarah,Patel,55-64,Prefer not to say,Scotland,Silver,2022-08-29,True,True
CUST00830,Sofia,Harris,45-54,Prefer not to say,South West,Platinum,2023-06-01,True,True
CUST00831,Olivia,Sharma,35-44,Female,London,Bronze,2022-09-24,False,True
CUST00832,Mohammed,Williams,25-34,Female,North West,Gold,2022-04-30,True,False
CUST00833,Sophia,White,55-64,Female,South West,Bronze,2022-10-17,False,True
CUST00834,Jessica,Taylor,25-34,Male,London,Bronze,2022-06-04,False,True
CUST00835,David,Lee,18-24,Female,London,Bronze,2023-12-24,False,True
CUST00836,Freddie,Wilson,35-44,Male,London,Bronze,2022-04-26,True,True
CUST00837,Ella,Robinson,55-64,Male,East of England,Silver,2024-04-22,False,False
CUST00838,Michael,Evans,35-44,Male,South East,Platinum,2022-09-10,True,True
CUST00839,Charlie,Martin,25-34,Male,London,Gold,2023-08-28,False,True
CUST00840,James,Clark,18-24,Prefer not to say,West Midlands,Silver,2022-10-03,True,True
CUST00841,Grace,Martin,18-24,Prefer not to say,London,Platinum,2022-02-19,False,True
CUST00842,Amelia,Thompson,45-54,Male,London,Bronze,2022-09-19,False,True
CUST00843,Freddie,Wilson,35-44,Female,North West,Silver,2022-10-19,True,False
CUST00844,Alfie,Patel,65+,Male,North West,Silver,2023-09-10,False,True
CUST00845,Sarah,Watson,55-64,Prefer not to say,South West,Gold,2023-02-02,True,True
CUST00846,Thomas,Davies,18-24,Prefer not to say,South East,Silver,2023-03-21,True,True
CUST00847,Freddie,Sharma,55-64,Prefer not to say,West Midlands,Bronze,2024-01-01,False,True
CUST00848,Sarah,Harris,25-34,Male,West Midlands,Bronze,2024-03-31,True,True
CUST00849,Jack,Brown,18-24,Prefer not to say,London,Bronze,2022-10-30,True,True
CUST00850,Sophia,Patel,35-44,Prefer not to say,London,Silver,2024-01-08,True,True
CUST00851,Amelia,Lewis,45-54,Male,London,Gold,2023-04-19,True,True
CUST00852,David,Kim,55-64,Female,South East,Gold,2024-01-12,True,True
CUST00853,Sophia,Evans,45-54,Prefer not to say,London,Bronze,2022-03-22,True,True
CUST00854,David,Khan,65+,Prefer not to say,East Midlands,Silver,2023-05-04,True,True
CUST00855,Daniel,Harris,18-24,Male,London,Bronze,2023-12-08,True,True
CUST00856,Oliver,Robinson,45-54,Prefer not to say,London,Bronze,2022-07-12,True,True
CUST00857,David,Roberts,45-54,Female,London,Bronze,2024-02-28,True,True
CUST00858,Michael,Hussain,18-24,Female,East Midlands,Bronze,2023-04-01,False,True
CUST00859,Charlie,Lee,45-54,Female,Yorkshire,Silver,2022-01-09,True,True
CUST00860,Michael,Sharma,25-34,Prefer not to say,London,Bronze,2023-02-14,True,True
CUST00861,Emily,Hussain,18-24,Female,West Midlands,Silver,2022-10-02,False,True
CUST00862,Olivia,Jackson,65+,Male,East of England,Bronze,2022-01-22,True,True
CUST00863,Aisha,Ahmed,25-34,Female,Yorkshire,Bronze,2023-12-03,False,False
CUST00864,Rahul,Hussain,25-34,Prefer not to say,London,Silver,2023-11-21,True,True
CUST00865,Amelia,Walker,25-34,Prefer not to say,East of England,Gold,2022-05-13,False,True
CUST00866,Jack,Jones,35-44,Female,South East,Bronze,2022-08-03,True,True
CUST00867,Thomas,Wilson,55-64,Male,London,Bronze,2022-12-12,True,False
CUST00868,Priya,Williams,55-64,Female,North East,Gold,2024-03-14,True,True
CUST00869,David,Wilson,18-24,Prefer not to say,East Midlands,Gold,2023-03-25,True,False
CUST00870,Charlie,Johnson,65+,Male,North West,Gold,2022-02-12,True,True
CUST00871,Jessica,Sharma,65+,Male,London,Bronze,2023-12-27,True,True
CUST00872,Jessica,Chen,18-24,Male,North West,Silver,2022-07-26,True,True
CUST00873,Ella,Singh,65+,Female,South East,Silver,2022-03-29,True,True
CUST00874,Emily,Wood,25-34,Female,South West,Bronze,2023-06-27,False,False
CUST00875,Rahul,Jones,45-54,Male,Yorkshire,Silver,2023-06-13,True,True
CUST00876,Daniel,Johnson,45-54,Male,South West,Bronze,2022-11-19,True,False
CUST00877,Grace,Chen,45-54,Prefer not to say,Yorkshire,Gold,2022-03-01,True,False
CUST00878,Ella,Roberts,65+,Female,South West,Bronze,2022-01-09,False,True
CUST00879,Daniel,Walker,35-44,Male,London,Bronze,2024-04-11,True,True
CUST00880,Grace,Robinson,18-24,Prefer not to say,East Midlands,Silver,2023-07-08,True,True
CUST00881,Sophia,Thompson,35-44,Prefer not to say,South West,Silver,2024-03-26,True,False
CUST00882,Priya,Wilson,18-24,Prefer not to say,Scotland,Bronze,2022-09-23,True,True
CUST00883,Mia,Patel,35-44,Female,West Midlands,Gold,2022-08-30,True,True
CUST00884,Isabella,Evans,35-44,Prefer not to say,East Midlands,Gold,2023-06-17,True,True
CUST00885,Thomas,Chen,18-24,Male,London,Gold,2022-05-31,False,True
CUST00886,Rahul,Khan,55-64,Prefer not to say,East of England,Bronze,2022-03-21,True,True
CUST00887,Thomas,Kim,65+,Female,Yorkshire,Bronze,2023-10-14,True,True
CUST00888,Michael,Ahmed,25-34,Prefer not to say,East of England,Silver,2022-05-11,True,True
CUST00889,Olivia,Singh,18-24,Prefer not to say,North West,Bronze,2022-02-03,True,True
CUST00890,Freddie,Wilson,35-44,Female,Wales,Bronze,2022-02-11,False,True
CUST00891,Freddie,Chen,18-24,Female,North East,Bronze,2022-05-27,False,True
CUST00892,Priya,Brown,18-24,Female,East of England,Bronze,2023-07-15,False,False
CUST00893,Sofia,Hussain,65+,Prefer not to say,London,Bronze,2024-03-11,False,True
CUST00894,Jessica,Roberts,65+,Female,London,Silver,2023-11-15,False,True
CUST00895,Aisha,Williams,65+,Female,Yorkshire,Silver,2023-02-09,True,True
CUST00896,Lily,Wilson,65+,Prefer not to say,London,Platinum,2023-08-09,True,False
CUST00897,Isla,Hussain,55-64,Male,London,Platinum,2023-06-19,True,False
CUST00898,Ava,Thompson,65+,Prefer not to say,South West,Gold,2022-10-09,True,True
CUST00899,Michael,Jones,35-44,Female,London,Bronze,2022-02-16,True,True
CUST00900,Jacob,Evans,55-64,Male,South East,Bronze,2022-04-04,True,True
CUST00901,Olivia,Taylor,55-64,Female,London,Silver,2023-02-22,True,True
CUST00902,Freddie,Chen,35-44,Female,South West,Gold,2022-11-24,True,True
CUST00903,Isabella,Sharma,55-64,Prefer not to say,South West,Bronze,2022-09-03,True,True
CUST00904,Emily,Brown,45-54,Male,South West,Bronze,2023-07-21,True,True
CUST00905,Charlie,Thompson,55-64,Prefer not to say,North West,Bronze,2023-08-24,False,True
CUST00906,Ava,Roberts,35-44,Prefer not to say,Wales,Gold,2024-05-16,False,False
CUST00907,Jessica,Williams,18-24,Female,Scotland,Silver,2023-07-23,True,True
CUST00908,Ella,White,65+,Female,Wales,Gold,2023-05-09,True,True
CUST00909,Grace,Williams,25-34,Prefer not to say,East of England,Bronze,2023-06-07,True,True
CUST00910,Alfie,Watson,45-54,Male,West Midlands,Platinum,2022-05-06,True,False
CUST00911,Sophia,Kim,35-44,Male,West Midlands,Bronze,2022-12-17,True,True
CUST00912,Aisha,Jones,65+,Male,West Midlands,Bronze,2023-09-06,False,True
CUST00913,Amelia,Chen,55-64,Prefer not to say,Yorkshire,Gold,2022-01-10,True,True
CUST00914,George,Jones,65+,Female,West Midlands,Bronze,2023-10-27,False,False
CUST00915,Sofia,Lewis,65+,Male,London,Bronze,2023-01-02,True,True
CUST00916,Oliver,Watson,65+,Prefer not to say,South East,Bronze,2022-08-15,True,True
CUST00917,Mia,Sharma,35-44,Male,South East,Gold,2022-08-15,True,True
CUST00918,Daniel,Wilson,35-44,Prefer not to say,East of England,Bronze,2024-04-20,True,True
CUST00919,Amelia,Brown,55-64,Male,Yorkshire,Bronze,2023-08-03,True,False
CUST00920,Ella,Walker,65+,Male,Wales,Silver,2024-01-17,True,True
CUST00921,James,Lee,65+,Prefer not to say,Scotland,Bronze,2023-04-10,True,True
CUST00922,Ella,Wilson,65+,Prefer not to say,East of England,Bronze,2023-02-21,True,False
CUST00923,Jack,Watson,45-54,Prefer not to say,South West,Bronze,2022-08-18,True,True
CUST00924,Oliver,Wood,65+,Female,Scotland,Gold,2023-08-09,True,True
CUST00925,George,Evans,18-24,Female,South West,Bronze,2022-11-15,True,False
CUST00926,Charlie,Hussain,25-34,Female,North West,Gold,2022-09-11,True,False
CUST00927,Jessica,Evans,65+,Female,East Midlands,Bronze,2024-03-05,True,False
CUST00928,Mohammed,Brown,25-34,Male,North East,Bronze,2023-01-22,True,True
CUST00929,George,Evans,65+,Male,East Midlands,Bronze,2023-03-19,False,True
CUST00930,Emily,Wood,55-64,Prefer not to say,West Midlands,Silver,2023-09-25,False,True
CUST00931,Charlie,Clark,65+,Prefer not to say,North West,Silver,2023-09-28,True,True
CUST00932,Charlie,Smith,55-64,Prefer not to say,London,Gold,2022-04-21,True,False
CUST00933,Sophia,Patel,45-54,Female,Yorkshire,Bronze,2022-05-10,True,True
CUST00934,Jack,Thomas,35-44,Prefer not to say,South West,Platinum,2022-02-15,True,True
CUST00935,Freddie,Roberts,45-54,Female,East Midlands,Bronze,2023-07-09,True,True
CUST00936,Freddie,Taylor,25-34,Prefer not to say,North West,Silver,2023-11-05,True,True
CUST00937,Isla,Walker,18-24,Female,London,Silver,2022-07-20,False,True
CUST00938,Aisha,Harris,45-54,Female,London,Silver,2022-12-06,True,True
CUST00939,Mia,Wood,45-54,Prefer not to say,London,Silver,2022-01-04,True,True
CUST00940,Ava,Khan,25-34,Male,South East,Bronze,2023-01-20,True,True
CUST00941,Grace,Kim,25-34,Prefer not to say,East Midlands,Gold,2022-05-26,True,False
CUST00942,Isla,Jackson,25-34,Male,North East,Silver,2022-07-23,True,False
CUST00943,Amelia,Walker,18-24,Male,North West,Gold,2022-09-09,True,False
CUST00944,Sofia,Wilson,35-44,Male,South East,Bronze,2022-05-21,True,True
CUST00945,Thomas,Brown,18-24,Male,North East,Bronze,2023-06-24,True,True
CUST00946,Rahul,Martin,55-64,Female,Wales,Bronze,2023-01-23,True,True
CUST00947,Isla,Jackson,25-34,Female,South East,Silver,2023-08-25,True,False
CUST00948,Michael,Robinson,65+,Male,North West,Gold,2024-05-21,True,True
CUST00949,Rahul,Sharma,55-64,Female,London,Silver,2023-02-02,False,True
CUST00950,Sarah,Watson,55-64,Female,West Midlands,Gold,2023-05-22,True,True
CUST00951,Jessica,Thompson,45-54,Male,South East,Gold,2022-07-27,True,False
CUST00952,Sophia,Davies,25-34,Male,South East,Silver,2023-01-19,True,True
CUST00953,Aisha,Lee,45-54,Female,South West,Bronze,2023-04-22,False,True
CUST00954,Oliver,Lewis,45-54,Male,South East,Bronze,2023-01-27,True,True
CUST00955,Noah,Watson,25-34,Male,London,Bronze,2023-05-29,True,True
CUST00956,Aisha,White,35-44,Prefer not to say,North West,Silver,2023-11-23,True,True
CUST00957,Alfie,White,18-24,Female,South East,Bronze,2023-09-11,False,False
CUST00958,James,Hussain,65+,Prefer not to say,Wales,Platinum,2024-04-21,False,True
CUST00959,Ava,Hussain,25-34,Prefer not to say,East Midlands,Silver,2024-01-11,False,True
CUST00960,Aisha,Davies,35-44,Male,South West,Platinum,2023-04-18,False,True
CUST00961,Oliver,Singh,25-34,Prefer not to say,North West,Bronze,2023-04-06,True,True
CUST00962,Priya,Clark,25-34,Female,South West,Gold,2023-11-06,True,True
CUST00963,Harry,Thomas,25-34,Female,East Midlands,Gold,2022-01-24,False,False
CUST00964,Daniel,Brown,55-64,Female,London,Bronze,2022-07-29,False,True
CUST00965,Noah,Johnson,18-24,Prefer not to say,East Midlands,Bronze,2022-11-08,False,True
CUST00966,George,Ali,35-44,Male,South East,Silver,2022-07-23,True,True
CUST00967,James,Johnson,35-44,Female,South West,Platinum,2023-01-13,True,True
CUST00968,George,Ali,25-34,Male,North West,Bronze,2023-05-05,False,True
CUST00969,Lily,Walker,55-64,Prefer not to say,West Midlands,Bronze,2023-08-12,True,False
CUST00970,George,Khan,55-64,Male,East of England,Gold,2023-04-02,False,True
CUST00971,Harry,Davies,35-44,Prefer not to say,North East,Silver,2023-08-13,True,True
CUST00972,Amelia,Chen,25-34,Male,North East,Silver,2024-04-23,False,True
CUST00973,Amelia,Evans,45-54,Prefer not to say,Scotland,Bronze,2023-11-06,True,True
CUST00974,Grace,Brown,65+,Prefer not to say,Yorkshire,Bronze,2023-10-06,False,True
CUST00975,Jacob,Singh,18-24,Male,East of England,Gold,2024-02-20,False,True
CUST00976,Ava,Williams,45-54,Male,London,Silver,2022-09-16,False,True
CUST00977,Daniel,Walker,45-54,Male,London,Bronze,2024-02-03,True,True
CUST00978,David,Sharma,45-54,Male,London,Silver,2024-02-06,False,True
CUST00979,Ella,Johnson,25-34,Male,East Midlands,Bronze,2024-04-20,True,True
CUST00980,Olivia,Brown,65+,Male,West Midlands,Bronze,2023-02-05,True,True
CUST00981,Harry,Robinson,45-54,Prefer not to say,London,Silver,2024-01-02,True,True
CUST00982,Jessica,Taylor,55-64,Male,London,Bronze,2022-11-12,True,False
CUST00983,Isabella,Walker,18-24,Male,South West,Platinum,2023-01-19,True,False
CUST00984,George,Wood,18-24,Prefer not to say,London,Bronze,2023-11-28,False,True
CUST00985,Mohammed,Martin,55-64,Prefer not to say,London,Bronze,2024-04-15,False,False
CUST00986,Mia,Robinson,18-24,Female,South East,Bronze,2022-05-04,True,True
CUST00987,David,Wood,18-24,Prefer not to say,North West,Silver,2022-08-06,True,True
CUST00988,Emily,Harris,55-64,Female,Wales,Bronze,2022-08-12,True,True
CUST00989,Mohammed,Ali,65+,Prefer not to say,London,Bronze,2022-04-08,True,False
CUST00990,Sarah,Brown,35-44,Male,East Midlands,Silver,2023-11-14,False,True
CUST00991,Mia,Smith,25-34,Male,West Midlands,Gold,2024-01-30,True,True
CUST00992,Isabella,Davies,18-24,Male,South West,Bronze,2023-03-15,True,True
CUST00993,Harry,Thompson,65+,Prefer not to say,Wales,Bronze,2023-10-20,True,True
CUST00994,Harry,Chen,65+,Female,Yorkshire,Bronze,2022-11-22,True,True
CUST00995,Jack,Thompson,65+,Prefer not to say,Yorkshire,Silver,2022-07-30,False,True
CUST00996,Jessica,Smith,18-24,Female,London,Bronze,2022-07-07,True,False
CUST00997,Noah,Lewis,55-64,Prefer not to say,North West,Platinum,2022-05-09,True,True
CUST00998,David,Harris,25-34,Prefer not to say,London,Bronze,2023-03-13,True,True
CUST00999,Jessica,Walker,35-44,Female,London,Platinum,2023-08-14,False,True
CUST01000,Jessica,Lee,55-64,Prefer not to say,Yorkshire,Gold,2023-04-28,False,True
CUST01001,Thomas,Davies,35-44,Prefer not to say,East of England,Silver,2023-01-26,True,True
CUST01002,Lily,Ahmed,35-44,Female,East Midlands,Silver,2023-04-20,True,True
CUST01003,Isla,Roberts,25-34,Male,London,Silver,2023-04-26,True,True
CUST01004,Daniel,Singh,45-54,Female,South East,Platinum,2023-03-02,True,True
CUST01005,Jacob,Ali,55-64,Male,London,Bronze,2022-02-09,True,True
CUST01006,Priya,Sharma,65+,Prefer not to say,South East,Bronze,2024-02-09,False,False
CUST01007,Isabella,Thompson,45-54,Male,Scotland,Bronze,2024-01-24,True,True
CUST01008,Freddie,White,55-64,Female,Scotland,Bronze,2023-10-23,True,True
CUST01009,Olivia,Smith,18-24,Male,West Midlands,Gold,2023-11-10,False,True
CUST01010,Isla,Lee,25-34,Female,South East,Bronze,2022-03-24,False,True
CUST01011,Emily,Davies,18-24,Prefer not to say,East Midlands,Gold,2024-01-22,True,True
CUST01012,Daniel,Harris,18-24,Male,North West,Bronze,2022-08-03,True,True
CUST01013,Emily,Jackson,65+,Female,London,Bronze,2023-03-04,True,True
CUST01014,Jacob,Kim,55-64,Male,London,Bronze,2022-07-06,True,True
CUST01015,Sophia,Chen,45-54,Prefer not to say,North East,Bronze,2022-07-16,True,True
CUST01016,Sofia,Wilson,35-44,Male,South East,Silver,2022-03-29,False,True
CUST01017,Charlie,Smith,18-24,Female,Yorkshire,Bronze,2024-02-18,True,True
CUST01018,James,Ali,55-64,Prefer not to say,Wales,Gold,2023-06-19,False,True
CUST01019,Thomas,Clark,35-44,Prefer not to say,North East,Platinum,2022-12-12,True,False
CUST01020,Daniel,Ali,55-64,Male,Wales,Gold,2023-11-13,True,True
CUST01021,Daniel,Thomas,18-24,Prefer not to say,London,Silver,2024-06-10,True,True
CUST01022,Sarah,Chen,65+,Male,London,Silver,2023-09-26,True,True
CUST01023,Harry,Martin,65+,Female,South East,Silver,2023-01-04,True,True
CUST01024,Charlie,Ali,35-44,Prefer not to say,London,Bronze,2023-05-03,True,True
CUST01025,Noah,Harris,65+,Prefer not to say,Wales,Silver,2024-03-26,False,False
CUST01026,Isabella,Thompson,25-34,Male,Yorkshire,Silver,2023-05-09,True,True
CUST01027,Oliver,Johnson,35-44,Female,Yorkshire,Bronze,2024-01-03,True,True
CUST01028,Jacob,Thomas,55-64,Prefer not to say,Yorkshire,Bronze,2023-11-18,True,False
CUST01029,George,Clark,45-54,Prefer not to say,Yorkshire,Silver,2023-08-13,False,True
CUST01030,Sophia,Wilson,35-44,Male,London,Bronze,2022-08-17,True,True
CUST01031,Rahul,Thomas,35-44,Female,East Midlands,Bronze,2022-04-29,True,True
CUST01032,Sofia,Lee,35-44,Female,North West,Platinum,2022-07-14,True,True
CUST01033,Mia,Evans,45-54,Male,East of England,Silver,2023-09-09,True,True
CUST01034,Mia,Sharma,65+,Female,London,Bronze,2022-10-31,True,True
CUST01035,Jacob,Watson,65+,Prefer not to say,East of England,Gold,2022-11-13,False,True
CUST01036,Jack,Clark,25-34,Prefer not to say,London,Silver,2023-01-21,True,True
CUST01037,Amelia,Sharma,65+,Female,South East,Gold,2022-02-23,True,False
CUST01038,Daniel,Clark,45-54,Prefer not to say,East of England,Bronze,2023-07-16,False,True
CUST01039,Grace,Jackson,65+,Male,Yorkshire,Silver,2023-06-25,True,True
CUST01040,Jack,Harris,45-54,Prefer not to say,London,Bronze,2024-02-10,False,True
CUST01041,Ava,Robinson,65+,Male,Yorkshire,Bronze,2022-05-29,True,True
CUST01042,Freddie,Ali,45-54,Prefer not to say,North West,Gold,2024-05-29,True,True
CUST01043,Amelia,Taylor,18-24,Prefer not to say,West Midlands,Silver,2023-05-01,True,True
CUST01044,Isabella,Williams,18-24,Male,South West,Bronze,2023-02-18,True,True
CUST01045,Noah,Ahmed,65+,Female,South East,Silver,2023-01-20,True,True
CUST01046,Noah,Wilson,45-54,Prefer not to say,West Midlands,Silver,2022-04-30,True,True
CUST01047,Sarah,Watson,65+,Prefer not to say,London,Silver,2023-08-10,False,True
CUST01048,Thomas,Harris,55-64,Male,London,Bronze,2023-10-23,True,True
CUST01049,Oliver,Khan,55-64,Prefer not to say,North West,Silver,2023-12-19,True,True
CUST01050,Jacob,Robinson,65+,Male,London,Silver,2023-08-22,True,True
CUST01051,Mohammed,Wilson,18-24,Male,East Midlands,Silver,2023-04-03,True,True
CUST01052,Harry,Davies,18-24,Prefer not to say,South East,Platinum,2024-05-21,True,True
CUST01053,James,Thompson,35-44,Male,Scotland,Silver,2023-11-05,True,True
CUST01054,Alfie,Sharma,65+,Female,East of England,Platinum,2023-04-01,True,True
CUST01055,Ava,Evans,65+,Male,South East,Bronze,2023-06-07,True,False
CUST01056,Alfie,Robinson,55-64,Female,South East,Silver,2022-08-09,False,True
CUST01057,Sophia,Ali,65+,Male,South West,Bronze,2022-09-19,True,True
CUST01058,Freddie,Robinson,18-24,Prefer not to say,Yorkshire,Platinum,2023-12-13,True,True
CUST01059,Olivia,Chen,25-34,Female,Wales,Bronze,2023-08-01,True,False
CUST01060,George,Watson,18-24,Prefer not to say,London,Silver,2022-09-11,True,True
CUST01061,Rahul,Clark,35-44,Male,North West,Bronze,2022-04-02,True,True
CUST01062,Sofia,Evans,18-24,Male,East of England,Gold,2022-08-16,False,True
CUST01063,Grace,Watson,55-64,Male,North East,Bronze,2022-12-24,False,True
CUST01064,Daniel,Hussain,55-64,Male,South East,Silver,2024-04-05,True,True
CUST01065,Sofia,Watson,18-24,Prefer not to say,West Midlands,Bronze,2022-05-27,True,True
CUST01066,David,Lewis,45-54,Female,North West,Silver,2023-03-05,True,False
CUST01067,Mia,Harris,65+,Male,Scotland,Bronze,2023-06-18,True,False
CUST01068,Noah,Brown,65+,Male,Scotland,Bronze,2023-10-12,True,True
CUST01069,Michael,Smith,45-54,Prefer not to say,East of England,Silver,2022-10-20,False,True
CUST01070,Jacob,Khan,18-24,Prefer not to say,London,Gold,2023-12-03,True,True
CUST01071,Priya,Thompson,65+,Prefer not to say,Scotland,Gold,2023-12-21,True,True
CUST01072,Mia,Lewis,18-24,Female,North West,Silver,2022-06-22,True,True
CUST01073,Olivia,Singh,18-24,Female,North East,Bronze,2023-01-24,True,True
CUST01074,Grace,White,25-34,Male,Yorkshire,Silver,2023-05-10,True,False
CUST01075,Harry,Ahmed,55-64,Female,London,Bronze,2023-10-21,False,True
CUST01076,Charlie,Smith,35-44,Prefer not to say,London,Bronze,2022-12-29,True,True
CUST01077,Noah,Roberts,45-54,Male,North East,Bronze,2022-07-22,True,True
CUST01078,Rahul,Harris,35-44,Female,North East,Silver,2023-02-09,True,True
CUST01079,Jessica,Johnson,25-34,Female,Yorkshire,Bronze,2023-03-26,True,True
CUST01080,Harry,Thomas,45-54,Female,Yorkshire,Gold,2022-10-19,True,True
CUST01081,Ella,Wilson,45-54,Female,East Midlands,Gold,2023-05-06,True,True
CUST01082,Daniel,Ali,25-34,Male,Scotland,Gold,2024-02-22,True,True
CUST01083,James,Thompson,18-24,Prefer not to say,North West,Bronze,2023-05-28,True,True
CUST01084,Grace,Sharma,18-24,Female,South East,Bronze,2022-10-24,True,True
CUST01085,Jacob,White,65+,Male,West Midlands,Bronze,2024-02-25,False,True
CUST01086,Charlie,Lewis,25-34,Prefer not to say,West Midlands,Bronze,2024-04-09,True,True
CUST01087,Ella,Walker,25-34,Female,London,Bronze,2022-02-09,True,True
CUST01088,Lily,Wood,25-34,Female,South West,Bronze,2023-06-22,False,True
CUST01089,Jacob,Watson,35-44,Female,Scotland,Silver,2022-11-08,True,True
CUST01090,Amelia,Williams,18-24,Male,West Midlands,Bronze,2022-02-18,True,True
CUST01091,Charlie,Lee,25-34,Female,Scotland,Bronze,2023-09-14,True,True
CUST01092,James,Thomas,35-44,Female,Yorkshire,Bronze,2023-11-17,True,True
CUST01093,Ava,Ali,18-24,Male,London,Silver,2022-10-10,True,True
CUST01094,Isla,Walker,65+,Female,Scotland,Bronze,2023-11-02,True,True
CUST01095,Isla,Roberts,18-24,Male,London,Silver,2023-05-01,True,False
CUST01096,Priya,Singh,45-54,Prefer not to say,Yorkshire,Gold,2024-02-17,True,True
CUST01097,Oliver,Johnson,55-64,Female,West Midlands,Bronze,2023-06-21,True,False
CUST01098,Isla,Khan,45-54,Prefer not to say,East of England,Silver,2022-03-04,True,True
CUST01099,Sofia,Ali,45-54,Prefer not to say,South East,Bronze,2024-02-08,True,True
CUST01100,James,Ahmed,55-64,Prefer not to say,Yorkshire,Bronze,2023-08-30,True,True
CUST01101,Jacob,Johnson,25-34,Male,East of England,Bronze,2022-10-02,True,False
CUST01102,Alfie,Watson,18-24,Prefer not to say,Wales,Platinum,2022-10-12,True,True
CUST01103,Priya,Singh,35-44,Male,Scotland,Gold,2022-01-02,True,True
CUST01104,Grace,Martin,18-24,Prefer not to say,North West,Gold,2023-02-23,True,True
CUST01105,Amelia,White,18-24,Prefer not to say,West Midlands,Gold,2022-10-14,True,True
CUST01106,Sofia,White,65+,Prefer not to say,East Midlands,Bronze,2023-12-06,False,True
CUST01107,Ava,Khan,25-34,Female,South East,Silver,2022-10-03,True,True
CUST01108,Noah,Sharma,25-34,Female,London,Gold,2023-05-06,True,True
CUST01109,Amelia,Jackson,18-24,Female,London,Bronze,2024-01-17,False,True
CUST01110,George,Roberts,18-24,Female,South East,Gold,2022-07-12,False,True
CUST01111,Alfie,Smith,55-64,Male,South West,Bronze,2023-06-24,True,True
CUST01112,Harry,Thomas,25-34,Male,South East,Platinum,2023-10-22,True,True
CUST01113,Charlie,Clark,65+,Male,London,Silver,2022-01-10,False,True
CUST01114,Aisha,Hussain,25-34,Male,London,Silver,2022-11-11,True,True
CUST01115,Charlie,Jackson,18-24,Prefer not to say,North East,Bronze,2022-02-15,True,False
CUST01116,Mia,Lee,45-54,Male,South East,Bronze,2022-01-25,False,True
CUST01117,Jacob,Sharma,25-34,Male,South East,Platinum,2024-01-03,True,True
CUST01118,Aisha,Wilson,35-44,Male,North East,Silver,2023-09-23,True,True
CUST01119,Amelia,Lee,25-34,Prefer not to say,West Midlands,Silver,2022-12-09,True,True
CUST01120,Ella,Sharma,65+,Female,Scotland,Gold,2022-04-17,True,True
CUST01121,Freddie,Roberts,35-44,Male,South West,Silver,2024-06-01,False,True
CUST01122,Thomas,Watson,25-34,Male,South East,Bronze,2022-04-26,False,True
CUST01123,Thomas,Hussain,65+,Female,East Midlands,Silver,2023-05-22,True,True
CUST01124,Isabella,Ali,45-54,Prefer not to say,East of England,Silver,2023-11-01,True,True
CUST01125,Emily,Wood,65+,Male,South East,Bronze,2023-08-18,True,True
CUST01126,Alfie,Wilson,18-24,Female,South East,Gold,2023-05-01,True,True
CUST01127,Emily,Thompson,25-34,Male,London,Bronze,2022-05-28,True,True
CUST01128,Thomas,Singh,18-24,Prefer not to say,London,Silver,2022-01-27,False,False
CUST01129,Olivia,Jones,25-34,Female,London,Bronze,2024-06-10,True,True
CUST01130,Emily,Roberts,25-34,Female,Yorkshire,Silver,2024-04-13,True,True
CUST01131,Aisha,Kim,65+,Prefer not to say,London,Bronze,2024-01-10,True,False
CUST01132,Amelia,Johnson,18-24,Female,North West,Silver,2022-02-02,False,True
CUST01133,Sophia,Harris,65+,Male,South West,Bronze,2024-04-29,True,True
CUST01134,Ava,Khan,55-64,Male,London,Bronze,2022-05-09,True,True
CUST01135,Sarah,Martin,65+,Prefer not to say,South West,Bronze,2023-04-25,True,True
CUST01136,Thomas,Walker,35-44,Male,London,Bronze,2023-10-25,True,True
CUST01137,Olivia,Evans,18-24,Male,East Midlands,Gold,2022-10-16,True,True
CUST01138,Harry,Thompson,35-44,Male,Wales,Silver,2022-07-26,False,True
CUST01139,Noah,Harris,18-24,Female,Yorkshire,Platinum,2022-11-19,True,True
CUST01140,Priya,Thomas,65+,Prefer not to say,London,Bronze,2023-02-05,True,True
CUST01141,Freddie,Jones,55-64,Female,East of England,Gold,2024-03-04,True,True
CUST01142,David,Davies,65+,Male,Scotland,Bronze,2022-06-05,True,True
CUST01143,Freddie,Johnson,55-64,Prefer not to say,Wales,Silver,2023-11-01,True,True
CUST01144,Aisha,Jackson,35-44,Prefer not to say,North West,Bronze,2022-05-15,False,True
CUST01145,George,Roberts,55-64,Prefer not to say,Wales,Bronze,2023-09-18,True,True
CUST01146,Lily,Davies,45-54,Male,East of England,Bronze,2024-06-10,True,True
CUST01147,Rahul,Patel,18-24,Male,London,Gold,2022-10-14,True,False
CUST01148,Jessica,Thomas,18-24,Prefer not to say,East of England,Bronze,2022-09-20,True,True
CUST01149,Alfie,Kim,35-44,Prefer not to say,North West,Platinum,2024-05-27,True,True
CUST01150,Jessica,White,65+,Male,West Midlands,Silver,2023-02-28,True,True
CUST01151,James,Roberts,18-24,Female,South West,Silver,2023-07-29,True,True
CUST01152,David,Davies,35-44,Female,East of England,Silver,2024-06-14,False,True
CUST01153,Charlie,Khan,45-54,Male,South West,Bronze,2022-07-04,True,False
CUST01154,Ava,Hussain,18-24,Female,East of England,Silver,2023-05-13,False,True
CUST01155,Mohammed,Williams,55-64,Female,London,Gold,2022-08-07,False,False
CUST01156,Jack,Robinson,18-24,Prefer not to say,South West,Bronze,2022-08-07,True,True
CUST01157,Ella,Khan,18-24,Female,North West,Silver,2022-03-12,False,True
CUST01158,Sophia,Lewis,18-24,Male,North East,Bronze,2023-11-17,True,True
CUST01159,Emily,Hussain,45-54,Prefer not to say,West Midlands,Bronze,2022-12-24,False,True
CUST01160,Sofia,Smith,55-64,Prefer not to say,London,Silver,2023-12-11,True,True
CUST01161,Mohammed,Smith,25-34,Female,Scotland,Silver,2024-04-23,True,True
CUST01162,Emily,White,55-64,Prefer not to say,London,Silver,2023-11-22,True,True
CUST01163,Charlie,Williams,25-34,Prefer not to say,Wales,Bronze,2023-10-17,True,True
CUST01164,Priya,Robinson,25-34,Prefer not to say,East Midlands,Bronze,2022-08-10,True,True
CUST01165,Jacob,Sharma,65+,Female,South West,Bronze,2022-11-11,False,True
CUST01166,Aisha,Wilson,25-34,Female,South West,Bronze,2024-02-23,True,True
CUST01167,Grace,Lee,65+,Female,Yorkshire,Platinum,2023-01-26,True,False
CUST01168,Charlie,Davies,65+,Male,West Midlands,Bronze,2024-04-05,False,True
CUST01169,Charlie,Kim,55-64,Prefer not to say,North West,Silver,2023-10-01,False,True
CUST01170,David,Ali,18-24,Male,North West,Platinum,2024-03-06,True,False
CUST01171,Emily,Khan,18-24,Female,North West,Silver,2023-04-21,True,False
CUST01172,Lily,Chen,65+,Male,London,Gold,2022-09-28,True,True
CUST01173,Rahul,Martin,35-44,Male,Scotland,Platinum,2022-06-07,True,True
CUST01174,Isla,Khan,18-24,Prefer not to say,South West,Platinum,2023-02-05,False,False
CUST01175,Daniel,Martin,55-64,Male,South West,Bronze,2022-06-27,True,True
CUST01176,Daniel,White,55-64,Male,Scotland,Bronze,2023-10-09,True,True
CUST01177,Freddie,Jones,55-64,Prefer not to say,East Midlands,Platinum,2022-01-12,False,True
CUST01178,Alfie,Ahmed,65+,Prefer not to say,Yorkshire,Bronze,2024-01-22,True,True
CUST01179,Isabella,Ali,35-44,Prefer not to say,London,Bronze,2023-07-03,True,True
CUST01180,Charlie,Wilson,45-54,Prefer not to say,London,Bronze,2023-10-16,True,False
CUST01181,George,Sharma,35-44,Male,South West,Silver,2022-04-06,True,True
CUST01182,George,Robinson,65+,Female,South West,Bronze,2023-05-14,False,True
CUST01183,Lily,Smith,25-34,Prefer not to say,East Midlands,Silver,2022-07-04,True,True
CUST01184,Priya,Hussain,55-64,Prefer not to say,East Midlands,Bronze,2022-12-18,True,False
CUST01185,Oliver,Jones,55-64,Prefer not to say,Yorkshire,Bronze,2022-07-17,True,True
CUST01186,Oliver,Martin,25-34,Male,London,Silver,2022-08-11,True,True
CUST01187,Isla,Davies,35-44,Prefer not to say,East Midlands,Bronze,2023-05-09,False,True
CUST01188,Isla,White,25-34,Male,West Midlands,Gold,2023-02-14,True,False
CUST01189,Lily,Johnson,25-34,Prefer not to say,East of England,Gold,2022-04-16,False,True
CUST01190,Mohammed,Evans,55-64,Female,South West,Silver,2022-10-06,True,False
CUST01191,George,Kim,25-34,Male,Scotland,Bronze,2024-04-19,False,True
CUST01192,Priya,Khan,18-24,Male,London,Bronze,2024-04-26,True,True
CUST01193,Ava,Singh,35-44,Male,Yorkshire,Bronze,2022-03-16,True,True
CUST01194,Aisha,Robinson,45-54,Prefer not to say,North West,Gold,2024-01-05,True,True
CUST01195,Ava,Robinson,18-24,Prefer not to say,South East,Silver,2023-09-09,True,True
CUST01196,Emily,Lee,35-44,Female,London,Bronze,2023-10-24,False,True
CUST01197,Emily,Wilson,18-24,Female,London,Bronze,2022-10-09,False,True
CUST01198,Grace,Jones,65+,Prefer not to say,Wales,Gold,2022-01-22,True,True
CUST01199,Harry,Williams,35-44,Prefer not to say,London,Silver,2023-02-17,False,True
CUST01200,Mohammed,Patel,45-54,Male,East Midlands,Bronze,2022-10-09,True,True
CUST01201,David,Sharma,65+,Male,North West,Platinum,2023-12-15,True,True
CUST01202,James,Thomas,18-24,Female,North West,Silver,2022-02-18,True,True
CUST01203,Rahul,Smith,65+,Male,South East,Gold,2022-07-15,True,True
CUST01204,George,White,35-44,Prefer not to say,West Midlands,Gold,2022-11-08,True,True
CUST01205,David,Wilson,25-34,Female,North West,Gold,2022-05-22,False,True
CUST01206,Jacob,Thompson,55-64,Female,West Midlands,Platinum,2023-11-16,True,True
CUST01207,Mia,Davies,35-44,Female,Yorkshire,Bronze,2023-05-10,True,True
CUST01208,Ava,Brown,18-24,Female,London,Bronze,2024-01-23,True,True
CUST01209,Isla,Sharma,18-24,Female,London,Silver,2023-01-30,True,True
CUST01210,David,Roberts,55-64,Male,North East,Bronze,2022-11-16,True,True
CUST01211,Isla,Khan,25-34,Male,South East,Bronze,2023-04-09,True,False
CUST01212,Charlie,Roberts,45-54,Male,Yorkshire,Bronze,2023-08-15,False,True
CUST01213,Sarah,Kim,35-44,Female,London,Silver,2022-01-30,True,True
CUST01214,Daniel,Lee,55-64,Female,London,Bronze,2022-06-04,True,True
CUST01215,Thomas,Walker,35-44,Male,South West,Silver,2023-01-27,False,True
CUST01216,Jack,Thompson,18-24,Male,London,Gold,2022-04-22,True,True
CUST01217,Charlie,Watson,25-34,Prefer not to say,West Midlands,Bronze,2023-06-29,False,True
CUST01218,Ella,Sharma,25-34,Male,North West,Bronze,2024-01-22,True,True
CUST01219,James,Evans,25-34,Prefer not to say,North East,Silver,2022-10-22,True,False
CUST01220,Isabella,Johnson,35-44,Prefer not to say,London,Bronze,2023-12-06,False,True
CUST01221,Sarah,Lee,35-44,Male,London,Bronze,2022-01-14,True,True
CUST01222,James,Patel,45-54,Prefer not to say,London,Gold,2024-02-18,False,True
CUST01223,Oliver,Jackson,25-34,Prefer not to say,East of England,Gold,2024-04-18,True,True
CUST01224,Aisha,Kim,45-54,Prefer not to say,South East,Silver,2024-04-03,False,True
CUST01225,James,Patel,35-44,Prefer not to say,South East,Silver,2023-04-15,False,True
CUST01226,Oliver,Roberts,45-54,Male,West Midlands,Bronze,2023-12-04,False,True
CUST01227,Thomas,Singh,25-34,Prefer not to say,London,Gold,2023-08-15,False,True
CUST01228,Jessica,Lewis,35-44,Prefer not to say,South East,Bronze,2022-10-08,False,False
CUST01229,Lily,Walker,18-24,Prefer not to say,East of England,Bronze,2022-10-10,True,True
CUST01230,Priya,Jackson,18-24,Male,East of England,Silver,2023-04-11,False,True
CUST01231,Grace,Johnson,35-44,Female,South East,Gold,2023-06-20,True,True
CUST01232,Grace,Wilson,18-24,Female,South East,Bronze,2022-08-11,True,True
CUST01233,Priya,Jackson,55-64,Prefer not to say,Scotland,Silver,2022-05-22,True,True
CUST01234,Isla,Lee,55-64,Male,South East,Bronze,2022-05-27,True,True
CUST01235,Sofia,Lee,45-54,Male,North East,Gold,2023-11-26,True,True
CUST01236,Mohammed,Thomas,65+,Male,South East,Bronze,2023-03-23,True,True
CUST01237,Lily,Ahmed,55-64,Male,South West,Gold,2022-03-29,False,True
CUST01238,Jessica,Martin,55-64,Prefer not to say,Yorkshire,Silver,2023-06-24,False,True
CUST01239,David,Jones,55-64,Male,Scotland,Bronze,2023-02-25,True,True
CUST01240,Isabella,Singh,25-34,Prefer not to say,East Midlands,Silver,2022-11-06,True,True
CUST01241,Daniel,Thomas,45-54,Prefer not to say,London,Gold,2024-05-15,False,False
CUST01242,Jack,Watson,65+,Male,South East,Bronze,2022-03-28,True,True
CUST01243,Aisha,Taylor,18-24,Prefer not to say,East Midlands,Silver,2023-12-09,True,True
CUST01244,Freddie,Sharma,25-34,Male,North East,Silver,2023-06-13,True,True
CUST01245,James,Sharma,55-64,Prefer not to say,London,Bronze,2022-11-15,True,True
CUST01246,Charlie,Thompson,25-34,Male,East of England,Gold,2022-05-04,False,True
CUST01247,Lily,Khan,45-54,Male,North West,Gold,2022-05-05,True,False
CUST01248,Jessica,Wilson,45-54,Male,West Midlands,Bronze,2023-11-29,True,True
CUST01249,Isla,Hussain,45-54,Female,South East,Bronze,2024-01-30,False,True
CUST01250,Daniel,Ali,65+,Male,East of England,Gold,2022-10-09,True,True
CUST01251,Jacob,Ali,18-24,Prefer not to say,South East,Silver,2023-04-14,False,True
CUST01252,Alfie,Ahmed,65+,Female,South East,Platinum,2022-12-30,True,True
CUST01253,Ava,Patel,65+,Prefer not to say,South West,Bronze,2024-05-31,True,True
CUST01254,Aisha,Ahmed,65+,Male,South East,Gold,2024-01-07,True,False
CUST01255,Sarah,Ali,45-54,Prefer not to say,West Midlands,Silver,2022-03-11,True,True
CUST01256,Priya,Khan,18-24,Male,London,Silver,2022-11-28,True,True
CUST01257,Michael,Hussain,35-44,Male,Wales,Gold,2022-04-19,True,True
CUST01258,Sofia,Chen,18-24,Male,West Midlands,Bronze,2022-06-28,True,True
CUST01259,Oliver,Lewis,35-44,Male,West Midlands,Bronze,2023-01-19,True,True
CUST01260,Jessica,Jackson,25-34,Male,Yorkshire,Bronze,2023-05-18,True,True
CUST01261,Charlie,Robinson,18-24,Male,North East,Bronze,2022-01-25,False,True
CUST01262,George,Clark,25-34,Prefer not to say,Yorkshire,Gold,2024-06-04,False,True
CUST01263,Sarah,Patel,35-44,Prefer not to say,North East,Gold,2022-08-01,True,True
CUST01264,Sofia,Brown,55-64,Male,London,Silver,2023-10-03,True,True
CUST01265,Jack,Clark,18-24,Male,North West,Bronze,2022-08-25,True,True
CUST01266,George,Johnson,35-44,Male,East of England,Bronze,2023-01-02,True,True
CUST01267,Jacob,Hussain,35-44,Prefer not to say,London,Bronze,2022-02-28,True,True
CUST01268,Jack,Thomas,25-34,Prefer not to say,North West,Bronze,2024-02-23,True,True
CUST01269,Harry,Patel,18-24,Female,East Midlands,Silver,2022-03-16,True,False
CUST01270,Alfie,Watson,65+,Male,London,Silver,2023-05-06,True,True
CUST01271,Sarah,Harris,25-34,Male,Scotland,Bronze,2023-03-18,True,True
CUST01272,Sofia,Jones,55-64,Female,London,Gold,2024-05-30,True,True
CUST01273,Alfie,Wilson,45-54,Male,North East,Platinum,2023-03-14,True,True
CUST01274,Thomas,Taylor,25-34,Male,London,Bronze,2022-12-18,False,True
CUST01275,Harry,Smith,65+,Male,North West,Bronze,2024-04-07,True,True
CUST01276,Harry,Martin,35-44,Prefer not to say,West Midlands,Bronze,2022-10-17,True,True
CUST01277,Sarah,Wilson,65+,Male,London,Platinum,2023-02-12,True,True
CUST01278,Priya,Wood,45-54,Prefer not to say,South East,Bronze,2024-01-23,True,False
CUST01279,Ella,Martin,65+,Prefer not to say,East of England,Bronze,2022-09-08,False,True
CUST01280,Michael,Watson,18-24,Male,North East,Gold,2023-09-29,True,True
CUST01281,Ava,Wilson,35-44,Prefer not to say,North West,Bronze,2023-07-21,True,True
CUST01282,David,Wilson,18-24,Female,North West,Bronze,2023-10-28,False,True
CUST01283,Jack,Watson,55-64,Female,East of England,Gold,2022-03-28,False,True
CUST01284,Ava,Ali,25-34,Prefer not to say,South West,Bronze,2022-08-18,True,True
CUST01285,Priya,Jones,55-64,Female,Scotland,Gold,2024-02-21,True,True
CUST01286,Thomas,Lee,65+,Prefer not to say,Yorkshire,Gold,2022-12-16,False,False
CUST01287,Grace,Ahmed,45-54,Prefer not to say,Yorkshire,Gold,2023-11-26,True,True
CUST01288,David,Thompson,25-34,Male,South East,Silver,2023-01-26,True,True
CUST01289,Grace,Clark,55-64,Female,London,Bronze,2022-09-13,True,True
CUST01290,James,Wilson,35-44,Prefer not to say,West Midlands,Gold,2024-03-12,True,True
CUST01291,Jessica,Smith,45-54,Male,Scotland,Silver,2022-01-18,True,True
CUST01292,Noah,Watson,55-64,Prefer not to say,South East,Bronze,2023-08-17,True,True
CUST01293,Ella,White,45-54,Male,South East,Bronze,2024-03-16,True,True
CUST01294,Harry,Lewis,65+,Prefer not to say,North West,Silver,2023-11-02,True,True
CUST01295,Jack,White,35-44,Male,West Midlands,Gold,2022-08-22,True,True
CUST01296,Isabella,Patel,18-24,Male,East of England,Bronze,2022-02-15,True,True
CUST01297,Rahul,Chen,18-24,Prefer not to say,South West,Bronze,2022-11-30,True,True
CUST01298,Rahul,Clark,45-54,Prefer not to say,South West,Platinum,2024-03-18,True,True
CUST01299,Rahul,Williams,35-44,Male,North East,Bronze,2022-06-14,True,True
CUST01300,Priya,Robinson,45-54,Prefer not to say,London,Silver,2023-06-08,False,True
CUST01301,Noah,Brown,25-34,Prefer not to say,East of England,Silver,2023-10-27,False,True
CUST01302,Jack,Hussain,65+,Prefer not to say,East of England,Bronze,2022-05-05,True,False
CUST01303,Isabella,Clark,25-34,Female,South East,Bronze,2022-10-28,True,True
CUST01304,Emily,Singh,18-24,Female,East Midlands,Bronze,2023-04-01,True,True
CUST01305,Mia,Kim,45-54,Male,East Midlands,Gold,2023-09-12,True,False
CUST01306,Emily,Thomas,55-64,Female,North West,Bronze,2022-09-08,True,True
CUST01307,Freddie,Sharma,65+,Male,North East,Gold,2023-03-08,True,True
CUST01308,Sophia,Hussain,65+,Male,London,Bronze,2023-03-05,False,True
CUST01309,George,Thomas,55-64,Prefer not to say,North East,Gold,2022-06-20,True,True
CUST01310,Isabella,Jackson,18-24,Female,North East,Gold,2023-12-15,True,False
CUST01311,George,Patel,45-54,Female,West Midlands,Silver,2022-02-16,False,True
CUST01312,Alfie,Lewis,65+,Prefer not to say,North East,Platinum,2023-05-04,True,True
CUST01313,Rahul,Ahmed,45-54,Female,South West,Silver,2022-01-08,True,False
CUST01314,Mia,Harris,45-54,Female,London,Silver,2022-04-10,False,True
CUST01315,Mohammed,Lewis,25-34,Male,North West,Silver,2023-01-29,True,True
CUST01316,Mohammed,Evans,35-44,Female,London,Bronze,2022-10-12,False,True
CUST01317,Grace,White,55-64,Male,Scotland,Silver,2022-06-23,True,True
CUST01318,Olivia,Jones,55-64,Male,Scotland,Silver,2023-07-20,True,True
CUST01319,Oliver,Singh,25-34,Female,Scotland,Silver,2024-05-02,False,True
CUST01320,David,Jackson,18-24,Prefer not to say,Yorkshire,Gold,2024-04-30,False,False
CUST01321,Sophia,Davies,25-34,Female,Yorkshire,Bronze,2023-05-21,True,True
CUST01322,Mia,Brown,35-44,Male,East of England,Bronze,2024-02-02,True,True
CUST01323,Harry,Lee,18-24,Prefer not to say,North West,Bronze,2022-11-19,True,False
CUST01324,James,Thompson,25-34,Prefer not to say,South West,Platinum,2023-10-05,True,True
CUST01325,Michael,Lewis,65+,Female,South East,Bronze,2022-06-05,True,False
CUST01326,Ava,Smith,45-54,Male,East of England,Silver,2024-05-27,True,True
CUST01327,Sophia,Ali,65+,Prefer not to say,South East,Bronze,2023-12-06,True,False
CUST01328,Mia,Jackson,65+,Female,East of England,Silver,2024-05-10,True,True
CUST01329,Charlie,Wood,18-24,Female,South West,Bronze,2022-10-30,True,True
CUST01330,Amelia,Ahmed,35-44,Prefer not to say,London,Silver,2022-04-29,True,True
CUST01331,Michael,Chen,65+,Male,London,Bronze,2023-05-11,True,False
CUST01332,Emily,Taylor,55-64,Female,South East,Bronze,2024-03-12,False,True
CUST01333,Daniel,White,18-24,Female,East of England,Bronze,2023-03-12,True,True
CUST01334,Mia,Johnson,55-64,Male,Yorkshire,Bronze,2023-02-24,True,True
CUST01335,Oliver,Jones,45-54,Male,North West,Bronze,2023-07-07,True,True
CUST01336,George,Taylor,55-64,Male,South East,Bronze,2023-07-21,True,False
CUST01337,Mia,Jackson,25-34,Female,South East,Bronze,2023-02-10,True,False
CUST01338,Oliver,Evans,55-64,Female,North West,Bronze,2022-02-06,True,True
CUST01339,Isabella,Williams,35-44,Prefer not to say,London,Gold,2022-08-24,False,True
CUST01340,Ella,Davies,18-24,Male,East of England,Silver,2024-01-29,False,True
CUST01341,Freddie,Evans,65+,Prefer not to say,North West,Bronze,2024-01-31,True,True
CUST01342,Oliver,Harris,35-44,Female,London,Bronze,2023-03-12,False,True
CUST01343,Noah,Wood,45-54,Prefer not to say,South East,Bronze,2023-03-16,True,True
CUST01344,Daniel,Singh,55-64,Prefer not to say,London,Bronze,2023-05-24,True,True
CUST01345,Jessica,Singh,45-54,Prefer not to say,London,Bronze,2022-08-26,True,True
CUST01346,Charlie,Johnson,25-34,Female,East Midlands,Bronze,2022-03-27,False,True
CUST01347,Mia,Taylor,45-54,Female,South West,Silver,2023-04-30,True,True
CUST01348,Emily,Smith,35-44,Prefer not to say,London,Silver,2023-12-07,False,True
CUST01349,Isabella,Martin,45-54,Prefer not to say,East of England,Silver,2022-11-17,True,False
CUST01350,George,Ali,25-34,Male,London,Silver,2023-03-12,True,True
CUST01351,Jacob,Williams,45-54,Female,London,Gold,2024-06-09,False,True
CUST01352,Emily,Khan,18-24,Female,London,Platinum,2024-06-14,True,True
CUST01353,Rahul,Johnson,25-34,Female,East of England,Bronze,2023-09-22,True,True
CUST01354,Sarah,Ahmed,25-34,Female,Scotland,Silver,2022-09-15,True,True
CUST01355,Sarah,Smith,35-44,Female,London,Silver,2024-01-03,True,True
CUST01356,Isla,Evans,55-64,Female,South East,Bronze,2022-07-12,False,True
CUST01357,Priya,Wood,35-44,Prefer not to say,London,Bronze,2022-03-10,True,False
CUST01358,Thomas,Harris,35-44,Prefer not to say,Yorkshire,Platinum,2024-06-07,True,True
CUST01359,Charlie,Robinson,35-44,Male,South East,Bronze,2022-06-06,False,True
CUST01360,Ella,Hussain,25-34,Male,London,Bronze,2024-03-01,True,True
CUST01361,Freddie,Roberts,25-34,Female,North West,Bronze,2024-04-02,True,True
CUST01362,Jessica,Lee,65+,Female,South East,Silver,2024-04-06,True,True
CUST01363,Sofia,Ali,65+,Female,South East,Gold,2023-02-07,True,True
CUST01364,Ava,Johnson,65+,Female,Yorkshire,Gold,2023-09-12,False,True
CUST01365,Sophia,Wilson,55-64,Female,West Midlands,Bronze,2024-03-18,True,False
CUST01366,Priya,Lee,25-34,Prefer not to say,East Midlands,Platinum,2024-02-29,True,True
CUST01367,James,Walker,45-54,Female,East of England,Bronze,2022-07-03,True,True
CUST01368,Sophia,Smith,55-64,Female,London,Bronze,2023-01-13,False,True
CUST01369,Sophia,Watson,65+,Male,Wales,Gold,2023-12-14,False,False
CUST01370,David,Sharma,25-34,Female,Yorkshire,Silver,2023-10-10,True,True
CUST01371,Freddie,Lewis,25-34,Male,South West,Gold,2022-01-30,True,True
CUST01372,Jack,Martin,18-24,Prefer not to say,South East,Gold,2023-12-29,True,True
CUST01373,Mohammed,Johnson,55-64,Prefer not to say,Scotland,Silver,2023-11-20,False,True
CUST01374,Jack,Brown,25-34,Prefer not to say,London,Bronze,2023-11-15,True,True
CUST01375,Isla,Chen,25-34,Prefer not to say,Yorkshire,Gold,2022-10-10,True,True
CUST01376,Priya,Wilson,35-44,Female,East Midlands,Silver,2023-07-29,False,True
CUST01377,Amelia,Davies,25-34,Female,East Midlands,Platinum,2022-04-03,True,True
CUST01378,Rahul,Ahmed,18-24,Prefer not to say,Scotland,Bronze,2022-08-11,True,True
CUST01379,Alfie,Harris,18-24,Female,Yorkshire,Bronze,2024-01-26,True,True
CUST01380,Mia,Walker,35-44,Male,London,Bronze,2023-02-28,False,True
CUST01381,Priya,Singh,35-44,Prefer not to say,East of England,Gold,2023-05-17,True,True
CUST01382,Sofia,Roberts,55-64,Prefer not to say,London,Silver,2024-05-04,True,True
CUST01383,Grace,Robinson,35-44,Prefer not to say,Scotland,Silver,2023-11-30,True,True
CUST01384,Ava,White,25-34,Female,South East,Gold,2024-03-02,True,True
CUST01385,Mohammed,Singh,55-64,Female,West Midlands,Gold,2023-04-24,True,True
CUST01386,Priya,Smith,25-34,Female,East of England,Bronze,2023-10-07,True,True
CUST01387,Lily,Johnson,45-54,Prefer not to say,London,Bronze,2023-01-02,False,True
CUST01388,Thomas,Khan,45-54,Male,South East,Bronze,2023-12-13,True,True
CUST01389,Lily,Williams,25-34,Prefer not to say,London,Bronze,2023-02-15,True,False
CUST01390,Oliver,Johnson,55-64,Male,Scotland,Gold,2023-02-15,True,False
CUST01391,Alfie,Thomas,65+,Female,North West,Bronze,2023-08-05,True,True
CUST01392,Freddie,Patel,45-54,Female,London,Bronze,2024-02-24,True,True
CUST01393,Lily,Harris,18-24,Male,South East,Bronze,2022-06-26,True,True
CUST01394,Rahul,Smith,45-54,Male,South East,Silver,2022-06-07,False,True
CUST01395,Sofia,Ahmed,65+,Male,Yorkshire,Bronze,2023-04-29,True,True
CUST01396,Daniel,Martin,35-44,Prefer not to say,Yorkshire,Bronze,2022-05-17,False,True
CUST01397,Michael,Jones,25-34,Prefer not to say,London,Bronze,2022-12-22,True,True
CUST01398,James,Khan,18-24,Prefer not to say,South East,Silver,2024-04-22,True,True
CUST01399,Noah,Clark,45-54,Prefer not to say,London,Bronze,2023-03-22,True,True
CUST01400,Sarah,Williams,35-44,Female,London,Bronze,2024-04-20,True,True
CUST01401,Priya,Evans,65+,Female,North West,Bronze,2022-03-26,True,True
CUST01402,Sofia,Ahmed,18-24,Female,West Midlands,Silver,2023-06-04,False,True
CUST01403,Thomas,White,65+,Prefer not to say,London,Gold,2022-11-07,False,True
CUST01404,Sarah,Clark,55-64,Female,London,Bronze,2024-03-10,False,True
CUST01405,Noah,Roberts,18-24,Female,Scotland,Silver,2023-01-28,True,True
CUST01406,David,Lee,18-24,Female,South East,Bronze,2024-04-12,False,True
CUST01407,Rahul,White,45-54,Female,West Midlands,Gold,2022-02-21,True,True
CUST01408,Grace,Patel,45-54,Male,South West,Bronze,2022-07-03,True,True
CUST01409,Harry,Khan,25-34,Male,London,Bronze,2023-01-01,True,True
CUST01410,Ella,Patel,45-54,Prefer not to say,West Midlands,Gold,2023-03-18,False,True
CUST01411,Rahul,Williams,25-34,Prefer not to say,Wales,Silver,2022-12-01,True,True
CUST01412,Noah,Clark,65+,Prefer not to say,South East,Bronze,2024-01-13,True,False
CUST01413,Noah,Lee,18-24,Male,East Midlands,Platinum,2022-09-21,True,True
CUST01414,Rahul,Hussain,25-34,Female,South East,Silver,2022-02-20,True,True
CUST01415,Harry,Khan,25-34,Prefer not to say,South East,Bronze,2023-11-19,True,True
CUST01416,Alfie,Watson,35-44,Female,East Midlands,Platinum,2023-03-01,True,True
CUST01417,Oliver,Martin,25-34,Male,West Midlands,Silver,2022-08-19,False,True
CUST01418,Aisha,Ali,45-54,Prefer not to say,London,Bronze,2023-10-13,True,False
CUST01419,David,Sharma,25-34,Prefer not to say,West Midlands,Silver,2022-06-05,True,True
CUST01420,Noah,Sharma,55-64,Female,London,Silver,2023-11-08,True,True
CUST01421,Mohammed,Kim,65+,Female,London,Silver,2024-02-08,True,True
CUST01422,Thomas,Chen,18-24,Female,East Midlands,Silver,2023-08-02,True,True
CUST01423,Alfie,Ali,55-64,Male,London,Bronze,2023-07-05,True,True
CUST01424,Olivia,Khan,55-64,Female,South East,Bronze,2022-07-02,True,True
CUST01425,Charlie,Martin,55-64,Prefer not to say,East of England,Bronze,2023-01-07,False,True
CUST01426,Grace,Kim,25-34,Male,South West,Bronze,2023-04-21,True,True
CUST01427,Amelia,Evans,45-54,Prefer not to say,West Midlands,Platinum,2023-11-03,False,True
CUST01428,Mia,Thomas,55-64,Prefer not to say,East of England,Bronze,2022-01-30,False,False
CUST01429,Isabella,Johnson,55-64,Prefer not to say,East of England,Bronze,2022-11-29,True,True
CUST01430,Sofia,Walker,25-34,Female,South East,Gold,2023-09-08,True,True
CUST01431,Isla,Martin,25-34,Female,London,Bronze,2023-12-31,False,True
CUST01432,Jessica,Thompson,25-34,Female,East of England,Bronze,2023-12-02,True,False
CUST01433,Isabella,Ahmed,65+,Male,London,Bronze,2022-06-13,False,False
CUST01434,Sofia,Brown,45-54,Female,North East,Silver,2023-04-27,True,True
CUST01435,Jack,Jackson,45-54,Prefer not to say,Yorkshire,Bronze,2024-04-27,False,True
CUST01436,Charlie,Roberts,35-44,Prefer not to say,Yorkshire,Bronze,2022-05-08,True,True
CUST01437,Aisha,Roberts,25-34,Female,London,Bronze,2023-11-04,True,True
CUST01438,Michael,Thompson,35-44,Female,South East,Bronze,2023-12-28,False,True
CUST01439,Ella,Williams,25-34,Male,East of England,Bronze,2023-08-05,True,True
CUST01440,Grace,Harris,65+,Male,East Midlands,Bronze,2024-01-01,False,True
CUST01441,Alfie,Roberts,55-64,Female,North West,Bronze,2022-06-08,True,True
CUST01442,Lily,Roberts,55-64,Male,South East,Silver,2022-08-05,False,True
CUST01443,Priya,Roberts,55-64,Prefer not to say,South East,Bronze,2022-06-24,False,True
CUST01444,Sarah,Lewis,45-54,Female,London,Platinum,2024-06-10,True,True
CUST01445,Mia,Roberts,35-44,Prefer not to say,Yorkshire,Gold,2022-07-31,True,True
CUST01446,James,Wood,65+,Male,South East,Bronze,2023-04-16,True,False
CUST01447,George,Watson,55-64,Prefer not to say,North West,Silver,2023-06-04,True,False
CUST01448,Jessica,Thompson,25-34,Female,North West,Bronze,2022-02-27,True,True
CUST01449,David,Lewis,18-24,Prefer not to say,South East,Bronze,2024-01-05,True,True
CUST01450,Alfie,Harris,18-24,Male,South East,Silver,2022-03-07,False,True
CUST01451,Jack,Martin,65+,Male,London,Bronze,2023-07-04,True,True
CUST01452,Ava,Sharma,35-44,Prefer not to say,London,Bronze,2022-04-13,True,True
CUST01453,Isla,Ahmed,18-24,Female,Yorkshire,Silver,2023-03-30,False,True
CUST01454,Sarah,Jackson,65+,Female,South East,Silver,2022-12-03,True,True
CUST01455,Lily,Kim,18-24,Male,East of England,Bronze,2023-07-29,False,True
CUST01456,George,Lee,65+,Female,London,Gold,2022-07-03,True,True
CUST01457,Amelia,Walker,18-24,Male,London,Silver,2023-07-06,True,True
CUST01458,Charlie,Harris,55-64,Male,East Midlands,Bronze,2023-04-29,True,True
CUST01459,Olivia,Johnson,55-64,Prefer not to say,London,Platinum,2023-02-10,False,True
CUST01460,Emily,Watson,25-34,Female,East of England,Gold,2024-03-18,True,True
CUST01461,Aisha,Patel,65+,Female,South West,Bronze,2022-11-10,False,True
CUST01462,Daniel,Taylor,45-54,Female,West Midlands,Bronze,2022-01-06,False,True
CUST01463,Isla,Robinson,65+,Prefer not to say,South East,Gold,2022-01-20,True,True
CUST01464,Sofia,Martin,55-64,Prefer not to say,Yorkshire,Gold,2024-03-20,False,False
CUST01465,George,Thompson,25-34,Female,Yorkshire,Platinum,2022-04-20,False,False
CUST01466,Sofia,Sharma,25-34,Female,Wales,Silver,2022-02-17,True,True
CUST01467,Aisha,Watson,55-64,Female,South West,Bronze,2023-10-17,False,True
CUST01468,George,Martin,65+,Female,North West,Gold,2024-02-07,True,True
CUST01469,Noah,Kim,25-34,Female,East Midlands,Gold,2023-07-30,True,True
CUST01470,Grace,Jones,25-34,Male,North West,Silver,2024-04-16,True,False
CUST01471,Jessica,Robinson,25-34,Female,East of England,Silver,2023-01-05,True,True
CUST01472,Sophia,White,55-64,Prefer not to say,Scotland,Bronze,2023-12-22,False,True
CUST01473,Michael,Taylor,55-64,Male,North East,Silver,2024-04-05,True,True
CUST01474,Mohammed,Sharma,35-44,Prefer not to say,South East,Bronze,2022-02-02,True,True
CUST01475,Jacob,Johnson,55-64,Male,East Midlands,Silver,2023-07-26,True,True
CUST01476,Thomas,Watson,45-54,Female,North East,Platinum,2024-02-25,True,True
CUST01477,Amelia,Clark,45-54,Prefer not to say,North West,Silver,2022-03-16,False,False
CUST01478,Grace,Smith,55-64,Female,London,Bronze,2023-02-16,False,True
CUST01479,Mia,Martin,55-64,Female,West Midlands,Bronze,2024-05-26,True,False
CUST01480,Freddie,Walker,25-34,Male,South East,Bronze,2024-01-03,True,True
CUST01481,Priya,Brown,35-44,Female,Scotland,Silver,2023-07-08,True,True
CUST01482,Ella,Wood,25-34,Female,London,Gold,2023-03-11,False,True
CUST01483,Oliver,Kim,65+,Prefer not to say,London,Bronze,2023-01-20,False,True
CUST01484,Sofia,Wilson,18-24,Male,East of England,Silver,2022-07-30,True,True
CUST01485,Jacob,Sharma,65+,Prefer not to say,South East,Platinum,2022-08-03,False,True
CUST01486,Rahul,Hussain,35-44,Prefer not to say,London,Silver,2022-04-03,True,True
CUST01487,Daniel,Evans,35-44,Female,Scotland,Gold,2023-03-07,False,False
CUST01488,Lily,Wood,65+,Male,West Midlands,Gold,2023-10-30,False,True
CUST01489,Mohammed,Williams,25-34,Male,London,Bronze,2022-10-09,True,True
CUST01490,Harry,Taylor,55-64,Male,North West,Silver,2023-04-27,True,True
CUST01491,Olivia,Chen,25-34,Male,Scotland,Platinum,2024-04-23,True,True
CUST01492,Olivia,Jones,45-54,Male,South East,Silver,2022-04-23,True,True
CUST01493,Oliver,Clark,18-24,Female,London,Gold,2022-01-30,False,True
CUST01494,Olivia,Johnson,18-24,Male,South East,Bronze,2023-01-22,False,False
CUST01495,Sarah,Ahmed,45-54,Prefer not to say,South West,Gold,2022-04-26,True,True
CUST01496,Sophia,Thomas,35-44,Prefer not to say,East of England,Platinum,2023-04-26,True,True
CUST01497,Isla,Thomas,25-34,Prefer not to say,London,Platinum,2024-02-06,True,True
CUST01498,Charlie,Khan,35-44,Prefer not to say,London,Bronze,2024-02-01,True,True
CUST01499,Aisha,Ahmed,65+,Prefer not to say,East of England,Silver,2022-11-05,True,True
CUST01500,Mohammed,Lee,35-44,Prefer not to say,London,Silver,2022-05-15,True,True
CUST01501,Sofia,Taylor,25-34,Male,London,Silver,2024-03-29,True,True
CUST01502,James,Hussain,45-54,Female,London,Gold,2022-11-27,False,True
CUST01503,David,White,55-64,Female,London,Bronze,2022-08-08,True,True
CUST01504,Sophia,Clark,45-54,Prefer not to say,East of England,Bronze,2022-07-10,True,True
CUST01505,George,Singh,45-54,Prefer not to say,London,Silver,2022-09-27,True,True
CUST01506,Jacob,Wilson,55-64,Prefer not to say,South East,Gold,2023-04-14,True,True
CUST01507,Noah,Lewis,45-54,Prefer not to say,London,Gold,2023-07-21,True,True
CUST01508,Priya,Roberts,55-64,Prefer not to say,East of England,Gold,2022-07-23,True,True
CUST01509,Olivia,Singh,25-34,Male,West Midlands,Silver,2023-12-12,True,False
CUST01510,Freddie,Lee,25-34,Female,London,Platinum,2024-02-09,False,True
CUST01511,Emily,Hussain,45-54,Female,London,Platinum,2023-06-19,True,True
CUST01512,Lily,Robinson,65+,Prefer not to say,East Midlands,Bronze,2023-12-27,False,True
CUST01513,Olivia,Thompson,45-54,Male,West Midlands,Bronze,2023-05-08,True,True
CUST01514,George,Wood,35-44,Male,North East,Bronze,2022-12-25,True,True
CUST01515,Ella,Martin,18-24,Prefer not to say,London,Bronze,2022-05-26,True,True
CUST01516,Sarah,Wood,65+,Female,South East,Bronze,2023-09-05,False,True
CUST01517,Aisha,Watson,18-24,Female,North West,Bronze,2024-02-12,False,True
CUST01518,Michael,Jackson,25-34,Prefer not to say,London,Platinum,2022-06-22,True,True
CUST01519,Michael,Lee,45-54,Male,West Midlands,Gold,2024-05-20,True,False
CUST01520,Ella,White,65+,Prefer not to say,South East,Silver,2024-01-21,True,False
CUST01521,James,Evans,65+,Female,South East,Silver,2022-03-27,False,True
CUST01522,Michael,Ali,55-64,Prefer not to say,North West,Silver,2022-04-17,True,True
CUST01523,Charlie,Evans,18-24,Male,South East,Silver,2023-08-28,False,True
CUST01524,Harry,Patel,65+,Female,North West,Silver,2024-01-06,True,False
CUST01525,Thomas,Jones,25-34,Prefer not to say,London,Silver,2024-04-12,True,True
CUST01526,Oliver,Ahmed,35-44,Female,North West,Bronze,2023-02-27,True,True
CUST01527,Jack,Martin,45-54,Prefer not to say,Wales,Bronze,2024-03-13,True,True
CUST01528,Mohammed,Khan,35-44,Male,North West,Gold,2024-02-29,True,True
CUST01529,Mia,Martin,35-44,Male,North East,Bronze,2023-07-06,False,True
CUST01530,Amelia,Ali,25-34,Female,North West,Silver,2023-05-25,True,True
CUST01531,Olivia,Johnson,35-44,Male,London,Silver,2023-01-06,True,True
CUST01532,Amelia,Khan,55-64,Prefer not to say,London,Bronze,2023-07-06,False,False
CUST01533,Aisha,Patel,45-54,Male,Scotland,Bronze,2022-05-30,True,True
CUST01534,Mohammed,Wood,45-54,Male,South East,Bronze,2022-03-26,True,True
CUST01535,Mia,Thompson,25-34,Female,West Midlands,Bronze,2022-08-18,True,True
CUST01536,Sarah,Kim,45-54,Prefer not to say,East Midlands,Silver,2022-01-22,False,True
CUST01537,Daniel,Ali,65+,Female,Yorkshire,Platinum,2023-06-16,True,True
CUST01538,Isabella,Martin,55-64,Female,London,Silver,2023-01-09,True,False
CUST01539,Isabella,Thomas,18-24,Prefer not to say,Yorkshire,Silver,2023-12-21,True,True
CUST01540,Mia,Patel,65+,Prefer not to say,West Midlands,Silver,2023-09-11,True,True
CUST01541,Jack,Ahmed,55-64,Female,East of England,Bronze,2023-08-12,True,True
CUST01542,Jack,Patel,45-54,Prefer not to say,London,Silver,2023-04-05,True,False
CUST01543,Sophia,Jones,65+,Prefer not to say,East of England,Silver,2022-10-10,True,False
CUST01544,Jessica,Harris,55-64,Prefer not to say,West Midlands,Bronze,2022-08-09,False,True
CUST01545,Mohammed,Smith,55-64,Male,Yorkshire,Bronze,2023-07-07,True,True
CUST01546,George,Chen,65+,Male,Yorkshire,Bronze,2022-03-14,True,False
CUST01547,Michael,Wilson,35-44,Male,London,Bronze,2022-01-31,False,True
CUST01548,Sarah,Thomas,35-44,Male,London,Bronze,2023-01-26,False,False
CUST01549,Noah,Lewis,35-44,Female,London,Bronze,2023-05-27,True,True
CUST01550,Charlie,White,18-24,Prefer not to say,London,Silver,2024-02-09,True,True
CUST01551,James,Smith,35-44,Female,South East,Gold,2022-01-02,True,False
CUST01552,Isla,Sharma,25-34,Prefer not to say,London,Bronze,2022-06-26,True,True
CUST01553,Amelia,Kim,65+,Male,East of England,Gold,2023-08-11,False,True
CUST01554,Jacob,Harris,35-44,Male,South East,Bronze,2022-02-09,True,False
CUST01555,Isla,Roberts,55-64,Female,Scotland,Gold,2023-05-25,False,True
CUST01556,George,Clark,25-34,Female,London,Platinum,2022-04-30,False,True
CUST01557,Harry,Patel,18-24,Female,North West,Gold,2023-02-18,True,False
CUST01558,Mohammed,Khan,55-64,Prefer not to say,London,Bronze,2022-04-04,False,True
CUST01559,Thomas,Khan,45-54,Female,London,Bronze,2022-10-27,True,True
CUST01560,Sofia,Harris,45-54,Female,Yorkshire,Silver,2023-05-11,True,True
CUST01561,Lily,Lewis,65+,Female,Yorkshire,Silver,2022-04-02,True,False
CUST01562,Isla,Patel,55-64,Male,North West,Silver,2023-01-30,False,True
CUST01563,Amelia,Singh,65+,Prefer not to say,London,Bronze,2023-06-21,False,False
CUST01564,Mohammed,Brown,65+,Male,East of England,Silver,2022-08-15,True,True
CUST01565,Ava,Wilson,35-44,Male,North East,Silver,2023-01-26,True,False
CUST01566,Mia,Singh,45-54,Male,London,Silver,2023-02-04,True,False
CUST01567,Lily,Robinson,65+,Prefer not to say,North East,Bronze,2023-03-09,True,True
CUST01568,Sofia,Watson,25-34,Female,South East,Bronze,2023-02-28,False,True
CUST01569,Jessica,Thomas,65+,Prefer not to say,South East,Silver,2024-02-25,True,True
CUST01570,Michael,Brown,25-34,Prefer not to say,South East,Platinum,2024-03-21,True,False
CUST01571,Daniel,Jackson,55-64,Female,South East,Silver,2024-01-03,True,True
CUST01572,Isla,Davies,55-64,Female,London,Silver,2023-02-09,True,True
CUST01573,Jacob,Wood,18-24,Female,London,Gold,2022-04-22,True,True
CUST01574,Rahul,Kim,65+,Male,South West,Gold,2023-09-23,True,True
CUST01575,Mohammed,Williams,55-64,Male,Scotland,Bronze,2024-01-13,True,False
CUST01576,David,Walker,65+,Male,South West,Bronze,2022-12-25,True,True
CUST01577,Amelia,Walker,35-44,Prefer not to say,Yorkshire,Bronze,2022-08-19,False,True
CUST01578,Grace,Johnson,25-34,Prefer not to say,Scotland,Bronze,2022-09-09,True,True
CUST01579,Oliver,Johnson,65+,Female,South West,Bronze,2023-07-02,True,True
CUST01580,Sofia,Smith,55-64,Male,North West,Gold,2022-01-07,True,False
CUST01581,Harry,Brown,18-24,Prefer not to say,North West,Silver,2024-02-20,False,True
CUST01582,Sofia,Kim,65+,Male,West Midlands,Silver,2023-09-23,True,False
CUST01583,David,Hussain,25-34,Female,East of England,Bronze,2023-10-14,True,True
CUST01584,Amelia,Ali,35-44,Male,South East,Bronze,2024-01-19,True,True
CUST01585,Emily,Wood,45-54,Male,North West,Bronze,2023-04-16,False,True
CUST01586,David,Kim,45-54,Female,East of England,Bronze,2023-03-04,False,True
CUST01587,Ava,Thompson,25-34,Prefer not to say,London,Bronze,2023-06-27,True,False
CUST01588,Emily,Singh,65+,Female,London,Bronze,2023-07-16,True,True
CUST01589,Lily,Chen,18-24,Male,London,Silver,2023-04-09,True,True
CUST01590,Thomas,Lewis,45-54,Male,West Midlands,Bronze,2023-06-14,True,True
CUST01591,Freddie,Khan,55-64,Male,London,Bronze,2024-02-03,True,False
CUST01592,Michael,Martin,55-64,Prefer not to say,East of England,Silver,2022-05-14,True,True
CUST01593,George,Davies,18-24,Male,Scotland,Gold,2024-03-16,True,False
CUST01594,Priya,Walker,65+,Male,Scotland,Bronze,2022-11-17,True,True
CUST01595,Jessica,Hussain,35-44,Prefer not to say,London,Bronze,2022-11-20,True,False
CUST01596,Olivia,Chen,18-24,Prefer not to say,North East,Bronze,2022-06-05,False,True
CUST01597,Isabella,Wilson,65+,Male,North East,Bronze,2022-10-15,True,True
CUST01598,Sarah,Ali,45-54,Male,Yorkshire,Silver,2023-01-26,True,False
CUST01599,Amelia,Kim,18-24,Female,Scotland,Silver,2023-08-22,True,False
CUST01600,George,Lewis,25-34,Prefer not to say,South East,Bronze,2023-01-14,True,True
CUST01601,Isla,Martin,35-44,Prefer not to say,North West,Gold,2024-03-20,True,True
CUST01602,Michael,Jones,55-64,Prefer not to say,South West,Bronze,2024-03-29,True,True
CUST01603,Oliver,Sharma,35-44,Male,London,Bronze,2022-10-14,True,True
CUST01604,Aisha,Williams,35-44,Prefer not to say,Wales,Silver,2023-03-20,True,True
CUST01605,Alfie,Smith,65+,Prefer not to say,London,Bronze,2022-02-02,False,True
CUST01606,Ella,Ali,35-44,Female,North West,Gold,2022-02-06,False,True
CUST01607,Alfie,Patel,65+,Female,East Midlands,Silver,2022-12-17,True,True
CUST01608,Noah,Martin,55-64,Male,London,Bronze,2023-04-06,True,True
CUST01609,Rahul,Brown,25-34,Prefer not to say,North West,Gold,2022-07-01,True,True
CUST01610,Aisha,Brown,25-34,Prefer not to say,West Midlands,Gold,2022-01-14,False,True
CUST01611,Charlie,Wilson,18-24,Prefer not to say,London,Gold,2022-12-05,True,True
CUST01612,Noah,Smith,45-54,Prefer not to say,South East,Bronze,2024-01-06,True,True
CUST01613,Isla,Hussain,25-34,Prefer not to say,Wales,Silver,2023-10-03,True,True
CUST01614,Jack,Kim,25-34,Prefer not to say,London,Bronze,2024-01-20,True,True
CUST01615,Isla,Wilson,65+,Male,London,Gold,2024-06-18,True,True
CUST01616,Grace,Chen,55-64,Prefer not to say,South East,Bronze,2023-10-13,True,True
CUST01617,James,White,35-44,Male,London,Bronze,2023-06-28,True,False
CUST01618,Thomas,Davies,65+,Prefer not to say,South West,Platinum,2022-03-03,True,True
CUST01619,Rahul,Brown,55-64,Female,Yorkshire,Bronze,2024-02-29,True,True
CUST01620,Rahul,Sharma,35-44,Female,South East,Platinum,2023-05-07,True,True
CUST01621,Harry,Patel,45-54,Female,North West,Bronze,2022-06-24,False,True
CUST01622,Jessica,Roberts,25-34,Prefer not to say,Yorkshire,Bronze,2023-04-21,True,False
CUST01623,Mohammed,Ali,65+,Male,South West,Bronze,2024-03-18,True,True
CUST01624,Ava,Evans,18-24,Female,East of England,Bronze,2022-07-08,True,True
CUST01625,Olivia,Harris,55-64,Female,South East,Silver,2023-02-06,False,True
CUST01626,Olivia,Sharma,65+,Male,South East,Bronze,2024-05-22,True,True
CUST01627,Grace,Roberts,25-34,Prefer not to say,Scotland,Gold,2023-09-15,False,True
CUST01628,Olivia,Clark,65+,Female,West Midlands,Bronze,2022-11-12,True,True
CUST01629,Grace,Clark,65+,Female,North West,Gold,2023-06-27,True,True
CUST01630,George,Jones,45-54,Female,South West,Bronze,2023-04-30,True,True
CUST01631,Mohammed,Hussain,35-44,Prefer not to say,South East,Gold,2024-06-11,True,False
CUST01632,Mia,Thompson,25-34,Female,East Midlands,Gold,2022-11-26,True,True
CUST01633,Sofia,Roberts,55-64,Female,London,Silver,2022-04-08,True,True
CUST01634,Isla,Watson,65+,Male,South East,Gold,2023-02-03,False,True
CUST01635,James,Martin,35-44,Prefer not to say,East of England,Bronze,2023-10-11,True,False
CUST01636,Mohammed,Walker,65+,Male,Scotland,Silver,2023-05-12,True,True
CUST01637,Isla,Jackson,25-34,Female,South West,Gold,2022-03-04,True,True
CUST01638,Freddie,Jackson,18-24,Male,West Midlands,Gold,2022-07-29,True,True
CUST01639,Freddie,Kim,65+,Female,East Midlands,Silver,2024-03-05,True,True
CUST01640,David,Watson,25-34,Prefer not to say,East Midlands,Bronze,2022-10-08,True,True
CUST01641,Jacob,Taylor,35-44,Prefer not to say,East of England,Bronze,2022-01-18,False,True
CUST01642,Thomas,Martin,45-54,Male,South East,Gold,2023-10-06,True,True
CUST01643,Harry,Taylor,65+,Prefer not to say,Yorkshire,Silver,2022-11-28,True,True
CUST01644,Olivia,Thompson,18-24,Female,Wales,Bronze,2022-04-15,False,True
CUST01645,Michael,Khan,55-64,Male,East of England,Silver,2022-03-13,False,True
CUST01646,Noah,Robinson,45-54,Male,London,Gold,2023-07-16,True,True
CUST01647,Oliver,Taylor,65+,Prefer not to say,South East,Bronze,2022-02-27,True,True
CUST01648,Alfie,Martin,35-44,Female,Yorkshire,Silver,2022-06-06,True,True
CUST01649,Michael,Jones,65+,Prefer not to say,West Midlands,Silver,2022-10-24,True,True
CUST01650,Ava,Wood,55-64,Female,London,Silver,2022-02-06,True,True
CUST01651,Olivia,Khan,25-34,Male,East of England,Gold,2024-04-28,True,True
CUST01652,Sofia,Johnson,25-34,Prefer not to say,South East,Bronze,2023-01-19,True,True
CUST01653,Grace,Kim,18-24,Female,East Midlands,Silver,2023-10-29,False,True
CUST01654,Harry,Ali,18-24,Prefer not to say,Scotland,Bronze,2022-04-26,True,False
CUST01655,Ava,Harris,35-44,Female,London,Silver,2023-11-22,True,True
CUST01656,Lily,Smith,25-34,Male,North West,Bronze,2022-01-25,False,True
CUST01657,Daniel,Johnson,45-54,Female,East Midlands,Bronze,2023-04-14,True,True
CUST01658,James,Jones,55-64,Male,North West,Platinum,2022-04-20,True,True
CUST01659,Olivia,Evans,18-24,Female,London,Bronze,2023-01-26,False,True
CUST01660,George,Watson,45-54,Prefer not to say,London,Gold,2023-01-17,True,True
CUST01661,David,Robinson,18-24,Prefer not to say,Yorkshire,Silver,2022-09-27,True,False
CUST01662,Amelia,Smith,18-24,Male,Yorkshire,Silver,2023-05-03,True,True
CUST01663,Sarah,Brown,65+,Prefer not to say,London,Bronze,2023-12-21,False,True
CUST01664,Thomas,Ahmed,45-54,Male,Wales,Silver,2023-05-25,True,True
CUST01665,Ella,Jackson,65+,Female,London,Bronze,2024-02-28,True,False
CUST01666,Isabella,Kim,18-24,Prefer not to say,London,Silver,2022-07-12,False,True
CUST01667,Michael,Wood,65+,Prefer not to say,London,Bronze,2023-12-21,True,True
CUST01668,Olivia,Singh,65+,Female,Yorkshire,Silver,2023-04-29,True,True
CUST01669,Emily,Lewis,55-64,Female,South West,Platinum,2022-12-22,True,True
CUST01670,Michael,Chen,35-44,Female,London,Bronze,2023-11-20,True,True
CUST01671,David,Kim,55-64,Prefer not to say,London,Bronze,2023-01-03,True,True
CUST01672,Olivia,Thomas,25-34,Prefer not to say,South West,Gold,2023-07-08,True,False
CUST01673,Harry,Evans,55-64,Male,South East,Silver,2023-07-12,True,True
CUST01674,Aisha,Sharma,18-24,Female,Yorkshire,Gold,2023-12-02,False,True
CUST01675,Daniel,Wood,55-64,Female,Yorkshire,Silver,2024-04-19,True,True
CUST01676,David,Roberts,65+,Male,Yorkshire,Gold,2023-10-22,True,True
CUST01677,Lily,Thompson,45-54,Female,North West,Silver,2022-03-15,True,False
CUST01678,Oliver,Jones,18-24,Female,London,Bronze,2022-07-15,True,True
CUST01679,Jacob,Lee,35-44,Prefer not to say,South West,Silver,2023-04-09,True,True
CUST01680,Ava,Harris,45-54,Prefer not to say,East Midlands,Silver,2023-01-19,True,True
CUST01681,Michael,Martin,35-44,Male,South East,Silver,2022-02-02,False,True
CUST01682,Charlie,Lee,65+,Prefer not to say,West Midlands,Bronze,2024-02-28,False,False
CUST01683,Harry,Sharma,18-24,Female,South East,Bronze,2023-01-25,True,True
CUST01684,Charlie,Ahmed,45-54,Prefer not to say,South East,Silver,2024-01-03,False,True
CUST01685,Jessica,Robinson,55-64,Female,London,Silver,2022-11-14,True,False
CUST01686,George,Lewis,45-54,Female,West Midlands,Bronze,2023-04-01,True,True
CUST01687,Michael,Lewis,45-54,Female,North West,Bronze,2022-05-01,True,True
CUST01688,Freddie,Brown,25-34,Female,East of England,Bronze,2023-12-05,True,True
CUST01689,Lily,Lewis,25-34,Female,North West,Silver,2022-02-14,False,True
CUST01690,Jacob,Evans,25-34,Male,London,Platinum,2023-04-01,True,True
CUST01691,Thomas,Jones,65+,Prefer not to say,North East,Bronze,2023-01-11,True,True
CUST01692,Ella,Lee,55-64,Prefer not to say,South West,Bronze,2022-02-04,True,False
CUST01693,Priya,Hussain,45-54,Prefer not to say,North East,Gold,2023-11-12,True,True
CUST01694,Noah,Lewis,65+,Male,South West,Platinum,2022-06-15,True,True
CUST01695,George,Lewis,55-64,Female,London,Bronze,2023-05-05,True,True
CUST01696,Daniel,Smith,35-44,Male,East of England,Bronze,2022-05-17,True,True
CUST01697,Lily,Thomas,35-44,Male,North West,Gold,2022-01-10,True,True
CUST01698,Sarah,Robinson,18-24,Male,South West,Silver,2023-05-05,True,True
CUST01699,Freddie,Brown,45-54,Prefer not to say,Wales,Bronze,2022-05-11,True,True
CUST01700,Emily,Singh,25-34,Female,South West,Gold,2024-02-11,True,False
CUST01701,Daniel,Jones,25-34,Prefer not to say,Yorkshire,Bronze,2024-03-10,False,True
CUST01702,Mia,Thomas,45-54,Prefer not to say,Scotland,Silver,2024-06-06,False,True
CUST01703,Olivia,Thompson,55-64,Prefer not to say,South East,Gold,2024-02-13,False,True
CUST01704,George,Davies,65+,Male,Yorkshire,Bronze,2023-03-04,True,True
CUST01705,Aisha,Harris,55-64,Prefer not to say,South East,Bronze,2023-04-21,False,True
CUST01706,Alfie,Hussain,35-44,Male,West Midlands,Platinum,2023-01-31,True,True
CUST01707,Ella,Jackson,55-64,Prefer not to say,South East,Gold,2022-10-02,True,False
CUST01708,Isla,Patel,35-44,Male,North West,Silver,2023-08-03,False,True
CUST01709,Thomas,Walker,55-64,Male,North West,Silver,2023-09-05,True,True
CUST01710,Mohammed,Robinson,45-54,Prefer not to say,East of England,Bronze,2023-01-06,True,True
CUST01711,Aisha,Lewis,65+,Female,South West,Bronze,2022-07-30,True,False
CUST01712,Aisha,Roberts,35-44,Prefer not to say,London,Bronze,2023-04-16,False,True
CUST01713,James,Brown,25-34,Female,Scotland,Silver,2023-02-07,True,True
CUST01714,Isla,Watson,18-24,Female,West Midlands,Silver,2023-03-07,True,True
CUST01715,Mohammed,Wilson,25-34,Male,London,Gold,2023-02-01,True,True
CUST01716,Ella,Evans,55-64,Prefer not to say,South East,Gold,2022-03-13,False,True
CUST01717,Jack,Smith,18-24,Female,Wales,Silver,2023-11-08,True,True
CUST01718,Mia,Watson,55-64,Female,North West,Bronze,2022-08-25,True,True
CUST01719,Sofia,Robinson,55-64,Prefer not to say,London,Bronze,2022-06-25,True,True
CUST01720,Charlie,Thompson,45-54,Male,South East,Silver,2022-05-08,True,False
CUST01721,Charlie,Smith,25-34,Prefer not to say,South East,Silver,2022-10-14,False,True
CUST01722,Charlie,Davies,45-54,Prefer not to say,South West,Bronze,2022-08-26,False,False
CUST01723,Sofia,Jones,55-64,Female,London,Silver,2024-02-08,False,True
CUST01724,Aisha,Martin,18-24,Female,East of England,Bronze,2023-06-21,False,True
CUST01725,Freddie,Brown,55-64,Prefer not to say,West Midlands,Bronze,2023-01-17,False,True
CUST01726,Priya,Khan,35-44,Male,Yorkshire,Gold,2022-11-18,False,True
CUST01727,Oliver,Thompson,65+,Prefer not to say,London,Silver,2023-04-26,True,True
CUST01728,Rahul,Ali,18-24,Female,South West,Bronze,2022-12-20,False,True
CUST01729,Priya,Wood,35-44,Female,North East,Bronze,2022-09-19,True,True
CUST01730,Isla,Williams,45-54,Female,London,Bronze,2024-05-24,True,True
CUST01731,Jack,White,18-24,Prefer not to say,Scotland,Silver,2023-12-14,True,True
CUST01732,Ella,Lewis,25-34,Female,South East,Silver,2023-03-23,True,False
CUST01733,Jack,Lewis,35-44,Prefer not to say,East of England,Bronze,2023-09-28,True,True
CUST01734,Isla,Brown,18-24,Male,South East,Gold,2024-04-07,True,True
CUST01735,Rahul,Lewis,25-34,Prefer not to say,Scotland,Bronze,2023-07-21,True,True
CUST01736,Ella,Jones,55-64,Prefer not to say,North East,Bronze,2022-06-25,True,True
CUST01737,Alfie,Thompson,55-64,Female,East Midlands,Bronze,2022-06-09,True,True
CUST01738,Jacob,Thompson,25-34,Prefer not to say,East Midlands,Bronze,2023-12-29,False,True
CUST01739,David,Sharma,65+,Female,East Midlands,Silver,2022-10-22,False,False
CUST01740,Priya,Khan,35-44,Prefer not to say,Scotland,Bronze,2023-06-17,False,True
CUST01741,Ava,Brown,55-64,Female,North West,Bronze,2022-02-07,False,True
CUST01742,Rahul,Jones,35-44,Female,London,Bronze,2022-11-03,False,True
CUST01743,Freddie,Kim,55-64,Prefer not to say,London,Gold,2024-02-08,False,True
CUST01744,Mia,Kim,35-44,Female,South West,Silver,2022-01-17,True,False
CUST01745,Alfie,Chen,18-24,Male,Scotland,Gold,2023-04-20,True,True
CUST01746,Priya,Ahmed,45-54,Prefer not to say,North West,Bronze,2022-02-24,True,True
CUST01747,Sarah,Williams,45-54,Male,South East,Bronze,2023-06-09,True,True
CUST01748,Freddie,Watson,18-24,Male,East of England,Silver,2022-04-14,True,True
CUST01749,Aisha,Ahmed,35-44,Prefer not to say,South East,Bronze,2023-02-18,True,False
CUST01750,Michael,Lee,55-64,Male,West Midlands,Silver,2024-02-16,True,False
CUST01751,Sofia,Clark,65+,Prefer not to say,South West,Silver,2022-06-07,True,True
CUST01752,Isla,Davies,55-64,Female,South East,Bronze,2024-02-20,True,True
CUST01753,Isla,Chen,55-64,Male,South West,Gold,2022-05-17,True,True
CUST01754,Sophia,Robinson,18-24,Male,London,Bronze,2023-08-05,False,True
CUST01755,David,Johnson,65+,Female,London,Silver,2022-08-13,True,True
CUST01756,Sarah,White,55-64,Prefer not to say,East Midlands,Gold,2023-01-17,True,True
CUST01757,Freddie,Watson,55-64,Male,South East,Bronze,2022-12-01,False,True
CUST01758,Lily,Sharma,65+,Female,London,Silver,2023-06-06,True,True
CUST01759,Mia,Wood,25-34,Female,North East,Gold,2022-06-01,True,True
CUST01760,Emily,Clark,35-44,Male,South East,Silver,2023-02-14,True,True
CUST01761,Thomas,Khan,45-54,Male,South West,Platinum,2022-02-28,True,False
CUST01762,Lily,Thompson,45-54,Female,Scotland,Bronze,2022-05-02,True,True
CUST01763,Isabella,Jackson,25-34,Prefer not to say,North West,Bronze,2024-05-19,True,True
CUST01764,Noah,Evans,18-24,Male,North West,Bronze,2024-05-23,False,True
CUST01765,Freddie,Taylor,18-24,Female,London,Bronze,2022-04-05,True,True
CUST01766,Priya,Davies,18-24,Male,North East,Bronze,2024-04-26,True,False
CUST01767,Harry,Smith,25-34,Male,North East,Gold,2022-03-26,False,True
CUST01768,Grace,Brown,55-64,Female,London,Silver,2023-08-31,True,True
CUST01769,Charlie,Sharma,55-64,Male,West Midlands,Bronze,2024-03-05,True,True
CUST01770,Sarah,Kim,35-44,Prefer not to say,South East,Silver,2023-12-13,False,True
CUST01771,Lily,Martin,25-34,Male,East of England,Silver,2022-08-29,True,True
CUST01772,Jacob,Roberts,18-24,Female,London,Silver,2023-08-25,True,True
CUST01773,Mohammed,Thompson,65+,Female,South West,Bronze,2023-12-06,True,False
CUST01774,Sarah,Williams,35-44,Male,South West,Bronze,2022-08-03,True,True
CUST01775,Sophia,Ali,25-34,Female,East of England,Platinum,2024-05-23,True,True
CUST01776,Mohammed,Lee,65+,Female,Scotland,Gold,2024-04-15,True,True
CUST01777,Olivia,White,45-54,Male,East of England,Platinum,2024-03-13,True,True
CUST01778,Isabella,Sharma,35-44,Male,Yorkshire,Bronze,2022-05-24,True,True
CUST01779,Aisha,Singh,35-44,Male,London,Gold,2023-12-30,True,True
CUST01780,Ella,Khan,55-64,Prefer not to say,West Midlands,Silver,2022-12-07,False,True
CUST01781,Harry,Ahmed,65+,Prefer not to say,East Midlands,Silver,2024-01-19,False,True
CUST01782,Oliver,Chen,55-64,Prefer not to say,Scotland,Bronze,2022-12-07,False,False
CUST01783,Mia,Martin,55-64,Male,South West,Bronze,2023-09-16,True,True
CUST01784,Sophia,Khan,35-44,Male,East of England,Bronze,2023-11-16,False,True
CUST01785,Thomas,Taylor,18-24,Female,East of England,Gold,2022-01-03,False,True
CUST01786,Lily,Taylor,45-54,Prefer not to say,London,Silver,2024-06-08,True,True
CUST01787,Isabella,Ali,55-64,Prefer not to say,South East,Silver,2024-05-25,True,True
CUST01788,Noah,Clark,65+,Male,Scotland,Bronze,2023-03-16,True,False
CUST01789,Sophia,Johnson,65+,Female,West Midlands,Bronze,2024-01-19,False,True
CUST01790,Rahul,Evans,35-44,Female,Wales,Silver,2022-06-17,True,True
CUST01791,Jacob,Smith,25-34,Male,Yorkshire,Gold,2022-06-09,True,False
CUST01792,Jessica,Clark,18-24,Prefer not to say,Yorkshire,Gold,2022-04-27,False,True
CUST01793,Ella,Davies,35-44,Male,South East,Bronze,2023-05-08,True,True
CUST01794,Oliver,Davies,18-24,Male,London,Bronze,2022-09-14,True,True
CUST01795,Priya,Jones,35-44,Female,North West,Bronze,2024-02-15,False,True
CUST01796,Sarah,Brown,65+,Male,North West,Platinum,2022-07-14,False,True
CUST01797,Sofia,Martin,65+,Female,London,Bronze,2023-04-14,False,True
CUST01798,Priya,Jones,65+,Female,West Midlands,Bronze,2023-08-08,True,False
CUST01799,David,Davies,25-34,Male,East Midlands,Silver,2024-06-01,True,True
CUST01800,Michael,Clark,18-24,Prefer not to say,North West,Gold,2023-04-30,True,True
CUST01801,Thomas,Jackson,18-24,Male,London,Bronze,2023-07-04,True,True
CUST01802,Sofia,Roberts,35-44,Female,North West,Platinum,2024-04-15,True,True
CUST01803,Lily,Chen,18-24,Male,Wales,Bronze,2022-11-12,True,False
CUST01804,Charlie,Singh,18-24,Male,Wales,Gold,2023-06-22,True,False
CUST01805,Ava,Davies,25-34,Male,South East,Gold,2022-07-07,True,True
CUST01806,Lily,Harris,18-24,Female,Yorkshire,Bronze,2023-07-17,False,True
CUST01807,Ella,Taylor,25-34,Male,London,Platinum,2022-12-08,True,True
CUST01808,Harry,Hussain,35-44,Female,East Midlands,Bronze,2023-05-04,True,True
CUST01809,Amelia,Evans,65+,Male,East of England,Silver,2022-06-22,True,True
CUST01810,Isabella,Chen,18-24,Prefer not to say,East of England,Bronze,2024-04-21,True,True
CUST01811,Jack,Lee,25-34,Prefer not to say,West Midlands,Bronze,2022-09-01,True,True
CUST01812,Emily,Jackson,35-44,Male,West Midlands,Gold,2023-02-19,False,True
CUST01813,Michael,Smith,18-24,Female,East Midlands,Silver,2023-09-12,True,True
CUST01814,Jacob,Thompson,25-34,Prefer not to say,London,Platinum,2024-04-13,True,True
CUST01815,Daniel,Thomas,25-34,Female,Scotland,Silver,2023-12-02,True,True
CUST01816,James,Chen,18-24,Female,London,Bronze,2024-04-29,True,False
CUST01817,Emily,Ali,65+,Prefer not to say,West Midlands,Bronze,2022-11-29,True,False
CUST01818,Ava,Ali,35-44,Male,North West,Gold,2022-05-30,True,True
CUST01819,Thomas,Taylor,35-44,Male,South West,Bronze,2022-10-08,True,True
CUST01820,Grace,Robinson,45-54,Male,North East,Bronze,2023-06-21,True,True
CUST01821,James,Hussain,55-64,Male,East Midlands,Bronze,2024-02-27,True,True
CUST01822,Ella,Hussain,45-54,Female,London,Bronze,2023-12-06,True,True
CUST01823,Michael,Ali,25-34,Prefer not to say,East of England,Platinum,2022-08-29,True,True
CUST01824,Sophia,Evans,35-44,Prefer not to say,East of England,Bronze,2023-01-15,False,True
CUST01825,Charlie,Thompson,35-44,Female,North West,Gold,2023-08-04,True,True
CUST01826,James,Roberts,18-24,Female,Yorkshire,Gold,2023-06-26,False,True
CUST01827,Sarah,Walker,25-34,Male,Yorkshire,Silver,2022-01-02,False,True
CUST01828,Ella,Walker,65+,Female,West Midlands,Platinum,2024-04-03,True,True
CUST01829,Isla,Thompson,35-44,Male,North West,Bronze,2023-04-29,True,True
CUST01830,Mia,Lee,55-64,Male,West Midlands,Bronze,2023-05-20,True,True
CUST01831,Harry,Robinson,45-54,Female,East of England,Silver,2024-06-06,True,True
CUST01832,Jessica,Thomas,25-34,Prefer not to say,London,Bronze,2023-07-16,True,True
CUST01833,Emily,Wilson,35-44,Prefer not to say,East Midlands,Bronze,2023-08-25,True,True
CUST01834,Jacob,Davies,35-44,Prefer not to say,East of England,Silver,2022-08-31,True,True
CUST01835,Ella,Johnson,65+,Prefer not to say,Yorkshire,Gold,2023-12-07,False,True
CUST01836,Emily,Clark,18-24,Male,East of England,Bronze,2022-08-10,True,True
CUST01837,Priya,Patel,45-54,Prefer not to say,West Midlands,Bronze,2023-12-15,True,False
CUST01838,Oliver,Watson,25-34,Male,North West,Bronze,2023-08-09,True,True
CUST01839,Ava,Walker,25-34,Female,East of England,Silver,2022-07-20,True,True
CUST01840,Jacob,Robinson,35-44,Prefer not to say,Yorkshire,Gold,2022-02-02,False,True
CUST01841,Olivia,Hussain,45-54,Male,London,Bronze,2022-03-06,True,True
CUST01842,Charlie,Davies,25-34,Male,London,Bronze,2023-03-07,False,True
CUST01843,Olivia,Watson,65+,Prefer not to say,Yorkshire,Gold,2024-04-12,True,False
CUST01844,Ava,Kim,45-54,Male,West Midlands,Gold,2022-06-11,True,True
CUST01845,Ava,Jones,25-34,Female,South East,Gold,2023-09-13,False,False
CUST01846,Jacob,Thomas,18-24,Male,Yorkshire,Silver,2024-06-14,True,True
CUST01847,Alfie,Taylor,55-64,Male,East of England,Bronze,2023-02-09,True,True
CUST01848,George,Thompson,55-64,Prefer not to say,London,Silver,2022-02-21,True,True
CUST01849,Alfie,Lewis,18-24,Female,East of England,Gold,2022-12-07,True,True
CUST01850,Noah,Roberts,55-64,Female,London,Silver,2022-08-14,True,True
CUST01851,David,Johnson,65+,Female,Wales,Bronze,2022-11-26,True,True
CUST01852,Oliver,Jones,65+,Male,London,Bronze,2024-03-09,True,True
CUST01853,Sarah,Evans,45-54,Prefer not to say,West Midlands,Bronze,2022-07-14,True,True
CUST01854,Mohammed,Ali,65+,Male,North West,Silver,2022-12-28,True,True
CUST01855,Olivia,Davies,55-64,Male,East Midlands,Silver,2022-09-25,False,True
CUST01856,George,Roberts,25-34,Female,East of England,Gold,2023-06-19,True,True
CUST01857,Thomas,Ahmed,18-24,Male,East Midlands,Bronze,2022-02-11,True,False
CUST01858,Priya,Clark,18-24,Female,Yorkshire,Bronze,2023-01-22,True,True
CUST01859,Jacob,Thompson,45-54,Male,North West,Silver,2023-07-31,True,True
CUST01860,Rahul,Harris,25-34,Prefer not to say,South West,Bronze,2022-02-20,True,True
CUST01861,Emily,Robinson,25-34,Female,East Midlands,Silver,2022-02-24,False,True
CUST01862,Oliver,Lewis,25-34,Male,London,Gold,2024-03-16,True,False
CUST01863,Jacob,Smith,35-44,Prefer not to say,Yorkshire,Platinum,2022-09-16,True,True
CUST01864,Michael,Thompson,55-64,Male,South West,Gold,2023-05-01,True,True
CUST01865,Freddie,Brown,25-34,Prefer not to say,South West,Silver,2022-09-06,True,True
CUST01866,Lily,Chen,35-44,Male,London,Gold,2023-10-23,True,True
CUST01867,Thomas,Robinson,18-24,Female,Scotland,Bronze,2024-01-13,False,False
CUST01868,Sofia,Jackson,65+,Female,London,Platinum,2024-04-21,True,True
CUST01869,Harry,Lewis,45-54,Male,Yorkshire,Bronze,2024-06-06,True,True
CUST01870,Oliver,Davies,45-54,Female,South East,Gold,2024-06-05,True,True
CUST01871,Oliver,Wood,65+,Male,South East,Silver,2024-04-14,True,False
CUST01872,Aisha,Thomas,45-54,Prefer not to say,North West,Bronze,2022-10-10,True,True
CUST01873,Jack,Jackson,25-34,Male,North East,Bronze,2023-12-05,True,True
CUST01874,Sophia,Martin,65+,Male,South West,Bronze,2023-06-23,True,True
CUST01875,Charlie,Ahmed,55-64,Female,Yorkshire,Gold,2022-04-03,True,True
CUST01876,Isabella,Davies,65+,Prefer not to say,London,Bronze,2022-07-23,False,True
CUST01877,Harry,Chen,18-24,Prefer not to say,London,Bronze,2022-08-20,False,True
CUST01878,Sofia,Evans,45-54,Prefer not to say,North West,Gold,2022-12-02,True,True
CUST01879,Ava,Jones,18-24,Prefer not to say,London,Gold,2022-07-09,True,True
CUST01880,James,Thompson,65+,Female,South East,Silver,2024-05-07,False,True
CUST01881,Jacob,Chen,18-24,Prefer not to say,West Midlands,Bronze,2022-10-18,True,True
CUST01882,George,Harris,55-64,Male,North West,Gold,2022-03-01,True,True
CUST01883,Mia,Wood,45-54,Prefer not to say,East of England,Gold,2022-10-27,True,True
CUST01884,Isla,Johnson,65+,Male,Scotland,Silver,2023-02-22,True,True
CUST01885,Ella,Clark,35-44,Female,London,Bronze,2023-04-08,True,True
CUST01886,Grace,Thomas,55-64,Prefer not to say,South West,Silver,2024-05-27,True,True
CUST01887,Aisha,Thompson,45-54,Female,South West,Platinum,2024-03-07,True,True
CUST01888,Jacob,Thomas,45-54,Male,Scotland,Platinum,2022-04-09,True,True
CUST01889,Rahul,Ali,45-54,Prefer not to say,London,Gold,2022-07-28,True,True
CUST01890,David,Brown,35-44,Prefer not to say,London,Platinum,2023-12-03,True,True
CUST01891,Priya,Taylor,45-54,Prefer not to say,East Midlands,Bronze,2022-12-15,True,True
CUST01892,Michael,Lee,55-64,Prefer not to say,North East,Silver,2024-05-17,True,True
CUST01893,Jacob,Thompson,35-44,Prefer not to say,London,Silver,2022-02-11,False,True
CUST01894,Lily,Thompson,45-54,Prefer not to say,North East,Silver,2022-12-17,True,True
CUST01895,Mia,Singh,55-64,Prefer not to say,London,Bronze,2022-08-06,True,True
CUST01896,Oliver,Taylor,55-64,Female,Wales,Silver,2023-12-12,True,True
CUST01897,Amelia,Jones,65+,Female,Wales,Silver,2022-10-20,True,True
CUST01898,Emily,Ali,65+,Female,North West,Silver,2023-09-05,False,True
CUST01899,Grace,Roberts,55-64,Female,East Midlands,Silver,2023-06-19,True,True
CUST01900,Charlie,Jackson,18-24,Prefer not to say,North East,Silver,2023-08-02,True,False
CUST01901,Charlie,Lewis,25-34,Female,North West,Gold,2022-07-14,False,True
CUST01902,Jack,Chen,55-64,Prefer not to say,London,Silver,2023-07-28,True,True
CUST01903,David,Chen,18-24,Prefer not to say,South West,Silver,2022-05-01,True,True
CUST01904,Mia,Wood,35-44,Prefer not to say,West Midlands,Gold,2024-01-12,True,False
CUST01905,Alfie,Jones,35-44,Male,North East,Platinum,2023-06-17,True,False
CUST01906,Thomas,Clark,18-24,Prefer not to say,North West,Gold,2023-12-13,False,True
CUST01907,Freddie,Lee,65+,Female,London,Silver,2023-01-03,False,True
CUST01908,George,Robinson,18-24,Prefer not to say,East of England,Bronze,2023-10-08,True,True
CUST01909,Mohammed,Clark,18-24,Female,North West,Gold,2024-04-06,False,True
CUST01910,Lily,Watson,65+,Male,North West,Gold,2022-09-04,True,True
CUST01911,James,Smith,65+,Prefer not to say,South West,Bronze,2022-08-18,False,True
CUST01912,Jacob,Ali,55-64,Male,London,Silver,2022-02-26,True,False
CUST01913,Oliver,Taylor,18-24,Female,East of England,Silver,2024-04-23,True,True
CUST01914,George,Martin,18-24,Female,South West,Bronze,2023-10-07,True,False
CUST01915,Emily,Roberts,18-24,Prefer not to say,South East,Silver,2023-03-30,True,True
CUST01916,Jessica,Kim,55-64,Female,South West,Bronze,2023-05-23,False,False
CUST01917,Daniel,Chen,65+,Male,East Midlands,Bronze,2024-01-14,True,True
CUST01918,Sarah,Ali,18-24,Male,East Midlands,Platinum,2023-05-19,True,True
CUST01919,Oliver,Khan,55-64,Prefer not to say,East of England,Bronze,2022-09-27,True,True
CUST01920,Mia,Davies,25-34,Female,South East,Platinum,2023-04-10,True,True
CUST01921,Charlie,Ahmed,55-64,Male,East of England,Bronze,2023-02-15,True,True
CUST01922,Olivia,Smith,45-54,Male,London,Bronze,2022-03-22,True,True
CUST01923,Priya,Ali,18-24,Male,London,Bronze,2023-05-23,True,True
CUST01924,Jack,Johnson,55-64,Female,London,Gold,2023-08-30,True,True
CUST01925,Charlie,Lee,35-44,Female,Wales,Bronze,2024-04-17,True,True
CUST01926,Charlie,Khan,45-54,Prefer not to say,London,Bronze,2024-05-01,False,True
CUST01927,Olivia,Lewis,18-24,Male,North West,Silver,2023-05-27,False,False
CUST01928,Amelia,Evans,65+,Male,South East,Platinum,2023-08-27,False,True
CUST01929,Aisha,Sharma,65+,Prefer not to say,East Midlands,Bronze,2023-07-14,False,False
CUST01930,Isabella,Wilson,55-64,Male,East Midlands,Platinum,2022-08-26,False,True
CUST01931,Jessica,Jones,45-54,Prefer not to say,East Midlands,Silver,2022-08-23,False,True
CUST01932,David,Hussain,65+,Male,South West,Platinum,2022-05-02,True,False
CUST01933,Freddie,Smith,35-44,Male,South West,Bronze,2023-06-15,True,True
CUST01934,Priya,Martin,65+,Male,London,Bronze,2023-10-07,True,True
CUST01935,Jessica,Evans,65+,Female,South West,Bronze,2022-12-10,True,True
CUST01936,Amelia,Brown,55-64,Male,South East,Bronze,2024-02-28,False,True
CUST01937,Ella,Thompson,45-54,Prefer not to say,East Midlands,Bronze,2022-02-10,True,False
CUST01938,Harry,Clark,18-24,Prefer not to say,West Midlands,Bronze,2022-05-10,False,False
CUST01939,Sophia,Jackson,65+,Male,South East,Silver,2023-09-05,True,True
CUST01940,Priya,Kim,65+,Prefer not to say,East of England,Platinum,2022-10-18,True,True
CUST01941,Noah,Patel,25-34,Male,North East,Bronze,2023-03-28,False,True
CUST01942,Amelia,Jones,55-64,Female,South East,Gold,2023-07-07,True,True
CUST01943,David,Sharma,55-64,Prefer not to say,East of England,Silver,2023-11-11,False,True
CUST01944,Freddie,Thomas,35-44,Prefer not to say,East Midlands,Silver,2024-01-06,True,True
CUST01945,Mohammed,Smith,45-54,Prefer not to say,London,Silver,2023-06-29,True,True
CUST01946,Ella,Jones,65+,Female,Yorkshire,Bronze,2023-12-14,True,True
CUST01947,Harry,Jones,65+,Male,London,Gold,2023-08-06,True,True
CUST01948,Rahul,Watson,35-44,Male,Scotland,Bronze,2022-12-17,False,True
CUST01949,Grace,Lewis,65+,Male,West Midlands,Bronze,2022-12-28,True,True
CUST01950,Mia,Walker,55-64,Prefer not to say,Scotland,Bronze,2024-04-30,True,True
CUST01951,Mohammed,Lewis,55-64,Female,Yorkshire,Platinum,2023-12-02,True,False
CUST01952,Sofia,Johnson,55-64,Male,South West,Silver,2022-12-18,True,True
CUST01953,Rahul,Evans,25-34,Prefer not to say,London,Silver,2023-09-15,True,True
CUST01954,Michael,White,45-54,Prefer not to say,South East,Silver,2023-10-24,False,True
CUST01955,Sophia,Wood,18-24,Male,South East,Silver,2022-10-22,True,False
CUST01956,Sarah,Hussain,25-34,Male,London,Gold,2022-04-26,True,True
CUST01957,Harry,Davies,35-44,Male,South West,Bronze,2022-10-03,True,True
CUST01958,Mohammed,Walker,18-24,Male,Yorkshire,Bronze,2022-12-01,True,True
CUST01959,Charlie,Thompson,45-54,Female,North West,Bronze,2023-05-03,True,False
CUST01960,Charlie,Jackson,18-24,Male,Yorkshire,Bronze,2022-06-03,False,True
CUST01961,Sarah,Taylor,55-64,Prefer not to say,North West,Gold,2022-05-05,True,True
CUST01962,Isabella,Patel,45-54,Male,North East,Platinum,2022-05-13,False,True
CUST01963,Emily,Kim,55-64,Female,South East,Gold,2022-11-29,True,True
CUST01964,Aisha,Watson,55-64,Prefer not to say,South East,Silver,2022-12-12,True,True
CUST01965,Grace,Lewis,55-64,Male,South East,Silver,2022-11-21,True,False
CUST01966,Thomas,Clark,18-24,Male,Scotland,Bronze,2024-04-11,True,True
CUST01967,Lily,Singh,65+,Male,East Midlands,Gold,2024-03-31,True,False
CUST01968,Jacob,Martin,35-44,Male,London,Bronze,2022-05-15,False,True
CUST01969,Thomas,Lewis,65+,Male,South East,Bronze,2022-07-28,False,True
CUST01970,Michael,Roberts,45-54,Prefer not to say,Wales,Bronze,2023-09-27,False,False
CUST01971,Jessica,Jackson,65+,Female,London,Bronze,2024-03-18,True,False
CUST01972,Olivia,Singh,35-44,Male,Scotland,Bronze,2024-01-27,True,True
CUST01973,Charlie,Thomas,25-34,Male,London,Silver,2022-06-27,True,True
CUST01974,Noah,Taylor,45-54,Prefer not to say,London,Bronze,2023-10-02,True,True
CUST01975,Olivia,Robinson,65+,Prefer not to say,East of England,Bronze,2023-05-17,True,True
CUST01976,Noah,Ahmed,25-34,Male,North East,Silver,2023-02-18,True,True
CUST01977,Ella,Hussain,25-34,Female,London,Silver,2023-01-07,True,True
CUST01978,Noah,Ahmed,45-54,Prefer not to say,East Midlands,Silver,2023-09-26,False,True
CUST01979,Amelia,Kim,18-24,Prefer not to say,East of England,Bronze,2024-06-08,True,True
CUST01980,Ava,Lewis,18-24,Female,London,Bronze,2024-03-17,True,True
CUST01981,Charlie,Lee,35-44,Prefer not to say,North West,Bronze,2022-06-25,True,True
CUST01982,Freddie,Thompson,25-34,Female,West Midlands,Silver,2023-07-18,True,True
CUST01983,Ava,Martin,55-64,Female,South East,Bronze,2024-05-26,False,True
CUST01984,Mia,Johnson,45-54,Female,South East,Bronze,2023-05-20,True,True
CUST01985,Michael,Wilson,25-34,Female,East Midlands,Gold,2022-09-17,False,True
CUST01986,Amelia,Kim,18-24,Male,London,Bronze,2023-08-08,False,True
CUST01987,Jacob,Robinson,45-54,Prefer not to say,North East,Bronze,2023-05-25,True,True
CUST01988,Charlie,Thomas,35-44,Female,Yorkshire,Silver,2022-01-29,True,True
CUST01989,Harry,Williams,35-44,Prefer not to say,East of England,Gold,2022-06-27,False,True
CUST01990,Jessica,Patel,65+,Male,West Midlands,Silver,2023-06-03,True,True
CUST01991,Amelia,Thompson,65+,Prefer not to say,South West,Bronze,2023-01-01,True,True
CUST01992,Lily,Thompson,45-54,Prefer not to say,London,Silver,2022-10-12,True,True
CUST01993,Priya,Johnson,25-34,Prefer not to say,East Midlands,Gold,2022-03-10,True,True
CUST01994,Olivia,Patel,65+,Male,London,Bronze,2022-06-02,True,True
CUST01995,Isla,Taylor,55-64,Male,North East,Silver,2024-01-23,False,True
CUST01996,Michael,Davies,55-64,Male,London,Bronze,2023-12-05,True,True
CUST01997,Ava,Johnson,18-24,Prefer not to say,Scotland,Platinum,2022-04-29,False,True
CUST01998,Alfie,Taylor,18-24,Prefer not to say,Yorkshire,Silver,2023-11-08,True,True
CUST01999,Charlie,Thomas,25-34,Male,London,Silver,2023-02-17,False,True
CUST02000,Jessica,Thompson,25-34,Prefer not to say,Yorkshire,Bronze,2022-12-18,True,True
CUST02001,Sofia,Clark,25-34,Prefer not to say,London,Bronze,2023-03-18,True,True
CUST02002,Freddie,Jackson,25-34,Male,London,Bronze,2022-04-17,False,True
CUST02003,Aisha,Smith,55-64,Prefer not to say,South East,Bronze,2022-05-24,True,True
CUST02004,Isla,Singh,35-44,Prefer not to say,South West,Gold,2022-01-18,True,True
CUST02005,Priya,Thomas,65+,Prefer not to say,East of England,Bronze,2022-08-08,True,True
CUST02006,Jacob,Roberts,35-44,Male,South West,Bronze,2023-04-10,True,True
CUST02007,Lily,Thomas,25-34,Male,South East,Bronze,2023-02-01,True,True
CUST02008,Jack,Lee,18-24,Female,West Midlands,Silver,2023-05-09,False,True
CUST02009,Jack,Kim,65+,Prefer not to say,Scotland,Bronze,2022-06-20,True,True
CUST02010,Alfie,Jackson,55-64,Prefer not to say,Scotland,Bronze,2022-05-14,True,True
CUST02011,Olivia,Smith,25-34,Prefer not to say,Yorkshire,Bronze,2024-06-03,True,True
CUST02012,Rahul,Khan,45-54,Prefer not to say,North East,Silver,2022-01-18,True,True
CUST02013,Lily,Brown,35-44,Female,East Midlands,Gold,2024-03-16,True,True
CUST02014,Amelia,Thompson,35-44,Female,North West,Bronze,2023-03-12,True,True
CUST02015,Jacob,Williams,55-64,Male,Yorkshire,Gold,2022-01-03,True,True
CUST02016,Emily,Wood,18-24,Female,South West,Gold,2022-01-28,True,True
CUST02017,Harry,Smith,55-64,Male,North West,Silver,2023-03-10,False,True
CUST02018,Oliver,Evans,35-44,Prefer not to say,London,Bronze,2023-08-30,True,True
CUST02019,Isabella,Taylor,45-54,Prefer not to say,South East,Bronze,2022-04-15,True,True
CUST02020,Rahul,Watson,45-54,Female,London,Bronze,2022-10-22,True,True
CUST02021,Oliver,Lee,25-34,Female,East of England,Silver,2022-01-26,True,True
CUST02022,Thomas,White,45-54,Male,London,Silver,2023-12-22,True,True
CUST02023,Isla,Khan,25-34,Female,Scotland,Gold,2023-11-19,False,True
CUST02024,Noah,Patel,55-64,Male,East of England,Gold,2022-06-02,False,True
CUST02025,Ella,Khan,45-54,Female,London,Platinum,2022-02-28,True,True
CUST02026,Jacob,Taylor,45-54,Prefer not to say,East of England,Silver,2024-03-25,True,True
CUST02027,Sophia,Thompson,55-64,Prefer not to say,London,Silver,2024-02-06,True,True
CUST02028,Isabella,Brown,35-44,Male,London,Silver,2022-11-19,True,True
CUST02029,Michael,Khan,55-64,Prefer not to say,Wales,Silver,2022-11-01,True,True
CUST02030,Jessica,Wilson,45-54,Female,East Midlands,Silver,2023-08-28,True,True
CUST02031,Charlie,Roberts,25-34,Female,South East,Bronze,2023-01-27,False,True
CUST02032,Mia,Lewis,35-44,Female,London,Silver,2022-09-12,True,True
CUST02033,Jessica,Smith,18-24,Prefer not to say,North West,Bronze,2022-04-27,False,False
CUST02034,Alfie,Jones,25-34,Female,London,Silver,2023-11-08,True,True
CUST02035,Jack,Johnson,65+,Prefer not to say,West Midlands,Silver,2023-02-25,True,True
CUST02036,Noah,Thompson,35-44,Prefer not to say,Yorkshire,Silver,2023-07-13,False,False
CUST02037,Noah,Kim,18-24,Prefer not to say,North West,Silver,2022-04-25,True,False
CUST02038,Oliver,Brown,55-64,Female,North East,Bronze,2023-06-05,True,True
CUST02039,Jessica,Patel,55-64,Prefer not to say,Yorkshire,Bronze,2022-05-04,False,False
CUST02040,Jessica,Smith,55-64,Male,London,Bronze,2023-01-18,True,True
CUST02041,Sarah,Davies,25-34,Male,South West,Bronze,2022-11-24,False,True
CUST02042,Noah,Johnson,55-64,Female,West Midlands,Silver,2023-10-26,True,True
CUST02043,Freddie,Ahmed,65+,Female,East Midlands,Platinum,2023-03-10,False,True
CUST02044,Ella,Williams,55-64,Female,South East,Bronze,2022-02-21,True,True
CUST02045,Jacob,Patel,45-54,Male,East of England,Silver,2023-03-10,True,True
CUST02046,Mia,Clark,65+,Female,South East,Gold,2022-10-18,False,True
CUST02047,Daniel,Lewis,35-44,Prefer not to say,London,Silver,2024-05-29,False,True
CUST02048,Sofia,Ali,55-64,Male,Yorkshire,Platinum,2022-10-17,False,True
CUST02049,Lily,Roberts,18-24,Female,London,Silver,2023-04-09,True,True
CUST02050,Priya,Thompson,65+,Female,South East,Silver,2022-06-13,True,True
CUST02051,Mia,Watson,55-64,Female,East of England,Silver,2023-08-11,True,False
CUST02052,Sophia,Khan,45-54,Male,Wales,Gold,2022-05-21,False,True
CUST02053,Thomas,Jones,55-64,Male,London,Bronze,2022-03-11,True,True
CUST02054,Isabella,Patel,65+,Prefer not to say,West Midlands,Bronze,2024-02-14,True,True
CUST02055,Mia,Robinson,45-54,Prefer not to say,South West,Bronze,2022-04-21,True,False
CUST02056,Sophia,Martin,55-64,Prefer not to say,London,Bronze,2022-02-14,True,False
CUST02057,Ella,Harris,45-54,Male,South East,Silver,2023-01-04,False,True
CUST02058,Isla,Jackson,35-44,Male,North West,Bronze,2022-02-02,True,True
CUST02059,Sarah,Brown,55-64,Male,Yorkshire,Silver,2024-01-29,True,True
CUST02060,James,Khan,45-54,Prefer not to say,London,Bronze,2024-01-17,False,True
CUST02061,Charlie,Wood,35-44,Prefer not to say,London,Bronze,2023-06-14,False,False
CUST02062,Thomas,Thompson,65+,Prefer not to say,South West,Silver,2023-07-14,False,True
CUST02063,Sofia,Harris,65+,Male,South East,Silver,2023-06-03,True,True
CUST02064,Jacob,Wilson,55-64,Male,Yorkshire,Silver,2022-02-20,True,False
CUST02065,Sarah,Singh,25-34,Prefer not to say,Scotland,Gold,2024-03-10,True,True
CUST02066,Sarah,Davies,45-54,Prefer not to say,Yorkshire,Bronze,2022-03-14,False,True
CUST02067,Isabella,Chen,65+,Prefer not to say,London,Silver,2022-11-18,True,True
CUST02068,Jack,Ali,45-54,Male,London,Silver,2023-09-06,True,True
CUST02069,Sophia,Lewis,18-24,Female,Scotland,Platinum,2022-11-02,True,True
CUST02070,Thomas,Lee,45-54,Female,London,Gold,2024-01-29,True,True
CUST02071,Lily,Martin,45-54,Female,East of England,Bronze,2024-04-19,True,True
CUST02072,Lily,Martin,25-34,Male,North West,Gold,2024-03-12,True,True
CUST02073,Rahul,White,45-54,Female,North West,Gold,2022-09-06,True,True
CUST02074,Grace,Taylor,18-24,Female,West Midlands,Silver,2022-12-11,True,True
CUST02075,James,Lee,25-34,Male,London,Bronze,2022-02-24,True,False
CUST02076,Jessica,Lee,45-54,Prefer not to say,West Midlands,Bronze,2024-03-28,True,True
CUST02077,George,Ali,18-24,Male,London,Bronze,2023-09-20,True,True
CUST02078,Sophia,Ali,18-24,Male,Yorkshire,Platinum,2024-05-22,True,True
CUST02079,Daniel,Hussain,65+,Female,Wales,Bronze,2023-08-26,True,True
CUST02080,Priya,Kim,18-24,Female,South West,Platinum,2023-09-02,False,True
CUST02081,Olivia,Lee,18-24,Male,Yorkshire,Gold,2024-05-23,True,True
CUST02082,Mia,Hussain,35-44,Male,South West,Silver,2022-09-15,False,False
CUST02083,Jack,Ahmed,55-64,Female,Wales,Silver,2023-06-30,True,False
CUST02084,Amelia,Harris,25-34,Male,West Midlands,Silver,2023-06-11,True,True
CUST02085,Sophia,Singh,35-44,Male,London,Platinum,2024-06-18,True,True
CUST02086,Grace,Ahmed,35-44,Prefer not to say,London,Bronze,2023-01-12,True,True
CUST02087,Freddie,Kim,35-44,Prefer not to say,West Midlands,Silver,2022-07-18,False,True
CUST02088,Noah,Kim,45-54,Female,Yorkshire,Bronze,2023-09-28,True,True
CUST02089,Olivia,Sharma,25-34,Male,London,Gold,2023-11-26,False,True
CUST02090,George,Hussain,35-44,Prefer not to say,London,Silver,2024-04-19,True,True
CUST02091,Isabella,Williams,35-44,Female,Yorkshire,Bronze,2023-02-01,False,True
CUST02092,Mia,Martin,65+,Prefer not to say,East of England,Bronze,2024-03-22,True,True
CUST02093,Lily,Smith,18-24,Prefer not to say,North West,Silver,2022-08-24,True,True
CUST02094,Jessica,Hussain,55-64,Female,East of England,Bronze,2023-02-10,False,True
CUST02095,Ella,White,35-44,Prefer not to say,Scotland,Bronze,2022-06-26,False,True
CUST02096,Ava,Singh,65+,Male,East of England,Silver,2023-06-29,False,True
CUST02097,Charlie,Smith,65+,Prefer not to say,West Midlands,Gold,2023-07-20,True,True
CUST02098,Jacob,Roberts,55-64,Female,Scotland,Silver,2023-09-03,True,False
CUST02099,Sofia,Lee,55-64,Prefer not to say,East of England,Bronze,2024-01-23,True,True
CUST02100,Sarah,Thomas,45-54,Male,South East,Bronze,2022-11-19,True,True
CUST02101,Harry,Davies,65+,Prefer not to say,East Midlands,Platinum,2022-08-27,True,True
CUST02102,Ava,Wood,55-64,Female,London,Bronze,2022-05-16,True,True
CUST02103,Michael,Jones,45-54,Male,Scotland,Silver,2022-04-26,True,True
CUST02104,Jack,Robinson,25-34,Male,London,Gold,2023-06-12,True,True
CUST02105,James,Jones,18-24,Prefer not to say,East of England,Silver,2022-06-29,False,True
CUST02106,Sarah,Ali,18-24,Male,East Midlands,Gold,2022-01-31,True,True
CUST02107,Noah,Jackson,18-24,Prefer not to say,South East,Silver,2024-03-26,True,True
CUST02108,Noah,Taylor,45-54,Female,South West,Gold,2023-10-19,True,True
CUST02109,Emily,Martin,65+,Male,London,Bronze,2022-11-13,True,True
CUST02110,Daniel,Lewis,18-24,Female,North West,Bronze,2024-02-09,True,False
CUST02111,Sofia,Kim,18-24,Female,London,Silver,2023-08-26,False,True
CUST02112,Sofia,Lee,35-44,Male,London,Gold,2023-11-16,False,False
CUST02113,Noah,Davies,65+,Male,Wales,Bronze,2022-11-03,False,True
CUST02114,Daniel,Watson,55-64,Female,London,Silver,2022-04-13,True,True
CUST02115,Isla,Lee,45-54,Prefer not to say,London,Silver,2024-02-18,False,True
CUST02116,Daniel,Johnson,45-54,Prefer not to say,East of England,Bronze,2023-08-05,True,True
CUST02117,Jacob,Hussain,55-64,Prefer not to say,West Midlands,Silver,2023-07-26,True,True
CUST02118,Thomas,Lewis,35-44,Female,North West,Silver,2023-01-15,False,True
CUST02119,Isabella,Thomas,18-24,Male,London,Gold,2023-09-01,True,True
CUST02120,Amelia,Ali,18-24,Female,Wales,Silver,2023-10-09,True,True
CUST02121,Rahul,Thomas,18-24,Female,South East,Silver,2023-08-09,True,True
CUST02122,Grace,Davies,65+,Prefer not to say,London,Bronze,2023-04-13,True,True
CUST02123,Freddie,Watson,18-24,Prefer not to say,Yorkshire,Bronze,2022-04-09,True,True
CUST02124,Olivia,Roberts,55-64,Female,South East,Silver,2022-07-01,False,True
CUST02125,Sophia,Singh,35-44,Male,London,Silver,2023-12-26,True,True
CUST02126,Harry,Martin,45-54,Prefer not to say,London,Gold,2024-05-03,True,True
CUST02127,Rahul,Sharma,18-24,Prefer not to say,East Midlands,Platinum,2024-06-09,True,True
CUST02128,Mia,Clark,45-54,Female,Scotland,Silver,2023-02-13,True,False
CUST02129,Sarah,Lewis,55-64,Male,North East,Silver,2022-10-13,True,True
CUST02130,Michael,Lewis,25-34,Prefer not to say,South East,Silver,2022-04-02,True,True
CUST02131,George,Ali,55-64,Female,London,Bronze,2023-03-06,True,False
CUST02132,Jack,Davies,18-24,Prefer not to say,South West,Bronze,2023-10-19,True,False
CUST02133,Charlie,Davies,35-44,Male,South West,Silver,2024-04-06,True,True
CUST02134,Jessica,Taylor,55-64,Male,London,Bronze,2022-08-21,True,True
CUST02135,Mohammed,Smith,18-24,Female,South East,Silver,2023-08-31,True,False
CUST02136,Lily,Martin,65+,Female,South East,Silver,2023-08-11,False,True
CUST02137,Ava,Chen,35-44,Male,East Midlands,Bronze,2023-07-23,False,True
CUST02138,Noah,Roberts,45-54,Male,North West,Gold,2023-02-28,True,True
CUST02139,George,Williams,35-44,Female,London,Bronze,2024-02-29,False,True
CUST02140,George,Ahmed,35-44,Male,Wales,Gold,2022-07-07,True,True
CUST02141,Isabella,Clark,25-34,Female,East of England,Bronze,2023-06-21,True,False
CUST02142,Harry,Lee,45-54,Male,East Midlands,Bronze,2023-03-22,True,False
CUST02143,Isla,Harris,25-34,Female,North West,Bronze,2023-07-09,True,True
CUST02144,Jack,Clark,35-44,Male,South West,Bronze,2022-05-22,True,True
CUST02145,Rahul,Kim,55-64,Female,South East,Bronze,2023-02-07,False,True
CUST02146,Amelia,Smith,55-64,Male,East Midlands,Bronze,2023-08-02,True,True
CUST02147,Lily,Jones,65+,Prefer not to say,London,Bronze,2023-05-21,True,False
CUST02148,Sofia,Evans,55-64,Prefer not to say,London,Bronze,2023-04-19,True,True
CUST02149,Sofia,Taylor,65+,Prefer not to say,London,Silver,2023-04-01,False,True
CUST02150,Mia,Martin,35-44,Prefer not to say,Scotland,Silver,2023-01-15,True,False
CUST02151,Alfie,Lewis,45-54,Female,North West,Gold,2023-11-14,True,False
CUST02152,James,Johnson,45-54,Prefer not to say,North East,Bronze,2022-03-02,True,True
CUST02153,Amelia,Patel,65+,Prefer not to say,West Midlands,Bronze,2024-06-02,True,True
CUST02154,Harry,Sharma,18-24,Female,Yorkshire,Gold,2022-10-17,False,True
CUST02155,Priya,Singh,65+,Male,North East,Silver,2022-02-20,True,True
CUST02156,Grace,Robinson,35-44,Prefer not to say,London,Silver,2023-02-07,True,True
CUST02157,Alfie,Williams,25-34,Female,London,Silver,2022-12-23,True,True
CUST02158,Lily,Evans,25-34,Prefer not to say,South East,Silver,2023-07-10,True,False
CUST02159,Priya,Thompson,35-44,Prefer not to say,East Midlands,Bronze,2023-01-03,True,True
CUST02160,Jack,Chen,45-54,Prefer not to say,Scotland,Bronze,2022-02-04,True,True
CUST02161,Jack,Brown,55-64,Female,Yorkshire,Silver,2023-03-15,True,True
CUST02162,Sarah,Watson,65+,Prefer not to say,London,Gold,2022-09-05,True,True
CUST02163,Grace,Harris,55-64,Prefer not to say,Scotland,Bronze,2023-08-07,True,True
CUST02164,Michael,Ahmed,45-54,Male,South East,Bronze,2023-02-07,True,True
CUST02165,James,Brown,45-54,Male,Wales,Bronze,2024-04-28,True,False
CUST02166,Grace,Evans,45-54,Prefer not to say,South East,Silver,2022-07-08,True,True
CUST02167,Freddie,Wood,25-34,Female,South East,Bronze,2023-08-10,True,True
CUST02168,Harry,Chen,65+,Male,South East,Bronze,2022-02-02,False,True
CUST02169,James,Roberts,18-24,Male,South West,Bronze,2022-09-06,True,True
CUST02170,Grace,Clark,45-54,Female,Yorkshire,Platinum,2022-01-07,False,True
CUST02171,Amelia,Davies,25-34,Prefer not to say,Yorkshire,Gold,2023-08-03,True,True
CUST02172,Mia,Thompson,45-54,Prefer not to say,North West,Bronze,2022-02-17,True,False
CUST02173,David,Singh,35-44,Prefer not to say,London,Bronze,2022-05-25,False,False
CUST02174,Alfie,Smith,45-54,Male,London,Bronze,2023-12-13,True,True
CUST02175,James,Lewis,25-34,Female,Yorkshire,Bronze,2024-02-09,True,True
CUST02176,Jacob,Sharma,65+,Male,West Midlands,Silver,2023-06-22,False,True
CUST02177,Thomas,Robinson,55-64,Female,South East,Silver,2022-04-25,True,True
CUST02178,Sarah,Johnson,65+,Prefer not to say,London,Silver,2023-04-20,True,True
CUST02179,Aisha,Thompson,45-54,Prefer not to say,Yorkshire,Silver,2024-02-08,True,True
CUST02180,Freddie,Hussain,25-34,Prefer not to say,South East,Platinum,2023-01-20,True,False
CUST02181,Charlie,Thomas,25-34,Prefer not to say,Yorkshire,Bronze,2023-11-05,True,True
CUST02182,Grace,Thomas,65+,Male,London,Platinum,2022-08-07,True,True
CUST02183,Ella,Sharma,35-44,Prefer not to say,London,Bronze,2022-10-12,True,True
CUST02184,Isla,Smith,65+,Male,Yorkshire,Silver,2023-01-04,True,True
CUST02185,Jack,Watson,65+,Prefer not to say,London,Gold,2022-08-01,True,True
CUST02186,Priya,Thomas,65+,Male,South East,Silver,2023-05-25,True,False
CUST02187,Alfie,Davies,45-54,Female,North East,Bronze,2024-02-17,False,True
CUST02188,Jack,Patel,65+,Prefer not to say,South East,Gold,2023-11-30,False,True
CUST02189,Charlie,Wood,25-34,Male,West Midlands,Silver,2023-02-12,True,True
CUST02190,George,Hussain,35-44,Female,North West,Bronze,2024-04-12,True,True
CUST02191,Ava,Wilson,18-24,Female,South East,Platinum,2023-06-28,True,True
CUST02192,Daniel,Johnson,25-34,Prefer not to say,London,Gold,2023-02-01,True,True
CUST02193,Jack,Singh,45-54,Prefer not to say,North East,Platinum,2022-01-15,False,False
CUST02194,David,Williams,45-54,Male,Yorkshire,Gold,2023-02-07,True,True
CUST02195,Daniel,Singh,35-44,Male,South East,Bronze,2024-04-03,True,True
CUST02196,Jessica,Lee,45-54,Male,West Midlands,Silver,2022-02-07,True,True
CUST02197,Emily,Patel,18-24,Female,West Midlands,Bronze,2023-08-05,False,True
CUST02198,Olivia,Ali,25-34,Female,North East,Bronze,2024-05-16,True,False
CUST02199,Ava,Chen,65+,Male,North East,Silver,2022-09-19,True,True
CUST02200,Charlie,Williams,55-64,Prefer not to say,East of England,Platinum,2022-06-04,True,True
CUST02201,Freddie,Thompson,65+,Female,North East,Silver,2023-02-22,False,True
CUST02202,Aisha,Thompson,25-34,Prefer not to say,Scotland,Platinum,2022-07-25,False,False
CUST02203,Rahul,Taylor,35-44,Prefer not to say,South East,Bronze,2022-07-11,True,False
CUST02204,Isabella,Brown,18-24,Prefer not to say,North West,Gold,2022-02-05,False,True
CUST02205,Ella,Singh,45-54,Prefer not to say,South West,Silver,2023-01-18,True,True
CUST02206,David,Khan,55-64,Prefer not to say,North East,Gold,2024-03-26,True,True
CUST02207,Aisha,Walker,35-44,Male,South West,Silver,2023-10-13,True,True
CUST02208,Sofia,Brown,45-54,Male,North East,Bronze,2024-01-16,True,True
CUST02209,Oliver,Smith,55-64,Female,Scotland,Platinum,2023-01-14,True,True
CUST02210,Aisha,Lewis,45-54,Prefer not to say,London,Gold,2024-04-14,True,True
CUST02211,Lily,Kim,25-34,Male,North West,Bronze,2023-02-11,False,False
CUST02212,Alfie,Thompson,35-44,Prefer not to say,East Midlands,Bronze,2022-10-10,True,True
CUST02213,Grace,Taylor,65+,Female,West Midlands,Silver,2024-04-13,True,True
CUST02214,Emily,Wilson,35-44,Female,North East,Bronze,2022-06-11,True,True
CUST02215,Mia,Ahmed,25-34,Male,Scotland,Silver,2023-02-27,True,True
CUST02216,Jacob,Sharma,55-64,Female,North East,Bronze,2023-10-24,True,True
CUST02217,Jessica,Davies,55-64,Female,South East,Bronze,2024-01-18,True,True
CUST02218,Thomas,Ahmed,35-44,Female,North West,Silver,2022-06-30,False,True
CUST02219,Isla,Johnson,65+,Prefer not to say,London,Silver,2023-05-25,True,False
CUST02220,Freddie,Wood,45-54,Female,East of England,Silver,2024-04-20,False,True
CUST02221,Isla,Walker,45-54,Male,London,Gold,2023-02-21,True,False
CUST02222,Priya,Roberts,45-54,Prefer not to say,London,Gold,2023-10-07,True,True
CUST02223,Harry,Williams,18-24,Male,East of England,Silver,2023-06-16,True,True
CUST02224,Mohammed,Ahmed,65+,Male,London,Bronze,2022-07-10,True,True
CUST02225,Jacob,Robinson,45-54,Prefer not to say,North West,Silver,2023-08-11,False,False
CUST02226,Isla,Wilson,25-34,Female,West Midlands,Bronze,2022-02-05,True,True
CUST02227,Amelia,Jones,55-64,Prefer not to say,London,Silver,2023-02-05,False,True
CUST02228,Alfie,Singh,55-64,Female,North West,Gold,2022-12-19,True,False
CUST02229,Olivia,Roberts,65+,Prefer not to say,Yorkshire,Bronze,2022-06-01,True,False
CUST02230,Amelia,Smith,35-44,Female,North West,Silver,2023-09-10,True,True
CUST02231,Alfie,Wood,45-54,Female,London,Bronze,2022-08-19,True,True
CUST02232,Jack,Ahmed,18-24,Prefer not to say,London,Silver,2022-04-04,True,True
CUST02233,Olivia,Walker,45-54,Male,London,Silver,2024-04-06,True,True
CUST02234,Mia,Lewis,65+,Male,Scotland,Silver,2022-12-29,False,False
CUST02235,Sophia,White,45-54,Female,London,Bronze,2024-02-20,True,True
CUST02236,Ava,Roberts,25-34,Male,North East,Silver,2022-08-03,True,True
CUST02237,Sophia,Roberts,35-44,Prefer not to say,Wales,Gold,2022-10-27,True,True
CUST02238,Amelia,Lewis,65+,Female,South West,Bronze,2023-11-12,True,True
CUST02239,Jack,Ali,25-34,Prefer not to say,North West,Silver,2023-11-03,True,True
CUST02240,Jacob,Taylor,35-44,Female,West Midlands,Silver,2023-10-26,True,False
CUST02241,Michael,Martin,25-34,Prefer not to say,Scotland,Gold,2022-01-07,True,True
CUST02242,George,Wood,45-54,Male,South West,Bronze,2023-11-07,True,True
CUST02243,Sarah,Singh,45-54,Male,South East,Bronze,2022-08-23,False,True
CUST02244,Sophia,Brown,25-34,Prefer not to say,West Midlands,Bronze,2022-11-23,False,False
CUST02245,George,Brown,55-64,Prefer not to say,South East,Bronze,2022-10-02,True,True
CUST02246,Noah,Ali,55-64,Male,East Midlands,Silver,2023-11-18,False,True
CUST02247,Jack,Hussain,18-24,Male,London,Bronze,2022-07-09,True,True
CUST02248,Michael,Evans,25-34,Prefer not to say,West Midlands,Bronze,2022-03-14,True,False
CUST02249,Isabella,Lee,55-64,Female,East of England,Silver,2023-08-09,False,True
CUST02250,Sarah,Robinson,18-24,Male,South West,Gold,2023-08-03,True,True
CUST02251,Amelia,Thomas,45-54,Prefer not to say,South West,Gold,2023-09-09,False,False
CUST02252,Sarah,Chen,35-44,Male,North West,Platinum,2023-12-14,True,True
CUST02253,Noah,Ali,35-44,Female,London,Platinum,2023-09-10,True,True
CUST02254,Freddie,Williams,25-34,Male,East Midlands,Bronze,2022-05-08,True,True
CUST02255,Sofia,Watson,35-44,Prefer not to say,West Midlands,Gold,2023-05-13,True,True
CUST02256,Jack,Smith,25-34,Female,Scotland,Silver,2023-12-30,True,True
CUST02257,Thomas,Sharma,45-54,Female,East Midlands,Silver,2023-11-13,True,False
CUST02258,Emily,Walker,45-54,Female,South West,Platinum,2022-04-02,True,False
CUST02259,Oliver,Chen,25-34,Female,South East,Bronze,2022-02-03,True,True
CUST02260,Sofia,Watson,55-64,Female,West Midlands,Platinum,2024-01-27,False,True
CUST02261,Priya,Thomas,55-64,Prefer not to say,South West,Bronze,2023-10-13,True,True
CUST02262,David,Smith,25-34,Female,South East,Bronze,2023-08-31,True,True
CUST02263,Ava,Lee,35-44,Male,Wales,Gold,2023-11-22,True,False
CUST02264,Aisha,Khan,35-44,Female,South West,Bronze,2023-09-28,True,False
CUST02265,Sophia,Jackson,65+,Male,South East,Bronze,2024-02-11,True,True
CUST02266,Jacob,Khan,55-64,Prefer not to say,East Midlands,Gold,2022-11-09,True,False
CUST02267,Sophia,Watson,55-64,Female,South East,Silver,2024-05-28,True,False
CUST02268,Oliver,Johnson,25-34,Male,London,Bronze,2022-09-28,False,True
CUST02269,Sarah,Robinson,55-64,Prefer not to say,North West,Silver,2024-01-11,True,True
CUST02270,Charlie,Smith,55-64,Female,London,Silver,2022-06-11,True,False
CUST02271,Harry,Hussain,35-44,Female,North East,Silver,2024-02-19,True,True
CUST02272,Emily,Singh,35-44,Female,North West,Bronze,2023-12-28,True,True
CUST02273,Harry,Harris,35-44,Prefer not to say,South West,Bronze,2022-01-11,True,True
CUST02274,Mia,Taylor,18-24,Male,North East,Gold,2023-09-18,True,True
CUST02275,Ava,Ahmed,35-44,Female,North West,Silver,2022-04-28,False,True
CUST02276,Aisha,Hussain,18-24,Prefer not to say,Scotland,Platinum,2023-08-20,True,False
CUST02277,Ava,Brown,35-44,Prefer not to say,South East,Bronze,2023-09-17,True,True
CUST02278,Sofia,Wood,18-24,Male,South East,Silver,2023-02-11,True,True
CUST02279,Grace,Lewis,25-34,Female,London,Silver,2022-07-29,True,True
CUST02280,Isla,Harris,45-54,Female,London,Bronze,2022-09-12,True,True
CUST02281,Jessica,Chen,55-64,Prefer not to say,West Midlands,Gold,2022-08-26,False,True
CUST02282,Oliver,Williams,55-64,Prefer not to say,South East,Silver,2023-07-08,True,True
CUST02283,Sofia,Taylor,25-34,Prefer not to say,London,Silver,2022-10-15,False,True
CUST02284,George,Ahmed,35-44,Male,Wales,Bronze,2022-10-20,True,True
CUST02285,Rahul,Taylor,25-34,Male,North West,Silver,2022-08-22,True,True
CUST02286,Amelia,Kim,35-44,Prefer not to say,North West,Gold,2022-12-13,True,True
CUST02287,Freddie,Wood,18-24,Male,London,Bronze,2022-05-17,True,True
CUST02288,James,Wood,18-24,Male,London,Bronze,2024-06-17,False,True
CUST02289,Jacob,Lee,45-54,Female,Scotland,Bronze,2023-12-10,False,True
CUST02290,Priya,Martin,25-34,Prefer not to say,London,Bronze,2023-05-05,True,True
CUST02291,Amelia,Wood,65+,Prefer not to say,East Midlands,Bronze,2022-03-22,False,True
CUST02292,Ava,Watson,65+,Male,London,Silver,2022-01-30,False,True
CUST02293,Oliver,Davies,45-54,Prefer not to say,London,Bronze,2024-03-29,True,True
CUST02294,Jack,Kim,65+,Female,North East,Bronze,2023-01-18,False,True
CUST02295,Sarah,Sharma,35-44,Female,South West,Silver,2022-04-15,True,False
CUST02296,Sofia,Singh,65+,Prefer not to say,South East,Gold,2022-02-21,False,True
CUST02297,Sarah,Roberts,35-44,Prefer not to say,North West,Bronze,2023-11-25,True,True
CUST02298,Aisha,Ali,45-54,Prefer not to say,South East,Bronze,2022-02-11,True,False
CUST02299,Isabella,Walker,45-54,Prefer not to say,Yorkshire,Bronze,2023-05-13,True,True
CUST02300,Noah,Taylor,18-24,Prefer not to say,East of England,Silver,2022-03-28,True,True
CUST02301,Emily,Taylor,65+,Male,East of England,Bronze,2023-12-06,False,True
CUST02302,Mia,Roberts,35-44,Male,East Midlands,Silver,2022-02-06,True,True
CUST02303,Mohammed,Wilson,45-54,Male,London,Bronze,2022-07-02,False,False
CUST02304,Sophia,Thompson,25-34,Prefer not to say,East of England,Bronze,2024-02-06,True,False
CUST02305,Freddie,Wilson,45-54,Male,South West,Bronze,2022-06-03,True,True
CUST02306,Sofia,Walker,25-34,Prefer not to say,Yorkshire,Silver,2023-10-24,True,True
CUST02307,Grace,Harris,45-54,Male,South East,Gold,2022-10-24,False,True
CUST02308,Aisha,Smith,35-44,Female,London,Bronze,2023-08-18,True,True
CUST02309,Priya,Brown,55-64,Female,London,Silver,2023-01-22,False,True
CUST02310,Amelia,Khan,45-54,Prefer not to say,West Midlands,Bronze,2023-12-20,True,True
CUST02311,Amelia,Kim,45-54,Female,South East,Bronze,2022-10-02,True,True
CUST02312,Emily,Davies,45-54,Female,East Midlands,Bronze,2022-01-18,True,True
CUST02313,Olivia,Roberts,55-64,Female,London,Bronze,2023-01-13,False,True
CUST02314,Mohammed,Martin,65+,Prefer not to say,East Midlands,Bronze,2022-06-05,True,True
CUST02315,Freddie,Chen,25-34,Prefer not to say,Yorkshire,Silver,2024-01-08,True,True
CUST02316,George,Clark,65+,Female,West Midlands,Bronze,2023-01-22,True,True
CUST02317,Charlie,Wood,65+,Prefer not to say,Yorkshire,Bronze,2022-07-29,True,True
CUST02318,Mia,Johnson,18-24,Prefer not to say,London,Gold,2024-05-22,True,False
CUST02319,George,Singh,65+,Female,East of England,Gold,2022-06-27,True,True
CUST02320,Freddie,Lee,55-64,Female,East of England,Platinum,2023-07-06,True,False
CUST02321,Jacob,Martin,35-44,Prefer not to say,East of England,Bronze,2022-04-17,True,True
CUST02322,James,Williams,45-54,Male,East Midlands,Silver,2024-05-07,False,True
CUST02323,Sarah,Thompson,35-44,Prefer not to say,South East,Silver,2023-06-22,False,True
CUST02324,Daniel,Harris,65+,Male,East Midlands,Silver,2022-10-16,True,True
CUST02325,Jacob,Roberts,65+,Female,North West,Bronze,2022-07-04,True,True
CUST02326,George,Williams,35-44,Male,West Midlands,Silver,2022-11-09,True,True
CUST02327,Jacob,Davies,45-54,Prefer not to say,South West,Gold,2023-05-13,False,True
CUST02328,Ella,Evans,65+,Male,East of England,Bronze,2023-09-01,True,True
CUST02329,Thomas,Lee,45-54,Male,Yorkshire,Silver,2024-06-15,True,True
CUST02330,Isla,Johnson,55-64,Female,London,Bronze,2022-12-23,True,True
CUST02331,Harry,Martin,25-34,Female,South East,Silver,2023-10-09,True,True
CUST02332,Priya,Johnson,45-54,Prefer not to say,London,Gold,2022-01-02,True,True
CUST02333,Thomas,Johnson,45-54,Female,Scotland,Gold,2023-02-12,True,False
CUST02334,Sofia,Robinson,25-34,Female,South West,Silver,2022-07-31,True,True
CUST02335,Daniel,Lewis,45-54,Female,London,Bronze,2023-10-09,True,False
CUST02336,James,Brown,25-34,Male,West Midlands,Gold,2022-04-22,True,False
CUST02337,Freddie,Evans,65+,Prefer not to say,North West,Silver,2024-01-05,True,True
CUST02338,David,Brown,55-64,Female,South East,Platinum,2022-07-11,True,True
CUST02339,Michael,Ali,18-24,Prefer not to say,London,Gold,2023-05-09,True,False
CUST02340,James,Evans,65+,Female,South East,Bronze,2022-06-21,True,True
CUST02341,Emily,Wilson,45-54,Prefer not to say,West Midlands,Bronze,2023-04-01,False,True
CUST02342,Isabella,Harris,35-44,Prefer not to say,East of England,Silver,2023-07-01,True,False
CUST02343,Freddie,Khan,45-54,Female,West Midlands,Gold,2024-04-21,False,True
CUST02344,Priya,Evans,25-34,Female,South West,Bronze,2023-09-19,True,True
CUST02345,Ella,Lee,65+,Prefer not to say,London,Bronze,2022-08-17,True,False
CUST02346,Oliver,Kim,35-44,Prefer not to say,East of England,Gold,2023-08-17,False,True
CUST02347,George,Kim,55-64,Prefer not to say,South West,Bronze,2022-11-08,True,True
CUST02348,David,Harris,65+,Prefer not to say,East of England,Silver,2023-09-02,True,True
CUST02349,Isla,Harris,18-24,Female,East of England,Bronze,2022-03-19,False,True
CUST02350,Aisha,Robinson,45-54,Prefer not to say,East Midlands,Gold,2023-10-08,True,False
CUST02351,Oliver,White,35-44,Female,London,Silver,2022-10-27,False,False
CUST02352,Olivia,Wilson,18-24,Male,South West,Platinum,2022-12-01,True,True
CUST02353,Jack,Jones,55-64,Male,South East,Gold,2022-10-24,True,True
CUST02354,Mia,Smith,55-64,Prefer not to say,East Midlands,Bronze,2024-02-28,True,True
CUST02355,Isabella,Hussain,35-44,Prefer not to say,Wales,Silver,2022-11-09,False,False
CUST02356,James,Roberts,45-54,Female,North East,Bronze,2022-08-31,True,True
CUST02357,Sofia,Khan,18-24,Prefer not to say,North East,Gold,2022-12-20,True,True
CUST02358,Priya,Ali,35-44,Male,East Midlands,Gold,2022-01-18,True,False
CUST02359,Grace,Lee,45-54,Prefer not to say,London,Gold,2023-07-09,True,True
CUST02360,Sarah,Johnson,45-54,Prefer not to say,North West,Bronze,2023-06-28,True,True
CUST02361,Jacob,Taylor,25-34,Female,North East,Bronze,2023-12-06,True,True
CUST02362,Harry,Khan,45-54,Female,West Midlands,Platinum,2023-09-02,False,True
CUST02363,Olivia,Harris,18-24,Female,London,Gold,2023-01-19,True,True
CUST02364,Thomas,Hussain,25-34,Female,Scotland,Gold,2022-12-19,True,False
CUST02365,Jacob,Smith,35-44,Male,London,Silver,2022-07-05,True,True
CUST02366,Sophia,Sharma,35-44,Female,North East,Bronze,2022-01-31,True,True
CUST02367,Rahul,Wood,55-64,Female,South East,Bronze,2022-11-30,True,True
CUST02368,James,Sharma,18-24,Male,South East,Silver,2022-11-17,True,True
CUST02369,Jack,Smith,65+,Male,South West,Silver,2023-12-20,True,False
CUST02370,Sarah,Thompson,65+,Male,West Midlands,Silver,2022-03-11,True,True
CUST02371,Isabella,Patel,55-64,Female,Yorkshire,Bronze,2022-10-05,True,True
CUST02372,Lily,Johnson,65+,Female,London,Gold,2023-08-22,True,True
CUST02373,Mohammed,Sharma,35-44,Prefer not to say,London,Bronze,2023-05-30,True,False
CUST02374,Jack,Singh,35-44,Prefer not to say,London,Bronze,2023-06-26,True,True
CUST02375,Rahul,Robinson,35-44,Male,South East,Gold,2022-08-24,True,True
CUST02376,David,Wilson,35-44,Prefer not to say,South East,Gold,2024-03-19,False,True
CUST02377,Ava,Williams,35-44,Male,East of England,Silver,2022-10-24,True,True
CUST02378,Ava,Chen,18-24,Male,West Midlands,Bronze,2023-06-27,True,True
CUST02379,Sarah,Lewis,55-64,Male,South East,Bronze,2022-02-08,False,True
CUST02380,Thomas,Lewis,35-44,Prefer not to say,London,Bronze,2022-10-20,False,True
CUST02381,Mohammed,Robinson,35-44,Prefer not to say,South East,Gold,2023-02-23,True,True
CUST02382,Charlie,Patel,45-54,Prefer not to say,East of England,Bronze,2023-08-02,False,True
CUST02383,Sarah,Kim,65+,Female,Scotland,Silver,2024-01-23,False,True
CUST02384,Lily,Wood,25-34,Female,London,Silver,2022-03-08,True,False
CUST02385,Thomas,White,35-44,Male,East Midlands,Silver,2023-10-07,True,True
CUST02386,Jack,Clark,45-54,Male,East Midlands,Silver,2022-04-25,True,False
CUST02387,Aisha,Johnson,18-24,Prefer not to say,London,Silver,2023-12-02,True,False
CUST02388,Grace,Ali,35-44,Prefer not to say,Scotland,Gold,2022-06-24,True,True
CUST02389,David,Singh,45-54,Male,East Midlands,Gold,2024-05-09,False,True
CUST02390,Priya,Thomas,55-64,Prefer not to say,London,Silver,2023-12-29,True,True
CUST02391,David,Brown,25-34,Female,East of England,Bronze,2023-03-28,False,False
CUST02392,James,Clark,55-64,Prefer not to say,South East,Platinum,2023-04-19,True,True
CUST02393,Ella,Robinson,45-54,Female,Yorkshire,Bronze,2024-03-19,False,False
CUST02394,Noah,Lewis,65+,Male,West Midlands,Bronze,2022-04-18,True,True
CUST02395,Jacob,Davies,55-64,Male,East Midlands,Platinum,2024-05-19,True,True
CUST02396,James,Jones,65+,Prefer not to say,West Midlands,Gold,2022-12-11,True,False
CUST02397,David,Taylor,35-44,Female,London,Gold,2023-04-01,False,True
CUST02398,Rahul,Davies,65+,Prefer not to say,South East,Silver,2022-08-15,True,True
CUST02399,James,Martin,25-34,Male,West Midlands,Bronze,2023-04-21,True,True
CUST02400,Noah,Smith,25-34,Prefer not to say,London,Silver,2022-09-04,False,True
CUST02401,Mohammed,Patel,18-24,Male,Yorkshire,Bronze,2023-10-24,True,True
CUST02402,Charlie,Wilson,18-24,Female,South East,Gold,2022-12-02,True,True
CUST02403,Ava,Khan,18-24,Female,Scotland,Gold,2023-04-18,False,True
CUST02404,Daniel,Thomas,45-54,Male,London,Bronze,2024-02-15,False,True
CUST02405,Priya,Thompson,55-64,Male,Yorkshire,Silver,2022-08-03,True,False
CUST02406,Thomas,Davies,35-44,Prefer not to say,Scotland,Silver,2024-02-09,True,True
CUST02407,Sofia,Ali,25-34,Prefer not to say,East of England,Bronze,2022-12-09,True,True
CUST02408,Charlie,Ali,35-44,Male,South West,Silver,2022-04-29,True,True
CUST02409,Isabella,Hussain,45-54,Male,East of England,Gold,2024-05-08,False,False
CUST02410,Sofia,Chen,18-24,Female,North East,Bronze,2023-10-28,True,True
CUST02411,Sophia,Brown,65+,Prefer not to say,South West,Bronze,2022-09-19,True,True
CUST02412,David,Martin,65+,Male,South East,Gold,2023-12-15,True,True
CUST02413,Harry,Singh,18-24,Male,London,Silver,2022-09-29,True,True
CUST02414,James,White,25-34,Female,South West,Bronze,2022-08-08,True,True
CUST02415,Ella,Ahmed,18-24,Prefer not to say,Yorkshire,Bronze,2022-09-23,True,True
CUST02416,Emily,Williams,45-54,Female,South West,Silver,2022-01-23,True,True
CUST02417,Ella,Ahmed,35-44,Female,Yorkshire,Bronze,2022-06-27,True,False
CUST02418,Aisha,Ahmed,25-34,Female,London,Bronze,2024-02-25,True,True
CUST02419,Jacob,Evans,45-54,Female,Yorkshire,Gold,2023-03-12,True,True
CUST02420,George,Sharma,25-34,Prefer not to say,East of England,Silver,2022-08-02,True,False
CUST02421,Mia,Robinson,45-54,Female,Yorkshire,Bronze,2022-08-16,True,True
CUST02422,James,Smith,55-64,Male,Scotland,Bronze,2024-01-05,False,False
CUST02423,Alfie,Khan,25-34,Female,South East,Bronze,2022-07-10,True,False
CUST02424,Olivia,Wood,18-24,Prefer not to say,London,Silver,2022-03-11,False,True
CUST02425,Ella,Watson,18-24,Male,London,Silver,2022-01-08,True,True
CUST02426,Olivia,Watson,35-44,Male,North West,Silver,2022-08-09,True,True
CUST02427,Lily,Evans,65+,Male,London,Bronze,2024-01-02,False,True
CUST02428,Sarah,Roberts,65+,Female,Wales,Gold,2024-01-18,False,True
CUST02429,Rahul,Davies,45-54,Female,North West,Bronze,2022-07-01,True,True
CUST02430,Ava,Lewis,45-54,Male,London,Gold,2023-12-12,True,True
CUST02431,Sofia,Lee,18-24,Prefer not to say,South West,Bronze,2022-11-09,True,True
CUST02432,Jessica,Johnson,18-24,Male,Yorkshire,Bronze,2023-02-13,True,True
CUST02433,Daniel,Chen,65+,Male,London,Bronze,2022-08-31,False,False
CUST02434,Oliver,Smith,35-44,Female,East of England,Bronze,2023-08-21,True,True
CUST02435,Alfie,Clark,55-64,Male,London,Silver,2022-09-07,False,True
CUST02436,Harry,Kim,25-34,Male,London,Bronze,2024-02-10,False,True
CUST02437,Sarah,Brown,65+,Female,East of England,Bronze,2024-02-01,True,True
CUST02438,Mohammed,Watson,65+,Female,North West,Platinum,2022-09-17,True,True
CUST02439,George,Hussain,18-24,Female,South East,Bronze,2023-07-15,True,False
CUST02440,Mia,Harris,35-44,Male,London,Bronze,2022-05-29,False,True
CUST02441,Amelia,Robinson,55-64,Female,Yorkshire,Bronze,2022-12-17,True,True
CUST02442,Jessica,Hussain,25-34,Female,West Midlands,Bronze,2022-11-09,True,True
CUST02443,Priya,Martin,18-24,Male,Scotland,Silver,2023-10-03,True,True
CUST02444,Lily,Jones,65+,Male,South East,Bronze,2023-09-10,True,True
CUST02445,Jacob,Ali,18-24,Male,London,Silver,2022-12-26,True,True
CUST02446,Noah,Johnson,45-54,Prefer not to say,North East,Platinum,2023-07-04,True,True
CUST02447,Emily,White,45-54,Prefer not to say,South West,Gold,2024-04-01,False,True
CUST02448,Sofia,Taylor,18-24,Prefer not to say,East of England,Bronze,2023-04-20,True,True
CUST02449,Mia,Kim,65+,Prefer not to say,Wales,Platinum,2024-02-07,True,True
CUST02450,Grace,Thomas,18-24,Female,South East,Bronze,2023-05-18,True,True
CUST02451,Alfie,Walker,35-44,Male,South East,Bronze,2024-01-18,False,True
CUST02452,Olivia,Wilson,25-34,Prefer not to say,Scotland,Bronze,2022-02-10,True,True
CUST02453,James,Johnson,18-24,Male,London,Silver,2022-06-01,True,False
CUST02454,Aisha,Smith,25-34,Male,London,Bronze,2023-01-03,False,True
CUST02455,Daniel,Ahmed,25-34,Prefer not to say,London,Bronze,2022-10-26,True,True
CUST02456,Daniel,Smith,18-24,Prefer not to say,Scotland,Gold,2022-05-02,False,True
CUST02457,Freddie,Thompson,25-34,Prefer not to say,East of England,Platinum,2024-01-30,False,True
CUST02458,Harry,Ali,18-24,Prefer not to say,North West,Bronze,2023-09-25,True,False
CUST02459,Thomas,Hussain,35-44,Female,South East,Bronze,2024-06-06,True,True
CUST02460,Thomas,Wilson,18-24,Prefer not to say,North West,Platinum,2022-09-13,True,False
CUST02461,Noah,Martin,18-24,Prefer not to say,East Midlands,Silver,2023-06-20,True,True
CUST02462,Lily,Roberts,18-24,Male,West Midlands,Gold,2022-05-25,True,True
CUST02463,Mohammed,Thompson,35-44,Female,South West,Bronze,2022-07-28,False,False
CUST02464,Sophia,Jackson,55-64,Prefer not to say,South East,Bronze,2023-09-14,False,True
CUST02465,Charlie,Taylor,55-64,Male,South East,Silver,2022-02-24,True,True
CUST02466,Noah,Roberts,25-34,Prefer not to say,South East,Bronze,2023-12-25,True,False
CUST02467,Daniel,Roberts,18-24,Prefer not to say,South East,Gold,2022-06-02,False,True
CUST02468,Alfie,Ahmed,25-34,Female,West Midlands,Bronze,2022-11-29,True,True
CUST02469,Priya,Ahmed,18-24,Male,South East,Bronze,2022-08-16,True,False
CUST02470,Alfie,Clark,18-24,Prefer not to say,London,Bronze,2023-07-28,True,True
CUST02471,Mohammed,Patel,55-64,Male,South East,Gold,2024-03-16,False,True
CUST02472,Jack,Ahmed,55-64,Male,London,Bronze,2022-02-02,False,True
CUST02473,Alfie,Thompson,55-64,Male,East of England,Bronze,2022-03-29,True,True
CUST02474,Thomas,Brown,35-44,Male,London,Silver,2022-05-11,True,False
CUST02475,Rahul,Smith,45-54,Prefer not to say,South West,Gold,2024-01-03,True,False
CUST02476,Sophia,Harris,45-54,Prefer not to say,London,Gold,2024-03-01,True,False
CUST02477,Emily,Wood,65+,Female,South West,Platinum,2023-03-27,True,True
CUST02478,Isabella,Smith,35-44,Female,Yorkshire,Gold,2022-12-07,True,False
CUST02479,Michael,Roberts,35-44,Male,South East,Platinum,2022-11-13,True,True
CUST02480,Olivia,Johnson,35-44,Male,Yorkshire,Bronze,2023-02-24,False,True
CUST02481,Daniel,Kim,18-24,Prefer not to say,South West,Bronze,2022-07-07,False,False
CUST02482,Daniel,Roberts,25-34,Female,Wales,Platinum,2023-12-17,False,False
CUST02483,Jessica,Watson,55-64,Female,East of England,Gold,2023-02-23,True,True
CUST02484,Ava,Singh,18-24,Male,South West,Platinum,2023-10-17,True,True
CUST02485,Lily,Roberts,25-34,Male,South East,Bronze,2023-05-10,True,True
CUST02486,Emily,Ali,55-64,Male,Scotland,Bronze,2022-11-11,True,True
CUST02487,Sophia,Patel,25-34,Female,South East,Gold,2023-03-20,True,False
CUST02488,Ella,Jackson,65+,Male,Yorkshire,Bronze,2023-11-07,False,True
CUST02489,Noah,Roberts,45-54,Male,London,Silver,2023-07-14,True,True
CUST02490,Grace,Lewis,65+,Male,East of England,Bronze,2022-12-12,False,True
CUST02491,Daniel,White,18-24,Female,North West,Gold,2023-02-19,True,True
CUST02492,Rahul,Harris,25-34,Prefer not to say,Yorkshire,Bronze,2022-06-14,True,True
CUST02493,Jacob,Khan,18-24,Female,West Midlands,Platinum,2022-01-31,False,True
CUST02494,Michael,Roberts,18-24,Prefer not to say,Yorkshire,Gold,2022-09-03,False,True
CUST02495,Isla,Johnson,18-24,Prefer not to say,London,Silver,2022-03-01,True,True
CUST02496,Ella,Williams,18-24,Male,South East,Platinum,2024-04-06,True,True
CUST02497,Michael,Evans,55-64,Female,Yorkshire,Silver,2024-02-08,True,True
CUST02498,Sofia,Roberts,35-44,Prefer not to say,Yorkshire,Platinum,2022-04-18,True,True
CUST02499,Charlie,Jackson,65+,Female,North West,Bronze,2022-09-22,True,False
CUST02500,Jacob,Brown,25-34,Female,South East,Bronze,2023-10-06,True,True
CUST02501,Sarah,Johnson,55-64,Prefer not to say,West Midlands,Gold,2022-01-24,True,True
CUST02502,David,Taylor,65+,Male,East of England,Platinum,2024-03-09,True,True
CUST02503,Jacob,Hussain,25-34,Male,North East,Silver,2023-07-20,False,True
CUST02504,Jacob,Walker,45-54,Female,North West,Bronze,2023-05-18,False,True
CUST02505,James,Lewis,35-44,Prefer not to say,London,Silver,2022-04-19,True,True
CUST02506,Harry,Smith,25-34,Prefer not to say,South East,Gold,2023-04-22,True,True
CUST02507,Ava,Khan,25-34,Male,Wales,Bronze,2022-05-19,True,True
CUST02508,Sofia,Patel,45-54,Female,South West,Silver,2023-01-29,False,True
CUST02509,Priya,Brown,45-54,Prefer not to say,West Midlands,Bronze,2023-11-30,True,True
CUST02510,Freddie,Davies,35-44,Male,Yorkshire,Gold,2024-06-17,True,False
CUST02511,George,Smith,45-54,Male,London,Bronze,2023-02-02,True,False
CUST02512,Grace,Robinson,65+,Prefer not to say,West Midlands,Silver,2022-06-10,True,True
CUST02513,Grace,Brown,25-34,Male,London,Gold,2022-10-23,False,True
CUST02514,George,Smith,35-44,Male,London,Bronze,2024-04-08,True,True
CUST02515,Rahul,Ali,65+,Female,South West,Gold,2024-01-07,True,True
CUST02516,Aisha,Wood,35-44,Prefer not to say,London,Bronze,2023-09-22,True,False
CUST02517,Ella,Sharma,45-54,Female,Yorkshire,Bronze,2024-02-19,False,False
CUST02518,Mohammed,Hussain,25-34,Prefer not to say,South East,Silver,2022-05-06,True,True
CUST02519,George,Kim,45-54,Female,North West,Bronze,2024-02-28,True,True
CUST02520,Charlie,Clark,35-44,Female,London,Gold,2023-05-25,True,True
CUST02521,David,Johnson,25-34,Prefer not to say,South West,Bronze,2024-04-11,True,True
CUST02522,Rahul,Watson,45-54,Female,East of England,Bronze,2024-01-26,True,True
CUST02523,David,Robinson,18-24,Prefer not to say,East of England,Bronze,2022-01-28,True,True
CUST02524,Mia,Hussain,65+,Prefer not to say,London,Bronze,2023-05-08,True,True
CUST02525,Oliver,Lewis,45-54,Female,North West,Gold,2022-08-22,True,True
CUST02526,Amelia,Ali,18-24,Male,East Midlands,Bronze,2023-11-19,False,True
CUST02527,Freddie,Kim,25-34,Prefer not to say,East of England,Bronze,2023-02-17,True,True
CUST02528,Sophia,Thomas,18-24,Female,West Midlands,Bronze,2023-03-15,True,True
CUST02529,Ava,Clark,25-34,Prefer not to say,East Midlands,Gold,2022-03-11,False,True
CUST02530,Priya,Thomas,25-34,Prefer not to say,South West,Silver,2022-05-22,False,True
CUST02531,Oliver,White,55-64,Prefer not to say,Wales,Silver,2023-02-21,True,True
CUST02532,Aisha,Singh,25-34,Female,London,Gold,2023-12-12,True,True
CUST02533,Emily,Davies,35-44,Prefer not to say,North West,Bronze,2023-08-15,True,True
CUST02534,Isla,Martin,45-54,Female,London,Silver,2022-11-18,False,True
CUST02535,Priya,White,25-34,Female,North West,Silver,2022-12-14,True,True
CUST02536,Sophia,Roberts,25-34,Female,London,Bronze,2024-03-11,True,True
CUST02537,Amelia,Taylor,65+,Male,London,Silver,2022-07-31,False,True
CUST02538,George,Ahmed,35-44,Prefer not to say,North East,Bronze,2024-02-19,True,False
CUST02539,Thomas,Johnson,18-24,Female,London,Gold,2022-04-20,True,True
CUST02540,Daniel,Wood,18-24,Female,London,Bronze,2022-10-02,False,False
CUST02541,Ava,Lewis,25-34,Male,North East,Silver,2022-01-09,True,True
CUST02542,Amelia,Khan,35-44,Female,North West,Bronze,2022-09-30,True,False
CUST02543,David,Jones,25-34,Male,South West,Bronze,2023-04-07,True,False
CUST02544,James,Williams,35-44,Prefer not to say,London,Bronze,2023-12-03,False,True
CUST02545,Sofia,Wood,18-24,Female,London,Bronze,2022-10-14,False,True
CUST02546,James,Wood,55-64,Male,Yorkshire,Gold,2022-09-05,True,True
CUST02547,Priya,Martin,18-24,Prefer not to say,East Midlands,Silver,2022-06-10,True,True
CUST02548,Olivia,Sharma,25-34,Prefer not to say,North West,Bronze,2023-12-19,True,False
CUST02549,Priya,Taylor,35-44,Prefer not to say,North West,Bronze,2022-08-16,False,True
CUST02550,Daniel,Clark,25-34,Female,North West,Silver,2023-04-09,True,True
CUST02551,Michael,White,55-64,Prefer not to say,West Midlands,Bronze,2022-07-30,False,True
CUST02552,Thomas,Harris,18-24,Female,Yorkshire,Platinum,2023-06-02,False,False
CUST02553,Olivia,Williams,55-64,Male,West Midlands,Gold,2022-01-23,True,True
CUST02554,Amelia,Brown,35-44,Female,North East,Bronze,2022-06-19,True,True
CUST02555,Harry,Wood,25-34,Male,South East,Bronze,2023-07-10,True,True
CUST02556,Isabella,Patel,18-24,Male,London,Bronze,2022-06-21,True,True
CUST02557,Jacob,Wood,35-44,Female,South East,Silver,2022-03-02,True,True
CUST02558,Grace,Robinson,55-64,Male,Yorkshire,Bronze,2023-02-19,True,True
CUST02559,Daniel,Johnson,55-64,Female,London,Gold,2022-09-10,True,True
CUST02560,Mia,Wilson,25-34,Female,Yorkshire,Bronze,2024-02-04,True,True
CUST02561,Daniel,Martin,55-64,Prefer not to say,West Midlands,Platinum,2022-12-08,True,True
CUST02562,Daniel,Walker,18-24,Female,East of England,Silver,2023-05-24,True,True
CUST02563,Sofia,Lewis,55-64,Female,West Midlands,Silver,2022-01-16,False,True
CUST02564,Charlie,Thomas,25-34,Female,South West,Silver,2024-03-26,True,True
CUST02565,Daniel,Thomas,45-54,Female,East of England,Bronze,2022-08-26,False,True
CUST02566,Freddie,Jones,55-64,Female,London,Gold,2022-04-16,True,True
CUST02567,Olivia,Watson,35-44,Male,South East,Bronze,2023-08-08,True,True
CUST02568,Mia,Clark,35-44,Male,South East,Bronze,2023-12-09,True,True
CUST02569,Charlie,Harris,25-34,Prefer not to say,North West,Silver,2023-10-18,False,True
CUST02570,David,Thomas,35-44,Female,East Midlands,Bronze,2023-08-29,True,False
CUST02571,Noah,Thompson,65+,Female,West Midlands,Silver,2022-06-07,True,True
CUST02572,James,Harris,55-64,Female,East of England,Bronze,2024-01-24,False,False
CUST02573,Ava,Thompson,25-34,Prefer not to say,East Midlands,Silver,2022-07-23,True,True
CUST02574,Jack,Johnson,35-44,Female,Yorkshire,Silver,2024-06-12,False,True
CUST02575,Aisha,Patel,65+,Prefer not to say,East of England,Gold,2023-06-17,True,False
CUST02576,Thomas,Hussain,25-34,Female,North West,Bronze,2022-11-25,True,True
CUST02577,Olivia,Singh,35-44,Male,North West,Silver,2022-05-09,True,True
CUST02578,Daniel,Johnson,55-64,Male,London,Gold,2022-03-24,True,True
CUST02579,Amelia,Patel,65+,Prefer not to say,Scotland,Bronze,2023-07-01,True,True
CUST02580,Emily,Walker,55-64,Female,North East,Silver,2023-07-20,True,False
CUST02581,Olivia,Thompson,35-44,Male,South East,Silver,2022-06-23,True,True
CUST02582,Emily,Khan,25-34,Prefer not to say,South West,Bronze,2023-09-13,False,True
CUST02583,Aisha,Taylor,55-64,Female,South West,Bronze,2024-04-30,False,False
CUST02584,Harry,Jones,65+,Male,West Midlands,Bronze,2023-10-25,True,True
CUST02585,Rahul,Walker,55-64,Prefer not to say,London,Bronze,2022-09-09,False,True
CUST02586,Mia,Ali,18-24,Prefer not to say,London,Platinum,2023-08-30,True,True
CUST02587,Harry,Martin,45-54,Female,South West,Gold,2023-11-06,False,False
CUST02588,Sarah,Lee,25-34,Female,South East,Silver,2022-02-26,True,True
CUST02589,Mohammed,Wood,45-54,Male,London,Bronze,2023-08-10,False,False
CUST02590,Freddie,Wood,65+,Male,London,Gold,2023-11-06,True,True
CUST02591,James,White,35-44,Prefer not to say,London,Bronze,2022-04-28,True,False
CUST02592,Charlie,Ali,35-44,Female,North East,Bronze,2024-01-03,True,True
CUST02593,Sarah,Ali,55-64,Female,East of England,Bronze,2023-04-21,True,True
CUST02594,Ava,White,55-64,Female,London,Platinum,2023-12-11,True,False
CUST02595,George,Hussain,35-44,Female,London,Silver,2024-04-08,True,False
CUST02596,Michael,Walker,25-34,Female,West Midlands,Bronze,2024-05-05,True,True
CUST02597,Jessica,Harris,35-44,Female,London,Silver,2022-08-13,True,True
CUST02598,Aisha,Walker,55-64,Female,East Midlands,Bronze,2023-03-15,True,True
CUST02599,Grace,Singh,65+,Male,South West,Gold,2024-06-14,False,True
CUST02600,Ella,Ahmed,25-34,Male,East of England,Silver,2022-02-12,True,True
CUST02601,James,Clark,25-34,Prefer not to say,North West,Silver,2022-01-13,True,True
CUST02602,Amelia,Davies,45-54,Prefer not to say,South East,Bronze,2022-10-02,True,False
CUST02603,Mia,Hussain,55-64,Male,South East,Bronze,2022-02-03,True,True
CUST02604,Emily,Evans,35-44,Male,East of England,Platinum,2023-10-26,True,True
CUST02605,Jack,Khan,65+,Female,London,Gold,2023-04-14,True,False
CUST02606,Emily,Ahmed,25-34,Prefer not to say,North West,Gold,2022-09-20,False,True
CUST02607,George,Singh,65+,Female,North East,Bronze,2024-04-08,True,True
CUST02608,Harry,Taylor,25-34,Female,East of England,Silver,2024-02-04,True,True
CUST02609,Lily,Clark,18-24,Prefer not to say,East of England,Gold,2023-06-14,False,True
CUST02610,Rahul,Chen,45-54,Male,South East,Bronze,2022-08-30,True,True
CUST02611,Isabella,Robinson,18-24,Female,East of England,Bronze,2023-03-12,True,True
CUST02612,Sarah,Wilson,55-64,Male,London,Bronze,2023-02-19,False,False
CUST02613,Ella,Davies,55-64,Male,Yorkshire,Silver,2023-05-02,False,True
CUST02614,Aisha,Williams,45-54,Female,Yorkshire,Silver,2023-05-30,True,True
CUST02615,Olivia,Hussain,45-54,Male,Yorkshire,Bronze,2024-04-12,True,False
CUST02616,Lily,Thomas,25-34,Male,West Midlands,Bronze,2024-05-14,False,True
CUST02617,George,Khan,65+,Prefer not to say,South West,Bronze,2024-02-23,True,True
CUST02618,George,Khan,25-34,Prefer not to say,Scotland,Silver,2022-03-04,True,True
CUST02619,Amelia,Davies,65+,Prefer not to say,North West,Platinum,2024-04-09,False,True
CUST02620,Emily,Martin,25-34,Male,East of England,Silver,2022-06-07,True,True
CUST02621,Lily,White,25-34,Female,East Midlands,Bronze,2024-04-22,True,True
CUST02622,Isabella,Davies,65+,Male,Scotland,Bronze,2023-08-29,True,True
CUST02623,Emily,Kim,18-24,Female,East Midlands,Bronze,2023-01-03,True,True
CUST02624,Isla,Smith,35-44,Female,Wales,Silver,2023-03-26,True,True
CUST02625,Ella,Thompson,18-24,Prefer not to say,London,Gold,2023-06-09,True,True
CUST02626,Jacob,Chen,45-54,Prefer not to say,North West,Bronze,2023-07-06,False,False
CUST02627,Mia,Wilson,35-44,Prefer not to say,East of England,Gold,2022-10-05,True,True
CUST02628,Sophia,Roberts,65+,Prefer not to say,London,Bronze,2023-10-29,False,True
CUST02629,Sarah,Taylor,55-64,Male,South West,Bronze,2022-04-28,False,False
CUST02630,Oliver,Williams,55-64,Prefer not to say,North East,Platinum,2022-07-28,True,True
CUST02631,Freddie,Johnson,55-64,Female,East Midlands,Silver,2023-02-16,True,False
CUST02632,Mohammed,Jones,65+,Male,East of England,Silver,2024-05-12,True,False
CUST02633,David,Watson,18-24,Male,South West,Bronze,2022-07-08,True,True
CUST02634,Jacob,Johnson,45-54,Female,South West,Bronze,2023-01-30,True,True
CUST02635,Oliver,Thompson,55-64,Male,East of England,Silver,2024-05-10,True,False
CUST02636,Isla,White,35-44,Female,London,Gold,2023-03-08,False,True
CUST02637,Sophia,Clark,55-64,Prefer not to say,North West,Silver,2022-07-08,True,True
CUST02638,Grace,Roberts,35-44,Male,West Midlands,Bronze,2022-01-12,False,True
CUST02639,Noah,Roberts,25-34,Female,South East,Bronze,2023-08-23,True,True
CUST02640,Jack,Thompson,55-64,Female,West Midlands,Bronze,2023-02-19,True,False
CUST02641,Isabella,Ali,35-44,Male,North West,Gold,2022-10-28,True,True
CUST02642,Mia,Lee,35-44,Prefer not to say,Yorkshire,Silver,2022-12-30,False,True
CUST02643,Ella,Jones,25-34,Female,North West,Bronze,2024-03-08,True,True
CUST02644,Jessica,Sharma,25-34,Prefer not to say,South East,Platinum,2024-06-14,False,True
CUST02645,Alfie,Wood,45-54,Male,South West,Gold,2022-07-22,False,True
CUST02646,Alfie,Singh,55-64,Female,East Midlands,Silver,2022-03-17,True,True
CUST02647,Sophia,Lewis,55-64,Prefer not to say,South West,Bronze,2022-02-21,False,True
CUST02648,James,Ali,45-54,Female,London,Silver,2022-05-12,False,True
CUST02649,Sofia,Roberts,55-64,Prefer not to say,East Midlands,Platinum,2022-12-20,True,True
CUST02650,Sarah,Khan,55-64,Prefer not to say,East of England,Silver,2024-02-09,True,True
CUST02651,Thomas,Smith,35-44,Male,South East,Silver,2024-03-10,True,True
CUST02652,Sophia,Thompson,18-24,Female,London,Silver,2024-06-06,True,False
CUST02653,Noah,Roberts,25-34,Female,London,Bronze,2023-09-06,True,True
CUST02654,David,Khan,25-34,Prefer not to say,Yorkshire,Platinum,2022-02-20,True,True
CUST02655,Mia,Williams,35-44,Prefer not to say,Scotland,Bronze,2023-11-09,True,True
CUST02656,Michael,Martin,25-34,Prefer not to say,North West,Silver,2022-07-29,True,True
CUST02657,Thomas,Martin,65+,Female,South East,Silver,2023-07-08,True,True
CUST02658,Aisha,Roberts,18-24,Prefer not to say,London,Bronze,2022-01-12,True,True
CUST02659,Thomas,Lee,55-64,Male,West Midlands,Bronze,2023-05-12,False,True
CUST02660,Harry,Singh,45-54,Prefer not to say,London,Bronze,2023-08-06,False,True
CUST02661,James,Kim,55-64,Female,South West,Platinum,2022-09-09,False,True
CUST02662,Freddie,Jackson,18-24,Female,South East,Platinum,2023-05-07,False,True
CUST02663,Olivia,Martin,25-34,Male,West Midlands,Silver,2023-12-29,True,False
CUST02664,James,Taylor,45-54,Female,East of England,Silver,2022-04-10,True,True
CUST02665,Jack,Wood,45-54,Male,Yorkshire,Gold,2022-12-25,True,False
CUST02666,Aisha,Brown,55-64,Male,East of England,Bronze,2022-05-31,False,True
CUST02667,Amelia,Jackson,35-44,Female,North West,Bronze,2022-11-02,True,True
CUST02668,Thomas,Jones,45-54,Prefer not to say,Scotland,Bronze,2023-05-21,True,True
CUST02669,George,Smith,65+,Female,South West,Bronze,2022-11-19,True,True
CUST02670,Harry,Patel,18-24,Female,West Midlands,Platinum,2023-10-07,True,False
CUST02671,Priya,Davies,35-44,Female,South West,Platinum,2023-08-31,True,True
CUST02672,Priya,Smith,35-44,Female,East Midlands,Bronze,2022-03-17,True,True
CUST02673,Jessica,White,35-44,Prefer not to say,North West,Bronze,2024-05-05,True,True
CUST02674,Jacob,Khan,18-24,Prefer not to say,East of England,Silver,2023-11-14,True,True
CUST02675,Isabella,Smith,65+,Female,South East,Bronze,2023-08-25,True,False
CUST02676,Isabella,Roberts,25-34,Male,North West,Bronze,2024-02-19,True,True
CUST02677,Olivia,Williams,25-34,Prefer not to say,South West,Gold,2023-02-08,False,True
CUST02678,Oliver,Kim,55-64,Prefer not to say,London,Bronze,2022-10-13,True,True
CUST02679,Noah,Ali,35-44,Prefer not to say,South West,Silver,2022-12-13,True,True
CUST02680,Emily,Thomas,25-34,Male,Scotland,Silver,2022-12-17,False,True
CUST02681,Oliver,Taylor,45-54,Female,London,Silver,2024-05-20,False,False
CUST02682,Olivia,Williams,65+,Prefer not to say,London,Silver,2022-02-13,True,True
CUST02683,Grace,Wood,18-24,Male,London,Gold,2024-01-11,True,True
CUST02684,Charlie,Evans,35-44,Prefer not to say,South East,Bronze,2023-01-23,True,True
CUST02685,Daniel,Thompson,25-34,Prefer not to say,London,Silver,2024-03-30,False,True
CUST02686,Olivia,Roberts,18-24,Female,South East,Gold,2023-04-11,True,True
CUST02687,Rahul,Watson,35-44,Female,Yorkshire,Platinum,2022-10-07,True,False
CUST02688,Alfie,Walker,18-24,Female,Yorkshire,Bronze,2023-11-27,True,False
CUST02689,Aisha,Thompson,55-64,Female,South West,Gold,2023-08-10,False,False
CUST02690,Emily,Lewis,25-34,Female,Yorkshire,Silver,2022-05-16,True,True
CUST02691,Alfie,Ali,18-24,Prefer not to say,East of England,Bronze,2022-01-14,True,True
CUST02692,Jessica,Smith,25-34,Female,East of England,Bronze,2023-07-23,True,True
CUST02693,Daniel,Khan,25-34,Female,North West,Bronze,2022-02-12,True,True
CUST02694,Noah,Lee,35-44,Male,West Midlands,Silver,2023-10-19,True,False
CUST02695,Harry,Wilson,25-34,Male,North West,Bronze,2023-08-24,True,True
CUST02696,Oliver,White,35-44,Male,West Midlands,Gold,2022-05-19,False,True
CUST02697,David,Singh,25-34,Male,East Midlands,Gold,2023-08-06,False,True
CUST02698,Thomas,Williams,25-34,Female,South East,Gold,2023-10-01,False,False
CUST02699,Mohammed,White,35-44,Prefer not to say,East Midlands,Bronze,2023-11-09,True,True
CUST02700,Grace,Jackson,35-44,Male,East of England,Bronze,2023-07-25,True,True
CUST02701,Sofia,Patel,65+,Female,East of England,Bronze,2022-05-04,True,True
CUST02702,Daniel,Johnson,25-34,Prefer not to say,North West,Bronze,2023-02-12,True,True
CUST02703,Jack,Martin,65+,Female,South West,Bronze,2023-05-22,False,True
CUST02704,Alfie,Harris,55-64,Female,London,Bronze,2023-03-07,False,False
CUST02705,Emily,Khan,18-24,Male,London,Gold,2022-06-07,True,True
CUST02706,Oliver,Brown,35-44,Male,West Midlands,Bronze,2023-01-09,True,True
CUST02707,Noah,Lee,45-54,Male,South East,Bronze,2023-10-13,False,True
CUST02708,Alfie,Lewis,35-44,Female,London,Bronze,2023-01-18,True,True
CUST02709,Sophia,Taylor,65+,Female,Scotland,Silver,2023-08-04,True,True
CUST02710,Mohammed,Ahmed,55-64,Male,South East,Silver,2023-11-28,True,True
CUST02711,Daniel,Lee,65+,Female,North West,Bronze,2023-06-22,True,True
CUST02712,Jacob,Thompson,25-34,Female,Yorkshire,Silver,2023-02-02,False,True
CUST02713,Rahul,Ahmed,18-24,Male,Wales,Platinum,2022-01-08,False,False
CUST02714,Noah,White,25-34,Male,North West,Bronze,2024-03-31,True,True
CUST02715,Rahul,Lee,45-54,Male,London,Gold,2023-09-10,True,True
CUST02716,Sarah,Robinson,65+,Male,London,Platinum,2023-09-11,False,True
CUST02717,Amelia,Thomas,35-44,Male,Yorkshire,Gold,2022-02-10,False,True
CUST02718,Amelia,White,25-34,Female,East of England,Bronze,2024-05-30,True,True
CUST02719,Aisha,Roberts,18-24,Male,South East,Bronze,2023-07-02,True,True
CUST02720,George,Lee,55-64,Male,South East,Gold,2022-01-01,True,True
CUST02721,Lily,Sharma,65+,Male,East Midlands,Silver,2022-08-06,True,True
CUST02722,Aisha,Martin,18-24,Female,North West,Silver,2023-05-10,True,False
CUST02723,Jessica,Martin,45-54,Prefer not to say,West Midlands,Silver,2022-02-28,True,True
CUST02724,Jacob,Jones,18-24,Prefer not to say,North West,Gold,2022-08-15,True,True
CUST02725,Amelia,Lee,65+,Prefer not to say,Yorkshire,Gold,2022-06-08,False,True
CUST02726,Ava,Robinson,18-24,Female,North East,Silver,2023-04-24,True,False
CUST02727,Lily,Hussain,18-24,Female,London,Silver,2023-02-16,True,True
CUST02728,Harry,Clark,55-64,Female,London,Silver,2024-03-27,True,True
CUST02729,Noah,Williams,65+,Female,North West,Bronze,2022-10-22,True,True
CUST02730,Ella,Jones,65+,Prefer not to say,North West,Silver,2023-05-23,True,True
CUST02731,David,Chen,25-34,Female,East Midlands,Bronze,2023-03-15,False,False
CUST02732,Harry,Thompson,65+,Female,London,Silver,2022-01-15,True,True
CUST02733,Daniel,White,45-54,Prefer not to say,London,Silver,2024-03-23,True,True
CUST02734,Ava,Evans,55-64,Male,Wales,Silver,2023-05-13,False,True
CUST02735,Ella,Brown,35-44,Prefer not to say,North East,Silver,2024-05-08,True,True
CUST02736,Mohammed,Martin,18-24,Female,East Midlands,Gold,2023-09-28,True,True
CUST02737,Thomas,Jackson,25-34,Male,London,Bronze,2023-03-03,True,False
CUST02738,Alfie,Evans,25-34,Prefer not to say,East Midlands,Silver,2022-04-14,True,True
CUST02739,Aisha,Jackson,55-64,Female,South East,Bronze,2022-04-17,True,True
CUST02740,Thomas,Johnson,25-34,Male,North West,Platinum,2023-04-07,True,False
CUST02741,Amelia,Johnson,35-44,Female,Yorkshire,Silver,2022-11-04,False,True
CUST02742,Freddie,Thomas,25-34,Female,East of England,Silver,2023-06-10,False,True
CUST02743,Grace,Brown,45-54,Prefer not to say,London,Silver,2023-11-05,True,True
CUST02744,Rahul,Khan,35-44,Female,Yorkshire,Silver,2022-09-19,True,True
CUST02745,Mohammed,Lee,65+,Female,West Midlands,Silver,2024-02-11,False,True
CUST02746,Isabella,Smith,55-64,Female,London,Bronze,2023-11-26,True,True
CUST02747,Jack,Roberts,45-54,Male,South West,Bronze,2023-07-11,True,True
CUST02748,Mohammed,Kim,65+,Prefer not to say,South West,Bronze,2022-12-31,False,True
CUST02749,Daniel,Martin,35-44,Female,North East,Bronze,2023-06-20,True,True
CUST02750,Ella,Smith,18-24,Male,South West,Bronze,2023-03-18,False,True
CUST02751,Alfie,Jackson,65+,Male,South East,Bronze,2024-05-26,True,True
CUST02752,Freddie,Lewis,35-44,Female,South East,Gold,2022-04-20,False,False
CUST02753,Freddie,Walker,25-34,Prefer not to say,South West,Silver,2022-01-06,False,True
CUST02754,Mia,Martin,45-54,Male,Yorkshire,Silver,2024-03-05,True,True
CUST02755,Lily,Watson,25-34,Male,East of England,Bronze,2022-02-16,True,True
CUST02756,Aisha,Taylor,55-64,Prefer not to say,Yorkshire,Bronze,2023-12-12,True,True
CUST02757,Ella,Smith,55-64,Female,West Midlands,Gold,2022-08-06,False,True
CUST02758,Michael,Thomas,35-44,Female,Wales,Silver,2024-06-07,True,True
CUST02759,Ella,Smith,35-44,Female,North East,Silver,2023-02-03,True,True
CUST02760,Michael,Harris,55-64,Male,East Midlands,Silver,2023-01-22,True,True
CUST02761,Oliver,Clark,55-64,Prefer not to say,Yorkshire,Bronze,2023-11-25,False,True
CUST02762,Sophia,Watson,25-34,Prefer not to say,North West,Gold,2024-01-05,True,False
CUST02763,Alfie,Clark,55-64,Female,West Midlands,Gold,2022-12-29,False,True
CUST02764,Freddie,Williams,25-34,Male,East Midlands,Bronze,2022-11-16,False,True
CUST02765,Thomas,Ahmed,35-44,Prefer not to say,South East,Platinum,2023-06-30,True,True
CUST02766,Ella,Johnson,25-34,Male,East of England,Gold,2023-03-12,True,False
CUST02767,Daniel,Watson,18-24,Prefer not to say,South West,Bronze,2022-11-24,True,True
CUST02768,Oliver,Singh,65+,Prefer not to say,South West,Silver,2023-03-16,True,True
CUST02769,Sarah,Jackson,55-64,Male,London,Platinum,2023-03-07,True,True
CUST02770,Daniel,Lewis,55-64,Male,West Midlands,Silver,2023-01-29,True,True
CUST02771,Noah,Ahmed,55-64,Prefer not to say,London,Gold,2024-04-11,False,False
CUST02772,Aisha,Harris,45-54,Prefer not to say,East Midlands,Gold,2024-04-21,False,False
CUST02773,Alfie,Ahmed,65+,Male,South East,Silver,2022-08-30,False,True
CUST02774,Oliver,Roberts,25-34,Male,East of England,Gold,2023-08-17,True,True
CUST02775,Thomas,Martin,35-44,Prefer not to say,East Midlands,Silver,2024-04-12,True,True
CUST02776,Ella,Ahmed,45-54,Prefer not to say,South East,Bronze,2023-07-20,False,True
CUST02777,Mohammed,Walker,55-64,Prefer not to say,London,Gold,2022-11-18,True,False
CUST02778,Ava,Ahmed,55-64,Male,South East,Bronze,2024-02-06,False,True
CUST02779,Lily,Singh,55-64,Prefer not to say,Yorkshire,Silver,2023-07-26,True,True
CUST02780,Ava,White,55-64,Prefer not to say,South West,Bronze,2023-07-18,True,False
CUST02781,Sarah,Khan,18-24,Male,South East,Bronze,2022-01-18,True,True
CUST02782,Oliver,Clark,65+,Male,East Midlands,Gold,2023-10-09,True,True
CUST02783,Sofia,Evans,55-64,Male,North West,Bronze,2023-08-04,False,True
CUST02784,Sofia,Williams,18-24,Male,East of England,Bronze,2023-02-16,False,True
CUST02785,Freddie,Ali,55-64,Prefer not to say,North East,Bronze,2023-08-27,False,True
CUST02786,David,Williams,25-34,Prefer not to say,South East,Bronze,2023-09-15,True,True
CUST02787,Emily,Wood,25-34,Female,South East,Bronze,2023-09-21,False,True
CUST02788,Charlie,Johnson,65+,Male,London,Bronze,2024-01-28,True,True
CUST02789,Mohammed,Kim,65+,Male,South East,Silver,2024-02-26,False,True
CUST02790,Mia,Watson,65+,Female,South East,Bronze,2023-11-23,True,True
CUST02791,Lily,Brown,35-44,Female,Scotland,Silver,2022-03-20,True,True
CUST02792,Mohammed,Taylor,25-34,Female,East of England,Bronze,2022-08-21,True,True
CUST02793,George,Williams,55-64,Prefer not to say,South West,Gold,2023-02-07,False,True
CUST02794,Freddie,Wood,65+,Female,North West,Silver,2024-06-13,True,True
CUST02795,Sophia,Chen,45-54,Prefer not to say,North West,Bronze,2022-10-26,True,True
CUST02796,Thomas,Harris,18-24,Male,South West,Platinum,2023-03-10,True,True
CUST02797,Michael,Robinson,18-24,Female,East Midlands,Silver,2024-02-16,False,True
CUST02798,Freddie,Kim,25-34,Male,East of England,Platinum,2022-06-14,True,True
CUST02799,Noah,Clark,55-64,Female,Scotland,Silver,2022-05-20,True,False
CUST02800,Mia,Lewis,35-44,Male,South West,Platinum,2022-08-21,True,True
CUST02801,Sophia,Thompson,55-64,Female,North West,Bronze,2022-12-22,False,False
CUST02802,Grace,Ali,45-54,Prefer not to say,South East,Bronze,2022-11-04,True,True
CUST02803,Priya,Jackson,65+,Male,Scotland,Silver,2023-10-10,True,True
CUST02804,James,Clark,18-24,Male,North East,Bronze,2023-03-29,True,True
CUST02805,George,Jackson,18-24,Male,North West,Bronze,2023-07-20,True,True
CUST02806,Jack,White,55-64,Male,West Midlands,Gold,2023-01-31,True,True
CUST02807,Alfie,Khan,35-44,Prefer not to say,West Midlands,Bronze,2022-05-12,True,True
CUST02808,Freddie,Lee,65+,Female,Scotland,Silver,2022-01-30,False,True
CUST02809,Jacob,Walker,45-54,Female,East of England,Bronze,2022-07-11,False,False
CUST02810,Thomas,Brown,18-24,Male,Wales,Silver,2023-02-28,True,True
CUST02811,Harry,Thomas,25-34,Male,West Midlands,Platinum,2024-04-10,True,True
CUST02812,Harry,Brown,25-34,Prefer not to say,South West,Bronze,2023-07-12,True,False
CUST02813,Priya,Jones,18-24,Female,North West,Silver,2023-05-15,True,True
CUST02814,Ella,Khan,18-24,Female,South East,Silver,2022-11-08,True,True
CUST02815,Priya,Brown,45-54,Female,North West,Gold,2024-05-28,False,False
CUST02816,Sofia,Taylor,18-24,Prefer not to say,South West,Silver,2022-05-24,True,True
CUST02817,Priya,Ali,55-64,Prefer not to say,South East,Silver,2022-03-10,True,True
CUST02818,Jessica,Ali,35-44,Male,South East,Bronze,2023-05-13,True,False
CUST02819,Mohammed,Smith,25-34,Prefer not to say,North West,Bronze,2024-03-22,True,False
CUST02820,Ella,Jackson,65+,Female,North West,Bronze,2024-03-11,True,True
CUST02821,Mia,Smith,35-44,Female,Yorkshire,Platinum,2023-07-03,True,True
CUST02822,Ella,Ali,65+,Prefer not to say,West Midlands,Bronze,2023-01-05,False,True
CUST02823,Isla,Roberts,35-44,Male,London,Silver,2024-04-29,False,True
CUST02824,Mohammed,Robinson,18-24,Male,North West,Bronze,2023-04-23,True,True
CUST02825,Isabella,Kim,45-54,Prefer not to say,South West,Bronze,2022-10-20,True,True
CUST02826,Rahul,Taylor,18-24,Male,Yorkshire,Silver,2023-06-26,True,True
CUST02827,Noah,Martin,18-24,Male,South East,Bronze,2022-07-31,False,True
CUST02828,James,Sharma,55-64,Male,East Midlands,Bronze,2022-04-17,False,True
CUST02829,Thomas,Harris,25-34,Female,Yorkshire,Gold,2022-11-24,False,True
CUST02830,James,Roberts,45-54,Prefer not to say,West Midlands,Bronze,2023-10-30,True,True
CUST02831,Amelia,Walker,18-24,Female,London,Bronze,2022-09-27,True,True
CUST02832,Thomas,Clark,65+,Prefer not to say,Scotland,Gold,2023-05-30,True,True
CUST02833,Alfie,Johnson,35-44,Prefer not to say,London,Bronze,2024-04-30,True,True
CUST02834,Sarah,Williams,18-24,Female,London,Bronze,2023-02-23,True,True
CUST02835,Daniel,Lee,25-34,Male,North West,Silver,2024-05-30,True,True
CUST02836,Ella,Williams,18-24,Female,South East,Platinum,2022-05-20,True,True
CUST02837,Jack,Singh,45-54,Male,West Midlands,Bronze,2022-06-30,True,False
CUST02838,Ava,White,55-64,Female,London,Silver,2022-04-27,True,True
CUST02839,Rahul,Lewis,55-64,Female,Scotland,Bronze,2022-06-28,True,True
CUST02840,Sophia,Clark,45-54,Prefer not to say,South East,Bronze,2024-01-21,True,True
CUST02841,Lily,Harris,55-64,Female,South West,Bronze,2023-02-14,True,True
CUST02842,Thomas,Walker,35-44,Male,Yorkshire,Silver,2023-03-17,True,True
CUST02843,David,Hussain,65+,Male,South East,Silver,2024-02-08,True,True
CUST02844,Mia,Patel,45-54,Male,South East,Bronze,2023-04-29,False,False
CUST02845,Rahul,Clark,55-64,Male,South East,Gold,2023-02-18,False,False
CUST02846,Isabella,Taylor,55-64,Female,South West,Bronze,2023-01-14,False,True
CUST02847,Mia,Thompson,45-54,Prefer not to say,West Midlands,Bronze,2023-01-14,False,True
CUST02848,Daniel,Lee,65+,Female,West Midlands,Bronze,2022-10-05,False,True
CUST02849,Aisha,Thompson,25-34,Female,London,Gold,2023-10-12,False,True
CUST02850,Freddie,Harris,18-24,Female,East of England,Bronze,2023-08-30,False,False
CUST02851,Emily,Walker,65+,Prefer not to say,East Midlands,Bronze,2023-12-16,True,True
CUST02852,Grace,Chen,55-64,Female,East of England,Bronze,2023-11-07,True,True
CUST02853,Daniel,Roberts,35-44,Prefer not to say,East of England,Silver,2022-04-14,True,True
CUST02854,Mia,Davies,18-24,Female,North East,Silver,2022-12-29,True,True
CUST02855,Oliver,Thompson,18-24,Female,North West,Silver,2022-04-01,False,True
CUST02856,Olivia,Smith,18-24,Female,East of England,Bronze,2023-12-09,False,False
CUST02857,Oliver,Thomas,45-54,Prefer not to say,South East,Bronze,2023-12-30,True,False
CUST02858,Daniel,Walker,55-64,Female,North West,Bronze,2022-10-20,True,True
CUST02859,Freddie,Johnson,45-54,Prefer not to say,South East,Gold,2022-10-12,True,False
CUST02860,Charlie,Ahmed,25-34,Prefer not to say,Scotland,Gold,2022-07-15,True,True
CUST02861,Sophia,Davies,65+,Male,London,Bronze,2023-02-09,False,True
CUST02862,David,Davies,55-64,Female,East of England,Silver,2023-08-04,False,True
CUST02863,Mia,Robinson,35-44,Male,East Midlands,Bronze,2023-07-18,False,True
CUST02864,Oliver,Wilson,45-54,Prefer not to say,South East,Silver,2022-12-25,True,True
CUST02865,Isla,Wood,25-34,Female,Wales,Bronze,2022-03-25,False,False
CUST02866,Ava,Watson,55-64,Male,South East,Gold,2023-11-04,True,True
CUST02867,George,Lee,45-54,Prefer not to say,London,Bronze,2022-03-05,True,False
CUST02868,Charlie,Khan,18-24,Female,East Midlands,Silver,2022-04-04,True,True
CUST02869,Lily,Johnson,18-24,Male,East of England,Gold,2022-02-18,False,False
CUST02870,Daniel,Williams,65+,Male,North West,Silver,2022-05-02,True,True
CUST02871,Isla,White,55-64,Prefer not to say,Scotland,Bronze,2022-05-05,True,False
CUST02872,Ava,Martin,25-34,Male,South West,Silver,2022-03-03,True,True
CUST02873,Charlie,Robinson,55-64,Female,London,Bronze,2023-08-29,False,True
CUST02874,Noah,Sharma,18-24,Male,North West,Gold,2023-12-20,True,True
CUST02875,Oliver,Thomas,35-44,Female,West Midlands,Bronze,2022-11-13,True,True
CUST02876,Alfie,Ahmed,65+,Female,South East,Gold,2022-05-03,True,True
CUST02877,Ava,Lee,45-54,Prefer not to say,South East,Bronze,2023-09-15,False,True
CUST02878,Isabella,Davies,18-24,Prefer not to say,East of England,Silver,2022-03-15,True,True
CUST02879,Jacob,Jackson,25-34,Male,West Midlands,Bronze,2023-01-24,True,False
CUST02880,Isabella,Davies,35-44,Male,South East,Bronze,2022-03-19,False,False
CUST02881,Sofia,Brown,45-54,Prefer not to say,South East,Bronze,2022-07-09,True,False
CUST02882,Michael,Harris,18-24,Male,London,Bronze,2022-06-29,False,True
CUST02883,David,Watson,55-64,Prefer not to say,North East,Bronze,2022-03-08,False,True
CUST02884,Mia,Taylor,18-24,Female,London,Platinum,2023-06-03,True,True
CUST02885,Daniel,Robinson,35-44,Female,Yorkshire,Bronze,2022-12-23,True,False
CUST02886,Jessica,Davies,45-54,Male,South West,Bronze,2022-07-08,True,True
CUST02887,Sophia,Ali,18-24,Female,London,Bronze,2022-01-27,True,False
CUST02888,Ella,Wilson,25-34,Male,Wales,Bronze,2023-11-01,False,False
CUST02889,Harry,Kim,18-24,Male,London,Silver,2022-09-24,False,True
CUST02890,Jack,Watson,18-24,Female,London,Bronze,2023-09-06,False,True
CUST02891,Jacob,Wilson,35-44,Prefer not to say,London,Bronze,2022-07-16,True,True
CUST02892,Freddie,Jackson,18-24,Prefer not to say,South East,Bronze,2023-07-24,True,True
CUST02893,Lily,Williams,18-24,Female,London,Silver,2023-01-02,True,True
CUST02894,Jacob,Wood,35-44,Male,Yorkshire,Platinum,2024-04-01,True,True
CUST02895,Mohammed,Walker,35-44,Female,Scotland,Bronze,2024-04-25,True,False
CUST02896,Thomas,Jackson,18-24,Prefer not to say,Yorkshire,Silver,2022-01-08,False,True
CUST02897,David,Thompson,18-24,Male,Scotland,Bronze,2022-02-11,True,True
CUST02898,Charlie,Jackson,65+,Female,South East,Bronze,2022-11-04,True,False
CUST02899,Charlie,White,35-44,Female,East Midlands,Gold,2022-05-10,True,True
CUST02900,Alfie,Williams,25-34,Male,West Midlands,Silver,2023-10-06,True,True
CUST02901,Priya,Sharma,55-64,Prefer not to say,Yorkshire,Bronze,2022-08-16,True,True
CUST02902,Jacob,Roberts,18-24,Male,North West,Silver,2023-08-23,False,True
CUST02903,Daniel,Smith,35-44,Female,East Midlands,Platinum,2022-09-03,False,True
CUST02904,Lily,Jones,55-64,Female,London,Gold,2023-08-30,True,False
CUST02905,Thomas,Taylor,65+,Female,South East,Bronze,2023-09-10,False,True
CUST02906,Jack,Ali,35-44,Female,East of England,Bronze,2022-03-10,True,True
CUST02907,Noah,Khan,35-44,Male,South West,Bronze,2022-02-14,True,True
CUST02908,George,Harris,55-64,Prefer not to say,London,Bronze,2023-07-28,True,True
CUST02909,Sarah,Khan,55-64,Prefer not to say,London,Silver,2022-07-19,False,True
CUST02910,David,Sharma,25-34,Female,North West,Gold,2022-11-05,True,True
CUST02911,Freddie,White,25-34,Male,South East,Bronze,2022-09-04,True,True
CUST02912,Alfie,Harris,18-24,Prefer not to say,South East,Bronze,2023-04-11,False,True
CUST02913,Aisha,Martin,45-54,Female,North West,Silver,2022-12-02,True,True
CUST02914,Michael,Ali,18-24,Male,South East,Bronze,2024-05-04,True,True
CUST02915,Ava,Wood,65+,Male,West Midlands,Bronze,2024-02-21,True,True
CUST02916,Noah,Martin,65+,Prefer not to say,Scotland,Bronze,2022-08-16,False,True
CUST02917,Oliver,Thomas,55-64,Female,South West,Gold,2022-10-14,True,True
CUST02918,Michael,Jackson,25-34,Prefer not to say,London,Bronze,2022-04-12,True,True
CUST02919,Amelia,Wilson,35-44,Prefer not to say,South East,Bronze,2023-04-21,False,True
CUST02920,Sarah,Smith,45-54,Male,Wales,Gold,2022-08-03,True,False
CUST02921,Mia,Johnson,55-64,Male,South East,Gold,2022-05-05,True,True
CUST02922,Harry,Chen,18-24,Prefer not to say,East Midlands,Bronze,2022-06-04,True,True
CUST02923,Rahul,Wood,45-54,Prefer not to say,East of England,Silver,2022-08-05,True,True
CUST02924,Amelia,Clark,45-54,Male,South West,Bronze,2022-01-23,True,True
CUST02925,Ella,Sharma,18-24,Prefer not to say,Yorkshire,Bronze,2024-01-06,True,True
CUST02926,Freddie,Wood,18-24,Female,North West,Bronze,2023-04-06,True,True
CUST02927,Noah,Ali,65+,Prefer not to say,East of England,Gold,2022-08-28,True,True
CUST02928,Grace,Kim,65+,Female,North West,Bronze,2023-01-21,True,True
CUST02929,Priya,Walker,65+,Prefer not to say,West Midlands,Bronze,2024-02-15,True,True
CUST02930,Thomas,Chen,65+,Female,South East,Bronze,2023-05-26,False,True
CUST02931,Emily,Brown,25-34,Male,North West,Bronze,2024-02-17,True,False
CUST02932,Mohammed,Hussain,55-64,Male,South West,Bronze,2023-10-26,True,True
CUST02933,George,Wilson,45-54,Female,West Midlands,Silver,2022-09-09,False,True
CUST02934,Sarah,Lee,25-34,Female,South East,Bronze,2023-10-07,False,True
CUST02935,Freddie,Brown,25-34,Female,North West,Silver,2022-12-31,True,True
CUST02936,Emily,Wood,45-54,Male,London,Gold,2023-01-12,True,True
CUST02937,Oliver,Thompson,45-54,Female,Yorkshire,Bronze,2022-02-11,True,False
CUST02938,George,Robinson,25-34,Female,South West,Silver,2023-12-21,False,True
CUST02939,Alfie,Hussain,55-64,Prefer not to say,South East,Silver,2022-08-02,True,True
CUST02940,Emily,Clark,55-64,Male,North East,Bronze,2023-05-24,True,False
CUST02941,Harry,Evans,18-24,Female,West Midlands,Bronze,2022-05-23,False,True
CUST02942,Thomas,Khan,35-44,Male,South West,Gold,2022-06-17,True,False
CUST02943,George,Roberts,45-54,Male,Wales,Bronze,2023-01-13,True,True
CUST02944,Isabella,Sharma,35-44,Prefer not to say,South West,Platinum,2024-04-07,False,True
CUST02945,Sophia,Kim,55-64,Female,East Midlands,Bronze,2023-02-25,True,True
CUST02946,Grace,Singh,18-24,Male,South East,Silver,2023-08-15,True,True
CUST02947,Alfie,Chen,35-44,Female,East of England,Bronze,2023-02-28,True,True
CUST02948,Jack,Chen,25-34,Female,North West,Silver,2023-11-20,True,True
CUST02949,Mohammed,Jones,55-64,Female,East Midlands,Bronze,2022-08-25,True,False
CUST02950,Alfie,Wilson,35-44,Female,North West,Silver,2022-03-16,True,True
CUST02951,Isla,Jackson,45-54,Female,East Midlands,Gold,2024-03-17,True,True
CUST02952,Michael,Ahmed,25-34,Female,London,Silver,2022-12-20,True,True
CUST02953,Mia,Thomas,18-24,Female,East of England,Silver,2022-07-28,True,True
CUST02954,Jessica,Roberts,65+,Male,Scotland,Silver,2022-07-17,True,True
CUST02955,Daniel,Sharma,45-54,Prefer not to say,South West,Bronze,2024-01-05,False,True
CUST02956,Alfie,Lee,25-34,Male,London,Platinum,2023-11-19,True,True
CUST02957,Jack,Jackson,55-64,Female,London,Gold,2024-05-11,True,True
CUST02958,Ava,Lee,45-54,Prefer not to say,East Midlands,Bronze,2024-02-10,True,False
CUST02959,Daniel,Sharma,65+,Prefer not to say,West Midlands,Silver,2023-12-09,False,True
CUST02960,Sophia,Jackson,45-54,Prefer not to say,London,Silver,2022-12-10,True,False
CUST02961,Jack,Wilson,25-34,Male,South East,Bronze,2022-10-14,True,False
CUST02962,Rahul,Taylor,65+,Male,London,Gold,2022-08-09,True,True
CUST02963,Priya,Taylor,55-64,Male,London,Silver,2023-05-02,True,True
CUST02964,George,Taylor,35-44,Male,South East,Bronze,2023-10-16,False,True
CUST02965,Aisha,Brown,65+,Male,North West,Bronze,2023-06-06,True,True
CUST02966,Ava,Hussain,35-44,Female,South East,Silver,2023-10-24,True,True
CUST02967,James,Evans,45-54,Prefer not to say,Scotland,Bronze,2023-10-17,False,True
CUST02968,Jessica,White,18-24,Male,Scotland,Silver,2024-05-10,True,False
CUST02969,Charlie,Khan,55-64,Prefer not to say,West Midlands,Silver,2024-03-20,True,True
CUST02970,Thomas,Davies,18-24,Female,East of England,Bronze,2022-04-16,False,True
CUST02971,Sarah,Ali,45-54,Female,East Midlands,Silver,2023-08-06,True,True
CUST02972,Emily,Brown,45-54,Male,Yorkshire,Gold,2022-06-13,True,False
CUST02973,Ava,Singh,25-34,Female,South East,Silver,2023-07-04,True,True
CUST02974,Freddie,Singh,25-34,Female,Scotland,Platinum,2023-03-27,True,True
CUST02975,Daniel,Roberts,18-24,Female,North East,Silver,2023-02-02,True,True
CUST02976,Aisha,Watson,45-54,Female,East Midlands,Silver,2022-03-10,True,True
CUST02977,Isla,Smith,25-34,Prefer not to say,South East,Bronze,2024-06-14,False,True
CUST02978,Sofia,Lee,55-64,Prefer not to say,North West,Bronze,2024-02-12,True,True
CUST02979,Jack,Johnson,35-44,Male,North West,Bronze,2023-01-15,True,True
CUST02980,James,Ahmed,25-34,Male,East of England,Silver,2022-09-02,False,True
CUST02981,James,Ahmed,25-34,Prefer not to say,North West,Gold,2024-01-10,False,True
CUST02982,David,Wilson,18-24,Prefer not to say,South East,Bronze,2023-04-26,False,True
CUST02983,Isla,Smith,55-64,Male,London,Gold,2023-02-04,True,True
CUST02984,Freddie,Watson,25-34,Male,South East,Bronze,2024-04-27,True,False
CUST02985,Priya,Hussain,65+,Prefer not to say,South West,Silver,2022-02-23,False,False
CUST02986,Sarah,Evans,45-54,Female,Yorkshire,Bronze,2023-11-26,False,True
CUST02987,Emily,Jackson,18-24,Prefer not to say,East Midlands,Silver,2023-04-12,True,True
CUST02988,Ella,Jones,18-24,Prefer not to say,Yorkshire,Bronze,2024-03-08,True,False
CUST02989,Sofia,Singh,25-34,Female,West Midlands,Platinum,2023-11-22,True,True
CUST02990,George,White,25-34,Prefer not to say,Yorkshire,Silver,2022-04-01,True,True
CUST02991,Isabella,Chen,18-24,Male,South East,Gold,2023-05-05,True,True
CUST02992,Harry,Evans,18-24,Male,South West,Gold,2022-12-03,True,True
CUST02993,Harry,Thomas,45-54,Female,East Midlands,Silver,2022-02-01,True,False
CUST02994,David,Robinson,25-34,Female,South East,Silver,2022-12-11,True,True
CUST02995,Amelia,Evans,35-44,Prefer not to say,South West,Silver,2022-04-02,True,True
CUST02996,Emily,Ali,35-44,Prefer not to say,North West,Gold,2023-12-29,True,False
CUST02997,Michael,Thomas,65+,Female,South West,Bronze,2022-04-04,True,True
CUST02998,Aisha,White,55-64,Male,Wales,Silver,2023-07-06,True,True
CUST02999,Harry,Roberts,18-24,Prefer not to say,South West,Bronze,2022-02-10,True,True
CUST03000,Oliver,Martin,18-24,Prefer not to say,London,Gold,2023-01-22,True,True
CUST03001,Michael,Wilson,45-54,Prefer not to say,London,Bronze,2022-05-27,True,False
CUST03002,Emily,Robinson,45-54,Prefer not to say,Yorkshire,Gold,2022-11-24,True,True
CUST03003,Jack,Taylor,65+,Male,East Midlands,Silver,2022-04-02,True,True
CUST03004,Jacob,Smith,35-44,Prefer not to say,Scotland,Bronze,2023-03-31,True,True
CUST03005,George,Clark,55-64,Prefer not to say,Yorkshire,Silver,2022-10-13,True,True
CUST03006,Jack,White,65+,Male,West Midlands,Bronze,2022-08-24,True,True
CUST03007,Daniel,Johnson,55-64,Prefer not to say,London,Gold,2023-03-04,True,True
CUST03008,Thomas,Brown,35-44,Prefer not to say,South East,Silver,2022-05-21,True,True
CUST03009,James,Patel,65+,Male,London,Gold,2024-05-17,True,True
CUST03010,Ava,Thompson,18-24,Prefer not to say,South West,Gold,2022-12-24,False,True
CUST03011,Alfie,Evans,55-64,Prefer not to say,Wales,Silver,2022-10-25,True,True
CUST03012,Mia,Hussain,45-54,Prefer not to say,North West,Silver,2023-09-13,True,True
CUST03013,Thomas,Hussain,65+,Male,East of England,Silver,2023-05-13,True,True
CUST03014,Ava,Chen,25-34,Female,East Midlands,Gold,2023-07-10,True,True
CUST03015,Daniel,Johnson,45-54,Female,London,Bronze,2024-01-17,False,True
CUST03016,James,Walker,45-54,Prefer not to say,South West,Platinum,2023-03-31,True,True
CUST03017,James,Ahmed,35-44,Prefer not to say,East Midlands,Gold,2023-07-18,True,True
CUST03018,Sarah,Hussain,45-54,Male,South West,Platinum,2022-12-16,False,True
CUST03019,Isla,Singh,65+,Prefer not to say,London,Bronze,2022-01-26,True,False
CUST03020,Jacob,Kim,18-24,Female,South East,Silver,2022-10-25,True,True
CUST03021,Alfie,Patel,45-54,Female,North West,Silver,2024-04-22,False,True
CUST03022,Lily,Lee,18-24,Male,North West,Bronze,2022-04-27,True,True
CUST03023,Amelia,White,35-44,Prefer not to say,Yorkshire,Bronze,2023-09-10,False,True
CUST03024,Priya,Ahmed,18-24,Prefer not to say,South East,Bronze,2023-05-19,True,True
CUST03025,Jacob,Evans,65+,Male,South East,Bronze,2022-01-19,False,False
CUST03026,Michael,Watson,25-34,Prefer not to say,Yorkshire,Bronze,2022-02-06,True,True
CUST03027,Olivia,Wood,25-34,Female,East Midlands,Gold,2022-07-05,True,True
CUST03028,James,Sharma,65+,Male,London,Bronze,2022-02-12,True,True
CUST03029,Thomas,Thomas,35-44,Prefer not to say,North West,Silver,2023-01-30,True,True
CUST03030,Grace,Jones,65+,Female,East of England,Gold,2024-03-22,True,True
CUST03031,Ella,Harris,45-54,Prefer not to say,Scotland,Bronze,2024-02-20,False,True
CUST03032,Sophia,Taylor,65+,Female,East Midlands,Silver,2023-05-23,True,True
CUST03033,Sophia,Singh,25-34,Female,South East,Bronze,2022-11-08,False,True
CUST03034,Emily,Patel,55-64,Male,West Midlands,Gold,2023-07-17,True,True
CUST03035,Mia,Patel,65+,Prefer not to say,Scotland,Silver,2023-07-30,False,False
CUST03036,Thomas,Khan,35-44,Prefer not to say,South East,Bronze,2022-08-10,False,True
CUST03037,Sarah,Smith,55-64,Prefer not to say,South East,Bronze,2023-06-22,False,True
CUST03038,Ava,White,35-44,Male,North West,Silver,2023-09-17,True,False
CUST03039,Priya,Jones,65+,Female,South East,Bronze,2022-02-02,True,True
CUST03040,Ella,Khan,45-54,Male,Yorkshire,Bronze,2023-06-29,False,True
CUST03041,Isla,Williams,65+,Female,South West,Gold,2022-06-26,False,False
CUST03042,Mohammed,Watson,65+,Female,West Midlands,Platinum,2024-05-14,True,True
CUST03043,George,Chen,25-34,Female,East Midlands,Bronze,2022-01-30,True,True
CUST03044,James,Harris,35-44,Male,West Midlands,Platinum,2022-05-16,True,True
CUST03045,Mia,Brown,25-34,Female,East Midlands,Gold,2022-12-18,True,False
CUST03046,Michael,Clark,25-34,Male,North West,Silver,2024-02-08,True,True
CUST03047,Priya,Jones,35-44,Male,South West,Bronze,2022-09-02,False,True
CUST03048,Thomas,Ali,25-34,Prefer not to say,South East,Silver,2022-06-02,True,True
CUST03049,Isla,Patel,35-44,Female,South East,Bronze,2023-06-26,False,False
CUST03050,Noah,Wood,35-44,Male,London,Silver,2024-03-28,True,True
CUST03051,Mohammed,Wood,65+,Female,West Midlands,Gold,2023-01-02,False,True
CUST03052,Charlie,Chen,45-54,Male,South East,Bronze,2022-07-10,True,False
CUST03053,Noah,Martin,45-54,Female,Scotland,Silver,2022-05-24,True,True
CUST03054,Charlie,Lewis,45-54,Male,East of England,Silver,2022-09-21,False,True
CUST03055,Jack,Lee,55-64,Male,London,Gold,2022-01-15,True,True
CUST03056,Isabella,Clark,18-24,Female,Yorkshire,Platinum,2024-05-14,True,True
CUST03057,Aisha,Roberts,25-34,Prefer not to say,Yorkshire,Bronze,2023-12-31,True,True
CUST03058,Amelia,Robinson,35-44,Male,North West,Silver,2022-04-13,True,True
CUST03059,Noah,Jackson,65+,Male,London,Bronze,2022-12-19,True,True
CUST03060,Harry,Roberts,55-64,Male,North West,Bronze,2023-01-11,True,True
CUST03061,Rahul,Singh,45-54,Female,East of England,Silver,2023-04-28,True,True
CUST03062,Grace,Jones,65+,Female,West Midlands,Bronze,2022-12-06,True,True
CUST03063,Isla,Harris,25-34,Female,North East,Bronze,2023-12-26,True,False
CUST03064,Olivia,Hussain,45-54,Male,West Midlands,Bronze,2023-12-04,True,True
CUST03065,Jacob,Ahmed,55-64,Male,South West,Gold,2023-12-01,True,True
CUST03066,Ava,Johnson,55-64,Male,North West,Bronze,2023-04-08,True,True
CUST03067,Michael,Wood,55-64,Male,London,Silver,2024-01-19,True,True
CUST03068,Mohammed,Kim,25-34,Prefer not to say,East of England,Gold,2022-03-19,True,True
CUST03069,Alfie,Kim,45-54,Male,South West,Bronze,2023-01-03,True,True
CUST03070,Jack,White,35-44,Female,London,Gold,2022-07-21,True,True
CUST03071,Sofia,Thompson,55-64,Female,East Midlands,Bronze,2024-03-05,True,True
CUST03072,Priya,Taylor,25-34,Prefer not to say,South East,Bronze,2022-11-14,False,True
CUST03073,Jack,Watson,18-24,Prefer not to say,North West,Gold,2023-10-27,True,True
CUST03074,David,Patel,35-44,Prefer not to say,London,Silver,2023-12-08,True,True
CUST03075,Charlie,Williams,18-24,Male,North West,Silver,2023-03-11,False,True
CUST03076,Mohammed,Evans,25-34,Male,South East,Bronze,2022-02-19,True,True
CUST03077,Charlie,Thompson,55-64,Prefer not to say,East Midlands,Bronze,2022-01-03,True,True
CUST03078,Isla,Brown,65+,Female,East of England,Silver,2024-02-29,False,True
CUST03079,James,Thompson,55-64,Prefer not to say,West Midlands,Silver,2024-05-11,False,False
CUST03080,Sofia,Smith,45-54,Prefer not to say,East of England,Silver,2024-01-26,False,True
CUST03081,Harry,Williams,18-24,Female,London,Bronze,2022-07-08,True,True
CUST03082,James,Ahmed,18-24,Female,South East,Silver,2023-05-01,True,True
CUST03083,Mohammed,Evans,25-34,Male,East of England,Silver,2023-11-19,True,True
CUST03084,Noah,White,65+,Female,South East,Platinum,2024-03-10,False,True
CUST03085,Daniel,Patel,35-44,Female,North West,Silver,2022-05-26,False,True
CUST03086,Isabella,Kim,45-54,Prefer not to say,West Midlands,Bronze,2022-03-22,False,True
CUST03087,Thomas,Thompson,55-64,Female,South West,Bronze,2024-05-16,False,True
CUST03088,Jessica,Wood,18-24,Female,South East,Bronze,2023-01-26,True,True
CUST03089,Sarah,Jackson,18-24,Male,Yorkshire,Bronze,2024-05-16,True,True
CUST03090,Lily,Harris,45-54,Female,London,Bronze,2022-03-12,True,True
CUST03091,Jacob,Brown,45-54,Female,Yorkshire,Silver,2023-11-28,True,True
CUST03092,Rahul,Lewis,35-44,Prefer not to say,South East,Silver,2022-04-15,False,True
CUST03093,Sophia,Hussain,18-24,Female,South West,Bronze,2023-03-02,False,True
CUST03094,Oliver,Robinson,45-54,Prefer not to say,East Midlands,Platinum,2023-05-10,True,True
CUST03095,Mia,Sharma,65+,Prefer not to say,Scotland,Bronze,2023-07-09,True,True
CUST03096,Priya,Lewis,65+,Male,Yorkshire,Silver,2022-03-22,True,True
CUST03097,Sarah,Taylor,45-54,Female,East Midlands,Bronze,2022-06-21,True,False
CUST03098,Sofia,Roberts,55-64,Male,London,Silver,2022-02-21,True,True
CUST03099,Sarah,Wilson,55-64,Male,London,Silver,2022-10-15,False,True
CUST03100,Daniel,Taylor,45-54,Female,West Midlands,Silver,2024-03-02,True,False
CUST03101,Grace,Kim,55-64,Prefer not to say,London,Bronze,2023-05-04,True,True
CUST03102,Jacob,Watson,55-64,Female,North West,Platinum,2022-05-08,True,True
CUST03103,Charlie,Smith,45-54,Male,East of England,Silver,2022-04-08,True,True
CUST03104,Charlie,Chen,25-34,Male,London,Silver,2022-09-07,True,False
CUST03105,Amelia,Chen,18-24,Female,East Midlands,Silver,2023-04-05,True,True
CUST03106,George,Davies,55-64,Male,East of England,Silver,2023-07-29,True,True
CUST03107,Jack,Wilson,25-34,Prefer not to say,North West,Silver,2022-06-20,False,False
CUST03108,Isla,Johnson,18-24,Female,South East,Platinum,2022-12-23,True,True
CUST03109,Isabella,Brown,45-54,Prefer not to say,North West,Bronze,2022-05-04,True,True
CUST03110,Lily,Taylor,25-34,Female,West Midlands,Silver,2022-02-16,True,True
CUST03111,Aisha,Wood,35-44,Prefer not to say,South West,Platinum,2024-03-06,True,True
CUST03112,Jacob,Roberts,45-54,Female,Wales,Bronze,2023-08-24,True,True
CUST03113,Aisha,Evans,45-54,Female,London,Silver,2022-11-26,True,True
CUST03114,George,White,45-54,Female,North East,Gold,2024-06-18,True,True
CUST03115,Isla,Khan,18-24,Male,West Midlands,Bronze,2022-07-06,True,True
CUST03116,Ava,White,35-44,Male,London,Bronze,2022-04-11,True,True
CUST03117,Sarah,Khan,55-64,Prefer not to say,Yorkshire,Gold,2022-01-09,True,True
CUST03118,Lily,Singh,55-64,Prefer not to say,East of England,Silver,2023-03-15,True,True
CUST03119,Amelia,Evans,45-54,Female,West Midlands,Gold,2024-02-07,True,True
CUST03120,Noah,Chen,45-54,Prefer not to say,London,Gold,2024-02-18,True,False
CUST03121,Isla,Lee,45-54,Male,East of England,Bronze,2023-04-27,False,True
CUST03122,Grace,Smith,65+,Male,South East,Silver,2023-12-25,True,True
CUST03123,Charlie,Wood,18-24,Female,West Midlands,Bronze,2022-10-04,True,True
CUST03124,James,Evans,55-64,Male,West Midlands,Bronze,2022-11-12,True,True
CUST03125,Ella,Roberts,65+,Prefer not to say,London,Silver,2024-02-19,True,True
CUST03126,Rahul,Smith,65+,Prefer not to say,South East,Bronze,2024-02-12,True,True
CUST03127,Thomas,Brown,35-44,Female,Wales,Bronze,2024-01-24,True,True
CUST03128,Priya,Walker,55-64,Prefer not to say,West Midlands,Bronze,2023-05-22,True,True
CUST03129,Lily,Thomas,35-44,Female,Wales,Silver,2022-11-24,True,True
CUST03130,Amelia,Ali,18-24,Prefer not to say,North East,Gold,2024-04-24,True,True
CUST03131,Sofia,Martin,55-64,Female,London,Silver,2022-11-22,True,True
CUST03132,Isabella,Hussain,45-54,Prefer not to say,South West,Silver,2022-06-28,False,True
CUST03133,Olivia,Patel,25-34,Male,East of England,Bronze,2024-03-04,True,True
CUST03134,Isla,Jones,55-64,Male,North West,Bronze,2022-03-08,True,True
CUST03135,Freddie,Jackson,18-24,Female,South West,Bronze,2024-05-29,True,True
CUST03136,Isla,Harris,65+,Prefer not to say,East of England,Bronze,2022-07-15,True,True
CUST03137,Rahul,Evans,65+,Prefer not to say,South West,Gold,2023-04-29,True,True
CUST03138,Thomas,Singh,35-44,Male,South East,Silver,2023-06-04,True,True
CUST03139,Alfie,Clark,35-44,Male,South West,Bronze,2023-09-28,True,True
CUST03140,Olivia,Singh,55-64,Female,North West,Gold,2022-12-22,True,True
CUST03141,Thomas,Jackson,35-44,Male,South East,Bronze,2023-03-14,False,True
CUST03142,Sophia,Ahmed,18-24,Prefer not to say,East of England,Bronze,2022-02-15,True,True
CUST03143,David,Robinson,35-44,Female,Yorkshire,Silver,2023-07-18,False,True
CUST03144,Thomas,Lee,45-54,Prefer not to say,East of England,Silver,2023-06-13,False,True
CUST03145,Charlie,Ahmed,65+,Prefer not to say,London,Gold,2023-12-19,False,True
CUST03146,Sophia,Kim,18-24,Male,London,Gold,2022-03-29,True,True
CUST03147,Jessica,Evans,35-44,Female,East of England,Bronze,2024-01-04,False,True
CUST03148,Aisha,Brown,55-64,Prefer not to say,East of England,Platinum,2022-01-01,True,True
CUST03149,Grace,White,55-64,Prefer not to say,West Midlands,Bronze,2023-11-10,True,False
CUST03150,Thomas,Martin,18-24,Female,South East,Gold,2023-01-12,True,True
CUST03151,Mia,Sharma,35-44,Female,London,Gold,2023-02-23,True,False
CUST03152,Thomas,Brown,45-54,Prefer not to say,East of England,Bronze,2024-03-25,True,True
CUST03153,Lily,Williams,25-34,Female,London,Gold,2022-05-08,True,True
CUST03154,Michael,Lee,65+,Male,Yorkshire,Gold,2024-06-11,True,True
CUST03155,George,Chen,25-34,Prefer not to say,West Midlands,Silver,2024-03-19,False,False
CUST03156,Jack,Ali,25-34,Female,East of England,Bronze,2024-06-08,True,True
CUST03157,Freddie,Kim,55-64,Prefer not to say,South West,Bronze,2022-03-23,True,True
CUST03158,Rahul,Roberts,65+,Female,East of England,Silver,2022-10-29,False,True
CUST03159,Sofia,Martin,45-54,Male,London,Bronze,2022-08-10,False,True
CUST03160,Grace,Robinson,65+,Prefer not to say,South East,Silver,2022-11-08,False,True
CUST03161,Isabella,Wood,18-24,Prefer not to say,London,Platinum,2024-01-06,True,True
CUST03162,Emily,Davies,45-54,Prefer not to say,North West,Gold,2023-03-27,False,False
CUST03163,Jacob,Kim,35-44,Female,North West,Silver,2024-05-08,False,True
CUST03164,Alfie,Ali,25-34,Female,South West,Bronze,2023-02-28,True,True
CUST03165,Michael,Sharma,35-44,Female,Scotland,Gold,2023-07-22,True,True
CUST03166,Isabella,Jackson,55-64,Prefer not to say,South East,Silver,2023-10-28,True,True
CUST03167,Sophia,Jones,25-34,Female,South West,Bronze,2023-04-16,False,True
CUST03168,Freddie,Jones,45-54,Female,East of England,Bronze,2022-09-29,False,True
CUST03169,Noah,Brown,35-44,Female,Yorkshire,Silver,2022-11-02,True,True
CUST03170,Jack,Williams,65+,Prefer not to say,London,Gold,2023-08-26,True,True
CUST03171,Daniel,Patel,65+,Prefer not to say,London,Silver,2023-01-17,True,True
CUST03172,Aisha,Lee,35-44,Male,South East,Bronze,2023-06-22,True,False
CUST03173,Emily,Lee,18-24,Prefer not to say,West Midlands,Gold,2022-05-14,True,False
CUST03174,Sophia,Ahmed,18-24,Prefer not to say,Yorkshire,Bronze,2022-02-07,True,True
CUST03175,Rahul,Chen,18-24,Male,East Midlands,Gold,2023-08-22,False,False
CUST03176,Noah,Evans,65+,Female,East of England,Silver,2022-03-24,False,True
CUST03177,Daniel,Lee,18-24,Female,Yorkshire,Silver,2022-10-11,False,False
CUST03178,Emily,Sharma,65+,Male,South East,Silver,2023-06-07,False,True
CUST03179,Sofia,Roberts,65+,Prefer not to say,London,Bronze,2023-10-29,True,True
CUST03180,Rahul,Jones,55-64,Prefer not to say,West Midlands,Bronze,2022-12-18,True,True
CUST03181,Mia,Smith,65+,Male,East Midlands,Bronze,2023-12-10,False,False
CUST03182,Oliver,Martin,35-44,Female,West Midlands,Silver,2024-05-25,False,True
CUST03183,George,White,18-24,Female,London,Gold,2022-06-09,False,True
CUST03184,Michael,Harris,45-54,Male,London,Silver,2022-11-12,True,True
CUST03185,Aisha,Johnson,35-44,Female,South East,Bronze,2024-01-21,True,True
CUST03186,Sophia,Jackson,18-24,Male,Scotland,Silver,2022-12-02,True,False
CUST03187,Sarah,Wood,35-44,Male,East of England,Silver,2022-08-20,False,True
CUST03188,Michael,Hussain,35-44,Male,London,Platinum,2024-06-06,True,True
CUST03189,Isla,Smith,25-34,Female,East of England,Bronze,2023-11-22,False,True
CUST03190,Noah,Patel,25-34,Prefer not to say,Scotland,Gold,2023-07-02,True,True
CUST03191,Jacob,Sharma,55-64,Prefer not to say,South East,Gold,2023-12-12,True,True
CUST03192,Lily,Brown,25-34,Prefer not to say,Wales,Bronze,2023-06-20,True,True
CUST03193,Amelia,Robinson,55-64,Male,Scotland,Bronze,2022-12-20,True,True
CUST03194,Noah,Williams,65+,Male,Wales,Platinum,2024-02-20,True,True
CUST03195,Sofia,Walker,35-44,Male,Yorkshire,Platinum,2024-06-05,True,True
CUST03196,Charlie,Singh,55-64,Female,Yorkshire,Bronze,2022-06-10,True,False
CUST03197,Charlie,Lewis,18-24,Prefer not to say,South East,Silver,2024-01-24,True,True
CUST03198,Grace,Khan,18-24,Male,South East,Bronze,2022-03-31,True,True
CUST03199,Jack,Brown,35-44,Male,London,Bronze,2024-05-19,True,True
CUST03200,Jessica,Davies,65+,Prefer not to say,London,Bronze,2023-04-06,False,True
CUST03201,Lily,Martin,35-44,Female,South West,Gold,2023-07-17,False,True
CUST03202,Lily,Martin,35-44,Male,North West,Silver,2024-03-30,True,True
CUST03203,Freddie,Chen,55-64,Prefer not to say,South East,Bronze,2022-04-11,False,True
CUST03204,Charlie,Jones,45-54,Male,North East,Silver,2022-03-26,False,True
CUST03205,Oliver,Taylor,65+,Prefer not to say,East of England,Bronze,2022-04-06,True,True
CUST03206,Jacob,Khan,55-64,Male,South West,Silver,2024-01-28,True,True
CUST03207,Michael,Patel,65+,Female,London,Gold,2022-03-27,False,False
CUST03208,Isla,Watson,45-54,Prefer not to say,North West,Silver,2022-02-01,True,True
CUST03209,Mia,Thomas,65+,Prefer not to say,West Midlands,Platinum,2023-08-06,True,True
CUST03210,Alfie,Ahmed,18-24,Prefer not to say,London,Bronze,2024-02-18,True,False
CUST03211,David,Watson,55-64,Female,West Midlands,Silver,2023-11-08,True,True
CUST03212,David,Wilson,25-34,Prefer not to say,South East,Bronze,2023-07-24,True,False
CUST03213,Harry,Clark,65+,Prefer not to say,North East,Gold,2024-04-10,True,True
CUST03214,Daniel,Jones,45-54,Male,South East,Bronze,2022-05-31,True,True
CUST03215,Priya,Harris,45-54,Female,East of England,Gold,2023-03-05,True,True
CUST03216,Oliver,White,18-24,Prefer not to say,East of England,Silver,2023-08-17,True,True
CUST03217,Sophia,Robinson,18-24,Male,North East,Bronze,2023-12-06,True,True
CUST03218,Mia,Sharma,55-64,Prefer not to say,Scotland,Bronze,2022-05-18,False,True
CUST03219,Isabella,Brown,25-34,Female,West Midlands,Bronze,2023-12-15,True,False
CUST03220,Oliver,Davies,18-24,Prefer not to say,North West,Silver,2022-05-22,True,False
CUST03221,Ella,Kim,18-24,Prefer not to say,West Midlands,Bronze,2023-05-09,True,True
CUST03222,Sophia,Martin,65+,Male,East Midlands,Platinum,2022-05-05,True,True
CUST03223,Jacob,White,45-54,Prefer not to say,Yorkshire,Platinum,2023-08-27,True,True
CUST03224,Isabella,Patel,18-24,Prefer not to say,South West,Bronze,2022-05-12,True,False
CUST03225,Mia,Thomas,65+,Prefer not to say,South West,Bronze,2022-12-06,True,False
CUST03226,Daniel,Chen,35-44,Female,West Midlands,Bronze,2024-02-17,True,True
CUST03227,Amelia,Johnson,55-64,Male,Yorkshire,Gold,2023-11-11,True,True
CUST03228,Isabella,Singh,25-34,Male,South West,Silver,2022-06-07,True,True
CUST03229,Lily,Lee,45-54,Female,West Midlands,Silver,2024-01-15,False,True
CUST03230,Mia,Hussain,35-44,Prefer not to say,South East,Bronze,2024-03-31,False,True
CUST03231,Mia,Patel,65+,Male,London,Silver,2022-03-23,True,True
CUST03232,Aisha,Johnson,55-64,Prefer not to say,West Midlands,Bronze,2023-12-28,False,False
CUST03233,George,Jackson,55-64,Female,West Midlands,Platinum,2022-03-31,True,True
CUST03234,Jacob,Wilson,55-64,Prefer not to say,East of England,Bronze,2022-11-27,True,True
CUST03235,Priya,Martin,18-24,Female,Yorkshire,Bronze,2023-02-21,True,True
CUST03236,Thomas,Thompson,65+,Male,North East,Bronze,2023-03-28,True,True
CUST03237,Amelia,Taylor,18-24,Female,North West,Gold,2023-06-01,True,True
CUST03238,Sarah,Roberts,25-34,Female,London,Silver,2022-12-02,True,True
CUST03239,Olivia,Hussain,45-54,Female,East Midlands,Silver,2023-11-10,True,True
CUST03240,Jack,Davies,65+,Prefer not to say,Wales,Bronze,2023-12-12,True,True
CUST03241,James,Brown,35-44,Male,South West,Bronze,2022-11-04,False,True
CUST03242,Michael,Evans,35-44,Female,South East,Bronze,2024-02-04,True,True
CUST03243,Freddie,Khan,18-24,Prefer not to say,North East,Silver,2023-08-23,True,False
CUST03244,Daniel,Thomas,45-54,Male,London,Bronze,2024-04-24,True,True
CUST03245,Lily,Brown,18-24,Prefer not to say,West Midlands,Silver,2023-12-15,True,True
CUST03246,Freddie,Singh,65+,Male,London,Bronze,2024-01-27,True,False
CUST03247,Ava,Thompson,18-24,Prefer not to say,East of England,Bronze,2024-01-10,True,True
CUST03248,Olivia,Ali,25-34,Female,South East,Platinum,2022-04-02,True,True
CUST03249,Ella,Jackson,65+,Female,London,Silver,2023-10-19,True,False
CUST03250,Aisha,Davies,65+,Prefer not to say,West Midlands,Platinum,2024-04-30,True,True
CUST03251,Rahul,Brown,25-34,Prefer not to say,West Midlands,Bronze,2023-01-19,True,True
CUST03252,Olivia,Clark,25-34,Prefer not to say,London,Gold,2023-09-11,True,True
CUST03253,Isabella,Clark,65+,Prefer not to say,East of England,Bronze,2023-11-21,False,True
CUST03254,Mohammed,Williams,45-54,Male,South East,Bronze,2024-03-09,True,True
CUST03255,Ava,Harris,25-34,Female,East of England,Silver,2023-12-27,True,True
CUST03256,Amelia,Roberts,65+,Male,North West,Bronze,2023-02-25,True,True
CUST03257,Isabella,Harris,18-24,Female,London,Silver,2023-12-12,False,True
CUST03258,Jack,Wilson,18-24,Female,West Midlands,Silver,2022-02-22,True,True
CUST03259,Sophia,Thompson,65+,Male,North West,Silver,2023-09-22,False,True
CUST03260,Rahul,Ahmed,55-64,Female,South West,Bronze,2022-12-27,True,True
CUST03261,Michael,Harris,18-24,Female,East of England,Gold,2024-01-19,True,True
CUST03262,Mohammed,Roberts,25-34,Male,East of England,Platinum,2023-09-27,True,True
CUST03263,Priya,Sharma,65+,Prefer not to say,South East,Silver,2024-05-04,True,True
CUST03264,Harry,Roberts,55-64,Female,West Midlands,Bronze,2023-02-17,True,True
CUST03265,Ava,Harris,45-54,Male,South East,Silver,2022-09-02,True,True
CUST03266,Jessica,Evans,35-44,Prefer not to say,Wales,Silver,2023-08-31,False,True
CUST03267,Isabella,Jackson,18-24,Prefer not to say,South East,Bronze,2024-04-05,True,False
CUST03268,Ava,Sharma,35-44,Female,Yorkshire,Bronze,2023-06-15,True,True
CUST03269,Sofia,Evans,18-24,Male,East of England,Silver,2022-07-15,True,True
CUST03270,Charlie,Kim,65+,Male,Scotland,Silver,2022-02-10,True,True
CUST03271,Thomas,Lewis,55-64,Female,South East,Bronze,2023-05-16,True,True
CUST03272,Rahul,Thompson,65+,Prefer not to say,Yorkshire,Gold,2024-03-28,False,True
CUST03273,Isabella,Patel,25-34,Female,East of England,Bronze,2023-11-25,True,True
CUST03274,Emily,Williams,45-54,Male,East of England,Bronze,2023-09-01,True,True
CUST03275,Ava,Wood,35-44,Male,Yorkshire,Silver,2022-03-29,True,True
CUST03276,David,Harris,25-34,Female,West Midlands,Platinum,2022-02-18,True,True
CUST03277,Mia,Martin,45-54,Prefer not to say,Yorkshire,Silver,2024-05-21,False,True
CUST03278,Ella,Jones,25-34,Prefer not to say,Yorkshire,Platinum,2022-03-06,True,True
CUST03279,Mia,Singh,65+,Female,North West,Silver,2023-04-13,True,True
CUST03280,Amelia,Clark,25-34,Prefer not to say,South West,Gold,2022-01-26,False,True
CUST03281,George,Roberts,55-64,Prefer not to say,South West,Platinum,2022-09-28,True,True
CUST03282,Alfie,Walker,25-34,Male,South East,Silver,2022-05-10,True,False
CUST03283,Sofia,Davies,18-24,Prefer not to say,East of England,Silver,2024-04-04,True,False
CUST03284,Lily,Khan,35-44,Female,Scotland,Silver,2024-04-09,True,True
CUST03285,Ava,Lewis,35-44,Prefer not to say,North West,Bronze,2023-01-17,True,True
CUST03286,Aisha,Davies,25-34,Female,Scotland,Bronze,2022-04-10,True,True
CUST03287,Jack,Robinson,55-64,Prefer not to say,West Midlands,Bronze,2022-05-28,True,True
CUST03288,Thomas,Harris,18-24,Prefer not to say,Yorkshire,Bronze,2024-01-10,False,False
CUST03289,Sofia,Thomas,25-34,Male,Scotland,Bronze,2022-09-24,True,True
CUST03290,Ella,Taylor,18-24,Male,London,Bronze,2022-11-28,True,False
CUST03291,Isla,Smith,55-64,Female,North West,Bronze,2022-01-12,True,True
CUST03292,Harry,Smith,45-54,Prefer not to say,West Midlands,Bronze,2023-05-10,True,True
CUST03293,Freddie,Singh,18-24,Female,South West,Silver,2023-01-22,True,True
CUST03294,Charlie,Sharma,25-34,Male,South East,Silver,2022-07-09,False,True
CUST03295,Lily,Evans,55-64,Female,North West,Bronze,2023-11-04,True,False
CUST03296,Olivia,Ali,35-44,Prefer not to say,South East,Bronze,2023-11-19,False,True
CUST03297,Noah,Khan,18-24,Female,Yorkshire,Silver,2022-04-22,True,True
CUST03298,Sofia,White,55-64,Male,Scotland,Silver,2022-01-21,False,True
CUST03299,Lily,Thomas,35-44,Prefer not to say,Wales,Silver,2022-08-23,False,True
CUST03300,George,Singh,55-64,Prefer not to say,London,Bronze,2022-05-07,True,True
CUST03301,James,Ahmed,35-44,Male,London,Bronze,2023-04-21,True,True
CUST03302,Daniel,Thomas,35-44,Male,South West,Bronze,2022-09-12,True,True
CUST03303,Oliver,Ahmed,35-44,Female,East of England,Bronze,2023-08-09,True,True
CUST03304,Mia,Harris,25-34,Prefer not to say,North West,Silver,2023-01-12,True,True
CUST03305,Isabella,Martin,18-24,Female,South East,Gold,2023-04-05,False,True
CUST03306,Priya,Wilson,18-24,Male,Yorkshire,Bronze,2024-03-01,True,True
CUST03307,Isabella,Walker,18-24,Prefer not to say,South East,Silver,2023-07-11,False,True
CUST03308,Mia,Clark,55-64,Female,London,Gold,2022-01-13,True,False
CUST03309,Oliver,Walker,18-24,Female,South West,Silver,2023-12-18,True,False
CUST03310,George,Thomas,35-44,Prefer not to say,South West,Bronze,2022-11-07,False,True
CUST03311,Mia,Martin,25-34,Male,South West,Silver,2024-04-08,True,True
CUST03312,Daniel,Ahmed,45-54,Prefer not to say,South West,Bronze,2023-04-10,False,True
CUST03313,Mohammed,Ahmed,65+,Prefer not to say,West Midlands,Bronze,2022-11-14,True,True
CUST03314,Isabella,Williams,25-34,Male,London,Silver,2023-04-29,False,True
CUST03315,Jessica,Clark,45-54,Female,Wales,Bronze,2024-01-10,True,True
CUST03316,Harry,Harris,65+,Female,Yorkshire,Bronze,2022-10-15,True,True
CUST03317,Sofia,Jones,35-44,Female,London,Bronze,2022-12-19,True,True
CUST03318,Lily,Hussain,45-54,Male,London,Bronze,2024-01-06,False,True
CUST03319,Rahul,Jackson,65+,Prefer not to say,South East,Bronze,2023-04-06,True,True
CUST03320,David,Roberts,25-34,Female,West Midlands,Bronze,2024-03-20,True,True
CUST03321,Oliver,Robinson,55-64,Male,East Midlands,Bronze,2023-11-28,False,True
CUST03322,Emily,Smith,45-54,Female,Yorkshire,Silver,2022-12-24,True,False
CUST03323,Emily,Brown,25-34,Prefer not to say,London,Bronze,2023-10-28,False,True
CUST03324,Jessica,Kim,45-54,Female,East Midlands,Silver,2024-02-25,True,True
CUST03325,Emily,Roberts,45-54,Male,East of England,Silver,2024-04-25,False,True
CUST03326,Noah,Taylor,45-54,Male,Wales,Bronze,2024-03-15,False,True
CUST03327,Harry,Chen,55-64,Prefer not to say,North East,Bronze,2023-11-08,True,True
CUST03328,Isabella,Taylor,25-34,Male,West Midlands,Gold,2023-12-02,True,True
CUST03329,Daniel,Jones,45-54,Prefer not to say,Wales,Bronze,2022-01-24,True,True
CUST03330,Daniel,Patel,65+,Male,London,Bronze,2022-01-03,False,True
CUST03331,Lily,Davies,25-34,Prefer not to say,South East,Silver,2022-05-24,True,True
CUST03332,Sophia,White,55-64,Prefer not to say,South East,Silver,2023-01-27,True,True
CUST03333,James,White,25-34,Female,South East,Bronze,2022-04-30,True,True
CUST03334,Mohammed,Thompson,45-54,Female,Yorkshire,Bronze,2022-01-07,True,True
CUST03335,Oliver,Hussain,55-64,Female,East Midlands,Silver,2024-03-30,False,True
CUST03336,Amelia,Williams,25-34,Prefer not to say,East Midlands,Bronze,2022-01-29,True,True
CUST03337,Sarah,Williams,18-24,Prefer not to say,Scotland,Gold,2022-03-18,False,False
CUST03338,Alfie,Hussain,55-64,Prefer not to say,Yorkshire,Bronze,2022-08-02,False,True
CUST03339,George,White,25-34,Female,East Midlands,Gold,2024-03-27,True,True
CUST03340,Sarah,Khan,35-44,Female,London,Bronze,2022-04-26,True,True
CUST03341,James,Hussain,18-24,Male,South East,Silver,2023-07-09,True,True
CUST03342,Aisha,Davies,25-34,Male,London,Bronze,2022-11-16,True,True
CUST03343,Rahul,Harris,35-44,Female,London,Bronze,2023-05-16,False,True
CUST03344,George,Taylor,35-44,Female,South West,Gold,2023-11-06,True,True
CUST03345,Charlie,Patel,25-34,Female,West Midlands,Silver,2022-01-19,True,True
CUST03346,Jack,Wood,65+,Female,London,Silver,2024-04-25,True,True
CUST03347,Isla,Walker,18-24,Prefer not to say,Scotland,Silver,2023-07-10,False,True
CUST03348,Ava,Khan,55-64,Prefer not to say,West Midlands,Bronze,2022-09-01,True,False
CUST03349,Jessica,Roberts,25-34,Male,South West,Bronze,2022-12-10,True,True
CUST03350,David,Smith,18-24,Female,London,Bronze,2022-04-13,False,True
CUST03351,Sarah,Thomas,18-24,Prefer not to say,London,Bronze,2024-05-17,True,True
CUST03352,Freddie,Patel,25-34,Male,South East,Bronze,2024-05-18,False,False
CUST03353,Ella,Walker,45-54,Prefer not to say,South East,Bronze,2024-05-01,True,True
CUST03354,Rahul,Martin,18-24,Male,South West,Bronze,2023-10-09,False,True
CUST03355,Olivia,Jones,45-54,Female,North West,Silver,2023-09-08,True,False
CUST03356,Amelia,Harris,55-64,Female,North West,Silver,2022-11-14,True,True
CUST03357,Noah,Thompson,65+,Male,London,Silver,2022-12-21,False,True
CUST03358,Thomas,Ahmed,45-54,Male,North East,Bronze,2022-08-30,True,True
CUST03359,Aisha,Harris,55-64,Female,East of England,Bronze,2022-07-22,False,True
CUST03360,Aisha,Khan,65+,Female,South East,Silver,2022-04-23,True,False
CUST03361,Jack,Wood,35-44,Prefer not to say,West Midlands,Silver,2023-09-21,True,True
CUST03362,Emily,Taylor,65+,Male,Yorkshire,Silver,2023-08-19,True,True
CUST03363,Priya,Hussain,25-34,Female,South West,Bronze,2023-03-06,True,True
CUST03364,Alfie,Thomas,35-44,Female,East Midlands,Gold,2023-12-13,True,True
CUST03365,Mia,Taylor,55-64,Male,Yorkshire,Bronze,2023-09-06,True,False
CUST03366,Aisha,Roberts,45-54,Male,London,Silver,2023-11-27,False,True
CUST03367,Daniel,Harris,18-24,Female,East of England,Gold,2022-07-06,False,True
CUST03368,James,Smith,65+,Male,East of England,Bronze,2024-03-17,True,True
CUST03369,Ella,Kim,35-44,Male,London,Silver,2022-12-04,True,False
CUST03370,Mohammed,Chen,65+,Female,North East,Silver,2024-02-19,False,True
CUST03371,Priya,Thompson,55-64,Male,North West,Bronze,2022-03-26,True,True
CUST03372,Isabella,Khan,35-44,Male,London,Bronze,2023-04-22,True,True
CUST03373,Jack,Lee,35-44,Female,South West,Gold,2023-12-22,True,True
CUST03374,Michael,Thompson,65+,Prefer not to say,South East,Bronze,2023-04-08,True,True
CUST03375,Amelia,Thompson,18-24,Female,West Midlands,Silver,2022-10-18,True,True
CUST03376,Rahul,Watson,55-64,Male,West Midlands,Bronze,2023-03-30,True,True
CUST03377,Oliver,Watson,35-44,Male,Yorkshire,Silver,2023-02-14,True,True
CUST03378,Priya,Lewis,55-64,Female,East Midlands,Bronze,2023-12-07,False,True
CUST03379,Charlie,Wood,25-34,Male,Scotland,Bronze,2024-04-27,True,True
CUST03380,Ava,Taylor,25-34,Male,South West,Bronze,2024-05-08,True,True
CUST03381,Sarah,White,18-24,Prefer not to say,East Midlands,Bronze,2024-02-16,False,True
CUST03382,Mia,Patel,18-24,Female,North East,Bronze,2022-09-05,True,True
CUST03383,Mohammed,Evans,18-24,Female,Yorkshire,Bronze,2022-05-16,True,True
CUST03384,Michael,Taylor,55-64,Female,West Midlands,Silver,2024-05-29,True,True
CUST03385,Lily,Clark,45-54,Female,London,Silver,2023-10-26,True,True
CUST03386,Noah,Thomas,35-44,Male,East of England,Gold,2023-01-17,False,True
CUST03387,Noah,Thompson,65+,Female,North East,Bronze,2022-03-19,True,True
CUST03388,Sophia,Brown,55-64,Prefer not to say,North West,Bronze,2022-11-14,False,False
CUST03389,Priya,Sharma,18-24,Female,South West,Bronze,2022-11-18,True,False
CUST03390,Isabella,Jones,45-54,Male,Yorkshire,Bronze,2023-02-24,True,True
CUST03391,Rahul,Lee,25-34,Female,London,Gold,2024-06-12,True,True
CUST03392,Mohammed,Williams,35-44,Male,London,Silver,2022-03-16,False,True
CUST03393,Emily,Kim,45-54,Male,South East,Silver,2023-01-03,False,True
CUST03394,Harry,Williams,18-24,Male,London,Bronze,2023-06-02,False,True
CUST03395,Jack,Robinson,55-64,Male,East of England,Silver,2024-05-19,True,True
CUST03396,Harry,Watson,45-54,Prefer not to say,London,Platinum,2022-08-01,True,True
CUST03397,Sarah,Patel,18-24,Prefer not to say,North West,Bronze,2023-06-05,False,False
CUST03398,Priya,Williams,65+,Prefer not to say,South West,Platinum,2022-02-16,True,True
CUST03399,Harry,Smith,45-54,Male,Yorkshire,Bronze,2022-06-30,True,True
CUST03400,Jacob,Jackson,45-54,Male,West Midlands,Silver,2023-07-22,True,True
CUST03401,David,Wood,65+,Prefer not to say,Yorkshire,Bronze,2022-01-19,True,True
CUST03402,Jessica,Singh,18-24,Prefer not to say,South East,Platinum,2023-02-14,True,True
CUST03403,Sophia,Ali,45-54,Female,East Midlands,Platinum,2022-03-23,False,True
CUST03404,Emily,Kim,35-44,Male,North West,Bronze,2024-01-11,False,False
CUST03405,Thomas,Harris,35-44,Female,London,Silver,2022-03-28,True,False
CUST03406,Lily,Thompson,18-24,Prefer not to say,London,Silver,2022-08-01,False,True
CUST03407,Oliver,Williams,25-34,Female,East of England,Platinum,2022-05-31,False,True
CUST03408,Ava,Thompson,45-54,Prefer not to say,East of England,Gold,2024-03-20,True,True
CUST03409,Sofia,Sharma,65+,Prefer not to say,East of England,Silver,2022-04-12,True,False
CUST03410,Rahul,Jackson,55-64,Female,West Midlands,Bronze,2022-04-21,True,True
CUST03411,Jack,Thomas,35-44,Female,South East,Bronze,2023-11-12,True,False
CUST03412,Harry,Williams,65+,Prefer not to say,East Midlands,Silver,2022-10-30,True,True
CUST03413,Daniel,Ahmed,25-34,Prefer not to say,East of England,Bronze,2023-05-23,False,True
CUST03414,James,Walker,35-44,Male,East of England,Gold,2022-08-08,True,True
CUST03415,Noah,Jackson,25-34,Female,London,Bronze,2023-08-18,True,False
CUST03416,Ella,Evans,45-54,Prefer not to say,East Midlands,Silver,2023-05-19,True,False
CUST03417,Sofia,Roberts,55-64,Prefer not to say,East of England,Bronze,2023-02-28,True,True
CUST03418,Sofia,Johnson,25-34,Female,London,Gold,2024-03-28,False,True
CUST03419,Alfie,Thompson,18-24,Male,South East,Platinum,2022-06-19,True,True
CUST03420,David,Kim,18-24,Male,South East,Silver,2024-02-01,True,False
CUST03421,Olivia,Smith,35-44,Male,South West,Bronze,2022-04-15,True,False
CUST03422,Alfie,Sharma,55-64,Prefer not to say,South East,Bronze,2022-08-11,True,True
CUST03423,Isla,Chen,18-24,Female,London,Bronze,2023-01-26,True,False
CUST03424,Grace,Harris,35-44,Male,London,Bronze,2024-04-09,True,True
CUST03425,Sophia,Khan,25-34,Prefer not to say,London,Gold,2022-06-02,True,True
CUST03426,Rahul,Williams,25-34,Male,North West,Gold,2022-11-04,True,True
CUST03427,Sofia,Wilson,35-44,Male,East Midlands,Bronze,2023-01-25,False,True
CUST03428,Oliver,White,45-54,Male,North West,Silver,2022-03-29,True,False
CUST03429,Alfie,Martin,45-54,Prefer not to say,West Midlands,Bronze,2024-04-14,True,True
CUST03430,Ava,Jackson,18-24,Male,South East,Bronze,2023-02-24,True,True
CUST03431,Charlie,Wilson,55-64,Prefer not to say,London,Bronze,2022-03-13,True,False
CUST03432,Mia,Johnson,35-44,Prefer not to say,London,Gold,2023-12-16,True,True
CUST03433,Harry,Singh,45-54,Male,East Midlands,Bronze,2023-04-07,True,True
CUST03434,David,Evans,35-44,Prefer not to say,North West,Silver,2023-01-31,True,True
CUST03435,Charlie,White,35-44,Female,South East,Silver,2022-07-22,True,True
CUST03436,Sarah,Watson,18-24,Female,Yorkshire,Bronze,2023-11-09,True,False
CUST03437,Sophia,White,55-64,Prefer not to say,East Midlands,Gold,2023-04-06,False,True
CUST03438,Isabella,Evans,65+,Male,South West,Platinum,2022-08-24,True,True
CUST03439,Daniel,Harris,18-24,Male,North West,Bronze,2024-04-15,True,True
CUST03440,Jessica,Patel,25-34,Male,Yorkshire,Silver,2024-04-08,True,True
CUST03441,Isabella,Davies,65+,Male,London,Platinum,2023-02-11,False,True
CUST03442,Emily,Evans,25-34,Female,South East,Bronze,2022-10-30,True,True
CUST03443,Jessica,Jackson,55-64,Female,East of England,Bronze,2022-10-15,False,True
CUST03444,Ella,White,55-64,Male,East of England,Gold,2023-10-14,True,True
CUST03445,Oliver,Taylor,45-54,Female,London,Bronze,2022-04-20,False,False
CUST03446,Mia,Hussain,35-44,Prefer not to say,North East,Silver,2024-02-23,True,True
CUST03447,Jessica,Evans,18-24,Male,South West,Silver,2022-02-07,False,False
CUST03448,Ella,Jones,25-34,Male,South East,Bronze,2022-02-07,True,True
CUST03449,Thomas,Kim,35-44,Male,South East,Silver,2023-08-30,True,True
CUST03450,Emily,Clark,35-44,Male,South East,Platinum,2024-01-18,False,True
CUST03451,Ava,Wood,35-44,Male,North East,Gold,2022-01-28,True,True
CUST03452,Amelia,Ali,65+,Female,Wales,Bronze,2023-12-13,False,True
CUST03453,Sarah,Ahmed,25-34,Male,Wales,Bronze,2024-01-28,True,True
CUST03454,Freddie,Watson,55-64,Female,Yorkshire,Bronze,2023-12-13,True,True
CUST03455,Priya,Ali,35-44,Prefer not to say,South East,Silver,2024-04-11,False,True
CUST03456,David,Davies,35-44,Prefer not to say,London,Gold,2023-02-02,True,True
CUST03457,Jacob,Hussain,55-64,Female,South West,Bronze,2022-07-25,True,True
CUST03458,Charlie,Hussain,25-34,Female,East of England,Bronze,2023-07-27,True,True
CUST03459,Oliver,Khan,65+,Prefer not to say,East Midlands,Bronze,2022-12-14,True,True
CUST03460,Lily,Khan,25-34,Prefer not to say,East of England,Silver,2023-02-07,True,True
CUST03461,Mohammed,Singh,45-54,Male,North West,Bronze,2022-10-31,True,True
CUST03462,Sarah,Evans,65+,Prefer not to say,Wales,Bronze,2022-05-16,True,True
CUST03463,Jack,Clark,18-24,Prefer not to say,Scotland,Bronze,2022-05-10,True,True
CUST03464,Noah,Wilson,65+,Prefer not to say,London,Gold,2023-11-14,False,True
CUST03465,David,Walker,55-64,Female,North West,Platinum,2022-03-14,True,True
CUST03466,Mia,Smith,18-24,Prefer not to say,Yorkshire,Silver,2022-03-31,True,True
CUST03467,Sofia,Taylor,65+,Prefer not to say,Scotland,Gold,2022-11-07,False,True
CUST03468,Ava,Brown,18-24,Female,West Midlands,Silver,2022-07-21,False,True
CUST03469,Isabella,Chen,35-44,Female,Yorkshire,Bronze,2023-04-23,True,True
CUST03470,Alfie,Thomas,18-24,Female,London,Bronze,2022-03-15,False,False
CUST03471,Sarah,Ali,18-24,Prefer not to say,West Midlands,Platinum,2022-05-05,True,False
CUST03472,Isla,Chen,35-44,Male,West Midlands,Bronze,2022-06-09,True,True
CUST03473,Mohammed,Brown,45-54,Female,South West,Bronze,2022-07-13,True,True
CUST03474,George,Wood,65+,Male,Wales,Bronze,2024-03-11,True,False
CUST03475,Daniel,Ahmed,18-24,Male,South West,Silver,2023-10-13,False,True
CUST03476,Mohammed,Johnson,25-34,Female,London,Silver,2023-09-12,True,True
CUST03477,Ella,Thompson,65+,Prefer not to say,South West,Silver,2023-12-02,False,True
CUST03478,Jacob,Brown,35-44,Male,South East,Bronze,2024-06-12,True,True
CUST03479,Oliver,Martin,55-64,Female,East of England,Gold,2023-06-17,True,True
CUST03480,Jack,Ali,65+,Male,Yorkshire,Silver,2023-09-01,True,True
CUST03481,Charlie,Roberts,18-24,Prefer not to say,Yorkshire,Platinum,2022-12-31,True,True
CUST03482,Emily,Lewis,65+,Female,South West,Bronze,2022-04-30,True,True
CUST03483,Lily,Brown,55-64,Male,London,Bronze,2023-06-05,False,True
CUST03484,David,Walker,55-64,Female,Wales,Gold,2022-08-21,True,True
CUST03485,Freddie,White,65+,Female,South East,Bronze,2022-03-11,True,True
CUST03486,Daniel,Ahmed,18-24,Male,Yorkshire,Bronze,2022-08-10,True,True
CUST03487,David,Lee,18-24,Male,London,Platinum,2023-10-31,True,True
CUST03488,Ava,Robinson,18-24,Male,East Midlands,Bronze,2022-06-14,True,True
CUST03489,Freddie,Johnson,65+,Female,Wales,Silver,2023-06-05,False,True
CUST03490,Olivia,Wilson,18-24,Female,West Midlands,Silver,2024-05-08,True,True
CUST03491,Jessica,Wood,65+,Female,Wales,Gold,2023-10-14,True,True
CUST03492,Amelia,Smith,45-54,Male,London,Silver,2022-06-02,True,True
CUST03493,Sarah,White,65+,Male,South West,Silver,2022-05-22,False,True
CUST03494,Ava,Khan,35-44,Male,London,Silver,2023-03-17,True,True
CUST03495,Oliver,Jones,35-44,Male,London,Bronze,2022-04-04,True,True
CUST03496,Sophia,Thomas,25-34,Female,North West,Bronze,2024-02-27,True,True
CUST03497,James,Kim,25-34,Male,South East,Bronze,2023-03-05,True,True
CUST03498,Ella,Roberts,65+,Female,London,Silver,2022-07-14,True,True
CUST03499,Freddie,Jones,55-64,Male,North West,Silver,2023-03-22,True,True
CUST03500,Thomas,Ali,55-64,Female,Yorkshire,Bronze,2024-05-10,True,True
CUST03501,Sophia,Singh,35-44,Female,London,Bronze,2022-01-02,True,True
CUST03502,David,Smith,18-24,Prefer not to say,East Midlands,Bronze,2022-09-28,True,True
CUST03503,Aisha,Evans,45-54,Female,South East,Silver,2022-04-13,False,False
CUST03504,James,Thomas,35-44,Male,London,Bronze,2022-06-24,True,True
CUST03505,Emily,Chen,18-24,Prefer not to say,Yorkshire,Bronze,2024-04-05,True,False
CUST03506,Aisha,Singh,25-34,Prefer not to say,South East,Bronze,2023-12-27,True,True
CUST03507,Isla,Ahmed,65+,Female,West Midlands,Bronze,2024-05-07,True,True
CUST03508,Lily,Sharma,45-54,Male,Scotland,Silver,2023-12-18,True,True
CUST03509,Charlie,Davies,18-24,Female,Yorkshire,Gold,2022-02-17,True,True
CUST03510,Amelia,Ahmed,45-54,Prefer not to say,East Midlands,Silver,2023-03-22,False,True
CUST03511,Jessica,Watson,55-64,Prefer not to say,London,Bronze,2022-03-26,True,False
CUST03512,James,Hussain,18-24,Prefer not to say,South West,Gold,2023-01-03,True,False
CUST03513,Amelia,Wood,35-44,Prefer not to say,South East,Silver,2022-05-15,True,True
CUST03514,Amelia,Williams,35-44,Prefer not to say,North West,Silver,2023-01-09,False,True
CUST03515,Noah,Evans,65+,Male,North West,Platinum,2023-05-23,True,True
CUST03516,Aisha,Ahmed,45-54,Male,South West,Bronze,2022-11-09,True,True
CUST03517,James,Patel,55-64,Prefer not to say,East of England,Platinum,2023-02-03,True,False
CUST03518,Olivia,Lewis,18-24,Male,London,Silver,2023-11-07,False,True
CUST03519,Isla,Watson,45-54,Female,West Midlands,Bronze,2023-06-11,True,True
CUST03520,Ella,Ali,18-24,Prefer not to say,London,Bronze,2023-05-23,False,True
CUST03521,Alfie,Ahmed,18-24,Prefer not to say,North East,Bronze,2024-05-30,False,False
CUST03522,Mia,Robinson,55-64,Prefer not to say,East of England,Silver,2024-03-12,True,False
CUST03523,Rahul,Khan,55-64,Prefer not to say,London,Gold,2022-05-30,True,True
CUST03524,David,Khan,65+,Male,London,Gold,2023-08-13,True,True
CUST03525,Isabella,Sharma,55-64,Female,West Midlands,Platinum,2023-04-27,True,True
CUST03526,David,White,35-44,Female,London,Platinum,2022-11-17,False,True
CUST03527,Olivia,Lee,25-34,Female,West Midlands,Gold,2024-04-28,True,True
CUST03528,Jessica,Patel,55-64,Male,West Midlands,Bronze,2022-11-01,True,True
CUST03529,Ava,Clark,65+,Prefer not to say,Yorkshire,Silver,2023-08-17,True,True
CUST03530,Thomas,Singh,55-64,Female,East of England,Gold,2023-09-13,False,True
CUST03531,George,Ali,45-54,Prefer not to say,South East,Gold,2023-11-13,True,True
CUST03532,Ava,Taylor,45-54,Prefer not to say,West Midlands,Gold,2023-05-16,False,True
CUST03533,Charlie,Walker,35-44,Prefer not to say,London,Silver,2023-02-02,False,True
CUST03534,Sofia,Johnson,25-34,Male,London,Silver,2022-08-12,True,True
CUST03535,Isla,Chen,55-64,Prefer not to say,East Midlands,Bronze,2022-08-30,True,True
CUST03536,Amelia,Wood,18-24,Male,Scotland,Silver,2022-02-14,False,True
CUST03537,David,Thompson,35-44,Prefer not to say,West Midlands,Bronze,2022-06-12,True,True
CUST03538,Freddie,White,55-64,Prefer not to say,London,Bronze,2023-04-07,True,True
CUST03539,Michael,Brown,35-44,Female,North West,Bronze,2023-05-09,True,True
CUST03540,Priya,Martin,35-44,Female,West Midlands,Platinum,2023-12-29,True,False
CUST03541,Harry,Williams,45-54,Male,East of England,Bronze,2022-06-02,False,False
CUST03542,Rahul,Watson,45-54,Female,London,Bronze,2022-09-29,True,False
CUST03543,Noah,Roberts,45-54,Prefer not to say,Yorkshire,Gold,2023-09-04,False,True
CUST03544,Daniel,Evans,25-34,Male,North West,Gold,2023-03-25,True,True
CUST03545,Oliver,Singh,45-54,Female,South East,Silver,2023-10-10,True,True
CUST03546,Sophia,Singh,35-44,Female,North West,Bronze,2022-01-05,True,True
CUST03547,Ava,Clark,45-54,Male,East of England,Silver,2023-02-22,True,False
CUST03548,Mia,Thomas,45-54,Female,North West,Bronze,2022-08-10,True,True
CUST03549,Emily,Williams,18-24,Prefer not to say,London,Silver,2024-04-23,True,True
CUST03550,Freddie,Lee,55-64,Male,London,Silver,2023-01-22,True,True
CUST03551,Rahul,Clark,65+,Male,South West,Silver,2023-03-31,True,True
CUST03552,Oliver,Brown,35-44,Prefer not to say,London,Bronze,2023-04-19,True,True
CUST03553,Sophia,Harris,55-64,Male,East of England,Silver,2022-08-02,True,False
CUST03554,Amelia,Brown,55-64,Prefer not to say,London,Bronze,2023-01-27,True,True
CUST03555,George,Johnson,55-64,Female,North West,Silver,2023-10-13,True,True
CUST03556,Mia,Jones,45-54,Male,London,Gold,2022-12-12,True,False
CUST03557,Alfie,Roberts,55-64,Male,West Midlands,Bronze,2023-07-27,True,True
CUST03558,Jack,Martin,35-44,Prefer not to say,East Midlands,Silver,2024-03-09,False,True
CUST03559,Freddie,Taylor,45-54,Male,London,Silver,2023-07-15,True,False
CUST03560,Emily,Taylor,35-44,Female,South West,Bronze,2022-06-21,True,True
CUST03561,Michael,Chen,18-24,Prefer not to say,South West,Silver,2022-10-05,True,True
CUST03562,Sophia,Kim,25-34,Prefer not to say,West Midlands,Gold,2024-04-30,True,True
CUST03563,Ava,Kim,55-64,Female,West Midlands,Silver,2023-04-18,True,True
CUST03564,Ella,Chen,35-44,Female,East of England,Gold,2022-01-04,True,False
CUST03565,Freddie,Ahmed,25-34,Prefer not to say,South East,Bronze,2022-03-30,True,True
CUST03566,Freddie,Khan,65+,Prefer not to say,London,Silver,2022-05-20,False,True
CUST03567,Oliver,Smith,35-44,Male,North West,Bronze,2023-03-25,False,True
CUST03568,Daniel,Smith,25-34,Male,West Midlands,Platinum,2023-02-01,False,True
CUST03569,Rahul,Brown,25-34,Female,East Midlands,Bronze,2023-04-29,True,False
CUST03570,Sophia,Thomas,55-64,Prefer not to say,South East,Platinum,2024-02-19,True,True
CUST03571,Oliver,Davies,55-64,Prefer not to say,London,Silver,2023-02-13,True,True
CUST03572,Jessica,Smith,65+,Male,East of England,Silver,2023-06-19,False,True
CUST03573,Rahul,Johnson,18-24,Female,East of England,Bronze,2022-04-16,True,True
CUST03574,Jack,Jackson,25-34,Male,South West,Silver,2022-10-20,True,True
CUST03575,Sofia,Kim,65+,Male,West Midlands,Bronze,2023-09-04,True,True
CUST03576,George,Davies,18-24,Prefer not to say,Scotland,Bronze,2022-12-02,False,True
CUST03577,Michael,Singh,18-24,Prefer not to say,London,Bronze,2022-04-19,True,True
CUST03578,Sarah,Johnson,65+,Prefer not to say,South East,Silver,2022-10-23,True,True
CUST03579,Amelia,Hussain,35-44,Prefer not to say,North West,Silver,2022-01-13,False,True
CUST03580,Aisha,Wood,55-64,Female,South East,Gold,2023-11-01,False,True
CUST03581,Olivia,Patel,25-34,Female,West Midlands,Silver,2022-09-18,True,True
CUST03582,Jack,Jackson,18-24,Female,South East,Bronze,2022-06-19,True,True
CUST03583,Rahul,Davies,25-34,Male,East of England,Gold,2022-02-10,True,False
CUST03584,Thomas,Khan,65+,Prefer not to say,Yorkshire,Silver,2024-03-19,False,True
CUST03585,Sofia,Smith,55-64,Female,South East,Gold,2022-04-28,False,True
CUST03586,Harry,Singh,55-64,Female,West Midlands,Bronze,2023-11-05,True,True
CUST03587,Harry,Taylor,25-34,Female,East of England,Bronze,2023-08-26,True,True
CUST03588,Sophia,White,35-44,Male,East Midlands,Silver,2023-03-31,False,True
CUST03589,Rahul,Thompson,35-44,Male,Wales,Silver,2022-09-22,True,True
CUST03590,Noah,Taylor,65+,Prefer not to say,South West,Silver,2022-04-30,True,False
CUST03591,Emily,Lee,55-64,Prefer not to say,East Midlands,Platinum,2022-09-14,True,True
CUST03592,Olivia,Brown,25-34,Female,North West,Bronze,2024-04-18,True,True
CUST03593,David,Walker,65+,Female,West Midlands,Gold,2023-11-06,True,False
CUST03594,Freddie,Roberts,65+,Female,South East,Bronze,2022-02-10,False,True
CUST03595,James,Clark,35-44,Female,East Midlands,Bronze,2022-05-18,False,False
CUST03596,Charlie,Roberts,18-24,Female,East of England,Silver,2023-07-16,True,True
CUST03597,James,Jackson,25-34,Prefer not to say,South East,Silver,2023-01-31,True,True
CUST03598,Sophia,Hussain,25-34,Male,South East,Bronze,2023-07-15,True,True
CUST03599,Jack,Watson,35-44,Male,West Midlands,Gold,2023-07-03,False,True
CUST03600,Thomas,Ahmed,55-64,Prefer not to say,East of England,Platinum,2024-05-09,True,True
CUST03601,Sophia,Kim,35-44,Male,South East,Bronze,2022-12-04,True,True
CUST03602,Ava,Chen,18-24,Prefer not to say,South East,Silver,2023-08-19,True,True
CUST03603,George,Robinson,35-44,Female,North East,Silver,2022-12-07,True,True
CUST03604,Ella,Jackson,35-44,Female,East Midlands,Bronze,2024-05-10,True,True
CUST03605,Rahul,Chen,55-64,Female,London,Bronze,2022-03-13,True,False
CUST03606,David,Jones,65+,Female,South East,Bronze,2022-03-05,True,False
CUST03607,Charlie,Ali,18-24,Male,Yorkshire,Bronze,2022-08-26,True,True
CUST03608,Ava,Kim,65+,Male,North West,Gold,2022-02-24,False,True
CUST03609,Olivia,Jackson,35-44,Female,North West,Bronze,2023-02-28,True,False
CUST03610,Charlie,Thomas,65+,Male,London,Silver,2024-03-29,False,True
CUST03611,Michael,Taylor,45-54,Female,London,Silver,2022-07-10,True,True
CUST03612,Aisha,Khan,45-54,Male,South East,Bronze,2024-06-01,True,True
CUST03613,Olivia,Lewis,35-44,Male,London,Bronze,2022-01-30,False,True
CUST03614,Mohammed,Watson,45-54,Prefer not to say,Scotland,Silver,2022-02-12,True,True
CUST03615,Olivia,Jackson,45-54,Male,South East,Bronze,2023-05-29,True,True
CUST03616,Olivia,Ahmed,18-24,Prefer not to say,Yorkshire,Bronze,2024-05-09,True,False
CUST03617,Thomas,Ali,55-64,Female,Wales,Bronze,2022-08-01,False,False
CUST03618,Sarah,Ali,25-34,Female,Scotland,Silver,2024-02-06,True,True
CUST03619,David,Ali,18-24,Prefer not to say,South East,Bronze,2022-05-28,False,True
CUST03620,Ella,Kim,18-24,Prefer not to say,London,Bronze,2022-08-20,True,False
CUST03621,Priya,Singh,45-54,Male,South East,Bronze,2022-09-30,True,False
CUST03622,Jessica,Sharma,65+,Prefer not to say,Yorkshire,Bronze,2022-05-13,True,True
CUST03623,Priya,Hussain,25-34,Male,Scotland,Gold,2023-06-28,True,True
CUST03624,Alfie,Johnson,55-64,Female,North West,Gold,2023-11-17,True,True
CUST03625,Sophia,Williams,65+,Male,South East,Bronze,2022-06-17,False,True
CUST03626,Mia,Kim,45-54,Prefer not to say,London,Bronze,2024-01-14,False,True
CUST03627,George,Singh,55-64,Female,West Midlands,Gold,2023-07-26,False,False
CUST03628,Mia,Khan,35-44,Female,East Midlands,Bronze,2023-04-17,True,True
CUST03629,Thomas,Sharma,65+,Male,London,Silver,2022-09-28,True,False
CUST03630,Grace,Clark,35-44,Prefer not to say,East of England,Silver,2022-06-16,True,True
CUST03631,Thomas,Johnson,25-34,Prefer not to say,West Midlands,Platinum,2024-05-19,True,False
CUST03632,Ella,Williams,45-54,Female,London,Silver,2023-03-08,True,True
CUST03633,Alfie,Taylor,25-34,Male,East Midlands,Bronze,2022-03-29,True,True
CUST03634,Michael,Davies,45-54,Male,East Midlands,Bronze,2023-06-01,False,True
CUST03635,Mohammed,Brown,18-24,Prefer not to say,West Midlands,Platinum,2022-02-24,True,True
CUST03636,David,Watson,25-34,Female,South West,Bronze,2022-07-31,False,True
CUST03637,David,Brown,35-44,Female,South East,Bronze,2023-06-08,True,True
CUST03638,Grace,Patel,45-54,Female,East Midlands,Silver,2023-08-19,True,False
CUST03639,Aisha,Martin,65+,Male,West Midlands,Bronze,2022-01-27,True,True
CUST03640,Rahul,Jackson,18-24,Prefer not to say,South East,Bronze,2022-11-04,True,True
CUST03641,Rahul,Roberts,18-24,Female,North East,Gold,2022-05-15,True,True
CUST03642,Daniel,Martin,18-24,Male,West Midlands,Silver,2022-03-18,True,True
CUST03643,Michael,Jackson,65+,Female,South East,Bronze,2023-01-19,True,True
CUST03644,Alfie,Hussain,65+,Female,Yorkshire,Gold,2024-04-06,False,True
CUST03645,Freddie,Harris,18-24,Male,North West,Bronze,2023-06-10,True,True
CUST03646,Olivia,Jackson,35-44,Male,Yorkshire,Bronze,2022-04-04,True,False
CUST03647,Mia,Jackson,65+,Male,East Midlands,Bronze,2023-03-23,True,False
CUST03648,Rahul,Johnson,35-44,Female,East Midlands,Silver,2022-02-09,True,True
CUST03649,Sarah,White,18-24,Male,North West,Silver,2022-10-17,True,True
CUST03650,James,Davies,55-64,Prefer not to say,London,Platinum,2023-02-21,True,True
CUST03651,Mia,White,55-64,Prefer not to say,South East,Bronze,2022-11-06,True,True
CUST03652,Thomas,Lewis,45-54,Female,East Midlands,Bronze,2023-12-04,False,True
CUST03653,Alfie,Wilson,18-24,Male,London,Bronze,2024-04-19,True,False
CUST03654,Ava,Davies,25-34,Male,London,Silver,2023-12-26,True,True
CUST03655,Jack,Brown,55-64,Female,West Midlands,Bronze,2022-06-16,True,True
CUST03656,Charlie,Williams,55-64,Male,London,Bronze,2022-04-30,True,True
CUST03657,Ava,Evans,45-54,Male,South East,Bronze,2023-07-30,False,True
CUST03658,George,Hussain,18-24,Male,North West,Bronze,2022-11-04,True,True
CUST03659,Sarah,Jackson,18-24,Female,North West,Bronze,2023-06-03,True,True
CUST03660,Olivia,Jones,25-34,Female,Scotland,Bronze,2024-03-11,True,True
CUST03661,George,White,55-64,Female,Yorkshire,Bronze,2023-05-20,False,True
CUST03662,Freddie,Patel,65+,Prefer not to say,East of England,Bronze,2024-02-09,False,True
CUST03663,Jacob,Khan,18-24,Male,West Midlands,Platinum,2022-08-02,True,True
CUST03664,Jack,Martin,65+,Female,Wales,Platinum,2024-05-23,True,True
CUST03665,Sofia,Robinson,18-24,Female,South West,Silver,2023-08-11,True,True
CUST03666,Ella,Khan,55-64,Female,South West,Silver,2023-09-15,True,False
CUST03667,Ava,Ahmed,18-24,Male,East of England,Silver,2022-09-11,True,True
CUST03668,Oliver,Sharma,18-24,Female,West Midlands,Silver,2022-01-10,True,True
CUST03669,Lily,Robinson,18-24,Female,South East,Silver,2022-08-10,False,True
CUST03670,Isla,Johnson,25-34,Female,South East,Silver,2023-12-14,False,True
CUST03671,Mohammed,Roberts,65+,Female,East Midlands,Bronze,2023-06-22,True,True
CUST03672,Jacob,Robinson,55-64,Male,North East,Platinum,2024-06-10,True,False
CUST03673,Olivia,Thompson,45-54,Female,East Midlands,Gold,2022-11-15,False,True
CUST03674,Isla,Roberts,25-34,Prefer not to say,London,Bronze,2024-06-18,True,True
CUST03675,Rahul,Harris,45-54,Female,North East,Bronze,2023-03-26,False,True
CUST03676,Ella,Evans,45-54,Male,East of England,Bronze,2023-12-30,True,True
CUST03677,David,Clark,35-44,Male,East Midlands,Silver,2022-04-19,True,True
CUST03678,Lily,Smith,55-64,Male,London,Gold,2023-01-02,True,True
CUST03679,Jessica,Lewis,55-64,Male,Yorkshire,Silver,2023-01-14,False,False
CUST03680,Emily,Ali,18-24,Male,South East,Gold,2022-03-16,True,False
CUST03681,Noah,Johnson,45-54,Prefer not to say,Yorkshire,Gold,2022-03-19,True,True
CUST03682,Ella,Ali,35-44,Female,London,Bronze,2023-10-08,True,True
CUST03683,Sophia,Wood,45-54,Female,London,Bronze,2024-02-11,True,True
CUST03684,Ella,Martin,35-44,Female,North West,Bronze,2024-06-17,False,True
CUST03685,James,Wood,18-24,Male,London,Platinum,2022-01-30,True,True
CUST03686,Freddie,Wood,55-64,Female,North West,Silver,2024-03-05,True,True
CUST03687,Charlie,Kim,65+,Male,South West,Silver,2023-12-09,True,True
CUST03688,Jack,Martin,65+,Prefer not to say,East of England,Platinum,2024-06-14,True,True
CUST03689,Noah,Chen,65+,Female,London,Bronze,2024-03-10,True,True
CUST03690,Sophia,Jones,25-34,Female,North West,Silver,2023-12-11,True,True
CUST03691,Sarah,Ahmed,18-24,Male,West Midlands,Bronze,2024-02-03,False,False
CUST03692,Aisha,Wilson,35-44,Male,East Midlands,Bronze,2022-12-05,True,True
CUST03693,Thomas,Clark,35-44,Male,North West,Platinum,2023-02-01,False,False
CUST03694,Priya,Lee,25-34,Female,South East,Silver,2023-12-16,True,True
CUST03695,George,Kim,25-34,Female,South East,Silver,2024-01-31,True,True
CUST03696,Amelia,Wood,35-44,Prefer not to say,London,Bronze,2022-11-23,True,True
CUST03697,Olivia,Lee,35-44,Prefer not to say,East of England,Silver,2024-04-23,True,True
CUST03698,Harry,Taylor,18-24,Female,London,Silver,2023-12-01,True,True
CUST03699,Grace,Clark,45-54,Female,Scotland,Silver,2023-12-31,True,True
CUST03700,Lily,Jackson,18-24,Prefer not to say,Scotland,Bronze,2022-10-05,True,True
CUST03701,Freddie,Walker,65+,Male,East of England,Silver,2022-12-26,False,True
CUST03702,Daniel,Sharma,55-64,Prefer not to say,London,Bronze,2024-05-30,True,True
CUST03703,Sofia,Watson,65+,Female,Scotland,Silver,2022-11-30,True,True
CUST03704,Alfie,Brown,55-64,Female,Scotland,Silver,2023-07-28,True,True
CUST03705,James,Sharma,65+,Prefer not to say,London,Platinum,2024-01-09,True,True
CUST03706,Sophia,White,45-54,Prefer not to say,West Midlands,Platinum,2023-02-15,True,True
CUST03707,David,Singh,35-44,Male,Yorkshire,Bronze,2023-08-14,False,True
CUST03708,Aisha,Lewis,25-34,Female,Wales,Silver,2024-01-20,True,True
CUST03709,Michael,Ahmed,18-24,Male,East of England,Silver,2024-05-08,True,True
CUST03710,Isabella,Lewis,35-44,Male,London,Gold,2022-12-15,True,True
CUST03711,Olivia,Khan,45-54,Prefer not to say,Wales,Bronze,2022-06-17,False,True
CUST03712,Oliver,Roberts,55-64,Female,South East,Silver,2023-02-26,True,True
CUST03713,Rahul,Ahmed,18-24,Female,South East,Gold,2022-08-09,True,False
CUST03714,James,Smith,25-34,Prefer not to say,Wales,Silver,2024-02-26,True,True
CUST03715,Isabella,Sharma,55-64,Male,East of England,Silver,2024-04-10,False,False
CUST03716,Thomas,Wood,25-34,Male,East of England,Gold,2023-12-23,True,True
CUST03717,Isabella,Watson,55-64,Female,East Midlands,Silver,2023-06-12,False,True
CUST03718,Jessica,Chen,65+,Male,West Midlands,Bronze,2022-11-08,False,True
CUST03719,Ella,Clark,45-54,Female,South West,Bronze,2023-11-21,False,True
CUST03720,Noah,Johnson,55-64,Male,South West,Silver,2022-10-10,False,True
CUST03721,James,Williams,25-34,Female,South East,Bronze,2022-12-25,True,True
CUST03722,Amelia,Khan,55-64,Male,London,Bronze,2023-03-24,False,True
CUST03723,Priya,Johnson,35-44,Female,South East,Bronze,2022-09-19,True,False
CUST03724,Sophia,Williams,65+,Female,South East,Bronze,2023-04-18,True,True
CUST03725,Ella,Ahmed,45-54,Prefer not to say,East of England,Bronze,2022-06-02,True,True
CUST03726,Sarah,Jones,18-24,Prefer not to say,North West,Gold,2022-07-24,True,True
CUST03727,Emily,Robinson,25-34,Male,East of England,Bronze,2024-02-25,True,True
CUST03728,Priya,Khan,25-34,Prefer not to say,South East,Bronze,2023-06-30,True,True
CUST03729,Amelia,Clark,55-64,Male,London,Bronze,2022-06-30,True,True
CUST03730,Jack,Smith,55-64,Prefer not to say,East Midlands,Bronze,2024-04-24,True,True
CUST03731,Ava,Kim,18-24,Female,London,Bronze,2022-02-04,True,True
CUST03732,Ava,Watson,35-44,Female,West Midlands,Platinum,2023-10-10,True,True
CUST03733,James,Watson,45-54,Male,South West,Silver,2023-05-14,True,True
CUST03734,Jacob,Hussain,45-54,Prefer not to say,West Midlands,Silver,2023-12-05,False,True
CUST03735,Priya,Harris,35-44,Prefer not to say,North West,Bronze,2024-05-14,True,True
CUST03736,Mia,Ahmed,55-64,Prefer not to say,London,Bronze,2023-12-15,True,True
CUST03737,Jessica,Walker,65+,Prefer not to say,South West,Silver,2022-05-29,True,True
CUST03738,Ava,Williams,25-34,Prefer not to say,East of England,Gold,2022-05-16,False,False
CUST03739,Ava,Robinson,18-24,Prefer not to say,South West,Bronze,2023-11-25,True,True
CUST03740,Emily,Patel,35-44,Male,West Midlands,Silver,2023-01-19,True,True
CUST03741,Thomas,Lee,65+,Prefer not to say,East of England,Silver,2023-02-10,True,True
CUST03742,Mia,Harris,45-54,Female,East of England,Gold,2023-04-14,False,True
CUST03743,Priya,Davies,65+,Male,South East,Bronze,2023-07-27,True,True
CUST03744,Sofia,Johnson,25-34,Male,South East,Silver,2023-04-26,False,True
CUST03745,Jessica,Jackson,25-34,Prefer not to say,West Midlands,Bronze,2023-11-25,True,True
CUST03746,Grace,Smith,25-34,Prefer not to say,East Midlands,Bronze,2023-09-03,True,True
CUST03747,Rahul,Walker,18-24,Female,London,Silver,2023-03-22,True,True
CUST03748,Noah,Jones,65+,Male,Yorkshire,Platinum,2024-01-27,True,True
CUST03749,Mia,Johnson,35-44,Prefer not to say,South West,Gold,2023-01-21,True,True
CUST03750,Amelia,Johnson,65+,Male,South East,Silver,2024-04-26,True,True
CUST03751,George,Lee,65+,Female,London,Bronze,2023-09-05,True,True
CUST03752,Lily,Lee,45-54,Prefer not to say,Wales,Bronze,2022-01-11,False,True
CUST03753,Freddie,Chen,35-44,Female,Scotland,Bronze,2024-05-29,True,True
CUST03754,Priya,Singh,65+,Female,London,Platinum,2023-06-11,True,True
CUST03755,Oliver,Walker,45-54,Male,North East,Bronze,2023-09-24,True,True
CUST03756,Charlie,Smith,35-44,Female,Yorkshire,Gold,2023-07-27,True,True
CUST03757,Lily,White,45-54,Male,West Midlands,Platinum,2023-08-12,False,True
CUST03758,Mohammed,Thomas,55-64,Prefer not to say,London,Bronze,2022-02-28,False,True
CUST03759,Isla,Kim,55-64,Female,Yorkshire,Bronze,2022-03-31,True,False
CUST03760,Isabella,White,35-44,Male,East Midlands,Bronze,2022-10-08,True,True
CUST03761,Harry,Khan,25-34,Prefer not to say,South East,Bronze,2023-05-31,True,True
CUST03762,Sofia,Watson,45-54,Prefer not to say,Scotland,Bronze,2023-08-08,True,True
CUST03763,Mia,Patel,35-44,Prefer not to say,South West,Bronze,2024-06-14,True,True
CUST03764,Priya,Ali,18-24,Male,East of England,Bronze,2022-04-15,True,True
CUST03765,Lily,Chen,55-64,Female,South West,Bronze,2024-06-07,True,True
CUST03766,Ava,Hussain,45-54,Female,South West,Silver,2022-03-02,True,True
CUST03767,Thomas,Davies,25-34,Male,London,Bronze,2022-03-25,True,True
CUST03768,Daniel,Martin,35-44,Prefer not to say,North West,Silver,2024-04-15,True,True
CUST03769,Harry,Williams,35-44,Male,South East,Silver,2023-10-17,True,True
CUST03770,Emily,Khan,18-24,Male,North West,Silver,2022-05-15,True,True
CUST03771,Oliver,Johnson,55-64,Female,North West,Silver,2024-02-24,True,True
CUST03772,Oliver,Brown,25-34,Female,North West,Gold,2024-06-15,True,False
CUST03773,Rahul,Taylor,45-54,Prefer not to say,North East,Gold,2022-04-05,True,True
CUST03774,Jacob,Walker,45-54,Prefer not to say,North West,Bronze,2024-02-29,True,True
CUST03775,Charlie,Wood,55-64,Female,East of England,Bronze,2023-08-13,False,True
CUST03776,George,Hussain,18-24,Prefer not to say,London,Bronze,2023-05-20,True,True
CUST03777,Olivia,Singh,18-24,Female,North East,Silver,2022-07-28,False,True
CUST03778,Mia,Robinson,25-34,Male,Yorkshire,Bronze,2023-08-29,True,True
CUST03779,Harry,White,18-24,Prefer not to say,London,Platinum,2022-05-19,True,True
CUST03780,George,Hussain,45-54,Female,East of England,Bronze,2023-11-24,True,True
CUST03781,James,Ali,45-54,Male,London,Gold,2022-09-19,True,False
CUST03782,Alfie,Williams,65+,Male,North East,Platinum,2024-03-18,True,False
CUST03783,Mohammed,Sharma,65+,Male,London,Bronze,2023-03-16,False,True
CUST03784,George,Davies,18-24,Prefer not to say,Yorkshire,Gold,2023-10-21,True,False
CUST03785,Mia,Walker,18-24,Male,South East,Silver,2023-09-22,False,True
CUST03786,Jack,Lee,25-34,Male,London,Bronze,2022-05-19,True,True
CUST03787,Charlie,Jones,55-64,Prefer not to say,South West,Bronze,2023-07-23,False,False
CUST03788,Grace,Patel,18-24,Female,London,Bronze,2022-02-19,True,False
CUST03789,Thomas,Smith,55-64,Male,South West,Bronze,2024-03-22,True,False
CUST03790,James,White,35-44,Prefer not to say,North West,Bronze,2023-07-25,True,False
CUST03791,George,Sharma,18-24,Female,London,Gold,2023-12-20,True,True
CUST03792,Mohammed,White,35-44,Prefer not to say,North West,Bronze,2023-08-01,False,True
CUST03793,Aisha,Williams,45-54,Male,West Midlands,Silver,2023-11-28,True,True
CUST03794,Mia,Patel,55-64,Prefer not to say,London,Bronze,2023-09-01,True,True
CUST03795,Oliver,Jackson,55-64,Female,East of England,Gold,2022-05-27,False,False
CUST03796,Mohammed,Walker,65+,Prefer not to say,East of England,Silver,2022-07-03,False,True
CUST03797,Priya,Walker,18-24,Male,South West,Gold,2024-06-18,True,True
CUST03798,Daniel,Wilson,45-54,Female,West Midlands,Bronze,2023-06-22,True,True
CUST03799,Alfie,Ali,25-34,Prefer not to say,North West,Platinum,2022-01-15,True,True
CUST03800,Sofia,Thomas,65+,Prefer not to say,South West,Bronze,2023-02-04,True,True
CUST03801,Alfie,Watson,45-54,Prefer not to say,East Midlands,Silver,2023-06-19,False,True
CUST03802,Jacob,Khan,35-44,Female,London,Silver,2022-02-17,False,False
CUST03803,Harry,Johnson,18-24,Female,North West,Silver,2022-10-30,True,True
CUST03804,Freddie,Martin,25-34,Female,London,Bronze,2024-01-05,True,True
CUST03805,Sofia,Williams,18-24,Prefer not to say,South East,Gold,2024-01-31,True,True
CUST03806,George,Kim,25-34,Male,South East,Gold,2024-06-18,True,True
CUST03807,Rahul,Wood,35-44,Male,Yorkshire,Bronze,2022-01-09,True,True
CUST03808,Emily,Jones,35-44,Prefer not to say,Scotland,Silver,2023-01-16,True,True
CUST03809,Freddie,Thomas,65+,Prefer not to say,Yorkshire,Bronze,2022-09-06,True,False
CUST03810,Ella,White,65+,Male,Yorkshire,Gold,2024-06-18,True,False
CUST03811,George,Watson,18-24,Prefer not to say,Scotland,Silver,2023-10-19,True,True
CUST03812,Isla,Ahmed,45-54,Prefer not to say,Yorkshire,Bronze,2024-03-30,True,True
CUST03813,Charlie,Wilson,45-54,Prefer not to say,London,Bronze,2022-06-02,False,True
CUST03814,Noah,Evans,65+,Male,Scotland,Gold,2023-08-03,False,True
CUST03815,Olivia,Chen,35-44,Female,East of England,Silver,2022-11-15,False,True
CUST03816,Aisha,Singh,55-64,Female,East of England,Bronze,2023-11-27,True,False
CUST03817,Ava,Harris,55-64,Prefer not to say,Scotland,Bronze,2023-03-04,False,False
CUST03818,Mohammed,Harris,35-44,Prefer not to say,London,Silver,2022-06-02,True,True
CUST03819,David,Lewis,55-64,Male,South East,Platinum,2022-03-11,True,True
CUST03820,Amelia,Hussain,25-34,Male,Wales,Bronze,2022-08-24,False,True
CUST03821,Harry,Thomas,55-64,Prefer not to say,Scotland,Bronze,2023-01-23,False,True
CUST03822,Alfie,Taylor,65+,Female,South East,Bronze,2023-11-13,True,True
CUST03823,Rahul,Walker,18-24,Female,Yorkshire,Silver,2023-02-04,False,True
CUST03824,Harry,Hussain,35-44,Prefer not to say,North East,Bronze,2023-11-04,True,True
CUST03825,Jacob,Smith,45-54,Male,South East,Bronze,2023-10-13,True,True
CUST03826,Sofia,Harris,35-44,Prefer not to say,East of England,Bronze,2024-06-07,True,True
CUST03827,Sarah,Evans,18-24,Prefer not to say,North West,Bronze,2023-09-02,True,False
CUST03828,Jessica,Johnson,55-64,Female,North West,Silver,2024-03-15,True,True
CUST03829,Ava,Harris,25-34,Female,South East,Silver,2022-02-16,True,True
CUST03830,Priya,Chen,65+,Male,Yorkshire,Silver,2023-07-10,True,False
CUST03831,Daniel,Taylor,65+,Male,London,Silver,2023-05-03,True,True
CUST03832,Ava,Ahmed,45-54,Male,East of England,Silver,2022-09-19,True,True
CUST03833,Ava,Robinson,18-24,Male,London,Bronze,2022-02-16,True,True
CUST03834,Jessica,Smith,35-44,Female,London,Bronze,2022-02-11,True,True
CUST03835,Ava,Khan,55-64,Female,South East,Silver,2024-06-18,False,True
CUST03836,Oliver,Wood,45-54,Female,South West,Platinum,2023-04-16,True,True
CUST03837,Jessica,Ali,65+,Male,London,Platinum,2022-01-04,True,True
CUST03838,Alfie,Wilson,55-64,Male,North West,Silver,2022-07-05,True,True
CUST03839,Sophia,Kim,25-34,Female,South East,Gold,2024-03-20,True,True
CUST03840,Lily,Singh,65+,Prefer not to say,Wales,Bronze,2022-01-12,True,True
CUST03841,Daniel,Khan,65+,Female,London,Bronze,2022-02-07,True,False
CUST03842,Amelia,Walker,35-44,Prefer not to say,North East,Bronze,2022-04-07,True,True
CUST03843,Ella,Davies,18-24,Prefer not to say,West Midlands,Platinum,2024-01-15,False,True
CUST03844,Sophia,Lewis,18-24,Male,North West,Silver,2022-06-07,False,True
CUST03845,Sarah,Jones,35-44,Prefer not to say,Yorkshire,Platinum,2022-04-01,False,True
CUST03846,Charlie,Davies,65+,Female,Yorkshire,Silver,2023-06-26,True,True
CUST03847,Rahul,White,25-34,Male,West Midlands,Silver,2024-04-19,True,False
CUST03848,Emily,Walker,65+,Female,South East,Silver,2022-08-02,False,True
CUST03849,Michael,Hussain,45-54,Female,East Midlands,Bronze,2023-03-14,False,True
CUST03850,Lily,Davies,45-54,Female,Wales,Bronze,2024-05-03,True,True
CUST03851,Oliver,Harris,25-34,Female,North West,Gold,2024-04-13,True,True
CUST03852,James,Sharma,45-54,Male,South East,Bronze,2023-09-14,True,True
CUST03853,Charlie,Clark,35-44,Prefer not to say,Scotland,Bronze,2022-08-18,True,True
CUST03854,Sophia,Sharma,55-64,Male,Yorkshire,Bronze,2023-02-27,True,True
CUST03855,Daniel,Evans,45-54,Female,North West,Silver,2024-06-03,True,True
CUST03856,Noah,Clark,45-54,Male,East of England,Gold,2023-10-06,False,True
CUST03857,Sofia,Ahmed,65+,Male,South West,Bronze,2023-08-10,True,True
CUST03858,Jacob,Williams,25-34,Male,East of England,Bronze,2023-02-08,True,True
CUST03859,Rahul,Ali,55-64,Prefer not to say,South West,Bronze,2022-02-28,True,False
CUST03860,Sarah,Evans,65+,Prefer not to say,South East,Gold,2023-09-28,False,True
CUST03861,Michael,Ahmed,18-24,Male,London,Bronze,2022-06-10,True,False
CUST03862,Michael,Robinson,65+,Male,Yorkshire,Gold,2023-04-23,True,True
CUST03863,Thomas,Clark,45-54,Prefer not to say,East Midlands,Silver,2023-08-24,False,True
CUST03864,Aisha,Hussain,25-34,Female,East of England,Platinum,2022-02-05,False,False
CUST03865,Grace,Robinson,65+,Male,Wales,Bronze,2024-04-17,True,False
CUST03866,Olivia,Ali,25-34,Male,East of England,Gold,2022-02-22,False,False
CUST03867,Priya,Khan,35-44,Prefer not to say,South East,Bronze,2024-02-23,False,True
CUST03868,Sophia,Kim,65+,Male,South East,Gold,2022-09-23,True,True
CUST03869,Sophia,Martin,65+,Male,Yorkshire,Bronze,2023-03-30,True,True
CUST03870,Jessica,Sharma,25-34,Prefer not to say,West Midlands,Silver,2022-09-05,True,True
CUST03871,Daniel,Martin,25-34,Prefer not to say,West Midlands,Bronze,2024-02-05,True,True
CUST03872,Priya,Watson,55-64,Male,Yorkshire,Silver,2024-04-04,True,True
CUST03873,Ava,Walker,65+,Prefer not to say,South West,Bronze,2023-06-29,True,True
CUST03874,Jacob,Thompson,45-54,Prefer not to say,South West,Platinum,2023-09-14,True,True
CUST03875,Oliver,Hussain,25-34,Female,London,Platinum,2022-10-11,True,True
CUST03876,Sofia,Robinson,25-34,Prefer not to say,South East,Bronze,2022-01-02,True,True
CUST03877,Freddie,Chen,35-44,Prefer not to say,South East,Silver,2024-01-26,False,True
CUST03878,Daniel,Ahmed,35-44,Prefer not to say,South West,Silver,2022-10-26,False,False
CUST03879,Harry,Thompson,25-34,Male,North East,Bronze,2024-02-03,False,True
CUST03880,Freddie,Taylor,65+,Prefer not to say,South East,Gold,2022-12-10,True,False
CUST03881,Amelia,Sharma,45-54,Male,East of England,Silver,2022-01-22,True,True
CUST03882,Sophia,Ahmed,45-54,Prefer not to say,West Midlands,Bronze,2022-11-03,True,False
CUST03883,Oliver,Lee,18-24,Female,South East,Gold,2024-06-02,False,False
CUST03884,Ella,Hussain,55-64,Prefer not to say,London,Bronze,2023-01-16,True,True
CUST03885,Amelia,Chen,18-24,Male,Yorkshire,Bronze,2024-02-26,False,False
CUST03886,Aisha,Lee,45-54,Male,East of England,Silver,2023-04-27,True,False
CUST03887,Amelia,Thompson,65+,Female,Scotland,Gold,2023-09-07,True,True
CUST03888,David,White,35-44,Prefer not to say,West Midlands,Silver,2023-05-19,True,False
CUST03889,Ava,Thompson,45-54,Female,Scotland,Bronze,2022-04-15,True,False
CUST03890,James,Sharma,55-64,Male,Yorkshire,Silver,2023-06-02,False,False
CUST03891,Jacob,Jones,45-54,Female,London,Bronze,2023-01-08,False,True
CUST03892,Lily,Kim,55-64,Prefer not to say,South East,Platinum,2024-02-19,True,True
CUST03893,Priya,Ahmed,25-34,Female,Scotland,Bronze,2023-06-14,True,True
CUST03894,Grace,White,55-64,Male,East of England,Silver,2022-01-08,True,True
CUST03895,Jessica,Thompson,65+,Female,North West,Bronze,2024-06-06,True,True
CUST03896,Mohammed,Watson,35-44,Female,North East,Silver,2024-02-02,True,False
CUST03897,Ava,Jones,25-34,Male,Wales,Bronze,2023-08-25,True,True
CUST03898,Aisha,Roberts,45-54,Prefer not to say,West Midlands,Bronze,2024-05-15,True,True
CUST03899,Harry,Thomas,55-64,Prefer not to say,West Midlands,Bronze,2024-05-03,True,True
CUST03900,Olivia,Thompson,35-44,Female,South East,Platinum,2023-09-07,True,True
CUST03901,Jacob,Patel,35-44,Male,North West,Silver,2023-09-04,True,False
CUST03902,Jacob,Roberts,65+,Prefer not to say,South East,Bronze,2022-01-27,True,True
CUST03903,Alfie,Walker,18-24,Prefer not to say,Scotland,Bronze,2022-10-27,True,True
CUST03904,Sofia,Thomas,18-24,Female,East of England,Bronze,2023-12-11,True,True
CUST03905,Priya,Harris,55-64,Female,Yorkshire,Bronze,2022-02-27,True,True
CUST03906,Michael,Kim,25-34,Prefer not to say,North West,Platinum,2024-04-24,True,True
CUST03907,Aisha,Martin,25-34,Prefer not to say,North West,Bronze,2024-01-04,True,True
CUST03908,Freddie,Walker,55-64,Male,South West,Bronze,2023-05-13,True,True
CUST03909,Charlie,Clark,25-34,Female,South East,Silver,2024-06-07,False,True
CUST03910,Noah,Clark,35-44,Prefer not to say,London,Bronze,2024-03-13,True,True
CUST03911,Aisha,Harris,35-44,Prefer not to say,East of England,Bronze,2024-01-16,True,True
CUST03912,Grace,Jackson,55-64,Prefer not to say,London,Silver,2023-12-27,True,True
CUST03913,Alfie,White,35-44,Female,Yorkshire,Bronze,2023-06-07,True,True
CUST03914,Emily,Singh,35-44,Female,East Midlands,Gold,2024-05-21,True,True
CUST03915,George,Taylor,55-64,Prefer not to say,London,Bronze,2022-12-07,False,True
CUST03916,Jessica,Kim,65+,Female,Scotland,Bronze,2022-11-04,True,True
CUST03917,Jacob,Thomas,25-34,Prefer not to say,South West,Gold,2024-06-19,True,True
CUST03918,Harry,Jones,45-54,Male,Yorkshire,Gold,2023-04-27,True,True
CUST03919,Lily,Chen,45-54,Female,Scotland,Gold,2022-10-19,True,True
CUST03920,Isla,Clark,45-54,Prefer not to say,North West,Bronze,2022-05-16,True,True
CUST03921,Aisha,Jones,25-34,Female,South West,Bronze,2022-08-15,True,True
CUST03922,Freddie,Roberts,45-54,Male,West Midlands,Bronze,2022-05-07,True,True
CUST03923,Rahul,Wilson,65+,Prefer not to say,London,Bronze,2022-10-17,True,True
CUST03924,Rahul,Clark,55-64,Male,North West,Bronze,2022-10-17,True,False
CUST03925,Thomas,Lewis,18-24,Female,Wales,Platinum,2023-01-08,True,True
CUST03926,Sarah,Chen,45-54,Prefer not to say,London,Gold,2024-03-24,True,True
CUST03927,Noah,Jones,55-64,Female,Yorkshire,Bronze,2022-11-05,True,True
CUST03928,Rahul,Clark,65+,Female,East Midlands,Gold,2022-04-01,True,True
CUST03929,David,Wood,25-34,Female,East Midlands,Gold,2023-08-16,True,False
CUST03930,Emily,Williams,55-64,Prefer not to say,Scotland,Gold,2023-11-16,True,True
CUST03931,Noah,Williams,35-44,Female,North West,Silver,2022-01-26,True,True
CUST03932,Ava,Lewis,18-24,Male,South West,Bronze,2023-01-14,True,True
CUST03933,Isabella,Robinson,55-64,Female,South East,Silver,2024-01-22,True,False
CUST03934,Isabella,Kim,55-64,Male,Scotland,Platinum,2023-11-13,True,True
CUST03935,Ava,Harris,35-44,Female,East of England,Gold,2023-09-22,False,True
CUST03936,Daniel,Thompson,65+,Female,North East,Gold,2023-03-19,True,True
CUST03937,Noah,Lewis,35-44,Male,Yorkshire,Bronze,2022-11-03,True,True
CUST03938,Emily,Harris,35-44,Male,South East,Silver,2022-06-02,True,True
CUST03939,Olivia,Sharma,55-64,Female,South West,Bronze,2024-02-23,True,True
CUST03940,Sarah,Kim,35-44,Female,East Midlands,Bronze,2023-12-01,False,True
CUST03941,Noah,Harris,35-44,Female,North West,Bronze,2023-11-11,True,True
CUST03942,Mohammed,Clark,45-54,Female,South East,Bronze,2024-04-09,True,True
CUST03943,Sofia,Smith,55-64,Prefer not to say,North West,Bronze,2022-06-06,False,True
CUST03944,George,Wilson,65+,Prefer not to say,London,Bronze,2023-11-15,True,True
CUST03945,Alfie,Watson,45-54,Prefer not to say,East of England,Bronze,2024-03-01,True,True
CUST03946,Mia,Sharma,65+,Prefer not to say,Yorkshire,Bronze,2022-08-01,False,True
CUST03947,Ava,Chen,45-54,Female,Yorkshire,Platinum,2022-03-07,True,True
CUST03948,Jack,White,35-44,Female,East Midlands,Silver,2022-09-08,True,True
CUST03949,Daniel,Singh,45-54,Prefer not to say,South West,Silver,2023-04-06,True,False
CUST03950,George,Thomas,45-54,Prefer not to say,Yorkshire,Silver,2022-12-12,True,True
CUST03951,Sophia,Robinson,45-54,Male,London,Bronze,2023-09-09,False,True
CUST03952,Priya,Walker,35-44,Female,London,Bronze,2023-03-21,True,True
CUST03953,Thomas,Kim,35-44,Female,Yorkshire,Gold,2023-12-03,True,True
CUST03954,Noah,Davies,55-64,Prefer not to say,South East,Platinum,2022-11-30,True,True
CUST03955,Rahul,Evans,25-34,Male,South East,Gold,2023-02-23,True,True
CUST03956,Sophia,Walker,25-34,Male,Yorkshire,Silver,2022-03-31,False,False
CUST03957,Ava,Lewis,45-54,Prefer not to say,East Midlands,Silver,2023-02-25,True,True
CUST03958,Charlie,Smith,45-54,Male,Scotland,Silver,2022-07-29,True,True
CUST03959,Harry,Williams,35-44,Male,London,Bronze,2023-05-18,True,True
CUST03960,Grace,Chen,35-44,Prefer not to say,East Midlands,Bronze,2024-05-08,True,True
CUST03961,Amelia,Patel,55-64,Prefer not to say,South West,Platinum,2023-12-22,True,True
CUST03962,Isla,Williams,35-44,Male,West Midlands,Silver,2023-05-31,True,True
CUST03963,Thomas,Brown,18-24,Prefer not to say,Yorkshire,Gold,2022-02-11,True,True
CUST03964,David,Jackson,35-44,Male,North West,Bronze,2023-07-17,False,True
CUST03965,Freddie,Williams,35-44,Male,London,Bronze,2024-05-04,True,True
CUST03966,Amelia,Chen,45-54,Female,South East,Gold,2022-03-31,True,True
CUST03967,Noah,Chen,35-44,Female,East of England,Bronze,2023-02-16,True,True
CUST03968,Aisha,Clark,25-34,Female,East of England,Bronze,2022-11-30,True,True
CUST03969,Sarah,Taylor,25-34,Female,Yorkshire,Bronze,2023-02-19,True,False
CUST03970,Thomas,Sharma,18-24,Female,East Midlands,Bronze,2022-12-31,True,True
CUST03971,Noah,Davies,45-54,Female,North West,Silver,2022-07-02,True,False
CUST03972,Isla,Wood,65+,Male,London,Gold,2023-01-09,True,True
CUST03973,Mohammed,Davies,45-54,Female,East of England,Bronze,2024-01-22,False,True
CUST03974,Freddie,Evans,65+,Prefer not to say,South East,Bronze,2022-07-12,True,True
CUST03975,Emily,Clark,65+,Prefer not to say,South East,Bronze,2022-09-29,True,True
CUST03976,Lily,Brown,65+,Male,South East,Bronze,2022-02-05,True,True
CUST03977,Jack,Wood,25-34,Female,South West,Bronze,2022-04-11,True,True
CUST03978,Isla,Thompson,18-24,Female,East of England,Gold,2023-03-03,True,True
CUST03979,Jack,Smith,55-64,Prefer not to say,North East,Bronze,2023-12-19,True,True
CUST03980,Harry,Roberts,18-24,Female,London,Platinum,2023-04-05,True,True
CUST03981,Amelia,Clark,65+,Prefer not to say,North West,Bronze,2022-04-24,True,False
CUST03982,Sarah,Davies,45-54,Prefer not to say,North West,Silver,2023-10-05,False,True
CUST03983,Sofia,Kim,35-44,Male,South East,Bronze,2023-04-10,True,False
CUST03984,Isabella,Jones,65+,Male,Wales,Silver,2024-03-03,True,False
CUST03985,Noah,Ali,55-64,Prefer not to say,London,Silver,2023-08-27,True,True
CUST03986,Sofia,Jackson,65+,Female,London,Silver,2022-08-05,True,True
CUST03987,Sofia,Patel,65+,Prefer not to say,North West,Bronze,2022-02-14,True,False
CUST03988,Aisha,Walker,35-44,Female,London,Silver,2024-01-28,False,False
CUST03989,Sophia,Khan,25-34,Male,East of England,Gold,2022-01-07,True,True
CUST03990,Amelia,Kim,18-24,Prefer not to say,West Midlands,Bronze,2023-10-31,True,True
CUST03991,Sofia,Brown,18-24,Prefer not to say,South West,Gold,2024-04-30,True,True
CUST03992,Mia,Lee,18-24,Prefer not to say,West Midlands,Silver,2022-01-28,True,True
CUST03993,David,Taylor,18-24,Male,Wales,Silver,2022-03-10,False,True
CUST03994,Oliver,Patel,65+,Prefer not to say,West Midlands,Silver,2023-06-25,False,False
CUST03995,Jack,Davies,35-44,Prefer not to say,East Midlands,Bronze,2024-03-14,False,True
CUST03996,Charlie,Clark,45-54,Prefer not to say,West Midlands,Silver,2022-04-13,False,True
CUST03997,Michael,Kim,25-34,Prefer not to say,South East,Silver,2022-01-29,False,True
CUST03998,Jacob,Johnson,25-34,Male,South East,Gold,2023-07-31,True,False
CUST03999,Daniel,Thompson,65+,Prefer not to say,Scotland,Silver,2023-01-13,True,True
CUST04000,Amelia,Patel,18-24,Male,East of England,Bronze,2024-03-12,False,True
CUST04001,Emily,Hussain,25-34,Female,East Midlands,Silver,2024-06-19,True,True
CUST04002,Sophia,Kim,35-44,Female,East of England,Bronze,2023-05-24,True,True
CUST04003,Ava,Thompson,35-44,Female,East Midlands,Silver,2022-11-11,True,True
CUST04004,Harry,Davies,55-64,Male,London,Bronze,2022-05-29,True,True
CUST04005,Jacob,Roberts,45-54,Female,London,Bronze,2023-08-15,False,False
CUST04006,Isla,Robinson,35-44,Male,West Midlands,Bronze,2023-08-13,True,True
CUST04007,Sarah,Robinson,18-24,Female,West Midlands,Silver,2023-07-23,False,True
CUST04008,Aisha,Clark,25-34,Female,West Midlands,Bronze,2022-08-30,True,True
CUST04009,Sophia,Hussain,55-64,Male,London,Silver,2023-05-18,False,True
CUST04010,Isla,Jackson,65+,Female,London,Bronze,2023-11-12,True,True
CUST04011,Mia,Davies,45-54,Prefer not to say,East of England,Bronze,2022-05-21,True,True
CUST04012,Ella,Kim,35-44,Prefer not to say,West Midlands,Bronze,2023-08-05,False,True
CUST04013,Sarah,Davies,45-54,Female,London,Gold,2023-05-22,True,True
CUST04014,Mohammed,Robinson,35-44,Male,East of England,Silver,2023-10-19,True,True
CUST04015,Priya,Williams,55-64,Male,North East,Silver,2023-05-22,True,True
CUST04016,Harry,Walker,45-54,Prefer not to say,Yorkshire,Bronze,2023-06-12,True,False
CUST04017,Sophia,Walker,25-34,Prefer not to say,London,Silver,2022-07-10,False,False
CUST04018,Mohammed,Martin,18-24,Female,East Midlands,Bronze,2024-04-05,True,True
CUST04019,Jack,Brown,18-24,Female,London,Silver,2022-04-19,False,True
CUST04020,Priya,Watson,55-64,Male,London,Platinum,2022-07-17,True,False
CUST04021,George,Chen,55-64,Prefer not to say,West Midlands,Bronze,2024-03-29,True,True
CUST04022,Isabella,Singh,45-54,Female,London,Bronze,2024-06-02,True,True
CUST04023,Michael,Williams,25-34,Female,East of England,Bronze,2022-11-29,True,False
CUST04024,Emily,Jackson,65+,Male,South West,Bronze,2024-05-07,True,False
CUST04025,Emily,Johnson,18-24,Male,Scotland,Gold,2022-10-18,True,True
CUST04026,Sofia,Johnson,25-34,Prefer not to say,South East,Bronze,2024-03-23,False,False
CUST04027,Jessica,Thompson,65+,Female,South East,Bronze,2022-03-27,True,False
CUST04028,Aisha,White,45-54,Prefer not to say,London,Silver,2024-03-31,False,True
CUST04029,Isabella,Brown,18-24,Female,East Midlands,Gold,2024-03-21,True,True
CUST04030,Alfie,Brown,35-44,Prefer not to say,Yorkshire,Bronze,2022-12-12,True,True
CUST04031,Olivia,Jackson,65+,Male,East of England,Bronze,2022-06-24,False,True
CUST04032,Aisha,Lee,35-44,Prefer not to say,North West,Silver,2023-09-14,True,True
CUST04033,Ava,Walker,45-54,Female,South East,Gold,2022-07-16,True,True
CUST04034,George,Clark,45-54,Prefer not to say,Yorkshire,Bronze,2023-09-04,True,True
CUST04035,Charlie,Singh,65+,Female,East Midlands,Silver,2023-09-20,True,True
CUST04036,Lily,Lewis,25-34,Male,North West,Gold,2024-04-02,True,True
CUST04037,Ella,Wilson,35-44,Male,South East,Gold,2022-06-13,True,True
CUST04038,Daniel,Walker,55-64,Male,South East,Bronze,2023-01-06,True,True
CUST04039,Olivia,Jones,18-24,Female,South East,Bronze,2022-05-04,True,True
CUST04040,Lily,Harris,45-54,Prefer not to say,Wales,Silver,2023-06-03,False,True
CUST04041,Lily,Brown,65+,Prefer not to say,London,Bronze,2023-10-02,True,True
CUST04042,David,Martin,55-64,Male,North East,Bronze,2023-01-30,True,True
CUST04043,Jacob,Martin,25-34,Male,Yorkshire,Silver,2023-08-14,True,False
CUST04044,Isla,Taylor,55-64,Female,North East,Bronze,2022-04-11,True,True
CUST04045,Olivia,Thompson,35-44,Male,East Midlands,Platinum,2024-06-17,True,True
CUST04046,Sophia,Khan,25-34,Female,East of England,Bronze,2022-06-01,True,False
CUST04047,James,Thomas,35-44,Male,Scotland,Platinum,2022-06-11,True,True
CUST04048,Thomas,Kim,18-24,Female,East of England,Bronze,2023-07-04,True,True
CUST04049,Isla,Sharma,65+,Prefer not to say,North East,Bronze,2024-01-20,False,False
CUST04050,Jack,Sharma,45-54,Male,London,Bronze,2022-11-06,True,True
CUST04051,Jack,Jones,25-34,Male,West Midlands,Gold,2022-10-27,True,False
CUST04052,Michael,Roberts,35-44,Female,North West,Bronze,2022-01-20,True,True
CUST04053,Grace,Brown,45-54,Prefer not to say,North West,Platinum,2022-12-21,True,True
CUST04054,Thomas,Wood,55-64,Prefer not to say,South East,Bronze,2023-05-13,True,True
CUST04055,Isla,Ali,65+,Male,Wales,Silver,2022-06-23,False,True
CUST04056,Oliver,Hussain,65+,Male,South East,Silver,2023-03-13,True,True
CUST04057,Mia,Davies,55-64,Prefer not to say,East Midlands,Silver,2023-04-13,True,False
CUST04058,Thomas,Lewis,65+,Male,West Midlands,Bronze,2024-01-13,True,True
CUST04059,Jack,Patel,18-24,Female,Wales,Platinum,2024-01-08,True,True
CUST04060,James,Harris,55-64,Female,West Midlands,Silver,2023-01-19,False,True
CUST04061,David,Ali,55-64,Female,Yorkshire,Bronze,2022-12-21,True,True
CUST04062,Mohammed,Patel,18-24,Prefer not to say,North West,Bronze,2022-01-12,True,True
CUST04063,Olivia,Johnson,35-44,Prefer not to say,South East,Bronze,2022-10-12,True,True
CUST04064,Mohammed,Brown,35-44,Female,London,Bronze,2024-01-31,True,True
CUST04065,Charlie,Jones,55-64,Female,East of England,Bronze,2024-02-05,True,False
CUST04066,Thomas,Wood,45-54,Female,Yorkshire,Bronze,2024-04-06,True,True
CUST04067,George,Sharma,25-34,Female,North East,Gold,2022-09-15,True,True
CUST04068,Emily,Sharma,55-64,Female,North West,Platinum,2022-05-18,True,False
CUST04069,Amelia,Robinson,65+,Prefer not to say,London,Silver,2024-04-25,False,True
CUST04070,Mia,Patel,35-44,Prefer not to say,South West,Silver,2024-03-22,True,False
CUST04071,Jacob,Brown,25-34,Female,Yorkshire,Platinum,2024-04-20,False,True
CUST04072,Michael,Robinson,18-24,Male,South East,Gold,2024-05-27,True,True
CUST04073,Oliver,Khan,25-34,Male,London,Bronze,2022-04-18,True,True
CUST04074,Sophia,Jones,18-24,Male,North West,Silver,2023-08-19,True,True
CUST04075,Lily,Singh,65+,Male,West Midlands,Gold,2023-03-04,True,True
CUST04076,Lily,Brown,65+,Female,London,Bronze,2022-06-06,True,True
CUST04077,Thomas,Brown,45-54,Prefer not to say,East Midlands,Silver,2022-09-26,True,True
CUST04078,Grace,Hussain,18-24,Male,West Midlands,Platinum,2022-03-07,True,True
CUST04079,Michael,White,25-34,Prefer not to say,London,Bronze,2022-11-15,True,True
CUST04080,George,Williams,18-24,Female,North West,Bronze,2023-01-05,True,True
CUST04081,Isla,Wilson,25-34,Female,South East,Platinum,2022-04-24,False,True
CUST04082,Jack,Hussain,25-34,Prefer not to say,West Midlands,Silver,2022-05-17,True,True
CUST04083,David,Thomas,65+,Male,East of England,Gold,2024-05-31,True,True
CUST04084,Michael,Ahmed,45-54,Female,East of England,Bronze,2024-03-30,True,False
CUST04085,Sarah,Ahmed,65+,Male,London,Bronze,2022-08-11,True,True
CUST04086,Mia,Ahmed,65+,Prefer not to say,North West,Bronze,2023-08-11,False,True
CUST04087,Rahul,Wilson,55-64,Female,South East,Silver,2022-10-09,False,False
CUST04088,Noah,Ahmed,65+,Male,South East,Silver,2024-04-07,True,True
CUST04089,Daniel,Harris,65+,Prefer not to say,London,Silver,2023-08-16,True,True
CUST04090,Mohammed,Clark,55-64,Male,North East,Bronze,2023-05-12,True,True
CUST04091,Alfie,Williams,35-44,Female,North West,Silver,2023-02-05,True,True
CUST04092,Noah,Martin,35-44,Male,Scotland,Bronze,2023-04-04,True,False
CUST04093,James,Thomas,18-24,Prefer not to say,East of England,Silver,2023-04-13,True,True
CUST04094,Ella,Lewis,18-24,Prefer not to say,North East,Bronze,2023-07-27,True,True
CUST04095,Mia,Martin,35-44,Female,Scotland,Gold,2024-02-13,False,True
CUST04096,Emily,Ahmed,45-54,Prefer not to say,Scotland,Gold,2023-06-13,True,True
CUST04097,Alfie,Evans,18-24,Prefer not to say,London,Gold,2024-01-18,True,False
CUST04098,Lily,Sharma,18-24,Male,North West,Bronze,2022-01-23,True,True
CUST04099,Michael,Smith,35-44,Male,Scotland,Bronze,2023-01-11,True,True
CUST04100,Sarah,Davies,55-64,Female,South East,Bronze,2023-02-23,False,True
CUST04101,Lily,Sharma,18-24,Prefer not to say,South East,Silver,2022-10-27,False,True
CUST04102,Oliver,Wilson,55-64,Female,East of England,Bronze,2024-04-04,True,True
CUST04103,Jack,Jackson,65+,Female,South East,Gold,2023-04-20,False,True
CUST04104,Sofia,Lee,55-64,Prefer not to say,Wales,Gold,2022-11-12,True,True
CUST04105,Jack,Robinson,65+,Male,South East,Platinum,2024-04-10,True,True
CUST04106,Freddie,White,45-54,Prefer not to say,London,Silver,2023-03-29,True,False
CUST04107,Charlie,Walker,18-24,Male,East of England,Gold,2022-05-05,True,True
CUST04108,Noah,White,35-44,Prefer not to say,South West,Bronze,2022-09-11,True,True
CUST04109,Noah,Hussain,18-24,Male,South East,Bronze,2023-01-12,False,True
CUST04110,Freddie,Patel,45-54,Prefer not to say,East of England,Bronze,2024-01-17,True,True
CUST04111,Mohammed,Davies,65+,Prefer not to say,London,Bronze,2022-05-22,True,True
CUST04112,George,Wilson,55-64,Male,West Midlands,Bronze,2023-10-15,True,True
CUST04113,Daniel,Robinson,18-24,Male,South East,Bronze,2022-09-11,True,False
CUST04114,Sophia,Johnson,65+,Female,North West,Bronze,2022-11-13,True,True
CUST04115,Isla,White,65+,Male,South East,Bronze,2023-01-10,True,False
CUST04116,Mohammed,Harris,35-44,Prefer not to say,London,Gold,2022-04-22,True,True
CUST04117,Aisha,Martin,25-34,Female,Yorkshire,Platinum,2024-05-21,True,True
CUST04118,Daniel,Thomas,65+,Prefer not to say,West Midlands,Bronze,2022-06-07,True,True
CUST04119,Lily,Williams,25-34,Male,London,Bronze,2023-09-19,True,True
CUST04120,Priya,Taylor,65+,Male,Scotland,Silver,2024-04-25,True,False
CUST04121,Oliver,Clark,18-24,Female,South East,Gold,2022-06-25,True,True
CUST04122,Jessica,Robinson,35-44,Female,North West,Gold,2023-10-08,True,True
CUST04123,Sarah,Sharma,45-54,Female,South East,Gold,2022-10-15,True,True
CUST04124,Isabella,Williams,35-44,Female,South East,Bronze,2022-09-28,False,True
CUST04125,Alfie,Ali,35-44,Prefer not to say,South West,Platinum,2023-08-05,False,True
CUST04126,Ava,Sharma,45-54,Prefer not to say,South East,Gold,2023-01-09,True,False
CUST04127,Grace,Ali,18-24,Prefer not to say,London,Bronze,2024-06-05,True,True
CUST04128,Rahul,White,35-44,Prefer not to say,London,Bronze,2022-06-10,True,True
CUST04129,Mia,Roberts,65+,Prefer not to say,South East,Bronze,2022-03-03,True,True
CUST04130,Rahul,Evans,65+,Female,South East,Bronze,2022-05-20,False,True
CUST04131,Alfie,Singh,18-24,Prefer not to say,North West,Silver,2022-08-11,True,True
CUST04132,Sophia,Watson,25-34,Female,East Midlands,Bronze,2023-10-12,True,True
CUST04133,Michael,White,55-64,Female,Yorkshire,Bronze,2024-03-16,True,True
CUST04134,Priya,Patel,45-54,Prefer not to say,East of England,Bronze,2024-02-06,False,True
CUST04135,Charlie,Sharma,65+,Female,West Midlands,Gold,2024-01-14,True,True
CUST04136,Mia,Thomas,25-34,Prefer not to say,South East,Bronze,2022-04-20,True,True
CUST04137,Daniel,Thomas,45-54,Female,London,Bronze,2022-08-02,True,True
CUST04138,Ella,Williams,35-44,Prefer not to say,Scotland,Bronze,2024-02-24,True,True
CUST04139,Sofia,Wood,55-64,Male,Scotland,Platinum,2022-06-17,True,True
CUST04140,Alfie,Johnson,18-24,Female,Yorkshire,Bronze,2022-05-20,True,True
CUST04141,Alfie,Kim,45-54,Female,East of England,Bronze,2022-06-23,True,True
CUST04142,Sophia,Robinson,25-34,Prefer not to say,Wales,Silver,2022-11-22,True,True
CUST04143,Ava,Chen,65+,Prefer not to say,London,Gold,2023-06-17,True,True
CUST04144,Alfie,Ali,18-24,Female,South West,Bronze,2022-01-13,True,True
CUST04145,Sophia,Ali,55-64,Prefer not to say,North West,Platinum,2023-10-06,True,True
CUST04146,George,Singh,35-44,Female,South East,Platinum,2023-05-24,True,True
CUST04147,Isla,Brown,55-64,Female,South East,Silver,2023-07-28,True,True
CUST04148,Ava,Wood,45-54,Female,North West,Gold,2023-09-30,True,False
CUST04149,Sarah,Walker,35-44,Male,Yorkshire,Silver,2023-09-19,True,False
CUST04150,Olivia,Ahmed,65+,Female,East Midlands,Gold,2024-02-25,True,True
CUST04151,Oliver,Smith,55-64,Male,East of England,Bronze,2023-02-26,False,True
CUST04152,Jacob,Watson,35-44,Male,South East,Platinum,2022-06-10,True,True
CUST04153,Harry,Thomas,25-34,Male,London,Bronze,2024-03-01,False,False
CUST04154,David,Singh,45-54,Prefer not to say,London,Bronze,2022-04-28,True,True
CUST04155,Jack,Lee,18-24,Prefer not to say,South East,Bronze,2023-07-19,True,True
CUST04156,Ella,Wilson,25-34,Male,London,Silver,2024-03-25,False,True
CUST04157,Michael,Martin,35-44,Prefer not to say,East Midlands,Platinum,2022-12-24,True,True
CUST04158,Charlie,Harris,35-44,Male,South East,Gold,2023-08-12,False,True
CUST04159,Daniel,Chen,55-64,Female,West Midlands,Bronze,2022-09-12,True,True
CUST04160,Charlie,Wilson,35-44,Prefer not to say,London,Bronze,2022-12-14,True,True
CUST04161,Mohammed,Williams,65+,Prefer not to say,South East,Bronze,2022-10-04,True,True
CUST04162,Sophia,Walker,35-44,Prefer not to say,North West,Gold,2023-01-31,True,True
CUST04163,Sofia,Kim,35-44,Male,South West,Gold,2024-03-13,False,True
CUST04164,Rahul,Martin,45-54,Female,West Midlands,Platinum,2024-01-24,True,True
CUST04165,Thomas,Ahmed,65+,Male,Wales,Bronze,2023-10-24,True,True
CUST04166,Isabella,Kim,55-64,Prefer not to say,North East,Bronze,2023-10-02,False,True
CUST04167,Ella,Robinson,18-24,Female,Yorkshire,Bronze,2022-06-13,True,False
CUST04168,Isabella,Kim,55-64,Male,South East,Bronze,2022-09-22,True,True
CUST04169,Isla,Ali,35-44,Male,North West,Gold,2023-08-27,True,True
CUST04170,Amelia,Lee,65+,Prefer not to say,London,Bronze,2023-08-17,True,True
CUST04171,Olivia,Hussain,25-34,Female,Yorkshire,Bronze,2024-01-13,True,True
CUST04172,Amelia,Brown,25-34,Male,London,Silver,2023-05-11,True,True
CUST04173,Priya,Wilson,35-44,Male,London,Bronze,2023-06-03,True,True
CUST04174,Oliver,Smith,55-64,Prefer not to say,North West,Gold,2023-01-25,True,False
CUST04175,Ava,Chen,65+,Prefer not to say,London,Platinum,2024-04-10,True,True
CUST04176,George,Thompson,65+,Female,South East,Bronze,2022-10-03,True,True
CUST04177,Ella,Kim,65+,Female,North West,Bronze,2023-07-03,False,True
CUST04178,Harry,Jones,45-54,Female,Scotland,Bronze,2023-03-13,True,True
CUST04179,Jessica,Williams,18-24,Female,Yorkshire,Bronze,2022-09-11,False,False
CUST04180,Isla,Ali,55-64,Female,London,Silver,2022-10-18,False,True
CUST04181,David,Lee,25-34,Male,North East,Gold,2023-12-21,False,True
CUST04182,James,Martin,35-44,Female,North West,Bronze,2024-05-02,True,True
CUST04183,Michael,Harris,18-24,Female,London,Silver,2022-10-25,True,True
CUST04184,Charlie,Hussain,25-34,Female,London,Bronze,2022-09-14,True,True
CUST04185,Alfie,Robinson,65+,Male,East Midlands,Silver,2022-06-14,True,True
CUST04186,Oliver,Smith,45-54,Prefer not to say,North West,Bronze,2023-07-31,True,True
CUST04187,Grace,Watson,55-64,Female,Scotland,Bronze,2022-01-07,False,False
CUST04188,George,Singh,65+,Female,London,Platinum,2023-05-10,False,True
CUST04189,Mohammed,Chen,55-64,Prefer not to say,North West,Silver,2022-10-31,True,True
CUST04190,Lily,Singh,45-54,Prefer not to say,South West,Gold,2024-04-18,False,True
CUST04191,Rahul,Hussain,65+,Female,South West,Gold,2023-02-14,False,False
CUST04192,Priya,Thomas,18-24,Prefer not to say,West Midlands,Gold,2022-02-17,True,True
CUST04193,Aisha,Martin,25-34,Male,East of England,Bronze,2022-11-15,False,True
CUST04194,Michael,Roberts,45-54,Female,South East,Bronze,2023-08-31,True,True
CUST04195,Rahul,Williams,45-54,Prefer not to say,London,Gold,2022-03-20,False,True
CUST04196,Thomas,Watson,18-24,Male,South West,Silver,2022-08-26,True,True
CUST04197,Isla,Williams,25-34,Male,North West,Bronze,2023-03-19,True,True
CUST04198,Isla,Thompson,25-34,Male,North East,Bronze,2022-04-02,True,True
CUST04199,Sophia,Jones,45-54,Female,South East,Silver,2023-06-05,True,True
CUST04200,Rahul,Thomas,65+,Female,South East,Silver,2022-11-24,True,True
CUST04201,Isla,Chen,55-64,Female,Scotland,Bronze,2022-10-11,True,True
CUST04202,Isla,Ahmed,65+,Male,West Midlands,Bronze,2023-04-09,False,False
CUST04203,Thomas,Thompson,65+,Male,North West,Silver,2023-09-25,True,True
CUST04204,Thomas,White,18-24,Female,West Midlands,Gold,2024-02-02,True,False
CUST04205,Harry,Wilson,55-64,Prefer not to say,Yorkshire,Platinum,2023-02-01,False,True
CUST04206,Thomas,Harris,65+,Female,South West,Platinum,2024-05-31,True,True
CUST04207,Grace,Thomas,45-54,Prefer not to say,North West,Gold,2023-12-02,False,False
CUST04208,Isla,Lee,45-54,Prefer not to say,Yorkshire,Silver,2023-04-14,True,True
CUST04209,James,Thomas,65+,Female,North West,Silver,2024-06-17,True,True
CUST04210,Mohammed,Thomas,18-24,Male,East Midlands,Silver,2023-09-28,True,True
CUST04211,Jacob,Singh,65+,Male,East Midlands,Silver,2022-05-12,True,True
CUST04212,Olivia,Harris,65+,Female,South West,Bronze,2023-01-27,True,True
CUST04213,Thomas,Chen,25-34,Prefer not to say,North West,Silver,2022-12-11,True,True
CUST04214,Grace,Walker,65+,Male,South West,Bronze,2022-06-09,True,False
CUST04215,Isabella,Taylor,65+,Female,South East,Platinum,2022-01-15,True,True
CUST04216,Olivia,Taylor,25-34,Female,East of England,Bronze,2022-10-08,True,True
CUST04217,Rahul,Smith,65+,Prefer not to say,London,Gold,2022-10-14,True,True
CUST04218,David,Jones,25-34,Female,South East,Bronze,2024-05-25,True,True
CUST04219,James,Ahmed,45-54,Male,West Midlands,Bronze,2023-09-27,True,True
CUST04220,Alfie,Sharma,45-54,Prefer not to say,West Midlands,Silver,2022-09-05,True,True
CUST04221,Daniel,Brown,45-54,Male,South West,Silver,2023-03-28,True,True
CUST04222,Charlie,Jackson,45-54,Male,London,Bronze,2022-11-14,False,True
CUST04223,Isabella,Robinson,55-64,Prefer not to say,North West,Silver,2023-12-01,True,True
CUST04224,Alfie,Brown,35-44,Male,Scotland,Bronze,2022-02-22,True,False
CUST04225,Isabella,Taylor,45-54,Male,East of England,Gold,2022-08-16,True,True
CUST04226,Jessica,Hussain,25-34,Male,Yorkshire,Gold,2022-10-22,True,False
CUST04227,Harry,Wood,45-54,Male,West Midlands,Bronze,2023-09-10,False,True
CUST04228,Rahul,Martin,45-54,Prefer not to say,Scotland,Platinum,2022-09-06,True,True
CUST04229,Noah,Chen,65+,Male,Wales,Bronze,2024-01-28,False,False
CUST04230,Mohammed,Davies,18-24,Male,Yorkshire,Gold,2024-01-09,True,True
CUST04231,Ava,Khan,35-44,Female,South East,Gold,2024-06-16,False,True
CUST04232,Freddie,Johnson,65+,Prefer not to say,London,Bronze,2022-09-16,True,True
CUST04233,Daniel,Thompson,35-44,Male,East of England,Bronze,2023-03-29,False,False
CUST04234,Sarah,Evans,18-24,Prefer not to say,North East,Bronze,2022-11-24,True,True
CUST04235,Harry,Williams,18-24,Prefer not to say,South West,Silver,2022-01-15,True,True
CUST04236,Thomas,Hussain,45-54,Female,South East,Bronze,2024-01-19,False,True
CUST04237,Lily,Ahmed,65+,Male,South East,Bronze,2022-06-19,False,True
CUST04238,Amelia,Jackson,45-54,Female,West Midlands,Platinum,2022-08-14,False,False
CUST04239,Grace,Brown,35-44,Female,Yorkshire,Silver,2023-06-26,True,True
CUST04240,Michael,Robinson,35-44,Male,North West,Silver,2022-11-17,True,True
CUST04241,Michael,Khan,55-64,Prefer not to say,South West,Silver,2024-05-13,True,False
CUST04242,Mohammed,Chen,18-24,Male,North West,Silver,2023-02-23,True,True
CUST04243,Mohammed,Roberts,25-34,Prefer not to say,North West,Silver,2023-04-04,True,True
CUST04244,James,Johnson,25-34,Male,South East,Silver,2022-04-01,True,True
CUST04245,Rahul,Walker,45-54,Prefer not to say,London,Silver,2023-08-25,False,True
CUST04246,Grace,Roberts,45-54,Female,London,Bronze,2022-03-13,False,True
CUST04247,Mia,Sharma,25-34,Male,East Midlands,Bronze,2022-03-21,True,True
CUST04248,Rahul,Roberts,35-44,Prefer not to say,London,Bronze,2022-07-25,True,True
CUST04249,Lily,Khan,25-34,Prefer not to say,South East,Silver,2024-01-04,False,True
CUST04250,Aisha,Walker,55-64,Male,Scotland,Silver,2023-11-15,True,True
CUST04251,Grace,Sharma,45-54,Female,West Midlands,Bronze,2023-11-04,False,True
CUST04252,Lily,Khan,45-54,Female,South West,Bronze,2022-11-15,True,True
CUST04253,James,Harris,25-34,Prefer not to say,South West,Bronze,2023-12-02,True,False
CUST04254,Mohammed,Clark,55-64,Male,South East,Silver,2022-01-17,True,True
CUST04255,Amelia,Ali,45-54,Prefer not to say,Yorkshire,Bronze,2024-03-22,True,True
CUST04256,Olivia,Sharma,25-34,Prefer not to say,Scotland,Silver,2024-01-23,False,False
CUST04257,Olivia,Hussain,18-24,Prefer not to say,West Midlands,Silver,2024-04-19,True,True
CUST04258,Isabella,White,65+,Female,North West,Platinum,2023-11-28,False,True
CUST04259,Priya,Evans,35-44,Prefer not to say,Yorkshire,Bronze,2022-02-17,True,False
CUST04260,Daniel,Johnson,55-64,Prefer not to say,South West,Silver,2024-06-09,False,False
CUST04261,Olivia,Watson,35-44,Prefer not to say,North East,Bronze,2023-09-23,True,True
CUST04262,Rahul,Davies,55-64,Female,West Midlands,Bronze,2023-11-28,True,True
CUST04263,Ella,Taylor,55-64,Prefer not to say,South East,Silver,2022-11-03,True,True
CUST04264,Oliver,Wilson,45-54,Prefer not to say,Yorkshire,Bronze,2023-07-12,False,True
CUST04265,Alfie,Robinson,45-54,Female,East Midlands,Gold,2024-04-03,True,True
CUST04266,Olivia,Johnson,18-24,Male,South West,Bronze,2023-11-21,True,True
CUST04267,Freddie,Thompson,55-64,Male,South East,Bronze,2022-01-07,True,True
CUST04268,Daniel,Robinson,65+,Male,South East,Bronze,2024-04-25,True,True
CUST04269,Harry,Lewis,25-34,Male,East Midlands,Gold,2023-05-12,False,True
CUST04270,Jacob,Lewis,55-64,Female,East Midlands,Gold,2024-05-03,True,True
CUST04271,David,Sharma,65+,Female,South West,Silver,2024-03-02,True,True
CUST04272,Charlie,Davies,45-54,Female,North West,Gold,2022-01-06,True,False
CUST04273,Grace,Harris,55-64,Male,South East,Bronze,2022-06-28,False,True
CUST04274,Mohammed,Jackson,65+,Female,South East,Silver,2022-03-16,True,True
CUST04275,Jack,Kim,18-24,Male,East of England,Silver,2023-10-04,True,False
CUST04276,Sophia,Taylor,18-24,Prefer not to say,South East,Platinum,2024-05-14,True,False
CUST04277,Isla,Jackson,65+,Prefer not to say,East Midlands,Bronze,2023-07-13,True,True
CUST04278,James,Jones,35-44,Prefer not to say,North West,Bronze,2023-01-25,True,True
CUST04279,Mia,Thomas,65+,Prefer not to say,Yorkshire,Bronze,2023-07-14,False,True
CUST04280,Freddie,Williams,25-34,Male,South East,Bronze,2023-01-05,False,True
CUST04281,Grace,Johnson,55-64,Prefer not to say,London,Gold,2024-01-13,False,True
CUST04282,Noah,Khan,45-54,Prefer not to say,London,Gold,2022-04-14,False,True
CUST04283,Emily,Thomas,55-64,Male,London,Bronze,2024-01-30,True,True
CUST04284,Sophia,Johnson,45-54,Female,South East,Bronze,2024-06-14,True,True
CUST04285,Lily,Davies,45-54,Prefer not to say,North West,Platinum,2023-08-11,True,True
CUST04286,Grace,Smith,35-44,Male,London,Silver,2022-01-24,True,True
CUST04287,Oliver,Kim,35-44,Female,London,Bronze,2022-12-17,True,True
CUST04288,Emily,Sharma,45-54,Male,South East,Silver,2022-10-26,True,True
CUST04289,Michael,Taylor,65+,Male,East Midlands,Silver,2023-09-17,True,True
CUST04290,Ella,Jackson,18-24,Female,Scotland,Bronze,2023-02-07,True,True
CUST04291,Noah,Sharma,25-34,Female,London,Silver,2022-01-08,False,True
CUST04292,Alfie,Lewis,55-64,Male,London,Silver,2024-01-13,True,True
CUST04293,Charlie,Davies,25-34,Male,North West,Bronze,2023-01-05,False,False
CUST04294,Sofia,Jones,18-24,Prefer not to say,East Midlands,Bronze,2024-05-20,True,True
CUST04295,Mohammed,Brown,18-24,Prefer not to say,East of England,Silver,2023-02-15,True,False
CUST04296,George,Davies,45-54,Male,West Midlands,Bronze,2023-05-02,True,False
CUST04297,Jessica,Lee,55-64,Prefer not to say,South West,Bronze,2024-05-28,True,True
CUST04298,Sophia,Taylor,45-54,Prefer not to say,West Midlands,Bronze,2024-03-15,True,True
CUST04299,Isabella,Wilson,55-64,Male,North East,Bronze,2022-03-24,True,False
CUST04300,Emily,Sharma,65+,Female,East of England,Bronze,2022-12-10,True,True
CUST04301,Alfie,Watson,55-64,Female,Yorkshire,Bronze,2022-12-13,True,True
CUST04302,Charlie,Kim,45-54,Female,South East,Platinum,2024-03-20,False,False
CUST04303,Harry,Thomas,25-34,Prefer not to say,London,Bronze,2023-04-23,True,False
CUST04304,Jessica,Johnson,45-54,Female,West Midlands,Bronze,2022-11-09,True,True
CUST04305,Priya,Lewis,55-64,Female,East of England,Silver,2022-03-02,True,True
CUST04306,Michael,Lewis,45-54,Male,West Midlands,Gold,2023-05-30,True,True
CUST04307,Aisha,Hussain,65+,Prefer not to say,London,Silver,2024-01-13,True,True
CUST04308,Isabella,Khan,65+,Female,London,Silver,2024-04-15,True,True
CUST04309,Grace,Watson,25-34,Prefer not to say,East of England,Silver,2022-10-21,True,True
CUST04310,Daniel,Patel,25-34,Prefer not to say,South East,Bronze,2024-02-17,False,True
CUST04311,Olivia,Roberts,45-54,Male,South East,Platinum,2023-02-19,True,False
CUST04312,Lily,Smith,45-54,Prefer not to say,London,Gold,2024-05-27,False,True
CUST04313,Ella,Taylor,18-24,Female,West Midlands,Bronze,2022-09-09,True,True
CUST04314,Sophia,Clark,25-34,Female,London,Bronze,2022-07-20,False,True
CUST04315,Isla,Singh,45-54,Male,South East,Bronze,2022-08-11,True,True
CUST04316,Lily,Robinson,35-44,Female,Scotland,Bronze,2022-05-01,True,True
CUST04317,Sophia,Jackson,55-64,Female,East of England,Bronze,2022-09-29,True,True
CUST04318,Lily,Lewis,65+,Female,South West,Silver,2023-06-29,True,True
CUST04319,Jacob,Wilson,45-54,Female,Yorkshire,Silver,2023-10-02,True,False
CUST04320,Sofia,Jackson,25-34,Prefer not to say,East Midlands,Silver,2023-11-08,False,True
CUST04321,Ava,Martin,25-34,Prefer not to say,North East,Silver,2023-03-28,False,True
CUST04322,Jacob,Singh,25-34,Male,London,Bronze,2023-10-23,True,True
CUST04323,George,Wood,35-44,Female,North East,Bronze,2023-10-29,True,True
CUST04324,Olivia,White,35-44,Prefer not to say,London,Bronze,2023-04-22,True,True
CUST04325,Lily,Thompson,65+,Female,East of England,Silver,2023-02-19,False,False
CUST04326,Ava,Taylor,65+,Male,Scotland,Silver,2022-11-12,True,True
CUST04327,Sofia,Wilson,65+,Male,South West,Gold,2024-01-25,False,True
CUST04328,Lily,Evans,25-34,Male,East of England,Silver,2023-04-02,True,True
CUST04329,Thomas,Brown,35-44,Female,London,Silver,2022-01-10,True,True
CUST04330,Mohammed,Smith,25-34,Prefer not to say,Wales,Bronze,2022-06-18,True,True
CUST04331,Jack,Lewis,45-54,Male,East Midlands,Gold,2022-09-18,False,True
CUST04332,Mia,Thomas,18-24,Male,London,Bronze,2024-05-30,True,True
CUST04333,Grace,Roberts,35-44,Male,North West,Silver,2023-12-20,False,True
CUST04334,Jessica,White,25-34,Male,Scotland,Silver,2024-04-13,True,True
CUST04335,Ella,Thomas,35-44,Female,London,Silver,2024-05-08,False,True
CUST04336,Thomas,Brown,65+,Female,East Midlands,Bronze,2023-12-24,True,True
CUST04337,Ella,Ahmed,35-44,Prefer not to say,East of England,Bronze,2023-12-27,False,True
CUST04338,Olivia,Wood,18-24,Female,South East,Silver,2023-09-16,False,True
CUST04339,Ava,Ali,45-54,Female,London,Bronze,2023-09-08,True,True
CUST04340,Ava,Watson,65+,Prefer not to say,East of England,Bronze,2023-08-24,True,True
CUST04341,Jack,Thompson,35-44,Female,Yorkshire,Gold,2022-08-24,True,True
CUST04342,Emily,Ali,45-54,Prefer not to say,London,Silver,2023-10-10,True,True
CUST04343,David,Khan,18-24,Female,South East,Bronze,2023-11-24,True,True
CUST04344,Grace,Thomas,45-54,Male,West Midlands,Bronze,2022-04-01,True,False
CUST04345,Oliver,Thomas,35-44,Female,East Midlands,Bronze,2023-06-24,True,False
CUST04346,Mia,Martin,45-54,Female,South East,Bronze,2023-09-14,True,True
CUST04347,David,Clark,18-24,Female,Yorkshire,Bronze,2023-04-27,True,True
CUST04348,David,Wood,45-54,Female,East Midlands,Silver,2022-11-27,True,True
CUST04349,Freddie,Clark,18-24,Male,London,Bronze,2024-02-07,True,True
CUST04350,Jack,Davies,65+,Female,North West,Gold,2024-03-23,True,False
CUST04351,Amelia,Watson,55-64,Prefer not to say,Yorkshire,Platinum,2023-08-27,True,False
CUST04352,Daniel,Sharma,35-44,Prefer not to say,North West,Platinum,2022-08-03,True,True
CUST04353,Mia,Clark,35-44,Male,South West,Bronze,2024-04-19,True,True
CUST04354,Noah,Thomas,35-44,Male,South West,Silver,2022-12-17,False,False
CUST04355,Aisha,Brown,65+,Male,West Midlands,Silver,2022-08-15,False,True
CUST04356,Aisha,Johnson,55-64,Female,South West,Bronze,2022-09-11,False,True
CUST04357,Ella,Taylor,55-64,Female,London,Bronze,2022-01-23,True,True
CUST04358,George,Brown,55-64,Prefer not to say,East of England,Silver,2023-02-22,False,True
CUST04359,Sofia,Patel,55-64,Male,West Midlands,Silver,2022-07-03,True,True
CUST04360,George,Hussain,18-24,Female,London,Bronze,2023-12-30,True,True
CUST04361,Rahul,Jackson,35-44,Male,East of England,Bronze,2024-04-14,False,True
CUST04362,Thomas,Taylor,65+,Male,West Midlands,Silver,2024-06-04,True,True
CUST04363,Jack,Johnson,65+,Male,London,Bronze,2023-04-28,False,True
CUST04364,Emily,Sharma,45-54,Female,East of England,Gold,2024-01-11,True,True
CUST04365,Sofia,Harris,35-44,Female,South East,Silver,2023-04-13,True,True
CUST04366,Jacob,Clark,65+,Female,London,Gold,2023-06-01,True,True
CUST04367,Alfie,Ali,55-64,Male,East Midlands,Bronze,2022-02-21,True,False
CUST04368,Alfie,Walker,65+,Male,London,Platinum,2023-07-05,True,True
CUST04369,George,Harris,65+,Prefer not to say,South East,Silver,2023-11-27,True,True
CUST04370,Sofia,White,18-24,Female,London,Gold,2022-05-27,True,True
CUST04371,Charlie,Martin,65+,Male,Yorkshire,Bronze,2022-10-16,False,True
CUST04372,Emily,Jackson,55-64,Male,Yorkshire,Bronze,2022-04-20,True,True
CUST04373,David,Thompson,18-24,Male,East Midlands,Bronze,2024-06-18,True,False
CUST04374,Priya,Johnson,65+,Male,London,Silver,2022-06-22,True,True
CUST04375,David,Ahmed,18-24,Male,South West,Bronze,2022-07-31,True,True
CUST04376,Noah,Harris,55-64,Female,Scotland,Bronze,2024-02-24,True,True
CUST04377,Ella,Martin,45-54,Prefer not to say,Wales,Platinum,2022-03-10,False,True
CUST04378,Freddie,Thompson,55-64,Male,London,Bronze,2022-11-26,True,True
CUST04379,Freddie,Ali,45-54,Prefer not to say,South East,Bronze,2024-06-12,True,True
CUST04380,Sarah,Sharma,55-64,Prefer not to say,South East,Bronze,2023-05-30,True,True
CUST04381,Mia,Lee,45-54,Male,Yorkshire,Platinum,2022-02-14,True,True
CUST04382,Oliver,Taylor,65+,Female,West Midlands,Silver,2023-05-31,True,False
CUST04383,Isabella,Watson,65+,Female,London,Bronze,2023-05-23,False,True
CUST04384,Lily,Smith,65+,Female,East Midlands,Bronze,2023-11-11,True,True
CUST04385,Priya,Hussain,35-44,Male,East of England,Bronze,2022-10-02,True,True
CUST04386,Isla,Thomas,55-64,Female,East of England,Gold,2023-12-30,True,False
CUST04387,Jack,Lee,45-54,Prefer not to say,Scotland,Bronze,2022-12-30,True,True
CUST04388,Mohammed,Singh,45-54,Prefer not to say,South West,Gold,2022-04-23,False,True
CUST04389,Lily,Williams,55-64,Male,South West,Silver,2023-08-20,False,True
CUST04390,James,Clark,55-64,Female,South East,Silver,2023-10-17,True,False
CUST04391,Mia,Robinson,55-64,Female,South West,Bronze,2022-03-15,True,True
CUST04392,George,Roberts,35-44,Female,East Midlands,Bronze,2023-01-16,True,True
CUST04393,Thomas,Kim,65+,Female,East Midlands,Gold,2022-05-29,False,True
CUST04394,Lily,Hussain,55-64,Prefer not to say,West Midlands,Platinum,2023-07-21,True,True
CUST04395,Mia,Taylor,35-44,Male,East of England,Bronze,2023-03-12,True,True
CUST04396,Amelia,Lewis,35-44,Prefer not to say,Yorkshire,Bronze,2024-06-15,True,True
CUST04397,Alfie,Hussain,35-44,Female,East Midlands,Silver,2022-05-04,True,True
CUST04398,Ava,Evans,55-64,Male,East Midlands,Silver,2023-02-04,False,True
CUST04399,Oliver,Singh,65+,Female,South East,Bronze,2023-11-30,False,True
CUST04400,Isla,Smith,45-54,Male,South East,Silver,2022-06-27,True,True
CUST04401,Daniel,Jackson,25-34,Prefer not to say,East of England,Gold,2023-01-18,True,True
CUST04402,James,Williams,25-34,Prefer not to say,London,Bronze,2024-06-19,True,True
CUST04403,Amelia,Kim,35-44,Prefer not to say,Wales,Bronze,2022-11-12,True,True
CUST04404,Mia,Clark,45-54,Male,London,Silver,2024-01-13,True,True
CUST04405,James,Lee,65+,Prefer not to say,Yorkshire,Bronze,2022-09-06,False,False
CUST04406,George,Clark,25-34,Prefer not to say,Scotland,Gold,2023-11-09,True,True
CUST04407,Noah,Ahmed,45-54,Prefer not to say,London,Platinum,2022-06-17,False,True
CUST04408,Mia,Khan,65+,Prefer not to say,Scotland,Bronze,2023-02-07,True,True
CUST04409,Isabella,Johnson,45-54,Female,East Midlands,Bronze,2023-10-28,True,True
CUST04410,Michael,Taylor,65+,Male,West Midlands,Silver,2023-12-02,True,False
CUST04411,Rahul,Robinson,35-44,Prefer not to say,West Midlands,Silver,2023-05-18,True,True
CUST04412,Sophia,Clark,25-34,Prefer not to say,South West,Silver,2022-06-09,False,True
CUST04413,Aisha,Taylor,65+,Male,London,Bronze,2022-04-11,False,True
CUST04414,George,Thomas,65+,Female,South East,Bronze,2023-04-13,True,True
CUST04415,George,Patel,25-34,Prefer not to say,East Midlands,Silver,2023-09-11,True,False
CUST04416,George,Martin,18-24,Female,East Midlands,Bronze,2024-01-01,False,True
CUST04417,Isabella,Khan,65+,Male,South West,Bronze,2022-04-02,False,False
CUST04418,Olivia,Thomas,65+,Female,London,Silver,2022-05-21,True,True
CUST04419,Oliver,Thomas,55-64,Female,East Midlands,Bronze,2023-12-27,True,True
CUST04420,Sophia,Martin,45-54,Female,North West,Platinum,2024-05-22,False,True
CUST04421,Thomas,Clark,65+,Female,London,Silver,2022-09-01,True,True
CUST04422,Noah,Singh,55-64,Female,Yorkshire,Silver,2023-08-20,True,True
CUST04423,Rahul,Walker,45-54,Male,Scotland,Silver,2022-08-02,True,True
CUST04424,David,Jones,45-54,Female,London,Gold,2023-10-15,True,True
CUST04425,Michael,Williams,45-54,Male,London,Bronze,2023-12-24,True,False
CUST04426,Ava,Evans,18-24,Male,London,Gold,2023-12-31,False,True
CUST04427,Thomas,Wood,45-54,Male,Scotland,Bronze,2023-05-04,False,True
CUST04428,Sophia,Wood,45-54,Female,South West,Bronze,2024-03-03,True,True
CUST04429,James,Patel,45-54,Prefer not to say,North West,Silver,2023-12-15,True,False
CUST04430,Isla,Chen,45-54,Female,London,Bronze,2024-05-16,False,True
CUST04431,George,Khan,35-44,Prefer not to say,East Midlands,Silver,2022-09-07,True,True
CUST04432,Michael,Thompson,65+,Prefer not to say,London,Bronze,2023-03-12,False,True
CUST04433,Olivia,Clark,25-34,Male,London,Silver,2022-03-01,True,True
CUST04434,Alfie,Martin,35-44,Female,Yorkshire,Gold,2023-03-06,True,True
CUST04435,Jack,Harris,18-24,Male,Yorkshire,Bronze,2023-06-13,True,True
CUST04436,James,Williams,18-24,Male,North East,Silver,2023-04-24,True,True
CUST04437,Mohammed,White,45-54,Female,North East,Silver,2023-06-16,True,True
CUST04438,Isabella,Khan,55-64,Male,North West,Silver,2022-10-17,True,True
CUST04439,Charlie,Robinson,18-24,Prefer not to say,East of England,Platinum,2022-10-10,False,True
CUST04440,Mia,Roberts,18-24,Male,Scotland,Bronze,2023-06-21,True,False
CUST04441,Sophia,Lewis,35-44,Prefer not to say,London,Bronze,2023-07-09,True,True
CUST04442,Lily,Smith,55-64,Female,London,Silver,2022-12-28,True,False
CUST04443,Jessica,Williams,65+,Prefer not to say,South East,Gold,2022-11-18,True,True
CUST04444,Jessica,Chen,45-54,Female,North West,Bronze,2023-12-28,False,False
CUST04445,Mohammed,Brown,25-34,Female,London,Bronze,2024-05-11,False,True
CUST04446,David,Jackson,35-44,Prefer not to say,West Midlands,Bronze,2023-07-01,True,True
CUST04447,Isabella,Johnson,65+,Prefer not to say,West Midlands,Silver,2023-02-22,False,True
CUST04448,Sofia,Ali,25-34,Prefer not to say,London,Bronze,2022-07-04,True,True
CUST04449,Noah,Martin,18-24,Male,South East,Gold,2022-11-13,True,True
CUST04450,Emily,Taylor,35-44,Female,North West,Bronze,2023-06-06,False,True
CUST04451,Alfie,Thomas,18-24,Male,London,Bronze,2023-08-31,False,True
CUST04452,Ella,Williams,35-44,Prefer not to say,West Midlands,Gold,2023-03-25,True,True
CUST04453,Ava,Chen,18-24,Female,South West,Silver,2022-01-14,True,True
CUST04454,Olivia,Watson,55-64,Female,West Midlands,Bronze,2023-10-21,True,True
CUST04455,George,Walker,45-54,Female,East Midlands,Bronze,2023-04-22,True,True
CUST04456,Lily,Martin,25-34,Female,South East,Bronze,2022-04-08,False,True
CUST04457,Lily,Roberts,35-44,Male,Yorkshire,Silver,2024-04-06,True,True
CUST04458,Rahul,Evans,18-24,Male,South East,Bronze,2024-04-15,True,True
CUST04459,Priya,Brown,35-44,Female,South West,Silver,2023-07-11,False,False
CUST04460,Rahul,Taylor,65+,Female,Yorkshire,Gold,2023-10-27,True,False
CUST04461,Isla,Robinson,18-24,Prefer not to say,South East,Bronze,2023-07-12,True,True
CUST04462,Mohammed,Lee,18-24,Male,Scotland,Bronze,2023-05-12,True,True
CUST04463,Isabella,Robinson,55-64,Prefer not to say,London,Bronze,2023-12-06,True,True
CUST04464,Mohammed,Kim,18-24,Female,London,Gold,2024-02-27,True,True
CUST04465,Alfie,Khan,25-34,Prefer not to say,East Midlands,Gold,2024-05-23,True,True
CUST04466,Freddie,Ahmed,18-24,Female,London,Silver,2022-10-03,False,True
CUST04467,Sofia,Ahmed,65+,Female,East of England,Silver,2024-01-03,True,False
CUST04468,Sarah,Jones,25-34,Prefer not to say,East Midlands,Silver,2022-08-09,True,True
CUST04469,Jessica,Lewis,45-54,Prefer not to say,London,Platinum,2024-02-15,True,False
CUST04470,Freddie,Lewis,65+,Prefer not to say,Scotland,Bronze,2024-03-26,True,False
CUST04471,Mia,Thomas,55-64,Prefer not to say,London,Platinum,2023-12-20,False,True
CUST04472,Sophia,Evans,55-64,Female,South East,Bronze,2022-09-04,True,False
CUST04473,Olivia,Martin,55-64,Prefer not to say,North East,Gold,2023-09-20,True,True
CUST04474,Jack,Wood,35-44,Female,South East,Bronze,2022-01-04,True,True
CUST04475,Sarah,Walker,35-44,Prefer not to say,South East,Silver,2023-03-18,True,False
CUST04476,Sofia,Singh,45-54,Male,South West,Gold,2023-08-17,False,True
CUST04477,Isla,Roberts,65+,Female,London,Bronze,2022-04-05,False,False
CUST04478,Sofia,Jackson,65+,Male,South East,Bronze,2022-11-18,True,True
CUST04479,Olivia,Singh,55-64,Female,London,Silver,2023-08-14,True,True
CUST04480,Ava,Khan,25-34,Male,South West,Bronze,2024-06-15,True,True
CUST04481,Sarah,Johnson,65+,Female,Scotland,Bronze,2022-04-16,True,True
CUST04482,Daniel,Harris,55-64,Male,East of England,Gold,2022-08-01,False,True
CUST04483,Noah,Lee,25-34,Female,North West,Silver,2022-03-24,True,True
CUST04484,Jack,Evans,45-54,Female,South East,Bronze,2022-04-08,True,False
CUST04485,Ella,Singh,35-44,Female,London,Gold,2022-05-28,True,True
CUST04486,Sofia,Roberts,25-34,Prefer not to say,South East,Gold,2024-05-24,True,True
CUST04487,Lily,Lee,18-24,Male,South West,Platinum,2023-06-08,False,True
CUST04488,Jack,Lewis,45-54,Male,South East,Silver,2024-01-28,True,True
CUST04489,Aisha,Walker,55-64,Prefer not to say,West Midlands,Gold,2023-09-20,False,False
CUST04490,Lily,Watson,18-24,Male,South West,Silver,2022-05-18,True,True
CUST04491,Mia,Roberts,18-24,Female,South East,Gold,2023-04-27,True,True
CUST04492,Isla,Patel,35-44,Prefer not to say,South East,Gold,2022-08-05,False,True
CUST04493,James,Ahmed,25-34,Prefer not to say,East of England,Bronze,2022-03-11,True,True
CUST04494,Priya,Jones,45-54,Female,South West,Bronze,2022-01-27,True,True
CUST04495,Isla,Wilson,45-54,Male,South East,Silver,2022-08-16,True,True
CUST04496,George,Johnson,55-64,Prefer not to say,West Midlands,Bronze,2024-01-24,True,True
CUST04497,Amelia,Brown,35-44,Prefer not to say,London,Silver,2024-04-20,True,True
CUST04498,Jessica,Khan,55-64,Male,London,Gold,2024-05-15,False,True
CUST04499,Aisha,Williams,35-44,Male,East of England,Bronze,2022-06-20,True,True
CUST04500,George,Wood,55-64,Female,South East,Bronze,2023-09-07,True,True
CUST04501,Olivia,Sharma,35-44,Prefer not to say,South West,Bronze,2024-01-30,True,True
CUST04502,Grace,Jackson,18-24,Prefer not to say,North West,Silver,2023-06-02,False,True
CUST04503,Ella,Roberts,65+,Prefer not to say,Yorkshire,Silver,2022-08-04,True,True
CUST04504,Emily,White,18-24,Female,East Midlands,Silver,2022-01-27,True,True
CUST04505,Mohammed,Jones,35-44,Male,Yorkshire,Bronze,2022-02-17,False,True
CUST04506,Oliver,Martin,18-24,Prefer not to say,London,Bronze,2022-12-09,False,True
CUST04507,Jack,Hussain,35-44,Female,South East,Silver,2022-03-02,True,True
CUST04508,George,Hussain,18-24,Female,Scotland,Gold,2023-12-10,True,True
CUST04509,Sophia,Patel,45-54,Prefer not to say,West Midlands,Silver,2023-12-29,True,False
CUST04510,Daniel,Clark,65+,Female,Yorkshire,Silver,2023-06-27,True,True
CUST04511,Sofia,Smith,45-54,Male,London,Bronze,2023-02-19,True,True
CUST04512,Sarah,White,18-24,Male,London,Bronze,2024-05-21,True,True
CUST04513,Ava,Roberts,35-44,Male,North West,Silver,2023-06-14,True,True
CUST04514,Isabella,Singh,18-24,Female,London,Bronze,2022-08-10,True,True
CUST04515,Rahul,Thomas,65+,Female,South West,Bronze,2023-03-28,True,True
CUST04516,Charlie,Lee,25-34,Female,East of England,Bronze,2024-01-29,True,True
CUST04517,George,Thompson,35-44,Male,East of England,Gold,2024-05-04,True,True
CUST04518,Mia,Wood,18-24,Male,Scotland,Gold,2024-06-19,True,True
CUST04519,Alfie,Khan,18-24,Prefer not to say,West Midlands,Platinum,2023-01-11,True,True
CUST04520,David,Thompson,35-44,Prefer not to say,North West,Bronze,2024-04-05,True,True
CUST04521,Michael,Harris,45-54,Female,South East,Silver,2023-09-09,False,False
CUST04522,Ella,Williams,55-64,Female,East of England,Bronze,2022-02-07,True,True
CUST04523,Sofia,Clark,55-64,Female,Scotland,Bronze,2024-03-21,False,True
CUST04524,Isla,White,18-24,Female,East of England,Gold,2022-02-02,False,True
CUST04525,Charlie,Taylor,55-64,Prefer not to say,London,Gold,2024-05-19,False,False
CUST04526,Thomas,Watson,25-34,Male,East of England,Silver,2022-11-18,True,True
CUST04527,David,Ahmed,18-24,Prefer not to say,Yorkshire,Platinum,2023-12-03,True,True
CUST04528,David,Lewis,25-34,Female,South East,Gold,2023-06-03,True,True
CUST04529,Aisha,Kim,55-64,Prefer not to say,South West,Platinum,2023-07-05,True,False
CUST04530,Mohammed,Hussain,65+,Male,East Midlands,Bronze,2023-01-30,True,False
CUST04531,Jacob,Johnson,45-54,Prefer not to say,West Midlands,Gold,2023-08-24,True,False
CUST04532,Sophia,Brown,55-64,Female,London,Silver,2022-06-18,True,True
CUST04533,Aisha,Singh,25-34,Female,Yorkshire,Bronze,2022-12-23,True,True
CUST04534,Ava,Wilson,55-64,Female,South East,Bronze,2023-03-03,False,True
CUST04535,Jacob,Lee,55-64,Female,South East,Silver,2024-04-21,True,True
CUST04536,James,Smith,18-24,Prefer not to say,Yorkshire,Bronze,2022-11-09,False,True
CUST04537,Freddie,Thompson,18-24,Male,Yorkshire,Bronze,2022-02-16,True,True
CUST04538,Michael,Johnson,55-64,Female,East of England,Bronze,2023-09-14,True,True
CUST04539,Freddie,Ahmed,25-34,Prefer not to say,South East,Platinum,2022-11-09,False,True
CUST04540,Freddie,Singh,18-24,Prefer not to say,North East,Silver,2024-01-29,True,True
CUST04541,Mohammed,Watson,45-54,Prefer not to say,Scotland,Silver,2023-02-22,False,False
CUST04542,Isabella,Hussain,18-24,Male,North West,Bronze,2023-12-21,True,True
CUST04543,Jack,Lee,65+,Female,East of England,Silver,2024-01-02,True,True
CUST04544,Charlie,Hussain,35-44,Male,Yorkshire,Bronze,2022-01-03,True,True
CUST04545,Jack,Williams,35-44,Male,London,Bronze,2024-03-23,False,False
CUST04546,Priya,Roberts,45-54,Male,South West,Platinum,2023-04-22,False,True
CUST04547,David,Evans,45-54,Female,London,Platinum,2023-12-25,True,True
CUST04548,Grace,Lewis,65+,Female,London,Silver,2024-03-26,True,True
CUST04549,Charlie,Sharma,65+,Female,East of England,Bronze,2022-08-04,True,False
CUST04550,Harry,Roberts,65+,Female,South East,Platinum,2023-03-25,False,True
CUST04551,George,Martin,55-64,Female,Wales,Bronze,2022-08-26,False,True
CUST04552,Jack,Jackson,45-54,Female,Wales,Silver,2023-03-05,True,True
CUST04553,Oliver,Khan,65+,Male,South East,Gold,2023-03-23,True,True
CUST04554,Amelia,Khan,18-24,Male,South East,Silver,2024-04-12,False,True
CUST04555,Alfie,Roberts,65+,Male,North West,Silver,2024-06-04,False,True
CUST04556,Mohammed,Jackson,65+,Male,South East,Silver,2023-02-20,True,True
CUST04557,Jacob,Chen,55-64,Female,South East,Bronze,2023-10-05,True,False
CUST04558,Thomas,Brown,45-54,Prefer not to say,West Midlands,Bronze,2023-05-28,True,True
CUST04559,Harry,Clark,45-54,Male,London,Bronze,2023-06-16,False,False
CUST04560,Sofia,Jackson,35-44,Female,North West,Bronze,2024-02-15,True,True
CUST04561,Jessica,Smith,65+,Female,West Midlands,Platinum,2022-01-31,True,True
CUST04562,Rahul,Williams,55-64,Female,East of England,Gold,2022-06-10,True,True
CUST04563,Isla,Clark,65+,Prefer not to say,East Midlands,Gold,2022-05-10,False,True
CUST04564,Daniel,Roberts,45-54,Male,South East,Bronze,2022-11-22,False,True
CUST04565,Priya,Brown,35-44,Male,East of England,Gold,2022-12-09,False,True
CUST04566,George,Walker,45-54,Prefer not to say,South East,Bronze,2023-01-07,True,False
CUST04567,David,Walker,35-44,Female,North West,Bronze,2022-06-26,True,True
CUST04568,Michael,Lee,65+,Male,London,Platinum,2023-10-02,False,True
CUST04569,Ella,Ali,18-24,Female,London,Silver,2023-02-11,False,True
CUST04570,Freddie,Roberts,25-34,Prefer not to say,North West,Gold,2022-09-12,False,True
CUST04571,Charlie,Smith,18-24,Female,East of England,Bronze,2023-11-24,False,True
CUST04572,Ella,Williams,55-64,Prefer not to say,North West,Silver,2023-07-26,True,True
CUST04573,Lily,Wilson,25-34,Female,East of England,Silver,2024-03-20,True,True
CUST04574,Oliver,Martin,55-64,Prefer not to say,North West,Silver,2022-01-15,True,True
CUST04575,Harry,Wilson,35-44,Male,London,Bronze,2023-11-02,True,True
CUST04576,Jacob,Taylor,35-44,Female,Wales,Silver,2022-02-04,True,False
CUST04577,Thomas,Williams,65+,Male,Scotland,Gold,2023-06-15,True,True
CUST04578,Emily,Harris,45-54,Male,North East,Platinum,2023-12-20,True,True
CUST04579,Thomas,Kim,45-54,Female,London,Bronze,2022-10-25,True,True
CUST04580,Isla,Khan,25-34,Male,East of England,Gold,2024-06-03,True,True
CUST04581,Mohammed,Brown,25-34,Female,London,Silver,2023-12-08,True,True
CUST04582,Sophia,Lee,35-44,Female,Scotland,Bronze,2022-03-22,True,True
CUST04583,Priya,Sharma,55-64,Prefer not to say,London,Bronze,2023-02-05,True,False
CUST04584,Isabella,Khan,35-44,Prefer not to say,London,Bronze,2022-11-07,True,True
CUST04585,Mohammed,Walker,25-34,Male,North West,Bronze,2022-05-28,True,False
CUST04586,Michael,Ali,35-44,Male,North East,Bronze,2024-01-15,True,True
CUST04587,Rahul,Singh,45-54,Female,South East,Bronze,2023-08-06,True,True
CUST04588,Isla,Thompson,35-44,Male,East of England,Bronze,2024-05-25,True,False
CUST04589,Sarah,Patel,55-64,Prefer not to say,Scotland,Bronze,2023-11-23,True,True
CUST04590,Sofia,Singh,45-54,Prefer not to say,London,Bronze,2023-09-19,False,True
CUST04591,Thomas,Johnson,25-34,Male,South West,Bronze,2023-04-15,True,True
CUST04592,Sophia,Wilson,55-64,Male,West Midlands,Silver,2022-08-25,True,False
CUST04593,Sarah,Williams,25-34,Male,North East,Bronze,2023-10-13,False,True
CUST04594,Oliver,Chen,25-34,Prefer not to say,South East,Gold,2023-11-26,True,True
CUST04595,Grace,Watson,45-54,Male,Yorkshire,Silver,2023-01-31,True,True
CUST04596,Grace,Thompson,55-64,Male,London,Bronze,2024-05-09,True,True
CUST04597,Thomas,Lee,45-54,Prefer not to say,West Midlands,Gold,2022-05-07,False,True
CUST04598,Sophia,Hussain,45-54,Prefer not to say,West Midlands,Gold,2024-02-02,True,True
CUST04599,Jack,Jackson,18-24,Prefer not to say,South East,Bronze,2024-06-12,False,False
CUST04600,Daniel,Jones,18-24,Prefer not to say,East Midlands,Silver,2022-06-27,False,True
CUST04601,Priya,Wood,25-34,Prefer not to say,Scotland,Bronze,2024-02-11,True,True
CUST04602,Alfie,Thomas,35-44,Male,South East,Gold,2022-08-20,False,True
CUST04603,David,Ahmed,35-44,Female,South West,Bronze,2022-07-05,True,False
CUST04604,Priya,Lewis,18-24,Male,Scotland,Bronze,2023-11-06,True,True
CUST04605,Mia,Ali,25-34,Prefer not to say,South East,Gold,2022-02-05,False,True
CUST04606,Lily,Lewis,18-24,Prefer not to say,North West,Bronze,2023-06-02,True,False
CUST04607,Isabella,Singh,65+,Prefer not to say,North West,Bronze,2023-10-03,False,True
CUST04608,Isabella,Lewis,55-64,Female,South East,Silver,2023-01-28,True,True
CUST04609,Lily,Chen,18-24,Female,Yorkshire,Silver,2022-11-21,False,True
CUST04610,Emily,Kim,65+,Female,East of England,Gold,2022-10-24,False,True
CUST04611,Noah,Wood,55-64,Female,West Midlands,Bronze,2023-03-01,True,False
CUST04612,Alfie,Brown,18-24,Prefer not to say,East Midlands,Silver,2023-08-23,True,True
CUST04613,Aisha,Taylor,18-24,Prefer not to say,South East,Bronze,2023-10-10,False,True
CUST04614,Daniel,Walker,55-64,Prefer not to say,South West,Gold,2022-05-21,True,True
CUST04615,Michael,Ahmed,55-64,Male,Yorkshire,Silver,2023-07-31,True,True
CUST04616,Alfie,Jones,18-24,Prefer not to say,Yorkshire,Bronze,2024-03-24,True,True
CUST04617,Amelia,Chen,65+,Female,East Midlands,Bronze,2022-09-19,True,True
CUST04618,Mohammed,Clark,18-24,Female,North West,Gold,2023-05-16,True,True
CUST04619,Jessica,Evans,65+,Prefer not to say,North West,Platinum,2023-02-12,True,True
CUST04620,James,White,65+,Female,East of England,Silver,2022-01-09,True,True
CUST04621,Amelia,Hussain,65+,Prefer not to say,South East,Platinum,2023-11-06,False,True
CUST04622,Alfie,Harris,55-64,Male,North West,Platinum,2023-12-22,True,True
CUST04623,David,Roberts,65+,Female,London,Silver,2022-05-08,True,True
CUST04624,Mohammed,Wood,45-54,Female,South West,Bronze,2022-08-29,False,True
CUST04625,Sophia,Thomas,45-54,Female,East of England,Silver,2022-08-06,True,True
CUST04626,James,Harris,65+,Prefer not to say,East Midlands,Silver,2022-03-13,True,True
CUST04627,George,Lewis,55-64,Male,Scotland,Bronze,2023-05-04,True,True
CUST04628,Daniel,Khan,65+,Female,East Midlands,Silver,2022-09-28,True,True
CUST04629,Noah,Ahmed,18-24,Male,South East,Bronze,2024-03-23,False,True
CUST04630,Isabella,Taylor,25-34,Male,South East,Bronze,2023-11-04,True,True
CUST04631,Mohammed,Kim,65+,Prefer not to say,North East,Silver,2023-01-07,True,True
CUST04632,Noah,Taylor,65+,Female,London,Silver,2023-05-01,True,True
CUST04633,Sofia,Watson,65+,Female,Yorkshire,Platinum,2024-05-11,True,True
CUST04634,Noah,White,55-64,Prefer not to say,West Midlands,Silver,2023-01-23,False,True
CUST04635,Charlie,Khan,25-34,Female,South East,Silver,2022-08-31,True,True
CUST04636,Harry,Martin,18-24,Prefer not to say,East Midlands,Bronze,2024-06-07,False,True
CUST04637,Jack,Khan,25-34,Female,London,Gold,2022-01-17,True,True
CUST04638,Sofia,White,18-24,Female,East of England,Gold,2022-03-21,True,False
CUST04639,Charlie,Davies,25-34,Prefer not to say,West Midlands,Gold,2024-05-09,True,False
CUST04640,Sarah,Thompson,55-64,Female,South East,Bronze,2023-12-06,True,True
CUST04641,Mohammed,Khan,45-54,Female,East of England,Bronze,2023-09-02,True,True
CUST04642,Harry,Hussain,18-24,Male,West Midlands,Gold,2023-08-30,False,True
CUST04643,Charlie,Martin,35-44,Prefer not to say,East Midlands,Platinum,2023-09-08,False,True
CUST04644,Alfie,Thompson,25-34,Prefer not to say,North West,Bronze,2023-11-04,True,True
CUST04645,Isla,Hussain,35-44,Female,London,Bronze,2023-08-09,False,True
CUST04646,Grace,Brown,35-44,Female,East of England,Silver,2024-05-14,True,True
CUST04647,Rahul,Brown,65+,Prefer not to say,South East,Bronze,2022-06-26,True,True
CUST04648,Rahul,Clark,55-64,Prefer not to say,London,Bronze,2023-11-14,True,True
CUST04649,Mohammed,Sharma,65+,Male,North West,Gold,2022-05-13,True,True
CUST04650,Freddie,Roberts,55-64,Prefer not to say,London,Gold,2023-11-14,True,True
CUST04651,Jessica,Sharma,18-24,Female,Yorkshire,Bronze,2022-05-28,False,True
CUST04652,Emily,Harris,65+,Female,South East,Bronze,2022-06-10,True,True
CUST04653,Freddie,Thompson,18-24,Male,Scotland,Bronze,2023-04-11,True,True
CUST04654,Jack,Hussain,35-44,Female,Yorkshire,Gold,2022-02-20,True,True
CUST04655,Aisha,Wilson,65+,Male,South East,Bronze,2024-02-05,True,True
CUST04656,Emily,Sharma,55-64,Female,North West,Bronze,2023-10-20,False,True
CUST04657,Ava,Kim,55-64,Prefer not to say,East Midlands,Bronze,2023-08-26,True,False
CUST04658,Grace,Ali,35-44,Male,Scotland,Bronze,2024-03-15,False,True
CUST04659,Emily,Wood,25-34,Female,East Midlands,Gold,2024-02-01,True,True
CUST04660,Thomas,Johnson,55-64,Male,West Midlands,Bronze,2023-12-11,True,True
CUST04661,Grace,Robinson,55-64,Prefer not to say,East of England,Bronze,2023-05-12,True,True
CUST04662,Jacob,Jackson,18-24,Female,North East,Bronze,2022-06-18,False,True
CUST04663,Oliver,Hussain,65+,Prefer not to say,South West,Silver,2023-03-03,True,True
CUST04664,Michael,Kim,25-34,Female,South West,Silver,2023-08-25,True,True
CUST04665,Noah,Kim,35-44,Female,Wales,Bronze,2023-09-14,False,True
CUST04666,Jessica,Patel,55-64,Female,North West,Silver,2023-09-21,True,False
CUST04667,Rahul,Kim,18-24,Male,London,Silver,2024-06-12,True,False
CUST04668,Sofia,Brown,45-54,Male,North West,Bronze,2022-09-28,True,True
CUST04669,Sarah,Hussain,35-44,Male,South West,Bronze,2023-05-04,True,True
CUST04670,David,Kim,35-44,Female,North East,Bronze,2022-10-08,True,False
CUST04671,Sarah,Clark,35-44,Female,East Midlands,Silver,2024-02-14,True,True
CUST04672,Harry,Jones,18-24,Female,East Midlands,Bronze,2022-07-11,True,True
CUST04673,Mia,Ali,35-44,Prefer not to say,South East,Bronze,2023-03-25,True,True
CUST04674,Lily,Lewis,35-44,Female,London,Silver,2022-10-11,False,True
CUST04675,Isla,Wood,25-34,Male,Yorkshire,Gold,2022-05-18,True,True
CUST04676,Isla,Singh,55-64,Female,South East,Gold,2023-01-16,True,True
CUST04677,Olivia,Lewis,65+,Prefer not to say,London,Bronze,2024-04-10,True,True
CUST04678,Michael,Martin,65+,Female,East of England,Gold,2023-07-28,True,True
CUST04679,Sarah,Walker,45-54,Female,South East,Silver,2024-03-16,False,True
CUST04680,Isabella,Lee,45-54,Female,London,Silver,2023-08-18,False,True
CUST04681,Aisha,Smith,18-24,Prefer not to say,West Midlands,Bronze,2022-11-30,True,True
CUST04682,Alfie,Khan,25-34,Prefer not to say,North East,Silver,2023-03-31,True,True
CUST04683,Jessica,Wood,65+,Male,West Midlands,Bronze,2022-01-18,True,True
CUST04684,Olivia,Patel,35-44,Female,South East,Bronze,2023-06-14,True,True
CUST04685,Priya,Lee,45-54,Male,London,Bronze,2024-01-26,True,True
CUST04686,Jessica,Johnson,35-44,Prefer not to say,South East,Bronze,2024-05-10,False,True
CUST04687,Lily,Smith,45-54,Female,Yorkshire,Gold,2023-06-03,True,True
CUST04688,Daniel,Clark,55-64,Prefer not to say,East of England,Bronze,2024-01-30,True,False
CUST04689,Harry,Ahmed,65+,Prefer not to say,Wales,Bronze,2023-01-15,True,False
CUST04690,Emily,Kim,25-34,Male,Yorkshire,Silver,2023-02-23,True,True
CUST04691,Jessica,Jones,25-34,Female,North West,Silver,2022-09-06,True,True
CUST04692,Freddie,Wilson,35-44,Prefer not to say,East Midlands,Bronze,2023-08-06,True,True
CUST04693,Isabella,Smith,45-54,Prefer not to say,London,Bronze,2023-05-06,True,True
CUST04694,Emily,White,65+,Prefer not to say,London,Gold,2022-02-04,True,True
CUST04695,Isla,Khan,45-54,Female,West Midlands,Bronze,2022-06-15,False,True
CUST04696,Priya,Patel,45-54,Male,Yorkshire,Gold,2023-01-16,True,True
CUST04697,James,Martin,65+,Prefer not to say,West Midlands,Bronze,2024-04-10,True,True
CUST04698,Grace,Williams,25-34,Female,West Midlands,Gold,2022-01-13,True,True
CUST04699,Mohammed,Martin,55-64,Female,London,Bronze,2023-07-08,True,True
CUST04700,Sarah,Roberts,18-24,Prefer not to say,London,Bronze,2024-03-14,True,True
CUST04701,Noah,Singh,18-24,Female,Yorkshire,Platinum,2022-10-21,True,True
CUST04702,Daniel,Ali,18-24,Prefer not to say,West Midlands,Bronze,2022-04-30,True,True
CUST04703,Rahul,Ali,45-54,Male,South East,Bronze,2023-10-13,True,True
CUST04704,Priya,Williams,18-24,Male,North West,Bronze,2023-11-02,True,True
CUST04705,Alfie,Thomas,65+,Female,London,Gold,2023-10-19,True,False
CUST04706,Lily,Harris,55-64,Male,South East,Silver,2023-01-29,True,False
CUST04707,Daniel,Robinson,55-64,Male,South West,Silver,2022-08-19,True,True
CUST04708,Charlie,Sharma,18-24,Prefer not to say,Yorkshire,Bronze,2022-11-30,True,True
CUST04709,Grace,Lewis,35-44,Female,West Midlands,Gold,2024-03-02,False,True
CUST04710,Harry,Williams,65+,Male,South East,Bronze,2022-09-11,True,True
CUST04711,Emily,Sharma,65+,Male,North West,Bronze,2024-06-12,True,True
CUST04712,Jacob,Kim,18-24,Prefer not to say,East Midlands,Platinum,2023-01-21,True,True
CUST04713,James,Wilson,45-54,Female,Scotland,Gold,2024-04-24,True,True
CUST04714,Mia,Jackson,45-54,Prefer not to say,London,Bronze,2022-01-19,True,True
CUST04715,Sofia,White,35-44,Female,Scotland,Bronze,2022-04-14,True,True
CUST04716,Jacob,Roberts,35-44,Male,South West,Bronze,2022-08-26,False,True
CUST04717,Daniel,Lewis,25-34,Prefer not to say,South East,Silver,2023-04-09,True,True
CUST04718,Harry,Taylor,65+,Prefer not to say,West Midlands,Silver,2023-01-08,False,True
CUST04719,Mia,Davies,35-44,Female,London,Bronze,2022-08-26,True,True
CUST04720,Noah,White,35-44,Female,London,Bronze,2024-04-26,True,False
CUST04721,Charlie,Singh,25-34,Female,South East,Platinum,2022-09-26,True,True
CUST04722,Emily,Jackson,65+,Female,South East,Silver,2024-03-21,True,False
CUST04723,David,Williams,35-44,Prefer not to say,East of England,Gold,2024-01-18,True,True
CUST04724,Isla,Kim,25-34,Prefer not to say,South West,Bronze,2022-07-13,True,True
CUST04725,Sarah,Chen,18-24,Prefer not to say,North West,Bronze,2022-06-27,True,True
CUST04726,Ella,Smith,25-34,Female,West Midlands,Bronze,2022-09-25,True,True
CUST04727,Priya,Clark,45-54,Male,East Midlands,Bronze,2022-11-30,False,True
CUST04728,Noah,Robinson,55-64,Female,Scotland,Gold,2024-05-01,True,True
CUST04729,James,Patel,35-44,Male,North West,Silver,2024-05-12,True,False
CUST04730,James,Singh,45-54,Prefer not to say,East of England,Bronze,2022-12-14,True,True
CUST04731,Amelia,Smith,45-54,Male,East of England,Bronze,2023-06-23,True,True
CUST04732,Amelia,Robinson,45-54,Prefer not to say,Scotland,Silver,2022-02-03,True,True
CUST04733,Olivia,Kim,25-34,Male,London,Bronze,2023-04-27,False,True
CUST04734,Thomas,Kim,35-44,Female,North East,Bronze,2024-01-09,True,True
CUST04735,Grace,Ali,55-64,Female,West Midlands,Silver,2024-05-14,True,True
CUST04736,Grace,Watson,55-64,Prefer not to say,London,Bronze,2022-06-04,False,True
CUST04737,Michael,Johnson,65+,Female,South West,Bronze,2023-10-15,True,False
CUST04738,Mia,Khan,65+,Female,North East,Silver,2022-12-05,True,True
CUST04739,Isla,Brown,45-54,Male,North East,Silver,2022-02-02,True,False
CUST04740,Jessica,Smith,35-44,Male,South East,Gold,2023-05-11,True,True
CUST04741,Mohammed,Evans,55-64,Male,London,Bronze,2022-04-15,True,True
CUST04742,Alfie,Taylor,18-24,Prefer not to say,South East,Silver,2023-03-10,True,False
CUST04743,Jacob,Patel,35-44,Prefer not to say,North East,Silver,2022-03-15,True,True
CUST04744,Sophia,Davies,35-44,Prefer not to say,North West,Bronze,2022-09-09,False,True
CUST04745,Emily,Lewis,25-34,Prefer not to say,South West,Bronze,2022-01-13,False,True
CUST04746,Emily,Lewis,25-34,Female,North West,Silver,2022-05-25,True,True
CUST04747,Charlie,Roberts,45-54,Prefer not to say,London,Gold,2022-12-11,True,True
CUST04748,Alfie,Brown,18-24,Prefer not to say,South East,Bronze,2023-03-02,False,False
CUST04749,Michael,Jones,45-54,Male,Yorkshire,Gold,2023-08-19,True,True
CUST04750,Sarah,Patel,25-34,Female,East of England,Bronze,2023-09-19,True,True
CUST04751,Ava,Chen,55-64,Male,Yorkshire,Silver,2023-07-01,True,True
CUST04752,Jessica,Wood,45-54,Male,London,Silver,2022-02-12,False,True
CUST04753,Isla,Jones,25-34,Prefer not to say,London,Gold,2022-10-15,True,True
CUST04754,Aisha,Khan,25-34,Female,North West,Silver,2022-02-23,True,False
CUST04755,Michael,Jackson,55-64,Female,North East,Bronze,2022-10-19,True,True
CUST04756,David,Wood,55-64,Male,North East,Platinum,2022-06-22,True,True
CUST04757,Ava,Lewis,25-34,Prefer not to say,East of England,Silver,2024-04-26,True,True
CUST04758,Grace,Thompson,55-64,Prefer not to say,Scotland,Gold,2022-04-25,False,True
CUST04759,Grace,Thompson,65+,Male,East of England,Bronze,2023-01-12,True,True
CUST04760,David,Taylor,18-24,Female,North West,Gold,2022-10-02,True,True
CUST04761,Thomas,Robinson,45-54,Female,Wales,Gold,2022-10-04,True,True
CUST04762,Rahul,Singh,65+,Male,South East,Gold,2022-12-25,True,True
CUST04763,Harry,Smith,65+,Female,Yorkshire,Platinum,2023-01-05,True,True
CUST04764,Jessica,Roberts,18-24,Prefer not to say,North West,Gold,2022-04-29,True,False
CUST04765,James,Jackson,25-34,Male,South East,Gold,2023-12-25,True,True
CUST04766,Emily,White,18-24,Male,London,Bronze,2023-08-18,True,True
CUST04767,Isla,Robinson,35-44,Male,London,Platinum,2023-09-25,True,False
CUST04768,Sofia,Taylor,65+,Prefer not to say,London,Platinum,2024-04-08,True,True
CUST04769,Daniel,Wood,25-34,Male,South West,Bronze,2023-01-31,True,True
CUST04770,George,Hussain,18-24,Prefer not to say,South West,Silver,2022-01-08,True,True
CUST04771,Sophia,Williams,35-44,Male,East Midlands,Silver,2024-01-27,True,True
CUST04772,James,Smith,35-44,Female,Yorkshire,Gold,2022-03-17,True,True
CUST04773,Emily,Wood,35-44,Prefer not to say,South East,Silver,2022-06-11,False,True
CUST04774,Sophia,Wilson,25-34,Prefer not to say,Scotland,Bronze,2022-07-06,True,True
CUST04775,Sofia,Hussain,18-24,Male,South West,Bronze,2023-06-24,False,True
CUST04776,Olivia,Walker,35-44,Female,South West,Bronze,2022-10-29,True,True
CUST04777,Sarah,Davies,45-54,Female,London,Bronze,2023-01-12,False,False
CUST04778,Michael,Patel,25-34,Female,Wales,Bronze,2023-10-02,False,False
CUST04779,Jacob,Khan,65+,Prefer not to say,North West,Bronze,2023-06-20,True,True
CUST04780,Noah,Brown,35-44,Male,Yorkshire,Bronze,2022-04-27,True,True
CUST04781,Lily,Singh,35-44,Female,South West,Bronze,2023-05-28,True,True
CUST04782,Sarah,White,18-24,Prefer not to say,North East,Bronze,2024-01-29,False,True
CUST04783,Lily,Martin,65+,Male,East Midlands,Silver,2022-11-25,True,True
CUST04784,Jacob,Davies,45-54,Female,North East,Bronze,2022-01-08,True,True
CUST04785,Harry,Wilson,18-24,Prefer not to say,London,Bronze,2022-07-31,True,False
CUST04786,Noah,Ahmed,25-34,Male,Scotland,Platinum,2023-11-12,False,True
CUST04787,Thomas,White,18-24,Male,London,Bronze,2023-01-02,True,True
CUST04788,Daniel,Taylor,65+,Female,East Midlands,Platinum,2022-05-13,True,True
CUST04789,Ella,Robinson,35-44,Prefer not to say,London,Platinum,2023-03-08,True,False
CUST04790,Sarah,Martin,35-44,Prefer not to say,South West,Bronze,2022-09-17,True,False
CUST04791,Freddie,Thomas,25-34,Male,West Midlands,Gold,2023-06-25,True,True
CUST04792,Noah,Lee,55-64,Female,South West,Bronze,2022-03-17,True,True
CUST04793,Aisha,Roberts,25-34,Female,North East,Bronze,2023-12-20,True,True
CUST04794,Michael,Jackson,45-54,Female,South East,Gold,2024-05-15,True,True
CUST04795,Ella,Martin,18-24,Female,London,Bronze,2023-03-20,True,True
CUST04796,Ava,Hussain,65+,Male,Scotland,Silver,2023-12-09,True,True
CUST04797,Isabella,Evans,65+,Male,Scotland,Silver,2024-01-31,True,True
CUST04798,Thomas,Martin,45-54,Prefer not to say,South West,Bronze,2023-07-03,True,False
CUST04799,Charlie,Martin,65+,Female,West Midlands,Silver,2022-10-08,False,True
CUST04800,Mia,Singh,65+,Prefer not to say,North West,Silver,2022-10-01,False,True
CUST04801,Harry,Evans,65+,Female,East of England,Bronze,2023-05-05,True,False
CUST04802,Sarah,Martin,18-24,Female,Wales,Gold,2022-03-20,True,True
CUST04803,Jacob,Martin,55-64,Female,East Midlands,Silver,2022-03-26,True,True
CUST04804,Priya,Johnson,55-64,Male,South East,Gold,2024-01-26,True,True
CUST04805,Sarah,Roberts,55-64,Male,East of England,Bronze,2022-12-25,True,True
CUST04806,Jack,Khan,25-34,Prefer not to say,North West,Silver,2023-06-02,True,True
CUST04807,Charlie,Davies,55-64,Female,North West,Bronze,2023-03-13,False,True
CUST04808,Oliver,Taylor,45-54,Prefer not to say,North West,Bronze,2023-05-15,True,True
CUST04809,Jacob,Ahmed,55-64,Female,East Midlands,Gold,2023-11-15,True,True
CUST04810,Ava,Thompson,18-24,Male,South East,Silver,2022-06-14,True,True
CUST04811,Ava,Patel,45-54,Male,South West,Silver,2024-04-24,True,False
CUST04812,Noah,Walker,35-44,Male,East of England,Silver,2022-09-25,True,True
CUST04813,Michael,Wood,65+,Female,North West,Bronze,2022-11-20,True,True
CUST04814,Freddie,Smith,55-64,Female,London,Bronze,2022-11-13,True,False
CUST04815,Jacob,Singh,65+,Prefer not to say,East of England,Silver,2022-09-25,True,True
CUST04816,Aisha,Thomas,65+,Female,South East,Gold,2022-02-21,True,False
CUST04817,Rahul,Patel,65+,Prefer not to say,West Midlands,Silver,2023-08-12,True,True
CUST04818,Amelia,Sharma,25-34,Female,East Midlands,Silver,2023-11-19,True,True
CUST04819,Charlie,Lee,65+,Male,London,Bronze,2023-10-04,True,True
CUST04820,George,Thompson,65+,Male,London,Bronze,2022-04-15,True,True
CUST04821,Harry,Lewis,35-44,Female,Wales,Bronze,2024-02-23,True,True
CUST04822,Charlie,Johnson,25-34,Male,North West,Bronze,2024-06-16,True,False
CUST04823,Sarah,Thompson,55-64,Female,North East,Gold,2022-02-04,False,True
CUST04824,Lily,Robinson,55-64,Male,South East,Bronze,2024-02-26,True,True
CUST04825,Ava,Hussain,55-64,Male,London,Platinum,2023-03-27,True,True
CUST04826,Amelia,Thomas,45-54,Prefer not to say,London,Bronze,2024-01-29,True,True
CUST04827,Charlie,Wood,18-24,Female,North West,Bronze,2023-01-17,True,True
CUST04828,Jessica,Watson,65+,Female,North East,Gold,2022-07-22,True,True
CUST04829,Ava,Kim,18-24,Prefer not to say,South East,Bronze,2024-03-23,True,True
CUST04830,Mohammed,Harris,18-24,Female,North West,Gold,2023-01-11,True,True
CUST04831,Priya,Martin,65+,Prefer not to say,East of England,Gold,2022-08-27,True,True
CUST04832,Jacob,Jones,65+,Prefer not to say,North West,Silver,2022-04-14,True,True
CUST04833,Jack,Thomas,65+,Prefer not to say,South East,Silver,2022-11-26,True,False
CUST04834,Michael,Patel,25-34,Female,London,Bronze,2023-06-12,True,True
CUST04835,Isabella,Robinson,65+,Male,South West,Bronze,2024-05-20,False,True
CUST04836,Jack,Khan,25-34,Male,London,Silver,2023-05-21,True,True
CUST04837,Noah,Evans,55-64,Female,South East,Bronze,2023-12-15,True,True
CUST04838,Jacob,Walker,35-44,Prefer not to say,London,Silver,2024-01-14,True,False
CUST04839,Ava,Sharma,55-64,Prefer not to say,West Midlands,Bronze,2022-01-09,True,True
CUST04840,Alfie,Taylor,18-24,Female,Wales,Bronze,2023-08-18,True,True
CUST04841,Charlie,Khan,25-34,Female,South West,Silver,2022-05-28,True,True
CUST04842,Ella,Hussain,25-34,Male,South East,Gold,2023-07-27,True,True
CUST04843,Aisha,Thomas,55-64,Prefer not to say,East Midlands,Bronze,2023-03-11,True,True
CUST04844,Jacob,Thomas,18-24,Female,Wales,Gold,2023-03-28,True,True
CUST04845,Oliver,Wood,35-44,Prefer not to say,Wales,Bronze,2023-05-04,True,True
CUST04846,Emily,White,35-44,Female,South West,Platinum,2024-02-11,False,False
CUST04847,Noah,Kim,35-44,Female,Wales,Bronze,2024-02-01,True,True
CUST04848,Rahul,Davies,35-44,Prefer not to say,West Midlands,Bronze,2023-10-14,True,True
CUST04849,Amelia,Taylor,18-24,Prefer not to say,South West,Silver,2024-03-16,True,True
CUST04850,Isabella,Williams,18-24,Male,South East,Bronze,2023-09-04,True,True
CUST04851,Priya,Taylor,45-54,Prefer not to say,East of England,Silver,2022-02-04,True,True
CUST04852,Thomas,Patel,35-44,Prefer not to say,South East,Platinum,2022-10-06,True,True
CUST04853,Harry,Jones,35-44,Prefer not to say,South West,Gold,2022-10-28,True,True
CUST04854,Ava,Jackson,65+,Prefer not to say,North West,Bronze,2023-01-30,True,True
CUST04855,Freddie,Jackson,45-54,Female,London,Bronze,2022-10-16,True,True
CUST04856,Harry,Hussain,55-64,Female,Yorkshire,Bronze,2022-07-17,True,True
CUST04857,Sofia,Patel,25-34,Prefer not to say,West Midlands,Bronze,2022-04-20,True,True
CUST04858,Oliver,Harris,25-34,Male,South East,Bronze,2022-12-04,True,True
CUST04859,George,Lee,65+,Female,East of England,Gold,2022-09-20,False,False
CUST04860,Charlie,Williams,65+,Male,Yorkshire,Bronze,2024-04-18,True,True
CUST04861,Daniel,Hussain,18-24,Male,South East,Platinum,2023-04-15,True,True
CUST04862,Grace,Watson,45-54,Prefer not to say,South West,Bronze,2022-09-18,True,True
CUST04863,Noah,Wood,25-34,Prefer not to say,North East,Bronze,2022-11-12,True,False
CUST04864,Isabella,Kim,65+,Male,South East,Silver,2024-03-25,True,True
CUST04865,Olivia,Ahmed,65+,Prefer not to say,South East,Silver,2023-12-31,True,False
CUST04866,Lily,Jones,18-24,Prefer not to say,West Midlands,Bronze,2022-11-03,True,False
CUST04867,Freddie,Jackson,55-64,Prefer not to say,North West,Silver,2022-08-29,True,True
CUST04868,Isabella,Hussain,45-54,Prefer not to say,West Midlands,Gold,2023-05-04,False,True
CUST04869,Sarah,Robinson,45-54,Prefer not to say,London,Bronze,2024-05-24,True,True
CUST04870,Charlie,Ahmed,18-24,Female,London,Silver,2023-07-31,False,True
CUST04871,David,Lee,45-54,Prefer not to say,Scotland,Gold,2023-03-22,True,True
CUST04872,Isla,Singh,25-34,Female,North West,Bronze,2023-09-08,True,True
CUST04873,Michael,Smith,55-64,Female,South West,Gold,2023-03-22,True,True
CUST04874,Rahul,Lee,65+,Male,North West,Silver,2022-01-27,False,True
CUST04875,Lily,Watson,45-54,Female,Scotland,Gold,2023-11-09,True,True
CUST04876,Jessica,Ahmed,18-24,Male,Scotland,Platinum,2022-12-30,True,True
CUST04877,Rahul,Jackson,35-44,Prefer not to say,South East,Silver,2023-01-04,True,True
CUST04878,Alfie,Singh,45-54,Prefer not to say,London,Bronze,2022-11-28,True,False
CUST04879,Ella,Patel,35-44,Prefer not to say,South East,Silver,2023-07-17,False,True
CUST04880,Emily,Robinson,25-34,Female,West Midlands,Platinum,2024-05-03,True,True
CUST04881,Oliver,Clark,25-34,Male,West Midlands,Bronze,2022-12-08,False,True
CUST04882,Freddie,Hussain,45-54,Prefer not to say,South East,Silver,2023-10-03,False,True
CUST04883,Ella,Johnson,65+,Prefer not to say,Wales,Gold,2024-01-05,True,True
CUST04884,Oliver,Lewis,45-54,Female,West Midlands,Bronze,2023-03-10,True,True
CUST04885,Grace,Walker,65+,Female,London,Platinum,2024-02-28,False,True
CUST04886,Priya,Wood,45-54,Female,North West,Silver,2023-03-19,True,True
CUST04887,Charlie,Chen,35-44,Prefer not to say,Wales,Silver,2023-05-18,False,True
CUST04888,Thomas,Clark,18-24,Prefer not to say,East of England,Bronze,2023-11-28,True,True
CUST04889,Sofia,Brown,35-44,Female,West Midlands,Silver,2022-04-12,False,True
CUST04890,Ava,Taylor,45-54,Prefer not to say,London,Silver,2022-05-26,True,True
CUST04891,Lily,Jones,25-34,Male,Scotland,Silver,2024-05-20,True,True
CUST04892,Amelia,Watson,55-64,Female,London,Bronze,2023-03-19,False,True
CUST04893,Priya,Wilson,18-24,Prefer not to say,West Midlands,Silver,2023-10-17,True,True
CUST04894,Harry,Thompson,18-24,Male,East Midlands,Silver,2022-09-27,True,True
CUST04895,Priya,Evans,18-24,Prefer not to say,London,Gold,2023-01-01,True,True
CUST04896,Jack,Singh,55-64,Female,Wales,Silver,2024-02-07,True,True
CUST04897,Grace,Walker,55-64,Prefer not to say,London,Silver,2023-08-11,True,False
CUST04898,Lily,Ali,25-34,Female,Yorkshire,Bronze,2023-06-27,True,True
CUST04899,James,Lewis,45-54,Female,North West,Silver,2022-09-07,True,False
CUST04900,Ava,Brown,45-54,Male,South East,Platinum,2023-08-13,True,True
CUST04901,Thomas,Kim,55-64,Prefer not to say,London,Gold,2022-06-11,True,True
CUST04902,Isabella,Ahmed,25-34,Female,Scotland,Silver,2023-12-21,False,True
CUST04903,Ella,Davies,25-34,Prefer not to say,Scotland,Bronze,2022-09-04,False,True
CUST04904,Sofia,Davies,18-24,Female,London,Bronze,2023-05-25,True,True
CUST04905,Sofia,Martin,25-34,Prefer not to say,South East,Silver,2024-06-05,False,True
CUST04906,Jack,Roberts,18-24,Female,London,Bronze,2023-11-13,True,True
CUST04907,George,Thomas,55-64,Female,South East,Silver,2022-04-15,False,True
CUST04908,Thomas,Singh,45-54,Prefer not to say,Scotland,Bronze,2022-07-04,False,True
CUST04909,Mohammed,Jones,18-24,Prefer not to say,London,Bronze,2023-01-02,True,True
CUST04910,Jacob,Martin,55-64,Female,South East,Bronze,2022-02-01,True,False
CUST04911,Mia,Hussain,18-24,Prefer not to say,London,Silver,2022-04-04,True,False
CUST04912,David,Watson,55-64,Male,London,Platinum,2023-12-11,True,True
CUST04913,Michael,Wood,18-24,Male,Scotland,Silver,2022-01-29,False,True
CUST04914,Isabella,Hussain,65+,Prefer not to say,London,Gold,2022-08-07,True,True
CUST04915,Olivia,Chen,25-34,Male,North West,Platinum,2022-10-24,True,False
CUST04916,Sophia,Smith,18-24,Female,London,Silver,2022-06-13,True,True
CUST04917,Thomas,Khan,18-24,Male,North East,Bronze,2023-12-11,True,False
CUST04918,Isabella,Clark,55-64,Prefer not to say,London,Bronze,2022-10-05,False,True
CUST04919,Oliver,Williams,35-44,Female,London,Gold,2024-04-29,True,False
CUST04920,Jacob,Martin,55-64,Prefer not to say,South West,Gold,2023-12-26,True,True
CUST04921,Isla,Watson,45-54,Female,East Midlands,Bronze,2023-09-07,True,True
CUST04922,Aisha,Ali,25-34,Female,East of England,Bronze,2023-05-30,True,True
CUST04923,Daniel,White,18-24,Female,East Midlands,Bronze,2022-11-14,False,True
CUST04924,Michael,Clark,35-44,Male,Yorkshire,Bronze,2024-03-10,False,True
CUST04925,Lily,Evans,45-54,Male,South East,Silver,2022-04-29,True,True
CUST04926,Aisha,Patel,45-54,Male,East Midlands,Bronze,2023-11-19,False,False
CUST04927,Harry,White,35-44,Prefer not to say,South East,Gold,2022-11-30,True,True
CUST04928,Sophia,Roberts,65+,Female,East of England,Silver,2023-10-02,True,True
CUST04929,Harry,Brown,35-44,Male,South East,Silver,2024-05-18,False,False
CUST04930,Emily,White,55-64,Female,London,Bronze,2022-07-01,True,True
CUST04931,Jacob,Jackson,25-34,Male,South West,Bronze,2023-07-31,True,True
CUST04932,Harry,Lee,55-64,Male,North East,Bronze,2022-01-11,True,True
CUST04933,Mia,Ahmed,45-54,Female,Yorkshire,Silver,2022-06-07,True,True
CUST04934,David,Davies,35-44,Male,London,Silver,2024-06-05,True,True
CUST04935,David,Patel,18-24,Prefer not to say,Yorkshire,Gold,2024-05-01,True,False
CUST04936,Sophia,Lewis,55-64,Female,Wales,Bronze,2023-04-30,False,True
CUST04937,Thomas,Hussain,45-54,Male,South West,Silver,2023-10-03,True,True
CUST04938,Amelia,Wood,35-44,Prefer not to say,North West,Bronze,2022-06-13,True,False
CUST04939,Freddie,Wilson,35-44,Male,East of England,Bronze,2023-08-30,True,True
CUST04940,Mia,Walker,45-54,Female,North East,Bronze,2023-07-02,True,False
CUST04941,Charlie,Johnson,65+,Male,South East,Silver,2023-11-26,True,True
CUST04942,David,Khan,55-64,Prefer not to say,North West,Platinum,2023-12-06,True,True
CUST04943,Olivia,Clark,45-54,Male,London,Bronze,2023-11-19,True,True
CUST04944,Harry,Roberts,35-44,Female,North West,Bronze,2024-05-30,True,False
CUST04945,Olivia,Taylor,65+,Prefer not to say,South West,Bronze,2024-06-14,True,True
CUST04946,Aisha,Patel,55-64,Male,South East,Bronze,2023-01-16,False,True
CUST04947,Emily,Roberts,55-64,Female,North West,Platinum,2023-03-23,False,False
CUST04948,Isla,Ali,18-24,Male,North West,Bronze,2024-02-04,False,True
CUST04949,Freddie,Taylor,55-64,Male,London,Gold,2022-07-12,True,True
CUST04950,Oliver,Ali,55-64,Female,London,Bronze,2023-07-17,False,True
CUST04951,Michael,Evans,55-64,Male,West Midlands,Bronze,2024-04-22,True,True
CUST04952,James,Lee,45-54,Female,East of England,Silver,2022-02-22,True,False
CUST04953,Mia,Jones,18-24,Female,South West,Bronze,2024-02-13,True,False
CUST04954,Emily,Smith,65+,Prefer not to say,East Midlands,Gold,2024-01-02,False,False
CUST04955,Ella,Thompson,45-54,Female,West Midlands,Bronze,2023-01-29,True,True
CUST04956,Jack,Martin,65+,Prefer not to say,North West,Bronze,2023-09-18,False,True
CUST04957,Oliver,Johnson,45-54,Female,South East,Bronze,2023-05-16,True,True
CUST04958,Jack,Martin,65+,Male,North East,Bronze,2024-02-26,True,False
CUST04959,Lily,Hussain,25-34,Prefer not to say,East of England,Bronze,2022-12-03,True,True
CUST04960,Oliver,Ali,25-34,Prefer not to say,London,Bronze,2022-11-11,True,True
CUST04961,Mohammed,Wood,25-34,Male,South West,Bronze,2022-12-19,True,True
CUST04962,Rahul,Taylor,18-24,Male,South East,Bronze,2024-05-12,True,True
CUST04963,Sarah,Patel,18-24,Prefer not to say,South East,Bronze,2023-03-25,True,False
CUST04964,Ella,Davies,55-64,Male,South East,Bronze,2023-10-13,True,True
CUST04965,James,Sharma,35-44,Prefer not to say,Scotland,Platinum,2022-01-23,True,True
CUST04966,Ava,Robinson,25-34,Female,South West,Silver,2023-03-15,False,True
CUST04967,Sophia,Kim,25-34,Prefer not to say,East of England,Silver,2023-08-21,True,True
CUST04968,Rahul,Lewis,25-34,Prefer not to say,London,Platinum,2022-06-04,True,True
CUST04969,Harry,Kim,18-24,Male,South East,Gold,2023-02-26,True,True
CUST04970,Lily,Davies,25-34,Prefer not to say,South East,Platinum,2022-07-30,True,True
CUST04971,Sofia,Jackson,25-34,Female,South East,Platinum,2023-03-17,True,True
CUST04972,Noah,Harris,65+,Female,West Midlands,Silver,2022-07-19,True,True
CUST04973,Jacob,Singh,18-24,Prefer not to say,East Midlands,Platinum,2023-03-07,True,True
CUST04974,Charlie,Kim,55-64,Prefer not to say,East Midlands,Gold,2022-08-27,True,True
CUST04975,Harry,Thomas,25-34,Male,South East,Gold,2023-11-21,True,True
CUST04976,Isabella,Evans,65+,Prefer not to say,South West,Gold,2022-08-16,True,True
CUST04977,Freddie,Sharma,18-24,Female,London,Gold,2024-01-14,True,True
CUST04978,Thomas,Ali,45-54,Prefer not to say,South East,Bronze,2023-07-14,False,True
CUST04979,Harry,Johnson,45-54,Female,East of England,Silver,2023-02-03,False,False
CUST04980,Emily,Jones,35-44,Male,Wales,Silver,2022-07-27,True,False
CUST04981,Freddie,Walker,25-34,Male,East Midlands,Bronze,2024-03-04,True,True
CUST04982,Jack,Ahmed,35-44,Male,East of England,Gold,2023-05-27,True,True
CUST04983,Emily,Walker,45-54,Female,East of England,Platinum,2023-07-31,True,True
CUST04984,George,Lee,55-64,Prefer not to say,South West,Bronze,2023-10-28,False,False
CUST04985,George,Johnson,45-54,Prefer not to say,London,Silver,2023-06-01,True,True
CUST04986,Ella,Ali,35-44,Prefer not to say,Scotland,Bronze,2023-07-12,True,True
CUST04987,Alfie,Johnson,65+,Female,London,Silver,2023-09-04,False,False
CUST04988,James,Robinson,18-24,Male,East Midlands,Silver,2023-03-30,True,True
CUST04989,Priya,White,35-44,Prefer not to say,Wales,Silver,2022-01-05,True,False
CUST04990,Ella,Thompson,25-34,Female,South West,Gold,2024-03-28,False,False
CUST04991,Alfie,Ali,18-24,Male,London,Bronze,2023-04-14,True,True
CUST04992,Emily,Harris,18-24,Female,Scotland,Silver,2023-03-09,False,True
CUST04993,Mia,Jones,55-64,Female,Yorkshire,Bronze,2022-11-07,True,True
CUST04994,Aisha,Thompson,45-54,Male,London,Silver,2022-06-27,False,True
CUST04995,Aisha,Martin,45-54,Prefer not to say,Scotland,Bronze,2022-03-24,False,True
CUST04996,Grace,Johnson,18-24,Female,West Midlands,Bronze,2022-03-21,True,True
CUST04997,Ella,White,25-34,Male,North West,Silver,2023-09-01,True,True
CUST04998,Harry,Patel,65+,Prefer not to say,East of England,Bronze,2024-01-10,True,True
CUST04999,James,Kim,55-64,Female,Yorkshire,Bronze,2024-04-24,True,True
CUST05000,Jessica,Kim,35-44,Female,Wales,Bronze,2022-12-07,False,True
CUST05001,Thomas,Clark,65+,Male,South East,Bronze,2022-11-21,True,True
CUST05002,Thomas,Khan,45-54,Male,West Midlands,Silver,2022-12-09,True,False
CUST05003,Alfie,Chen,45-54,Prefer not to say,South East,Bronze,2022-06-15,True,True
CUST05004,Sophia,Evans,25-34,Prefer not to say,London,Silver,2024-03-03,True,True
CUST05005,Ava,Thompson,55-64,Male,North West,Gold,2023-11-19,False,True
CUST05006,Sophia,Lee,65+,Prefer not to say,Yorkshire,Bronze,2023-01-02,False,False
CUST05007,Jack,Wood,35-44,Female,South West,Bronze,2022-03-30,True,True
CUST05008,Isla,Sharma,65+,Male,Yorkshire,Gold,2022-11-16,True,True
CUST05009,Mia,Singh,18-24,Prefer not to say,South West,Bronze,2023-05-08,True,True
CUST05010,Emily,Jackson,45-54,Prefer not to say,North West,Silver,2023-03-15,False,True
CUST05011,Harry,Davies,18-24,Male,East Midlands,Bronze,2023-09-12,True,False
CUST05012,Mohammed,Harris,35-44,Female,Scotland,Bronze,2023-08-31,True,True
CUST05013,Ella,Khan,25-34,Prefer not to say,Yorkshire,Silver,2023-06-16,True,False
CUST05014,Olivia,Smith,65+,Female,London,Silver,2023-10-29,True,True
CUST05015,David,Walker,18-24,Female,Yorkshire,Bronze,2023-07-18,True,True
CUST05016,Rahul,Khan,55-64,Male,London,Bronze,2023-02-11,False,True
CUST05017,Jacob,Sharma,18-24,Male,West Midlands,Bronze,2022-03-09,True,True
CUST05018,Emily,Watson,25-34,Male,Wales,Platinum,2022-01-23,True,True
CUST05019,Lily,Chen,35-44,Male,North East,Silver,2024-05-02,True,True
CUST05020,Isla,Jackson,45-54,Female,West Midlands,Bronze,2022-11-24,True,False
CUST05021,Olivia,Singh,65+,Prefer not to say,North West,Bronze,2022-01-16,False,True
CUST05022,Michael,Martin,55-64,Prefer not to say,London,Bronze,2023-09-06,True,True
CUST05023,Olivia,Johnson,25-34,Male,North West,Bronze,2022-11-27,True,True
CUST05024,Isabella,Thomas,55-64,Female,East of England,Bronze,2022-01-21,True,True
CUST05025,Freddie,Harris,35-44,Prefer not to say,East of England,Bronze,2024-03-05,False,True
CUST05026,Grace,Taylor,35-44,Female,Scotland,Bronze,2024-01-20,False,True
CUST05027,Sarah,Roberts,65+,Prefer not to say,London,Gold,2023-09-28,True,True
CUST05028,Emily,Kim,65+,Prefer not to say,North West,Bronze,2022-01-11,False,True
CUST05029,Amelia,Johnson,55-64,Prefer not to say,South East,Bronze,2022-10-26,True,True
CUST05030,Alfie,Lee,35-44,Prefer not to say,South East,Silver,2022-05-12,True,False
CUST05031,Amelia,Jackson,55-64,Prefer not to say,London,Bronze,2024-06-06,True,True
CUST05032,Noah,Singh,55-64,Prefer not to say,South East,Bronze,2023-08-10,True,False
CUST05033,Jacob,Roberts,25-34,Female,London,Bronze,2022-12-25,True,True
CUST05034,Oliver,Jones,45-54,Prefer not to say,London,Platinum,2023-04-24,True,True
CUST05035,Grace,Thompson,35-44,Female,East of England,Gold,2023-09-17,True,False
CUST05036,Oliver,Hussain,25-34,Prefer not to say,Yorkshire,Bronze,2023-09-27,True,True
CUST05037,George,Lewis,45-54,Female,West Midlands,Bronze,2022-04-14,True,True
CUST05038,Michael,Robinson,45-54,Prefer not to say,Wales,Bronze,2022-09-26,True,True
CUST05039,Jessica,Jones,55-64,Female,Scotland,Silver,2022-01-29,False,False
CUST05040,Ava,Lewis,45-54,Female,London,Bronze,2023-01-30,True,True
CUST05041,Jessica,Roberts,18-24,Female,East Midlands,Bronze,2022-12-09,False,True
CUST05042,Isabella,Kim,55-64,Prefer not to say,East of England,Silver,2023-06-10,True,True
CUST05043,Isla,Lee,25-34,Female,East Midlands,Bronze,2023-10-30,True,True
CUST05044,Charlie,Wood,55-64,Female,East of England,Silver,2022-10-02,True,True
CUST05045,Freddie,Jones,18-24,Female,North West,Bronze,2023-02-14,True,True
CUST05046,Mohammed,Johnson,45-54,Female,South West,Gold,2023-08-15,False,False
CUST05047,Aisha,Wood,25-34,Male,London,Silver,2023-01-05,True,True
CUST05048,Ava,Harris,45-54,Female,North East,Gold,2023-11-13,False,True
CUST05049,David,Ali,35-44,Prefer not to say,London,Bronze,2024-05-29,True,True
CUST05050,Harry,Johnson,45-54,Prefer not to say,South West,Silver,2024-03-15,True,False
CUST05051,David,Taylor,18-24,Female,London,Bronze,2024-04-21,True,True
CUST05052,Jack,Chen,25-34,Male,West Midlands,Bronze,2023-10-30,True,False
CUST05053,Sofia,Robinson,25-34,Prefer not to say,East Midlands,Silver,2024-05-04,True,True
CUST05054,Grace,Ali,25-34,Male,South West,Silver,2023-05-25,False,True
CUST05055,George,Patel,25-34,Prefer not to say,South East,Gold,2022-04-01,False,True
CUST05056,Oliver,Kim,35-44,Female,East Midlands,Silver,2023-11-04,True,False
CUST05057,Sophia,Watson,18-24,Prefer not to say,Yorkshire,Bronze,2022-11-03,True,True
CUST05058,Sofia,Lewis,65+,Female,West Midlands,Silver,2023-11-26,True,False
CUST05059,Freddie,Sharma,45-54,Prefer not to say,London,Bronze,2024-01-04,True,True
CUST05060,Aisha,Smith,65+,Female,London,Silver,2023-02-28,True,True
CUST05061,Jacob,Jones,25-34,Male,West Midlands,Bronze,2023-10-24,True,False
CUST05062,Priya,Evans,35-44,Female,North West,Bronze,2023-05-04,False,False
CUST05063,Emily,Khan,65+,Female,West Midlands,Gold,2022-03-21,True,True
CUST05064,Ella,Thompson,35-44,Male,Yorkshire,Bronze,2022-02-25,True,True
CUST05065,Aisha,Ahmed,45-54,Prefer not to say,South East,Bronze,2023-01-16,False,True
CUST05066,Isla,Thomas,55-64,Prefer not to say,East of England,Platinum,2023-04-14,True,True
CUST05067,James,Lee,55-64,Female,West Midlands,Gold,2022-12-12,True,True
CUST05068,Lily,Lee,65+,Male,London,Silver,2022-02-25,True,False
CUST05069,Charlie,Ali,35-44,Male,North West,Gold,2024-05-07,True,False
CUST05070,James,Martin,25-34,Female,London,Silver,2024-03-20,False,True
CUST05071,Emily,Roberts,55-64,Male,London,Silver,2022-03-13,False,True
CUST05072,Jack,Hussain,18-24,Male,South West,Bronze,2024-06-07,True,True
CUST05073,David,Taylor,35-44,Prefer not to say,London,Bronze,2024-05-17,False,True
CUST05074,Sarah,Kim,55-64,Female,West Midlands,Bronze,2023-08-11,True,True
CUST05075,Sofia,Taylor,55-64,Female,South East,Bronze,2022-02-03,True,False
CUST05076,Mia,Jones,55-64,Prefer not to say,Yorkshire,Silver,2022-06-03,True,True
CUST05077,Freddie,White,25-34,Female,South East,Bronze,2023-04-09,False,True
CUST05078,Amelia,Kim,35-44,Prefer not to say,London,Silver,2023-03-18,True,False
CUST05079,Jessica,Brown,35-44,Female,East of England,Bronze,2022-02-06,True,True
CUST05080,Isla,Robinson,45-54,Female,North West,Silver,2024-04-11,True,True
CUST05081,Sofia,Kim,65+,Prefer not to say,Scotland,Bronze,2022-12-02,True,False
CUST05082,Grace,Khan,35-44,Prefer not to say,West Midlands,Gold,2022-07-06,True,True
CUST05083,Noah,Chen,35-44,Male,East Midlands,Silver,2023-04-06,True,True
CUST05084,Ava,Evans,35-44,Prefer not to say,South West,Bronze,2024-03-12,True,True
CUST05085,George,Singh,18-24,Prefer not to say,Yorkshire,Silver,2022-05-01,False,True
CUST05086,Oliver,Jones,35-44,Female,East Midlands,Bronze,2024-04-02,True,True
CUST05087,Jack,Patel,65+,Prefer not to say,London,Bronze,2022-09-26,True,True
CUST05088,Michael,Davies,65+,Prefer not to say,Wales,Silver,2022-06-09,True,True
CUST05089,Jack,Jones,55-64,Prefer not to say,North West,Bronze,2024-05-12,True,True
CUST05090,George,Jackson,35-44,Male,South West,Silver,2024-04-26,False,True
CUST05091,David,Roberts,55-64,Female,London,Bronze,2023-05-04,False,True
CUST05092,Aisha,Patel,55-64,Male,South East,Silver,2022-01-31,True,True
CUST05093,Michael,Martin,65+,Female,London,Platinum,2023-05-07,True,True
CUST05094,Noah,Singh,18-24,Prefer not to say,North West,Gold,2022-07-22,True,True
CUST05095,Thomas,Lewis,25-34,Prefer not to say,South East,Bronze,2023-08-27,False,True
CUST05096,Charlie,Watson,55-64,Female,North West,Platinum,2023-10-23,True,False
CUST05097,Harry,Davies,18-24,Male,North West,Gold,2022-03-19,True,True
CUST05098,Alfie,Roberts,45-54,Female,West Midlands,Silver,2023-09-30,True,True
CUST05099,Olivia,Lee,55-64,Male,South East,Silver,2024-05-20,True,True
CUST05100,Isla,Watson,35-44,Prefer not to say,North West,Bronze,2022-09-28,True,True
CUST05101,Aisha,Hussain,45-54,Prefer not to say,South East,Bronze,2022-11-17,True,False
CUST05102,Ava,Singh,35-44,Male,London,Platinum,2022-04-16,False,True
CUST05103,Ava,Sharma,25-34,Male,East of England,Gold,2023-06-01,True,True
CUST05104,Mia,Roberts,35-44,Male,South East,Bronze,2024-01-05,True,True
CUST05105,Sarah,Lee,35-44,Female,London,Bronze,2024-03-27,True,False
CUST05106,Oliver,Smith,45-54,Prefer not to say,South East,Silver,2023-01-18,True,True
CUST05107,Lily,Johnson,55-64,Female,London,Gold,2022-02-15,True,True
CUST05108,Rahul,Patel,55-64,Female,Yorkshire,Silver,2022-07-11,False,True
CUST05109,Olivia,Singh,55-64,Female,Yorkshire,Bronze,2023-03-15,True,True
CUST05110,Alfie,Thomas,45-54,Male,Yorkshire,Platinum,2023-07-06,True,False
CUST05111,Rahul,Jones,18-24,Male,South West,Gold,2023-04-17,False,True
CUST05112,Ava,Harris,18-24,Female,Scotland,Bronze,2024-03-05,True,True
CUST05113,Emily,Robinson,65+,Female,London,Platinum,2024-05-21,False,True
CUST05114,Aisha,Thompson,55-64,Male,East of England,Silver,2022-02-01,True,True
CUST05115,Freddie,Wood,65+,Prefer not to say,South West,Gold,2023-12-23,False,True
CUST05116,Isla,Sharma,45-54,Female,North West,Bronze,2023-01-08,True,True
CUST05117,Freddie,Johnson,25-34,Male,East Midlands,Gold,2023-01-28,True,True
CUST05118,Emily,White,65+,Female,North West,Bronze,2024-03-01,False,True
CUST05119,Jack,Kim,18-24,Prefer not to say,West Midlands,Platinum,2023-06-15,True,False
CUST05120,Isla,White,35-44,Male,London,Bronze,2023-03-19,True,True
CUST05121,Freddie,Brown,45-54,Male,Wales,Silver,2022-06-05,False,True
CUST05122,Amelia,Sharma,55-64,Female,Yorkshire,Gold,2023-12-12,True,True
CUST05123,Emily,Walker,65+,Male,South East,Silver,2022-09-09,False,False
CUST05124,Harry,Ali,55-64,Female,London,Bronze,2022-11-20,True,True
CUST05125,James,Ali,18-24,Prefer not to say,London,Gold,2023-07-14,True,True
CUST05126,Amelia,Robinson,65+,Female,London,Gold,2022-10-17,False,True
CUST05127,Aisha,Jackson,35-44,Female,London,Gold,2023-06-04,True,True
CUST05128,Isla,Lewis,45-54,Prefer not to say,Yorkshire,Platinum,2024-05-10,False,True
CUST05129,Mia,Brown,65+,Prefer not to say,London,Gold,2023-07-27,True,True
CUST05130,Lily,Thompson,18-24,Prefer not to say,Wales,Silver,2022-08-27,False,True
CUST05131,Sofia,White,25-34,Male,East Midlands,Silver,2024-02-29,True,True
CUST05132,Sarah,Watson,45-54,Male,East Midlands,Silver,2023-06-23,True,True
CUST05133,Sofia,Patel,55-64,Prefer not to say,South West,Bronze,2022-06-13,True,True
CUST05134,Ava,Evans,25-34,Male,East of England,Bronze,2023-12-04,True,True
CUST05135,Isabella,Thomas,45-54,Female,East of England,Silver,2023-12-22,True,True
CUST05136,Olivia,Jones,45-54,Male,London,Bronze,2023-09-18,False,True
CUST05137,David,Johnson,45-54,Male,East Midlands,Silver,2024-06-05,True,True
CUST05138,Charlie,Williams,18-24,Male,East of England,Silver,2022-08-19,True,True
CUST05139,Mia,Khan,65+,Male,London,Silver,2022-03-07,True,True
CUST05140,Jessica,Williams,25-34,Male,North West,Silver,2023-11-10,True,False
CUST05141,James,Brown,35-44,Female,West Midlands,Bronze,2022-11-16,True,True
CUST05142,David,Sharma,25-34,Female,London,Silver,2022-02-06,True,True
CUST05143,James,Lee,65+,Male,West Midlands,Gold,2023-12-14,True,True
CUST05144,Rahul,Jones,18-24,Female,Yorkshire,Bronze,2022-07-31,True,False
CUST05145,Lily,Watson,45-54,Male,East of England,Bronze,2022-02-06,True,True
CUST05146,Aisha,Evans,25-34,Male,West Midlands,Bronze,2024-04-09,False,True
CUST05147,Freddie,Jackson,18-24,Female,South East,Silver,2022-02-26,True,True
CUST05148,Emily,Chen,35-44,Male,South East,Bronze,2023-10-09,False,True
CUST05149,Rahul,Hussain,35-44,Male,South East,Bronze,2023-06-14,True,False
CUST05150,James,Jones,55-64,Female,London,Bronze,2022-01-20,False,True
CUST05151,Noah,Harris,45-54,Prefer not to say,South East,Bronze,2022-02-14,False,True
CUST05152,Oliver,Wood,55-64,Female,Yorkshire,Gold,2024-04-30,True,False
CUST05153,Grace,Ali,65+,Female,West Midlands,Bronze,2023-01-05,True,True
CUST05154,Oliver,Thomas,25-34,Male,London,Bronze,2023-09-05,True,True
CUST05155,James,Khan,65+,Male,North West,Bronze,2023-06-19,False,True
CUST05156,David,Clark,18-24,Prefer not to say,East Midlands,Bronze,2022-02-03,False,True
CUST05157,Oliver,Watson,45-54,Male,North East,Silver,2022-12-29,True,True
CUST05158,Grace,Walker,65+,Prefer not to say,West Midlands,Bronze,2023-06-12,False,True
CUST05159,James,Roberts,18-24,Female,North West,Platinum,2022-06-18,False,True
CUST05160,Mia,Ali,65+,Female,South East,Silver,2022-01-31,True,True
CUST05161,Freddie,Hussain,18-24,Prefer not to say,North East,Platinum,2022-10-26,True,True
CUST05162,Grace,Singh,55-64,Female,South East,Platinum,2022-03-07,True,True
CUST05163,Oliver,Lee,65+,Prefer not to say,South East,Silver,2023-10-06,True,True
CUST05164,Alfie,Kim,65+,Male,East Midlands,Bronze,2022-09-18,True,True
CUST05165,Oliver,Johnson,35-44,Female,London,Silver,2024-03-13,True,True
CUST05166,Lily,Kim,18-24,Male,North West,Bronze,2023-11-12,False,True
CUST05167,Jack,Lee,18-24,Male,London,Bronze,2023-05-19,True,False
CUST05168,Noah,Walker,35-44,Prefer not to say,London,Bronze,2022-07-27,True,True
CUST05169,Priya,Harris,18-24,Female,South East,Silver,2023-08-13,True,True
CUST05170,Harry,Patel,55-64,Female,East Midlands,Silver,2023-04-05,False,True
CUST05171,Ava,Khan,55-64,Prefer not to say,North East,Bronze,2022-07-29,True,True
CUST05172,Priya,Lee,18-24,Male,North West,Gold,2023-03-10,False,True
CUST05173,Emily,Hussain,45-54,Female,East of England,Gold,2022-10-12,False,True
CUST05174,Sophia,Patel,18-24,Prefer not to say,West Midlands,Silver,2022-02-18,True,True
CUST05175,Freddie,Patel,45-54,Male,North East,Silver,2024-04-28,True,True
CUST05176,James,Roberts,55-64,Female,West Midlands,Gold,2022-05-03,True,True
CUST05177,Freddie,Martin,65+,Female,London,Bronze,2023-06-26,False,True
CUST05178,Jacob,Wilson,55-64,Prefer not to say,London,Bronze,2023-08-01,True,True
CUST05179,Harry,Clark,25-34,Male,Wales,Silver,2024-02-29,True,True
CUST05180,Mia,Taylor,25-34,Prefer not to say,North East,Bronze,2023-07-09,True,True
CUST05181,Sarah,Ahmed,45-54,Prefer not to say,London,Silver,2023-10-15,True,True
CUST05182,Jacob,Jones,35-44,Male,North West,Gold,2023-10-25,False,True
CUST05183,Michael,Jackson,35-44,Female,Scotland,Bronze,2022-12-29,False,True
CUST05184,Lily,Thompson,55-64,Female,North West,Silver,2022-04-30,True,True
CUST05185,Mohammed,Singh,45-54,Female,South West,Bronze,2024-03-01,False,True
CUST05186,Sofia,Lewis,65+,Female,South East,Silver,2023-07-31,True,True
CUST05187,Mia,Sharma,18-24,Male,West Midlands,Silver,2022-09-28,True,True
CUST05188,Mohammed,Chen,45-54,Female,West Midlands,Platinum,2022-02-11,True,True
CUST05189,Lily,Walker,18-24,Female,South West,Silver,2022-08-28,True,True
CUST05190,Jessica,Ali,65+,Prefer not to say,London,Silver,2023-08-15,False,True
CUST05191,Noah,Evans,45-54,Male,London,Bronze,2022-12-29,True,True
CUST05192,Jessica,White,65+,Prefer not to say,London,Bronze,2022-09-04,True,True
CUST05193,Sophia,Walker,35-44,Male,London,Gold,2022-03-19,False,True
CUST05194,Thomas,Roberts,45-54,Male,London,Silver,2024-04-04,True,True
CUST05195,Oliver,Kim,25-34,Female,East of England,Silver,2022-06-24,True,True
CUST05196,Jacob,Watson,35-44,Female,North West,Bronze,2022-11-16,True,True
CUST05197,George,Evans,45-54,Prefer not to say,East of England,Silver,2022-07-18,False,True
CUST05198,Oliver,Smith,55-64,Prefer not to say,East of England,Silver,2023-04-30,True,True
CUST05199,Jacob,Harris,55-64,Prefer not to say,South East,Silver,2022-02-16,True,True
CUST05200,James,Taylor,65+,Female,North East,Silver,2023-03-20,True,True
CUST05201,Alfie,Jackson,35-44,Female,North West,Bronze,2023-11-19,True,True
CUST05202,Ava,White,65+,Female,London,Platinum,2023-04-24,False,True
CUST05203,Thomas,Walker,18-24,Female,East Midlands,Silver,2024-04-07,True,True
CUST05204,Freddie,Walker,55-64,Prefer not to say,Wales,Bronze,2022-05-17,True,True
CUST05205,Mia,Watson,55-64,Male,West Midlands,Bronze,2022-01-04,False,True
CUST05206,Amelia,Hussain,25-34,Prefer not to say,West Midlands,Bronze,2023-08-18,True,True
CUST05207,Sarah,Thomas,65+,Male,West Midlands,Gold,2022-08-28,True,True
CUST05208,Priya,Robinson,65+,Prefer not to say,London,Silver,2023-01-08,True,True
CUST05209,Noah,Walker,45-54,Female,London,Bronze,2022-06-29,True,True
CUST05210,George,Hussain,55-64,Female,South West,Bronze,2022-11-15,False,True
CUST05211,Sarah,Johnson,45-54,Prefer not to say,West Midlands,Silver,2022-01-15,True,True
CUST05212,Oliver,Thompson,55-64,Male,South West,Silver,2023-12-13,True,True
CUST05213,Isabella,Kim,55-64,Prefer not to say,South East,Silver,2023-11-17,True,False
CUST05214,Mia,Taylor,55-64,Male,Scotland,Gold,2023-08-04,False,True
CUST05215,Charlie,Watson,45-54,Prefer not to say,South East,Silver,2023-06-14,True,False
CUST05216,Freddie,Thompson,25-34,Male,South West,Silver,2023-03-08,False,True
CUST05217,Noah,Clark,45-54,Prefer not to say,North West,Gold,2023-11-27,True,True
CUST05218,Sofia,Sharma,55-64,Male,London,Silver,2022-02-23,False,True
CUST05219,Ella,Brown,25-34,Prefer not to say,North East,Bronze,2022-03-28,True,True
CUST05220,Olivia,Williams,55-64,Male,Yorkshire,Bronze,2024-06-03,False,True
CUST05221,Daniel,Lewis,25-34,Female,East Midlands,Platinum,2022-12-04,False,True
CUST05222,Mia,Thomas,45-54,Female,Scotland,Bronze,2023-05-07,False,False
CUST05223,Aisha,Brown,65+,Male,South West,Silver,2022-07-12,True,True
CUST05224,Sarah,Jackson,18-24,Prefer not to say,South West,Silver,2024-03-02,True,False
CUST05225,Daniel,Thompson,65+,Male,East of England,Gold,2023-03-02,True,True
CUST05226,Ella,Patel,25-34,Female,East of England,Silver,2022-03-29,False,False
CUST05227,Alfie,Watson,35-44,Prefer not to say,South East,Bronze,2023-01-06,True,True
CUST05228,Olivia,Walker,55-64,Female,London,Bronze,2022-11-16,True,True
CUST05229,Priya,Ali,45-54,Prefer not to say,London,Bronze,2022-07-06,False,True
CUST05230,Aisha,Brown,45-54,Male,Yorkshire,Platinum,2022-06-27,False,True
CUST05231,Olivia,Jackson,18-24,Male,North West,Silver,2022-08-02,True,True
CUST05232,Sophia,Davies,65+,Male,South West,Gold,2023-05-18,True,True
CUST05233,Mohammed,Martin,18-24,Male,East of England,Gold,2023-01-20,True,True
CUST05234,David,Smith,45-54,Prefer not to say,Yorkshire,Bronze,2023-08-31,True,True
CUST05235,Alfie,Harris,18-24,Male,West Midlands,Gold,2022-08-29,True,True
CUST05236,George,Khan,35-44,Female,South East,Bronze,2022-02-13,True,True
CUST05237,Freddie,Brown,18-24,Prefer not to say,North East,Silver,2022-08-06,True,True
CUST05238,Jack,Clark,35-44,Female,London,Silver,2023-02-08,True,True
CUST05239,Daniel,Smith,18-24,Prefer not to say,South West,Bronze,2023-08-09,True,True
CUST05240,George,Clark,25-34,Male,South West,Bronze,2024-04-03,True,True
CUST05241,Rahul,Ali,55-64,Female,Yorkshire,Bronze,2023-12-12,True,True
CUST05242,Sofia,Kim,35-44,Female,South East,Gold,2022-08-24,True,True
CUST05243,Sofia,Walker,35-44,Male,South West,Bronze,2022-01-18,True,False
CUST05244,Olivia,Harris,55-64,Prefer not to say,East Midlands,Bronze,2023-07-14,False,True
CUST05245,Jacob,Ahmed,35-44,Prefer not to say,East Midlands,Bronze,2022-02-21,True,True
CUST05246,Emily,Wood,35-44,Prefer not to say,South West,Bronze,2022-07-17,True,True
CUST05247,Jacob,Thompson,45-54,Prefer not to say,London,Bronze,2023-02-04,True,False
CUST05248,Grace,Jackson,25-34,Male,West Midlands,Bronze,2023-09-08,True,True
CUST05249,Mohammed,Clark,45-54,Prefer not to say,West Midlands,Bronze,2024-05-20,True,True
CUST05250,Daniel,Ali,55-64,Female,London,Bronze,2022-12-17,False,True
CUST05251,Priya,Kim,55-64,Male,South West,Bronze,2023-03-06,True,True
CUST05252,Jack,Jackson,18-24,Male,South West,Silver,2024-03-17,False,False
CUST05253,Rahul,Walker,65+,Male,Yorkshire,Bronze,2023-09-13,False,True
CUST05254,Noah,Chen,45-54,Female,South East,Silver,2023-04-25,True,True
CUST05255,Lily,Clark,35-44,Prefer not to say,London,Bronze,2022-01-31,True,False
CUST05256,Alfie,Ali,55-64,Female,South West,Bronze,2022-07-28,True,True
CUST05257,Sofia,Sharma,35-44,Prefer not to say,East of England,Gold,2023-02-02,False,True
CUST05258,Sarah,Lee,25-34,Prefer not to say,North East,Platinum,2022-01-09,True,True
CUST05259,Isabella,Martin,55-64,Male,Yorkshire,Gold,2023-12-11,True,True
CUST05260,Grace,Jackson,35-44,Female,South East,Silver,2023-12-05,False,True
CUST05261,Ella,Clark,65+,Male,East of England,Bronze,2022-11-04,True,True
CUST05262,David,Johnson,55-64,Female,South East,Bronze,2022-09-16,True,False
CUST05263,Isabella,Wilson,35-44,Female,North West,Bronze,2024-06-12,True,False
CUST05264,Mia,Martin,45-54,Prefer not to say,Scotland,Silver,2022-02-01,True,True
CUST05265,Rahul,Sharma,45-54,Female,London,Silver,2022-01-20,True,True
CUST05266,Ava,Lewis,35-44,Female,Scotland,Silver,2022-07-15,False,True
CUST05267,Daniel,Thompson,18-24,Female,Yorkshire,Bronze,2022-11-08,False,True
CUST05268,Jessica,Chen,18-24,Female,North East,Gold,2023-02-21,False,True
CUST05269,Jacob,Thompson,18-24,Male,London,Gold,2023-07-01,True,True
CUST05270,Emily,Harris,18-24,Prefer not to say,South East,Bronze,2024-04-18,True,True
CUST05271,Oliver,Martin,25-34,Female,South East,Platinum,2023-04-09,True,True
CUST05272,Aisha,Jackson,18-24,Male,London,Silver,2023-07-31,True,True
CUST05273,Harry,Brown,65+,Male,North West,Silver,2023-07-08,True,False
CUST05274,James,Jones,65+,Prefer not to say,London,Bronze,2022-06-17,True,False
CUST05275,Oliver,Jackson,65+,Female,South West,Bronze,2022-11-26,False,True
CUST05276,Noah,Johnson,25-34,Male,London,Gold,2022-02-09,True,True
CUST05277,Ella,Wilson,35-44,Prefer not to say,East of England,Silver,2022-01-15,True,True
CUST05278,David,Lee,55-64,Female,Wales,Bronze,2022-05-29,True,True
CUST05279,Isla,Thompson,25-34,Male,North West,Bronze,2024-04-13,True,False
CUST05280,Noah,Watson,35-44,Female,South West,Platinum,2022-01-21,True,True
CUST05281,Amelia,Singh,18-24,Prefer not to say,South West,Bronze,2024-04-26,True,True
CUST05282,George,Sharma,25-34,Prefer not to say,London,Bronze,2022-11-11,True,True
CUST05283,Thomas,Singh,65+,Female,South East,Silver,2023-10-12,True,True
CUST05284,Jack,Wood,55-64,Female,Yorkshire,Bronze,2024-03-30,True,True
CUST05285,Jack,Brown,55-64,Prefer not to say,West Midlands,Silver,2022-11-06,True,False
CUST05286,Ava,Clark,25-34,Female,North West,Silver,2023-11-27,True,True
CUST05287,Thomas,Thomas,55-64,Prefer not to say,North West,Gold,2024-01-03,True,True
CUST05288,Noah,Thompson,55-64,Female,Scotland,Silver,2023-06-08,True,False
CUST05289,Sophia,Williams,45-54,Prefer not to say,South East,Bronze,2022-09-08,True,True
CUST05290,Alfie,White,18-24,Female,West Midlands,Bronze,2023-12-17,True,True
CUST05291,George,Thomas,18-24,Female,West Midlands,Silver,2022-12-26,False,True
CUST05292,Priya,Ahmed,25-34,Prefer not to say,South West,Bronze,2023-10-02,True,True
CUST05293,Ella,Ali,35-44,Male,Scotland,Silver,2022-11-20,True,True
CUST05294,Alfie,Jones,65+,Female,South East,Bronze,2024-05-03,True,True
CUST05295,Ava,Evans,55-64,Female,Scotland,Bronze,2024-01-19,False,True
CUST05296,James,Clark,65+,Male,East Midlands,Gold,2022-09-06,True,True
CUST05297,Ava,Lewis,65+,Prefer not to say,London,Bronze,2023-10-12,True,False
CUST05298,Rahul,Singh,65+,Female,Scotland,Silver,2023-11-29,False,True
CUST05299,Lily,Sharma,35-44,Female,North West,Silver,2023-06-02,False,True
CUST05300,Mia,Thompson,55-64,Prefer not to say,Yorkshire,Bronze,2022-08-13,True,True
CUST05301,Noah,Patel,45-54,Prefer not to say,South West,Gold,2022-12-26,True,True
CUST05302,Aisha,Hussain,25-34,Prefer not to say,North West,Silver,2023-08-03,False,True
CUST05303,George,Lee,35-44,Prefer not to say,West Midlands,Gold,2022-01-13,True,True
CUST05304,Oliver,Kim,35-44,Female,North West,Bronze,2024-03-23,True,True
CUST05305,David,Smith,25-34,Male,South West,Platinum,2023-01-22,False,True
CUST05306,Aisha,Taylor,55-64,Prefer not to say,North West,Silver,2023-04-08,True,True
CUST05307,Alfie,Williams,35-44,Female,North West,Silver,2023-11-10,True,False
CUST05308,Ava,Jones,65+,Female,North West,Gold,2022-10-22,True,True
CUST05309,Isla,Johnson,18-24,Male,South East,Gold,2023-05-22,True,True
CUST05310,Isabella,Evans,55-64,Female,London,Silver,2023-05-05,True,True
CUST05311,Jack,Walker,45-54,Female,North East,Silver,2022-07-05,True,True
CUST05312,Sophia,Thomas,45-54,Male,Wales,Gold,2023-09-26,False,True
CUST05313,Ella,Hussain,18-24,Male,East of England,Silver,2023-03-07,True,True
CUST05314,Emily,Singh,25-34,Prefer not to say,Yorkshire,Silver,2022-12-16,True,False
CUST05315,Isla,Smith,65+,Male,London,Bronze,2024-02-20,True,True
CUST05316,Olivia,Williams,18-24,Female,South East,Gold,2022-12-05,False,False
CUST05317,Ella,Robinson,18-24,Prefer not to say,South West,Gold,2023-12-30,True,True
CUST05318,Isabella,Evans,45-54,Female,London,Bronze,2023-11-11,True,True
CUST05319,Sophia,Watson,45-54,Male,London,Bronze,2024-01-28,False,True
CUST05320,Isabella,Sharma,45-54,Prefer not to say,East of England,Silver,2023-04-11,True,True
CUST05321,Jacob,Williams,18-24,Female,London,Silver,2023-07-11,True,True
CUST05322,Harry,Evans,65+,Male,East of England,Silver,2024-04-09,False,True
CUST05323,Thomas,Clark,55-64,Prefer not to say,South West,Gold,2023-10-16,False,True
CUST05324,Mia,Khan,65+,Female,North West,Bronze,2022-08-19,True,True
CUST05325,Noah,Jones,55-64,Prefer not to say,Yorkshire,Silver,2023-09-10,True,True
CUST05326,Grace,Khan,35-44,Male,London,Bronze,2023-05-10,True,True
CUST05327,Ava,Walker,35-44,Male,London,Silver,2024-05-09,True,True
CUST05328,Harry,Smith,18-24,Male,South West,Gold,2023-04-20,True,True
CUST05329,Priya,Walker,65+,Prefer not to say,South West,Bronze,2023-04-03,True,False
CUST05330,Alfie,Clark,18-24,Male,East of England,Gold,2022-08-04,True,True
CUST05331,Priya,Johnson,18-24,Female,North West,Bronze,2024-05-12,False,False
CUST05332,Isabella,Jones,55-64,Male,North West,Silver,2023-12-03,True,True
CUST05333,James,Lee,65+,Male,London,Gold,2024-05-13,True,True
CUST05334,Mia,Taylor,45-54,Female,West Midlands,Gold,2023-12-20,False,True
CUST05335,Alfie,Kim,18-24,Prefer not to say,South West,Bronze,2022-04-13,True,False
CUST05336,David,Chen,45-54,Male,North East,Bronze,2024-05-21,True,True
CUST05337,Sarah,Walker,65+,Female,London,Bronze,2023-03-05,True,False
CUST05338,Emily,Lee,35-44,Female,Wales,Gold,2023-07-01,True,True
CUST05339,Priya,Harris,45-54,Prefer not to say,East Midlands,Bronze,2022-08-29,False,True
CUST05340,Aisha,Lewis,35-44,Female,South West,Bronze,2022-07-10,False,True
CUST05341,Mia,Singh,18-24,Female,West Midlands,Bronze,2024-04-10,True,True
CUST05342,Isabella,Hussain,65+,Male,London,Silver,2023-11-16,True,False
CUST05343,Jack,Kim,65+,Male,South East,Platinum,2022-12-28,True,True
CUST05344,Mia,Roberts,25-34,Male,West Midlands,Silver,2023-01-25,False,True
CUST05345,Emily,Brown,65+,Male,South East,Platinum,2024-01-05,True,True
CUST05346,Mia,Wood,55-64,Female,London,Bronze,2023-10-07,True,True
CUST05347,Noah,Martin,65+,Prefer not to say,Yorkshire,Bronze,2023-07-15,True,True
CUST05348,Jack,Patel,18-24,Prefer not to say,East of England,Bronze,2023-08-13,True,True
CUST05349,Ava,Chen,25-34,Female,South West,Bronze,2023-08-05,False,True
CUST05350,Isabella,Jackson,45-54,Male,South East,Silver,2023-10-07,True,True
CUST05351,Sofia,Roberts,18-24,Prefer not to say,East of England,Bronze,2023-04-20,True,True
CUST05352,Michael,Harris,25-34,Prefer not to say,West Midlands,Bronze,2022-10-20,True,True
CUST05353,Sarah,Jones,55-64,Prefer not to say,Scotland,Bronze,2023-06-20,True,True
CUST05354,Olivia,Williams,55-64,Female,South East,Silver,2023-11-20,True,True
CUST05355,Sarah,Robinson,25-34,Male,North West,Bronze,2023-03-25,True,True
CUST05356,David,Khan,45-54,Male,South East,Bronze,2024-02-26,True,True
CUST05357,Sophia,White,45-54,Female,South East,Bronze,2024-06-06,True,True
CUST05358,Daniel,Clark,18-24,Female,East Midlands,Bronze,2024-05-15,True,True
CUST05359,Isabella,Singh,65+,Prefer not to say,London,Silver,2022-04-17,True,True
CUST05360,Oliver,Martin,18-24,Prefer not to say,London,Gold,2023-04-11,False,True
CUST05361,Harry,Sharma,45-54,Female,South East,Silver,2022-12-07,True,True
CUST05362,Isabella,Wilson,25-34,Female,South West,Silver,2023-07-13,True,True
CUST05363,Grace,Lewis,65+,Male,Scotland,Bronze,2023-09-14,True,False
CUST05364,Jacob,Ali,18-24,Prefer not to say,London,Bronze,2024-04-02,True,True
CUST05365,Thomas,Patel,35-44,Female,London,Bronze,2023-05-14,True,True
CUST05366,Charlie,Williams,65+,Male,South East,Gold,2023-08-16,True,True
CUST05367,Noah,Johnson,55-64,Prefer not to say,North West,Bronze,2023-11-08,True,True
CUST05368,James,Evans,25-34,Female,East of England,Bronze,2022-10-16,False,False
CUST05369,Charlie,Martin,45-54,Prefer not to say,East of England,Bronze,2023-12-16,True,False
CUST05370,Jessica,Jackson,35-44,Female,East Midlands,Platinum,2022-04-09,True,False
CUST05371,Isla,Jones,55-64,Prefer not to say,Yorkshire,Bronze,2022-01-03,True,False
CUST05372,Charlie,Ali,35-44,Prefer not to say,Yorkshire,Bronze,2022-09-25,True,True
CUST05373,Mohammed,Thomas,45-54,Prefer not to say,South East,Silver,2022-09-15,True,True
CUST05374,Isabella,Ali,35-44,Female,London,Bronze,2022-06-22,True,True
CUST05375,Oliver,Wilson,55-64,Prefer not to say,East of England,Bronze,2023-01-09,True,True
CUST05376,Isla,Ahmed,55-64,Male,East Midlands,Bronze,2022-12-07,False,True
CUST05377,Freddie,Taylor,25-34,Male,East of England,Bronze,2024-03-15,True,False
CUST05378,Olivia,Johnson,25-34,Prefer not to say,East Midlands,Bronze,2023-03-11,False,True
CUST05379,Ella,Brown,35-44,Prefer not to say,London,Silver,2023-01-11,True,True
CUST05380,Alfie,Ahmed,65+,Male,West Midlands,Bronze,2024-05-08,True,False
CUST05381,Emily,Robinson,35-44,Prefer not to say,Yorkshire,Bronze,2022-06-08,True,True
CUST05382,Isla,Sharma,65+,Prefer not to say,South East,Bronze,2023-02-04,True,True
CUST05383,Mia,Thompson,35-44,Female,North West,Silver,2022-05-25,False,False
CUST05384,Mia,White,45-54,Prefer not to say,London,Silver,2022-06-02,True,False
CUST05385,Oliver,Patel,35-44,Prefer not to say,East of England,Bronze,2022-03-25,True,True
CUST05386,Ella,Taylor,65+,Prefer not to say,South East,Bronze,2022-03-30,True,True
CUST05387,Harry,Lewis,45-54,Prefer not to say,North West,Silver,2022-06-10,True,True
CUST05388,Sophia,Davies,18-24,Prefer not to say,Scotland,Platinum,2024-05-21,False,True
CUST05389,Ella,Clark,55-64,Female,East of England,Silver,2023-06-10,True,True
CUST05390,Amelia,Chen,25-34,Prefer not to say,North East,Silver,2022-02-15,False,True
CUST05391,Oliver,Sharma,65+,Male,Wales,Gold,2023-07-08,True,True
CUST05392,Oliver,Davies,55-64,Female,South East,Bronze,2024-04-01,True,True
CUST05393,Freddie,Thomas,35-44,Female,Wales,Gold,2023-12-04,True,False
CUST05394,Oliver,Watson,45-54,Prefer not to say,Yorkshire,Bronze,2023-03-08,True,True
CUST05395,Jacob,Thomas,25-34,Female,North West,Bronze,2023-07-30,True,True
CUST05396,Grace,Hussain,65+,Male,London,Platinum,2023-10-24,True,True
CUST05397,Harry,Khan,65+,Female,North East,Bronze,2023-12-11,True,True
CUST05398,Rahul,Hussain,65+,Female,North East,Gold,2022-02-21,False,True
CUST05399,Sofia,Thompson,18-24,Prefer not to say,East of England,Bronze,2023-04-15,True,True
CUST05400,Oliver,Evans,65+,Male,London,Silver,2023-09-10,False,True
CUST05401,David,Harris,65+,Prefer not to say,London,Bronze,2023-10-19,True,False
CUST05402,Harry,Roberts,25-34,Male,London,Gold,2022-05-18,False,False
CUST05403,Isabella,Robinson,45-54,Prefer not to say,Yorkshire,Gold,2023-04-13,False,True
CUST05404,Rahul,Patel,35-44,Male,South East,Bronze,2023-04-06,True,False
CUST05405,Rahul,Jones,65+,Female,Yorkshire,Bronze,2024-06-16,False,True
CUST05406,Daniel,Harris,55-64,Female,London,Bronze,2023-11-05,True,True
CUST05407,Sophia,Khan,65+,Female,South East,Bronze,2022-12-27,True,True
CUST05408,Priya,Thomas,55-64,Female,West Midlands,Platinum,2023-06-06,True,True
CUST05409,Grace,Wilson,65+,Prefer not to say,South East,Bronze,2022-01-07,False,True
CUST05410,Sarah,Williams,45-54,Prefer not to say,North East,Silver,2022-07-20,True,True
CUST05411,Daniel,Wilson,25-34,Prefer not to say,West Midlands,Gold,2023-08-28,True,True
CUST05412,Mohammed,Watson,25-34,Male,East Midlands,Platinum,2022-12-23,True,True
CUST05413,Freddie,Jackson,18-24,Prefer not to say,West Midlands,Silver,2023-10-26,False,True
CUST05414,James,Evans,65+,Prefer not to say,South West,Silver,2022-03-24,False,True
CUST05415,Isla,Ali,18-24,Female,East Midlands,Platinum,2024-04-17,True,True
CUST05416,Charlie,White,25-34,Prefer not to say,South West,Gold,2023-03-26,False,True
CUST05417,Ava,Harris,45-54,Female,West Midlands,Silver,2023-09-11,True,True
CUST05418,Noah,Khan,65+,Prefer not to say,London,Gold,2023-03-04,False,True
CUST05419,Lily,Martin,55-64,Prefer not to say,London,Bronze,2023-01-28,True,True
CUST05420,Mohammed,Johnson,65+,Male,North East,Bronze,2023-03-01,True,True
CUST05421,Mohammed,Walker,65+,Male,London,Bronze,2022-01-29,True,True
CUST05422,Michael,Harris,18-24,Male,North East,Platinum,2024-05-16,True,False
CUST05423,Rahul,Kim,45-54,Prefer not to say,South East,Silver,2023-09-29,True,True
CUST05424,Noah,Wood,18-24,Female,East of England,Silver,2023-03-02,True,True
CUST05425,Isabella,Patel,55-64,Female,London,Silver,2023-06-17,True,True
CUST05426,Amelia,Walker,25-34,Female,West Midlands,Bronze,2024-01-05,True,True
CUST05427,Michael,Brown,18-24,Female,Wales,Gold,2022-11-23,False,True
CUST05428,Aisha,Evans,35-44,Prefer not to say,London,Gold,2022-08-01,True,True
CUST05429,Jack,Roberts,25-34,Male,East of England,Silver,2023-12-19,True,True
CUST05430,George,Williams,45-54,Male,North West,Gold,2024-02-01,False,True
CUST05431,Ella,Robinson,25-34,Female,West Midlands,Bronze,2022-10-31,False,False
CUST05432,Isabella,Singh,45-54,Female,London,Bronze,2022-08-02,True,True
CUST05433,Michael,Williams,25-34,Female,London,Bronze,2023-07-15,True,True
CUST05434,Mia,Patel,18-24,Female,London,Bronze,2023-10-18,False,False
CUST05435,Harry,White,65+,Prefer not to say,North West,Bronze,2023-01-10,True,True
CUST05436,Freddie,Thompson,35-44,Female,West Midlands,Bronze,2022-02-22,True,True
CUST05437,Rahul,Thompson,18-24,Female,North East,Platinum,2022-11-24,True,True
CUST05438,Ella,Singh,65+,Prefer not to say,North East,Bronze,2022-01-05,True,False
CUST05439,Isla,Watson,18-24,Prefer not to say,East of England,Gold,2022-06-19,False,True
CUST05440,Mia,Wood,35-44,Female,Scotland,Bronze,2023-11-12,True,True
CUST05441,Freddie,White,25-34,Prefer not to say,East Midlands,Bronze,2022-03-06,False,True
CUST05442,Harry,Patel,65+,Female,East of England,Platinum,2022-02-13,True,False
CUST05443,David,Thomas,45-54,Prefer not to say,South West,Silver,2022-01-04,True,True
CUST05444,David,Singh,18-24,Male,East of England,Bronze,2022-09-15,True,True
CUST05445,Daniel,Patel,35-44,Prefer not to say,East Midlands,Silver,2024-05-08,True,True
CUST05446,Daniel,Sharma,65+,Prefer not to say,Yorkshire,Bronze,2022-11-27,True,True
CUST05447,Sophia,Thompson,18-24,Male,South West,Silver,2022-02-13,True,False
CUST05448,Thomas,Hussain,18-24,Prefer not to say,North West,Bronze,2024-04-26,True,True
CUST05449,Noah,Harris,65+,Male,North West,Platinum,2022-03-22,True,True
CUST05450,Alfie,Roberts,25-34,Male,East Midlands,Silver,2022-04-22,True,True
CUST05451,Alfie,Jackson,35-44,Female,London,Bronze,2024-01-03,True,True
CUST05452,Oliver,Roberts,25-34,Prefer not to say,London,Silver,2022-09-03,True,True
CUST05453,Alfie,Kim,55-64,Prefer not to say,London,Silver,2022-07-15,True,True
CUST05454,Aisha,Taylor,65+,Prefer not to say,North West,Silver,2022-08-30,True,True
CUST05455,Olivia,Martin,45-54,Male,West Midlands,Silver,2024-02-17,False,True
CUST05456,Ella,Chen,65+,Female,North West,Bronze,2022-10-15,False,True
CUST05457,Ava,Ali,18-24,Female,London,Bronze,2023-01-07,False,True
CUST05458,Daniel,Thompson,25-34,Female,London,Silver,2022-02-25,True,False
CUST05459,Aisha,Lee,45-54,Prefer not to say,London,Bronze,2024-01-09,True,True
CUST05460,Freddie,Jackson,35-44,Prefer not to say,West Midlands,Silver,2023-08-25,False,False
CUST05461,Amelia,Harris,25-34,Prefer not to say,London,Bronze,2022-07-20,True,True
CUST05462,Amelia,Johnson,55-64,Male,London,Silver,2022-06-19,True,True
CUST05463,Amelia,Johnson,25-34,Female,East Midlands,Bronze,2022-11-30,True,True
CUST05464,Grace,Williams,65+,Prefer not to say,London,Bronze,2022-01-29,True,True
CUST05465,Olivia,Lewis,55-64,Male,South East,Bronze,2022-12-13,False,True
CUST05466,Mia,Wood,65+,Prefer not to say,South East,Bronze,2023-06-19,True,True
CUST05467,Isla,Walker,65+,Female,South East,Bronze,2023-09-21,True,False
CUST05468,Mia,Robinson,65+,Prefer not to say,South West,Silver,2023-07-21,True,True
CUST05469,Oliver,Clark,25-34,Male,East Midlands,Silver,2022-03-23,True,True
CUST05470,Priya,Taylor,55-64,Prefer not to say,Wales,Bronze,2023-01-06,False,True
CUST05471,Isla,Smith,18-24,Female,London,Bronze,2022-07-06,True,True
CUST05472,Lily,Harris,45-54,Prefer not to say,East of England,Silver,2023-09-10,True,True
CUST05473,Charlie,Watson,55-64,Male,Yorkshire,Platinum,2023-09-27,False,False
CUST05474,Sofia,Thomas,65+,Male,East of England,Platinum,2022-02-12,True,True
CUST05475,Alfie,Singh,65+,Prefer not to say,Yorkshire,Gold,2022-12-07,True,True
CUST05476,Jack,Singh,35-44,Prefer not to say,South West,Silver,2024-02-03,True,True
CUST05477,Emily,Kim,45-54,Prefer not to say,East of England,Gold,2023-11-07,True,False
CUST05478,Mohammed,Khan,35-44,Female,London,Bronze,2024-01-27,True,True
CUST05479,Mohammed,Walker,65+,Male,London,Bronze,2022-10-23,True,True
CUST05480,George,Jackson,25-34,Female,North West,Silver,2023-02-22,True,True
CUST05481,Freddie,Watson,25-34,Male,London,Bronze,2022-12-20,False,True
CUST05482,Oliver,Singh,25-34,Prefer not to say,Scotland,Bronze,2023-10-29,True,True
CUST05483,Olivia,Khan,35-44,Prefer not to say,South West,Bronze,2023-01-08,False,True
CUST05484,Sofia,Jackson,35-44,Male,East of England,Silver,2023-03-25,True,True
CUST05485,Oliver,Ahmed,55-64,Male,Yorkshire,Silver,2023-11-06,True,True
CUST05486,Grace,Smith,35-44,Female,East Midlands,Bronze,2022-10-29,True,True
CUST05487,Sarah,Harris,65+,Prefer not to say,West Midlands,Bronze,2024-01-27,True,True
CUST05488,Jack,Taylor,45-54,Male,West Midlands,Silver,2024-04-26,True,False
CUST05489,Oliver,Jackson,55-64,Prefer not to say,London,Silver,2022-06-27,False,True
CUST05490,Noah,Thomas,18-24,Male,East of England,Silver,2022-09-29,True,True
CUST05491,George,Jones,35-44,Female,North West,Bronze,2022-07-31,True,True
CUST05492,David,Martin,18-24,Female,South West,Gold,2023-06-10,False,False
CUST05493,Jacob,Watson,18-24,Female,East of England,Bronze,2023-01-02,True,True
CUST05494,Priya,Wilson,35-44,Prefer not to say,London,Silver,2022-01-22,True,True
CUST05495,Aisha,Wood,55-64,Female,London,Platinum,2022-03-08,True,True
CUST05496,Thomas,Lewis,65+,Female,North West,Bronze,2023-12-28,True,True
CUST05497,Jacob,Williams,45-54,Male,West Midlands,Bronze,2022-09-27,True,True
CUST05498,Michael,Lewis,35-44,Female,London,Gold,2022-09-18,True,True
CUST05499,George,Lewis,25-34,Male,South West,Bronze,2023-05-27,True,True
CUST05500,Mohammed,Lewis,35-44,Male,East Midlands,Bronze,2022-11-10,True,True
CUST05501,Alfie,Martin,25-34,Male,South West,Bronze,2023-03-15,True,False
CUST05502,Isabella,Brown,55-64,Male,Scotland,Silver,2023-08-20,True,True
CUST05503,Jacob,Johnson,65+,Prefer not to say,East of England,Silver,2022-01-27,True,True
CUST05504,Amelia,Kim,35-44,Prefer not to say,London,Silver,2024-05-15,True,True
CUST05505,Priya,White,65+,Male,South East,Bronze,2024-03-30,True,True
CUST05506,Sophia,Lewis,45-54,Male,East of England,Silver,2023-03-13,False,False
CUST05507,George,Davies,18-24,Female,London,Gold,2022-10-13,True,True
CUST05508,Freddie,Watson,25-34,Male,Yorkshire,Silver,2023-04-25,False,True
CUST05509,Sofia,Ahmed,45-54,Prefer not to say,London,Silver,2022-08-28,True,True
CUST05510,Mia,Patel,18-24,Prefer not to say,West Midlands,Gold,2022-02-25,True,True
CUST05511,Priya,Ahmed,55-64,Male,London,Bronze,2022-04-10,True,True
CUST05512,Noah,Ali,65+,Male,London,Bronze,2023-01-30,True,True
CUST05513,Jacob,Thomas,45-54,Prefer not to say,North West,Bronze,2022-11-30,False,False
CUST05514,Jacob,Davies,18-24,Prefer not to say,South East,Silver,2023-03-10,True,True
CUST05515,Sarah,Khan,45-54,Male,Yorkshire,Bronze,2022-07-04,False,True
CUST05516,Ava,Robinson,55-64,Prefer not to say,West Midlands,Bronze,2024-04-03,False,True
CUST05517,Michael,Lee,18-24,Prefer not to say,South East,Bronze,2023-02-19,True,True
CUST05518,Jack,Taylor,55-64,Male,London,Silver,2022-12-14,True,True
CUST05519,Harry,Patel,35-44,Female,Scotland,Bronze,2023-12-10,True,True
CUST05520,Grace,Brown,25-34,Female,London,Bronze,2024-02-06,True,True
CUST05521,Amelia,Williams,45-54,Female,London,Bronze,2023-12-17,True,True
CUST05522,Ava,Chen,45-54,Prefer not to say,South East,Bronze,2022-11-14,True,False
CUST05523,Jessica,Kim,35-44,Prefer not to say,North West,Silver,2022-04-06,True,True
CUST05524,Jessica,Clark,35-44,Male,Scotland,Platinum,2023-03-22,True,True
CUST05525,Michael,Clark,65+,Male,Yorkshire,Bronze,2024-04-25,False,True
CUST05526,Alfie,Lewis,55-64,Female,London,Silver,2023-11-12,False,True
CUST05527,Jack,Robinson,45-54,Female,South East,Bronze,2022-07-22,True,False
CUST05528,Rahul,Robinson,35-44,Male,North East,Bronze,2023-04-29,False,True
CUST05529,Alfie,Sharma,18-24,Prefer not to say,London,Bronze,2023-09-05,True,True
CUST05530,Oliver,Robinson,45-54,Prefer not to say,London,Bronze,2024-01-03,True,True
CUST05531,James,Roberts,25-34,Female,North East,Gold,2022-05-27,False,True
CUST05532,Oliver,Ahmed,35-44,Female,Yorkshire,Silver,2023-12-03,True,True
CUST05533,Daniel,Davies,55-64,Male,East of England,Bronze,2023-02-15,True,True
CUST05534,Jack,Watson,25-34,Prefer not to say,South East,Silver,2023-09-06,False,True
CUST05535,Freddie,Thomas,65+,Male,Wales,Silver,2023-03-21,False,True
CUST05536,Oliver,Clark,35-44,Prefer not to say,North West,Platinum,2022-04-18,True,True
CUST05537,Amelia,Harris,45-54,Female,Yorkshire,Silver,2022-01-20,True,True
CUST05538,Mohammed,Ali,55-64,Prefer not to say,North West,Gold,2023-08-25,True,False
CUST05539,Jessica,Watson,35-44,Male,North West,Platinum,2023-11-16,True,True
CUST05540,Grace,Kim,45-54,Male,North West,Bronze,2023-07-09,True,True
CUST05541,Mia,Kim,25-34,Female,Yorkshire,Silver,2024-01-04,True,True
CUST05542,Aisha,Wood,65+,Female,East Midlands,Bronze,2023-03-25,True,True
CUST05543,Ava,White,25-34,Prefer not to say,East Midlands,Bronze,2024-01-03,True,False
CUST05544,Michael,Clark,25-34,Male,South East,Silver,2022-06-19,True,True
CUST05545,Olivia,Wilson,45-54,Female,South West,Bronze,2024-03-19,False,True
CUST05546,Sofia,Lee,35-44,Prefer not to say,North East,Bronze,2022-01-21,True,True
CUST05547,Rahul,Chen,35-44,Prefer not to say,London,Silver,2022-05-13,True,True
CUST05548,Harry,Harris,65+,Female,West Midlands,Bronze,2023-10-16,True,False
CUST05549,Daniel,Walker,55-64,Male,Yorkshire,Bronze,2023-07-18,False,True
CUST05550,Jacob,White,35-44,Prefer not to say,East of England,Platinum,2022-01-24,True,True
CUST05551,Aisha,Wood,25-34,Prefer not to say,East Midlands,Gold,2023-02-19,True,True
CUST05552,Oliver,Hussain,18-24,Female,North East,Gold,2022-07-26,True,True
CUST05553,Grace,Sharma,55-64,Female,Scotland,Bronze,2024-03-26,True,True
CUST05554,Mia,Thompson,35-44,Female,London,Silver,2024-02-23,True,True
CUST05555,Sophia,Patel,35-44,Male,East of England,Bronze,2023-10-24,False,True
CUST05556,Lily,Sharma,65+,Female,London,Bronze,2022-04-21,False,True
CUST05557,Mia,Thomas,18-24,Male,East Midlands,Gold,2022-11-12,True,True
CUST05558,Jack,Kim,55-64,Female,South West,Gold,2024-04-01,True,True
CUST05559,Mohammed,Walker,65+,Female,East of England,Gold,2024-03-06,False,True
CUST05560,Mia,Khan,45-54,Male,London,Bronze,2023-10-30,True,True
CUST05561,Sarah,Watson,18-24,Female,Yorkshire,Bronze,2022-09-17,False,True
CUST05562,Mohammed,Lee,45-54,Prefer not to say,London,Bronze,2022-06-03,True,False
CUST05563,Isabella,Chen,35-44,Prefer not to say,South East,Bronze,2022-09-28,True,True
CUST05564,Rahul,Sharma,45-54,Male,London,Bronze,2023-11-29,True,False
CUST05565,Oliver,Davies,45-54,Prefer not to say,South East,Bronze,2023-02-05,False,True
CUST05566,Jack,Taylor,65+,Prefer not to say,London,Bronze,2024-01-14,True,False
CUST05567,Aisha,Lee,25-34,Female,East of England,Silver,2023-11-25,False,True
CUST05568,Aisha,White,18-24,Male,South East,Platinum,2023-01-27,False,True
CUST05569,Priya,Wilson,25-34,Female,South East,Gold,2022-10-17,True,True
CUST05570,Olivia,Chen,35-44,Prefer not to say,Yorkshire,Platinum,2024-03-11,True,True
CUST05571,Sofia,Hussain,35-44,Female,London,Bronze,2023-11-15,True,True
CUST05572,Sophia,Smith,25-34,Female,East Midlands,Platinum,2024-04-24,True,True
CUST05573,Priya,Clark,25-34,Female,West Midlands,Silver,2023-01-05,True,True
CUST05574,Sophia,Kim,18-24,Female,South East,Bronze,2022-02-20,False,True
CUST05575,Isla,Smith,18-24,Prefer not to say,Yorkshire,Silver,2024-06-16,True,False
CUST05576,Ella,Thompson,55-64,Prefer not to say,South East,Silver,2022-03-05,False,True
CUST05577,Priya,Wood,35-44,Prefer not to say,Wales,Gold,2024-06-16,True,True
CUST05578,David,Thompson,55-64,Female,South East,Gold,2024-04-22,True,True
CUST05579,Freddie,White,55-64,Male,South East,Bronze,2022-03-04,False,True
CUST05580,Harry,Kim,45-54,Male,North East,Gold,2023-10-05,True,True
CUST05581,Jessica,Ahmed,18-24,Male,South East,Silver,2022-11-11,True,True
CUST05582,Noah,Clark,45-54,Male,North West,Bronze,2023-07-04,True,True
CUST05583,Sofia,Hussain,18-24,Male,Yorkshire,Silver,2022-08-05,True,True
CUST05584,Ava,Brown,55-64,Prefer not to say,North West,Bronze,2022-01-21,False,False
CUST05585,Jacob,Lee,25-34,Female,Yorkshire,Silver,2024-01-06,False,True
CUST05586,Amelia,Brown,55-64,Male,London,Silver,2023-02-07,True,True
CUST05587,Daniel,Lee,45-54,Male,Wales,Silver,2023-05-21,False,False
CUST05588,Ella,Patel,45-54,Prefer not to say,London,Silver,2022-04-05,True,True
CUST05589,Mohammed,Roberts,55-64,Prefer not to say,London,Platinum,2022-07-16,True,True
CUST05590,Mia,Kim,25-34,Female,South East,Bronze,2022-03-13,True,True
CUST05591,Charlie,Brown,35-44,Female,East of England,Bronze,2024-06-11,True,False
CUST05592,Jacob,Clark,18-24,Female,London,Silver,2023-07-25,True,True
CUST05593,Thomas,Ahmed,45-54,Prefer not to say,South West,Silver,2022-01-27,True,False
CUST05594,Ava,Evans,45-54,Female,South East,Silver,2022-04-30,True,True
CUST05595,Olivia,Patel,35-44,Male,North West,Platinum,2022-10-31,True,True
CUST05596,Amelia,Davies,18-24,Male,London,Platinum,2024-01-26,False,True
CUST05597,George,Jackson,55-64,Prefer not to say,West Midlands,Bronze,2024-02-27,False,True
CUST05598,Charlie,Hussain,18-24,Female,South West,Silver,2022-08-27,True,True
CUST05599,Amelia,Williams,18-24,Female,North West,Bronze,2022-07-20,True,True
CUST05600,Isla,Khan,45-54,Prefer not to say,East of England,Silver,2024-04-03,True,True
CUST05601,Isabella,Chen,65+,Female,Wales,Bronze,2023-03-20,True,False
CUST05602,Jacob,Jones,65+,Female,Scotland,Bronze,2023-06-04,True,True
CUST05603,Jessica,Walker,55-64,Male,West Midlands,Bronze,2024-05-30,True,True
CUST05604,Grace,Roberts,55-64,Prefer not to say,North West,Gold,2024-06-07,True,True
CUST05605,Ella,Kim,35-44,Male,West Midlands,Gold,2022-06-29,True,True
CUST05606,Sarah,Johnson,18-24,Prefer not to say,East Midlands,Bronze,2023-09-09,False,True
CUST05607,Charlie,Thomas,18-24,Male,East of England,Silver,2022-05-02,True,True
CUST05608,Harry,Evans,35-44,Male,North West,Platinum,2024-04-20,True,True
CUST05609,Michael,Lee,18-24,Female,East Midlands,Gold,2022-11-02,False,True
CUST05610,Harry,Harris,65+,Male,London,Platinum,2022-09-01,True,False
CUST05611,Oliver,Davies,65+,Male,London,Gold,2023-06-18,True,True
CUST05612,Emily,Smith,35-44,Female,South East,Bronze,2022-09-04,True,True
CUST05613,Ella,Clark,55-64,Prefer not to say,Yorkshire,Silver,2022-12-19,True,True
CUST05614,Sarah,Evans,55-64,Female,North West,Platinum,2024-02-16,True,True
CUST05615,Isabella,Ali,35-44,Male,East of England,Bronze,2022-03-10,True,True
CUST05616,Rahul,Harris,55-64,Prefer not to say,London,Bronze,2024-05-11,True,False
CUST05617,Emily,Smith,18-24,Male,South East,Platinum,2022-03-18,True,False
CUST05618,Oliver,Ali,35-44,Male,East Midlands,Bronze,2023-03-03,True,True
CUST05619,Michael,Robinson,25-34,Male,London,Silver,2023-09-15,True,False
CUST05620,Isla,Clark,25-34,Prefer not to say,Wales,Gold,2023-01-16,True,True
CUST05621,Priya,Lee,65+,Male,Scotland,Silver,2024-03-24,True,False
CUST05622,Michael,Williams,35-44,Female,South East,Gold,2022-11-04,True,True
CUST05623,Daniel,Robinson,25-34,Prefer not to say,South East,Gold,2022-04-10,False,True
CUST05624,Grace,Evans,18-24,Prefer not to say,East Midlands,Bronze,2023-11-20,True,True
CUST05625,George,Khan,45-54,Female,South West,Bronze,2022-08-29,True,True
CUST05626,Aisha,Ali,55-64,Prefer not to say,London,Silver,2023-06-04,True,True
CUST05627,James,Williams,55-64,Prefer not to say,West Midlands,Silver,2022-05-28,True,True
CUST05628,Mohammed,Hussain,55-64,Male,East Midlands,Gold,2024-03-17,True,True
CUST05629,Ava,Kim,45-54,Male,Yorkshire,Bronze,2022-01-25,True,False
CUST05630,Emily,Harris,55-64,Female,London,Bronze,2024-03-20,True,True
CUST05631,George,Walker,35-44,Male,Yorkshire,Bronze,2023-07-19,True,False
CUST05632,Mohammed,Taylor,65+,Male,East Midlands,Bronze,2022-01-15,False,True
CUST05633,Harry,Smith,18-24,Female,East of England,Bronze,2024-06-18,True,True
CUST05634,Alfie,Walker,65+,Female,East of England,Bronze,2024-02-29,True,True
CUST05635,Mohammed,Martin,25-34,Prefer not to say,East Midlands,Bronze,2022-06-19,True,True
CUST05636,Ella,Evans,25-34,Prefer not to say,Scotland,Gold,2022-10-06,False,True
CUST05637,Jack,Walker,65+,Male,London,Bronze,2024-05-10,True,True
CUST05638,Thomas,Wilson,18-24,Male,North East,Bronze,2024-04-05,True,True
CUST05639,Harry,Khan,65+,Female,Scotland,Bronze,2024-02-08,False,True
CUST05640,Jacob,Ali,45-54,Prefer not to say,East Midlands,Silver,2022-05-15,True,True
CUST05641,Olivia,Robinson,25-34,Prefer not to say,London,Bronze,2022-03-07,False,True
CUST05642,Sofia,Ahmed,25-34,Male,South East,Silver,2023-01-13,True,True
CUST05643,Charlie,Jackson,25-34,Female,South East,Gold,2022-11-11,True,True
CUST05644,Michael,White,65+,Prefer not to say,West Midlands,Bronze,2022-01-24,True,True
CUST05645,James,Clark,65+,Prefer not to say,South East,Silver,2024-05-30,True,True
CUST05646,George,Lee,55-64,Male,South West,Bronze,2023-10-19,False,True
CUST05647,Oliver,Sharma,25-34,Female,South East,Gold,2022-03-29,True,False
CUST05648,Noah,Patel,65+,Female,North East,Silver,2023-01-17,True,True
CUST05649,Noah,Harris,55-64,Female,Yorkshire,Gold,2022-12-11,True,True
CUST05650,Isabella,Martin,25-34,Male,London,Bronze,2022-09-20,True,True
CUST05651,Sarah,Johnson,55-64,Prefer not to say,London,Bronze,2024-03-06,True,True
CUST05652,David,Lewis,45-54,Female,Yorkshire,Silver,2023-10-21,True,True
CUST05653,Harry,Harris,65+,Female,North West,Silver,2022-05-30,True,False
CUST05654,Charlie,Jackson,35-44,Female,London,Bronze,2022-09-08,True,True
CUST05655,Ella,Brown,25-34,Male,London,Bronze,2022-05-22,True,True
CUST05656,Lily,Lewis,18-24,Female,South East,Silver,2022-11-06,True,False
CUST05657,Aisha,Thomas,65+,Male,North East,Platinum,2023-01-16,True,False
CUST05658,Thomas,Taylor,65+,Female,East Midlands,Bronze,2022-05-10,False,True
CUST05659,Jessica,Lewis,35-44,Female,West Midlands,Bronze,2024-01-24,True,True
CUST05660,Priya,Smith,45-54,Prefer not to say,South West,Bronze,2022-08-05,False,True
CUST05661,Jessica,Khan,25-34,Male,East Midlands,Silver,2023-12-19,True,True
CUST05662,Grace,Sharma,35-44,Male,West Midlands,Gold,2022-04-19,True,True
CUST05663,George,Roberts,45-54,Male,Yorkshire,Bronze,2022-04-08,True,False
CUST05664,Mia,Thompson,65+,Prefer not to say,North East,Bronze,2024-01-13,True,True
CUST05665,Ava,Wilson,45-54,Male,South West,Bronze,2022-08-26,False,True
CUST05666,Emily,Sharma,18-24,Female,London,Silver,2022-11-11,True,False
CUST05667,Jacob,Wilson,35-44,Female,East Midlands,Silver,2024-03-21,True,True
CUST05668,Michael,Wilson,35-44,Prefer not to say,South East,Gold,2022-07-21,False,True
CUST05669,Lily,Thomas,25-34,Female,North West,Silver,2023-02-16,True,True
CUST05670,Grace,Ali,65+,Prefer not to say,North West,Bronze,2023-06-06,True,True
CUST05671,Michael,Patel,18-24,Prefer not to say,West Midlands,Bronze,2023-07-19,False,True
CUST05672,Michael,White,65+,Female,South East,Bronze,2022-03-11,False,False
CUST05673,Sophia,Johnson,35-44,Female,Scotland,Bronze,2024-03-03,True,True
CUST05674,Jack,Jackson,35-44,Prefer not to say,Yorkshire,Gold,2023-03-15,False,True
CUST05675,George,Chen,18-24,Prefer not to say,London,Silver,2023-07-06,False,True
CUST05676,Jessica,Ahmed,35-44,Prefer not to say,South West,Platinum,2022-10-30,True,True
CUST05677,David,Thompson,65+,Male,West Midlands,Silver,2022-05-09,True,True
CUST05678,Mohammed,Jackson,18-24,Male,North West,Bronze,2023-05-23,True,True
CUST05679,David,Jones,65+,Female,East Midlands,Silver,2023-03-25,False,False
CUST05680,Jack,Harris,65+,Prefer not to say,South West,Platinum,2023-10-20,True,False
CUST05681,Michael,Walker,18-24,Female,London,Silver,2022-03-14,True,True
CUST05682,Amelia,Patel,45-54,Female,West Midlands,Bronze,2022-04-22,True,True
CUST05683,Olivia,Martin,18-24,Female,East of England,Silver,2024-03-18,True,True
CUST05684,Daniel,Harris,25-34,Prefer not to say,South East,Bronze,2022-06-09,True,True
CUST05685,Freddie,Jones,25-34,Male,London,Bronze,2022-05-19,False,True
CUST05686,Daniel,Williams,45-54,Male,South West,Bronze,2023-08-08,True,False
CUST05687,Charlie,Watson,55-64,Female,South West,Silver,2024-06-16,False,False
CUST05688,Olivia,Singh,18-24,Male,East Midlands,Platinum,2023-03-26,True,True
CUST05689,Sofia,Walker,25-34,Male,South West,Bronze,2022-12-17,True,True
CUST05690,Sofia,Wilson,65+,Prefer not to say,Yorkshire,Bronze,2023-08-05,True,True
CUST05691,Alfie,Robinson,45-54,Female,East Midlands,Bronze,2022-12-26,True,False
CUST05692,Harry,Johnson,18-24,Prefer not to say,East Midlands,Silver,2022-01-28,True,True
CUST05693,Emily,Roberts,25-34,Male,London,Bronze,2024-03-19,False,True
CUST05694,Sofia,Hussain,55-64,Male,North East,Bronze,2023-09-09,True,True
CUST05695,Mia,Davies,35-44,Prefer not to say,North West,Bronze,2022-12-29,True,True
CUST05696,Harry,Jackson,25-34,Male,North West,Bronze,2023-05-23,False,True
CUST05697,Freddie,Ahmed,35-44,Prefer not to say,Scotland,Silver,2022-06-19,True,False
CUST05698,Isla,Khan,45-54,Female,London,Silver,2023-08-04,True,True
CUST05699,Daniel,Hussain,65+,Prefer not to say,East of England,Bronze,2024-03-03,True,True
CUST05700,Ava,Williams,65+,Female,London,Platinum,2022-03-07,True,False
CUST05701,Mia,Singh,25-34,Male,London,Silver,2023-06-27,True,True
CUST05702,Oliver,Khan,65+,Male,West Midlands,Bronze,2024-03-25,False,True
CUST05703,Harry,Watson,18-24,Prefer not to say,London,Bronze,2023-02-24,True,True
CUST05704,Alfie,Ahmed,55-64,Male,London,Silver,2022-11-15,False,True
CUST05705,Lily,Ali,18-24,Prefer not to say,South West,Gold,2022-05-04,True,True
CUST05706,Sofia,Brown,18-24,Male,Scotland,Gold,2023-11-17,True,True
CUST05707,Harry,White,25-34,Female,East of England,Bronze,2022-03-26,False,True
CUST05708,Harry,Clark,18-24,Male,South East,Gold,2024-06-18,True,True
CUST05709,Amelia,Watson,45-54,Prefer not to say,South East,Bronze,2023-04-07,False,True
CUST05710,Priya,Davies,18-24,Prefer not to say,East Midlands,Gold,2023-07-05,True,True
CUST05711,Isabella,Lewis,25-34,Prefer not to say,South West,Silver,2024-01-20,True,True
CUST05712,Aisha,Wilson,25-34,Female,East Midlands,Bronze,2023-05-19,False,True
CUST05713,George,Khan,55-64,Female,Scotland,Gold,2023-08-19,True,False
CUST05714,Freddie,Patel,25-34,Prefer not to say,South East,Silver,2023-09-14,True,True
CUST05715,Sofia,Davies,45-54,Female,South West,Silver,2023-05-05,True,True
CUST05716,Rahul,Thompson,45-54,Female,London,Silver,2024-06-02,True,True
CUST05717,Grace,Taylor,55-64,Male,Yorkshire,Gold,2023-11-10,False,True
CUST05718,Jacob,Patel,65+,Prefer not to say,London,Bronze,2023-02-06,False,True
CUST05719,Oliver,Jones,45-54,Prefer not to say,South East,Bronze,2023-06-15,True,True
CUST05720,Freddie,Sharma,35-44,Male,West Midlands,Silver,2022-07-10,True,True
CUST05721,James,Roberts,55-64,Male,South East,Bronze,2024-06-13,True,True
CUST05722,Jacob,Robinson,45-54,Female,South West,Bronze,2023-11-30,True,True
CUST05723,Freddie,Chen,65+,Prefer not to say,East of England,Bronze,2023-10-09,True,True
CUST05724,Emily,Thomas,55-64,Male,Yorkshire,Gold,2023-05-26,False,True
CUST05725,Ava,Roberts,35-44,Male,West Midlands,Bronze,2024-06-12,True,True
CUST05726,Priya,Evans,65+,Prefer not to say,South West,Bronze,2023-09-24,True,True
CUST05727,Oliver,Taylor,35-44,Male,West Midlands,Bronze,2023-06-03,True,True
CUST05728,Lily,Clark,25-34,Male,East of England,Silver,2022-10-03,True,True
CUST05729,Alfie,Hussain,25-34,Male,North East,Bronze,2022-08-27,True,False
CUST05730,Freddie,Martin,18-24,Male,South West,Gold,2022-09-01,True,True
CUST05731,Jessica,White,35-44,Male,London,Silver,2022-07-10,True,True
CUST05732,George,Lee,18-24,Prefer not to say,South West,Gold,2024-03-10,True,False
CUST05733,Mohammed,Evans,25-34,Male,East Midlands,Bronze,2024-03-13,True,False
CUST05734,David,Martin,25-34,Prefer not to say,East Midlands,Bronze,2022-12-16,True,False
CUST05735,George,Davies,55-64,Male,London,Gold,2023-05-06,True,True
CUST05736,Jacob,Davies,55-64,Female,Wales,Bronze,2022-07-17,True,False
CUST05737,Emily,Robinson,45-54,Prefer not to say,West Midlands,Gold,2024-03-04,True,False
CUST05738,George,Ali,45-54,Prefer not to say,North West,Silver,2024-03-17,True,True
CUST05739,George,Ali,45-54,Prefer not to say,South West,Bronze,2023-09-26,True,True
CUST05740,Ella,Harris,55-64,Prefer not to say,East Midlands,Gold,2023-01-23,True,False
CUST05741,Jessica,Smith,65+,Female,London,Silver,2022-08-29,True,True
CUST05742,Emily,Roberts,45-54,Male,London,Silver,2022-04-17,True,True
CUST05743,Freddie,Lewis,25-34,Male,North West,Silver,2022-10-07,True,False
CUST05744,Sarah,Walker,55-64,Male,West Midlands,Gold,2022-04-21,True,False
CUST05745,Jessica,Robinson,18-24,Female,South East,Bronze,2022-09-21,True,True
CUST05746,Isabella,Martin,18-24,Prefer not to say,Yorkshire,Bronze,2023-01-10,False,True
CUST05747,Mohammed,Robinson,65+,Female,London,Bronze,2022-11-02,False,True
CUST05748,Grace,Wood,18-24,Prefer not to say,South West,Bronze,2023-11-20,True,False
CUST05749,Mia,Walker,35-44,Female,South West,Bronze,2023-01-25,True,False
CUST05750,Ava,Thompson,65+,Prefer not to say,East of England,Gold,2024-06-05,True,True
CUST05751,Emily,Roberts,65+,Prefer not to say,London,Bronze,2023-05-12,True,True
CUST05752,Sophia,Clark,55-64,Prefer not to say,London,Gold,2023-10-23,True,True
CUST05753,Emily,Evans,55-64,Prefer not to say,West Midlands,Platinum,2022-05-02,False,True
CUST05754,Grace,Walker,18-24,Female,South East,Silver,2023-01-14,True,True
CUST05755,Thomas,Wilson,25-34,Female,East of England,Bronze,2022-08-11,False,True
CUST05756,Thomas,Smith,35-44,Female,South East,Silver,2022-04-13,True,True
CUST05757,Isabella,Ali,45-54,Male,London,Silver,2023-11-16,False,True
CUST05758,Rahul,Thompson,18-24,Male,London,Gold,2023-09-13,True,False
CUST05759,Sofia,Kim,25-34,Prefer not to say,South West,Platinum,2023-11-10,True,True
CUST05760,Thomas,Johnson,55-64,Male,London,Gold,2023-07-22,True,True
CUST05761,Jessica,Martin,65+,Prefer not to say,Scotland,Bronze,2023-03-31,True,True
CUST05762,James,Wilson,55-64,Male,West Midlands,Bronze,2022-09-22,True,True
CUST05763,Mohammed,Smith,35-44,Female,North West,Bronze,2022-12-09,True,True
CUST05764,Ella,Taylor,25-34,Prefer not to say,North West,Bronze,2023-07-09,False,True
CUST05765,Priya,Kim,45-54,Prefer not to say,West Midlands,Silver,2022-10-16,True,True
CUST05766,Jack,Patel,45-54,Male,South West,Silver,2022-12-31,True,True
CUST05767,Mohammed,Johnson,55-64,Prefer not to say,London,Bronze,2023-10-24,True,True
CUST05768,Thomas,Sharma,55-64,Male,North East,Gold,2023-09-27,True,False
CUST05769,Rahul,Evans,55-64,Female,North East,Silver,2023-07-03,True,True
CUST05770,Daniel,Roberts,25-34,Female,Yorkshire,Silver,2023-06-09,True,True
CUST05771,Emily,Walker,45-54,Female,London,Silver,2023-12-10,True,True
CUST05772,Thomas,Singh,25-34,Prefer not to say,South East,Gold,2022-04-29,True,False
CUST05773,Ella,Singh,18-24,Female,West Midlands,Silver,2023-09-13,True,True
CUST05774,Alfie,White,55-64,Female,South East,Gold,2023-11-05,False,True
CUST05775,Aisha,Martin,65+,Prefer not to say,South East,Bronze,2023-06-18,True,True
CUST05776,Lily,Wood,18-24,Female,North East,Silver,2024-02-27,True,True
CUST05777,Priya,White,35-44,Prefer not to say,North West,Gold,2022-03-14,False,True
CUST05778,Freddie,Harris,25-34,Prefer not to say,Scotland,Bronze,2023-02-03,True,True
CUST05779,Rahul,Johnson,65+,Prefer not to say,West Midlands,Silver,2022-01-24,False,False
CUST05780,Oliver,Walker,35-44,Female,Scotland,Bronze,2024-03-20,True,True
CUST05781,Jessica,Sharma,35-44,Male,West Midlands,Bronze,2023-04-09,True,True
CUST05782,Priya,Evans,55-64,Female,London,Bronze,2023-11-03,True,True
CUST05783,Emily,Evans,35-44,Prefer not to say,London,Bronze,2024-04-04,True,True
CUST05784,Freddie,Roberts,25-34,Male,East Midlands,Gold,2023-06-10,True,True
CUST05785,Oliver,Smith,25-34,Prefer not to say,West Midlands,Bronze,2022-08-04,True,True
CUST05786,Jessica,Lewis,55-64,Prefer not to say,London,Bronze,2022-09-20,True,True
CUST05787,Sarah,Walker,65+,Prefer not to say,London,Silver,2022-09-04,False,True
CUST05788,Grace,Martin,45-54,Prefer not to say,South East,Bronze,2023-12-21,False,True
CUST05789,Isabella,Harris,65+,Female,South East,Silver,2022-08-04,True,True
CUST05790,Isla,Taylor,55-64,Male,South East,Bronze,2022-10-25,True,True
CUST05791,Daniel,White,65+,Prefer not to say,South East,Silver,2022-02-20,True,True
CUST05792,Isabella,Jackson,18-24,Female,West Midlands,Silver,2024-02-02,True,True
CUST05793,Mia,Williams,65+,Female,London,Silver,2024-01-06,True,False
CUST05794,Olivia,Davies,45-54,Prefer not to say,London,Bronze,2022-04-13,True,True
CUST05795,George,Ali,45-54,Prefer not to say,West Midlands,Bronze,2022-08-14,True,True
CUST05796,Oliver,Taylor,25-34,Male,North East,Silver,2024-04-23,False,False
CUST05797,Sarah,Smith,65+,Male,North West,Silver,2023-11-28,True,True
CUST05798,Isabella,Patel,45-54,Female,South East,Bronze,2022-11-21,True,True
CUST05799,Isla,Patel,35-44,Female,West Midlands,Silver,2023-11-29,True,True
CUST05800,Daniel,Johnson,35-44,Male,West Midlands,Bronze,2023-08-03,True,False
CUST05801,Jack,Wood,18-24,Female,West Midlands,Silver,2022-05-28,True,True
CUST05802,Harry,Jones,65+,Male,West Midlands,Bronze,2023-09-14,False,True
CUST05803,Isabella,Clark,25-34,Prefer not to say,Scotland,Gold,2023-01-21,True,True
CUST05804,Sarah,Wood,25-34,Male,North East,Bronze,2024-05-20,False,False
CUST05805,Ava,Jackson,55-64,Prefer not to say,London,Bronze,2022-11-24,True,True
CUST05806,Olivia,Thompson,55-64,Female,East Midlands,Silver,2023-02-05,True,True
CUST05807,Jacob,Singh,65+,Female,South East,Bronze,2022-01-02,True,True
CUST05808,James,Kim,35-44,Male,South East,Gold,2022-05-25,False,True
CUST05809,Alfie,Johnson,18-24,Prefer not to say,West Midlands,Silver,2022-07-13,True,True
CUST05810,Sophia,Thompson,55-64,Male,London,Platinum,2024-03-07,True,True
CUST05811,Charlie,Taylor,25-34,Prefer not to say,East of England,Silver,2022-10-08,True,True
CUST05812,David,Lewis,55-64,Female,North West,Bronze,2022-06-03,True,False
CUST05813,Freddie,Lee,25-34,Female,London,Bronze,2022-04-28,False,True
CUST05814,Ava,Robinson,65+,Male,North West,Bronze,2023-11-02,True,True
CUST05815,Thomas,Lewis,18-24,Male,East of England,Bronze,2023-03-16,True,False
CUST05816,Lily,Singh,55-64,Prefer not to say,South East,Bronze,2022-08-08,True,False
CUST05817,Daniel,Johnson,18-24,Prefer not to say,Scotland,Silver,2022-12-25,True,False
CUST05818,Lily,Harris,18-24,Female,East of England,Gold,2022-02-03,False,True
CUST05819,Jessica,Lewis,35-44,Female,Scotland,Gold,2022-07-20,True,True
CUST05820,Michael,Lee,45-54,Prefer not to say,South East,Silver,2022-11-16,False,True
CUST05821,Mohammed,Wilson,55-64,Female,North West,Platinum,2022-01-05,True,True
CUST05822,Emily,Watson,35-44,Male,London,Silver,2023-09-06,True,True
CUST05823,Aisha,Chen,55-64,Female,London,Gold,2022-05-21,False,True
CUST05824,Michael,Patel,18-24,Prefer not to say,East Midlands,Gold,2023-09-18,True,True
CUST05825,James,Ali,25-34,Prefer not to say,Yorkshire,Gold,2023-02-22,True,True
CUST05826,Grace,Evans,45-54,Male,Yorkshire,Bronze,2022-02-02,True,True
CUST05827,Olivia,Lewis,35-44,Male,London,Gold,2023-09-22,True,True
CUST05828,Grace,White,65+,Female,Wales,Gold,2022-06-28,True,False
CUST05829,Isabella,Martin,65+,Male,North East,Bronze,2023-01-23,False,True
CUST05830,Sarah,Davies,35-44,Prefer not to say,London,Silver,2024-05-23,True,True
CUST05831,Isabella,Martin,25-34,Prefer not to say,Wales,Bronze,2024-02-11,True,True
CUST05832,George,Lee,55-64,Female,South East,Bronze,2023-10-05,True,True
CUST05833,Sarah,Martin,18-24,Male,Wales,Silver,2023-07-18,True,True
CUST05834,Michael,Harris,55-64,Female,South East,Bronze,2022-04-02,True,True
CUST05835,Thomas,Thompson,25-34,Female,North West,Silver,2023-09-14,True,False
CUST05836,Mohammed,Smith,35-44,Prefer not to say,Wales,Bronze,2022-02-25,False,True
CUST05837,Jessica,Watson,18-24,Male,North West,Bronze,2022-04-15,False,True
CUST05838,Ava,White,65+,Female,South East,Silver,2023-06-17,True,True
CUST05839,Lily,Johnson,18-24,Prefer not to say,East of England,Bronze,2024-01-04,True,False
CUST05840,Emily,Martin,35-44,Prefer not to say,London,Silver,2022-07-11,False,True
CUST05841,Harry,Singh,35-44,Male,South East,Gold,2022-12-03,True,True
CUST05842,Rahul,Kim,45-54,Male,Wales,Gold,2023-04-14,False,True
CUST05843,Daniel,Davies,65+,Female,East Midlands,Bronze,2022-01-31,True,True
CUST05844,Sophia,Robinson,45-54,Prefer not to say,South East,Gold,2022-06-25,True,True
CUST05845,Olivia,Sharma,45-54,Prefer not to say,London,Bronze,2023-01-09,True,False
CUST05846,Jacob,Singh,45-54,Prefer not to say,West Midlands,Gold,2023-03-02,True,True
CUST05847,Amelia,Sharma,45-54,Male,London,Bronze,2022-01-22,True,True
CUST05848,Alfie,Jones,55-64,Female,South East,Silver,2022-03-20,False,True
CUST05849,Sarah,Robinson,65+,Female,East Midlands,Gold,2022-12-09,True,False
CUST05850,Thomas,Walker,25-34,Female,South East,Gold,2023-11-08,True,True
CUST05851,Isabella,Hussain,65+,Prefer not to say,East of England,Bronze,2022-03-29,True,True
CUST05852,Noah,Wilson,65+,Male,South East,Silver,2023-11-10,True,False
CUST05853,Ava,Walker,18-24,Female,South East,Bronze,2022-06-13,False,True
CUST05854,Charlie,Roberts,45-54,Prefer not to say,East of England,Silver,2023-04-22,True,True
CUST05855,Michael,Williams,55-64,Prefer not to say,London,Silver,2023-06-07,True,True
CUST05856,Freddie,Lewis,18-24,Female,South East,Bronze,2022-02-21,True,False
CUST05857,Michael,Evans,45-54,Female,East Midlands,Silver,2022-04-25,True,True
CUST05858,Aisha,Jones,18-24,Prefer not to say,North West,Silver,2022-05-25,True,True
CUST05859,Charlie,Sharma,18-24,Prefer not to say,London,Gold,2022-10-09,True,False
CUST05860,Charlie,Thompson,45-54,Female,West Midlands,Bronze,2024-03-15,True,True
CUST05861,Aisha,Hussain,55-64,Male,South East,Gold,2022-03-02,True,True
CUST05862,Isabella,Patel,55-64,Male,South East,Silver,2022-08-17,True,True
CUST05863,Aisha,Roberts,55-64,Prefer not to say,East of England,Bronze,2023-10-06,True,False
CUST05864,Amelia,Davies,18-24,Female,Scotland,Bronze,2023-02-18,True,True
CUST05865,Alfie,Evans,25-34,Female,London,Gold,2022-02-14,False,True
CUST05866,Aisha,Robinson,45-54,Male,North West,Bronze,2024-01-07,True,False
CUST05867,Harry,Evans,18-24,Male,South East,Gold,2022-12-07,False,True
CUST05868,Mohammed,Jones,55-64,Male,North West,Bronze,2023-12-07,True,True
CUST05869,Sophia,Patel,35-44,Prefer not to say,North East,Silver,2023-08-23,False,True
CUST05870,David,Roberts,65+,Male,South East,Bronze,2022-10-29,True,False
CUST05871,Charlie,Kim,35-44,Female,South East,Bronze,2023-11-27,True,False
CUST05872,Sofia,Martin,18-24,Female,South East,Bronze,2024-04-12,True,True
CUST05873,George,Jackson,65+,Female,London,Bronze,2023-06-14,False,True
CUST05874,Oliver,Wood,18-24,Female,South East,Bronze,2022-11-22,True,True
CUST05875,Charlie,Wood,45-54,Prefer not to say,East Midlands,Platinum,2022-09-01,True,True
CUST05876,Ava,Sharma,45-54,Female,North East,Bronze,2022-08-13,False,True
CUST05877,Sophia,Roberts,25-34,Female,London,Platinum,2023-01-06,True,True
CUST05878,Ava,Watson,18-24,Male,South East,Bronze,2024-05-22,True,False
CUST05879,David,Roberts,18-24,Female,South East,Bronze,2024-05-26,False,True
CUST05880,Sarah,Taylor,65+,Male,North West,Bronze,2024-04-22,True,True
CUST05881,Michael,Ahmed,25-34,Male,Scotland,Bronze,2023-09-11,True,True
CUST05882,Isla,Ahmed,35-44,Female,West Midlands,Silver,2023-06-27,True,False
CUST05883,Olivia,Davies,55-64,Prefer not to say,South East,Platinum,2022-08-20,True,False
CUST05884,Jack,Patel,55-64,Prefer not to say,Yorkshire,Silver,2024-01-15,True,True
CUST05885,Ella,Lewis,55-64,Male,East of England,Gold,2022-04-13,True,True
CUST05886,James,Chen,35-44,Male,London,Gold,2024-03-09,True,True
CUST05887,Lily,Walker,25-34,Female,East Midlands,Silver,2024-04-10,True,True
CUST05888,Alfie,Smith,35-44,Male,North West,Gold,2023-04-01,True,True
CUST05889,Ella,Walker,65+,Male,North West,Silver,2022-06-01,True,True
CUST05890,David,Wood,18-24,Female,London,Bronze,2024-02-21,True,True
CUST05891,Michael,Johnson,35-44,Female,East of England,Bronze,2023-06-13,True,False
CUST05892,Alfie,Davies,25-34,Female,East of England,Gold,2022-05-02,False,False
CUST05893,Jack,Roberts,35-44,Male,East Midlands,Silver,2022-03-21,True,True
CUST05894,Ella,Jackson,65+,Prefer not to say,South East,Platinum,2022-06-16,False,True
CUST05895,George,Patel,25-34,Prefer not to say,London,Bronze,2023-08-20,False,True
CUST05896,Priya,Evans,45-54,Female,South East,Gold,2023-08-14,True,False
CUST05897,Jack,Singh,35-44,Female,Wales,Gold,2022-02-19,False,True
CUST05898,Jacob,Thomas,25-34,Male,South West,Bronze,2022-03-02,False,True
CUST05899,Harry,Jones,25-34,Female,North West,Gold,2022-01-26,True,True
CUST05900,Isabella,Hussain,65+,Male,East Midlands,Gold,2022-11-16,False,False
CUST05901,Noah,Watson,35-44,Prefer not to say,London,Bronze,2024-04-16,True,False
CUST05902,Amelia,Brown,55-64,Male,London,Bronze,2022-04-20,False,False
CUST05903,Jacob,Davies,25-34,Prefer not to say,West Midlands,Platinum,2022-12-05,True,False
CUST05904,Noah,Taylor,25-34,Female,London,Bronze,2024-01-08,True,True
CUST05905,David,Jackson,55-64,Prefer not to say,Scotland,Silver,2024-03-12,True,False
CUST05906,Olivia,Martin,35-44,Female,South East,Gold,2022-06-06,True,True
CUST05907,George,Lee,55-64,Male,South East,Bronze,2022-08-16,True,True
CUST05908,Mia,Patel,65+,Female,London,Platinum,2022-12-13,False,True
CUST05909,Thomas,Lee,45-54,Female,Yorkshire,Bronze,2022-09-19,False,False
CUST05910,Sofia,Brown,45-54,Female,West Midlands,Silver,2023-05-09,True,True
CUST05911,Aisha,Johnson,25-34,Female,Yorkshire,Bronze,2024-02-09,True,True
CUST05912,Thomas,White,25-34,Female,South East,Bronze,2024-03-11,True,True
CUST05913,Sarah,Davies,55-64,Prefer not to say,Scotland,Bronze,2022-08-23,True,True
CUST05914,Michael,Wood,18-24,Male,South West,Bronze,2024-02-08,False,False
CUST05915,Rahul,Lewis,18-24,Male,Yorkshire,Silver,2022-08-29,True,True
CUST05916,Sophia,Smith,18-24,Female,London,Silver,2022-07-07,True,False
CUST05917,Jack,Chen,55-64,Male,East of England,Silver,2023-04-22,True,True
CUST05918,Rahul,Patel,55-64,Prefer not to say,Scotland,Bronze,2024-02-06,True,True
CUST05919,Jessica,Singh,55-64,Female,East Midlands,Gold,2023-10-11,False,True
CUST05920,Grace,Johnson,65+,Prefer not to say,West Midlands,Bronze,2022-12-24,True,True
CUST05921,Olivia,Hussain,35-44,Female,East of England,Silver,2023-06-27,False,False
CUST05922,Mohammed,Taylor,65+,Female,East of England,Silver,2023-06-25,False,False
CUST05923,Amelia,Martin,25-34,Male,Yorkshire,Bronze,2023-05-08,True,True
CUST05924,Jessica,White,35-44,Male,London,Platinum,2023-02-18,True,True
CUST05925,Olivia,Jackson,45-54,Female,London,Silver,2024-05-26,True,True
CUST05926,Ava,Kim,18-24,Male,North West,Silver,2022-06-25,True,False
CUST05927,Sofia,Walker,35-44,Male,North West,Silver,2023-10-19,False,True
CUST05928,Rahul,Robinson,25-34,Male,East Midlands,Bronze,2022-02-26,True,True
CUST05929,Oliver,Brown,35-44,Female,North West,Bronze,2023-10-09,True,True
CUST05930,Olivia,Jackson,18-24,Prefer not to say,London,Bronze,2023-05-09,True,True
CUST05931,Sofia,Wood,25-34,Prefer not to say,Yorkshire,Gold,2022-01-15,True,True
CUST05932,David,Brown,25-34,Male,Yorkshire,Platinum,2022-04-04,False,True
CUST05933,Charlie,White,45-54,Female,East Midlands,Silver,2023-04-16,False,True
CUST05934,Sarah,Robinson,65+,Male,Wales,Gold,2022-08-28,True,True
CUST05935,Olivia,Sharma,35-44,Female,Scotland,Bronze,2023-09-17,True,False
CUST05936,Jessica,Hussain,35-44,Male,London,Silver,2023-10-15,True,True
CUST05937,Alfie,Singh,65+,Prefer not to say,West Midlands,Bronze,2022-08-09,True,True
CUST05938,Charlie,Smith,55-64,Female,North West,Gold,2023-01-22,True,True
CUST05939,Oliver,Evans,18-24,Male,Yorkshire,Bronze,2022-03-05,True,True
CUST05940,Ava,Williams,35-44,Male,North West,Bronze,2023-02-10,True,True
CUST05941,George,Ali,55-64,Male,North West,Silver,2023-07-14,True,True
CUST05942,David,Lee,55-64,Prefer not to say,North East,Gold,2023-01-27,True,False
CUST05943,Grace,Harris,18-24,Male,North West,Platinum,2022-04-23,False,True
CUST05944,Freddie,Roberts,35-44,Male,East Midlands,Bronze,2022-07-03,True,False
CUST05945,Aisha,Ali,18-24,Female,South West,Bronze,2023-08-28,False,True
CUST05946,Freddie,Martin,35-44,Female,North West,Silver,2024-03-12,True,True
CUST05947,Ella,Johnson,65+,Male,North West,Silver,2022-06-10,True,False
CUST05948,Sophia,Taylor,35-44,Prefer not to say,East of England,Bronze,2024-05-03,True,True
CUST05949,Grace,Roberts,35-44,Prefer not to say,Yorkshire,Bronze,2022-06-24,True,False
CUST05950,Mia,Wilson,65+,Female,West Midlands,Bronze,2022-07-03,False,True
CUST05951,Isla,Roberts,18-24,Male,London,Bronze,2022-05-08,True,True
CUST05952,Alfie,Smith,25-34,Male,Yorkshire,Bronze,2023-10-15,False,False
CUST05953,David,Watson,35-44,Prefer not to say,North East,Bronze,2024-03-15,False,True
CUST05954,Isla,Taylor,18-24,Female,West Midlands,Bronze,2023-05-26,False,True
CUST05955,Jessica,Lee,25-34,Prefer not to say,South West,Silver,2024-06-06,False,False
CUST05956,George,Williams,35-44,Prefer not to say,East of England,Platinum,2022-11-16,True,False
CUST05957,Mohammed,White,35-44,Prefer not to say,East of England,Bronze,2023-09-02,True,False
CUST05958,David,Ahmed,65+,Male,South East,Gold,2022-12-19,False,True
CUST05959,Sophia,Johnson,45-54,Prefer not to say,Yorkshire,Bronze,2022-07-22,True,True
CUST05960,David,Robinson,25-34,Male,North West,Gold,2024-05-19,False,False
CUST05961,Grace,Thomas,45-54,Female,Yorkshire,Gold,2022-09-21,True,False
CUST05962,Lily,Clark,65+,Female,West Midlands,Bronze,2023-12-07,True,True
CUST05963,Charlie,Harris,25-34,Female,South West,Gold,2022-06-09,True,True
CUST05964,Amelia,Robinson,25-34,Male,South East,Platinum,2022-07-26,True,True
CUST05965,Emily,Johnson,25-34,Prefer not to say,East Midlands,Silver,2023-02-01,False,True
CUST05966,Sarah,Singh,35-44,Prefer not to say,North East,Bronze,2024-02-28,True,False
CUST05967,James,Wilson,25-34,Male,North West,Silver,2022-08-15,False,True
CUST05968,George,Singh,65+,Female,East of England,Bronze,2023-09-19,True,False
CUST05969,Noah,Patel,65+,Prefer not to say,London,Bronze,2022-04-28,True,True
CUST05970,Isabella,Watson,25-34,Prefer not to say,London,Bronze,2022-12-29,False,False
CUST05971,Aisha,Williams,55-64,Male,South West,Gold,2023-02-19,False,False
CUST05972,Oliver,Singh,45-54,Prefer not to say,East Midlands,Gold,2023-01-09,True,True
CUST05973,Rahul,Brown,18-24,Prefer not to say,Scotland,Silver,2024-04-01,True,True
CUST05974,Sophia,Jackson,25-34,Male,London,Silver,2023-10-22,True,True
CUST05975,Sofia,Clark,45-54,Prefer not to say,South East,Bronze,2022-01-15,False,True
CUST05976,James,Lewis,45-54,Male,Scotland,Gold,2023-07-21,False,True
CUST05977,Charlie,Davies,35-44,Male,London,Bronze,2022-08-20,True,True
CUST05978,Sarah,Davies,35-44,Male,South East,Platinum,2023-09-04,True,True
CUST05979,Alfie,Wood,18-24,Female,West Midlands,Gold,2022-10-26,False,False
CUST05980,Isla,Walker,65+,Prefer not to say,North West,Bronze,2022-10-16,False,True
CUST05981,Alfie,Martin,35-44,Male,South East,Bronze,2024-01-12,False,True
CUST05982,Grace,Sharma,35-44,Male,North West,Platinum,2023-07-26,False,True
CUST05983,Lily,Clark,55-64,Female,North East,Silver,2022-06-15,True,True
CUST05984,Grace,Clark,35-44,Prefer not to say,South East,Silver,2024-03-27,True,True
CUST05985,James,Wilson,35-44,Prefer not to say,East Midlands,Bronze,2022-01-22,True,True
CUST05986,Sarah,Kim,55-64,Female,North West,Bronze,2024-05-06,True,True
CUST05987,Sofia,Ali,25-34,Prefer not to say,South West,Bronze,2023-03-27,True,True
CUST05988,Isabella,Smith,18-24,Prefer not to say,West Midlands,Gold,2022-12-13,True,True
CUST05989,Aisha,Lewis,65+,Female,South West,Bronze,2022-07-20,False,True
CUST05990,Charlie,Lewis,35-44,Male,South East,Silver,2022-08-12,False,True
CUST05991,Mia,Evans,65+,Male,London,Bronze,2022-05-06,False,True
CUST05992,Rahul,Walker,45-54,Male,North East,Gold,2022-07-31,True,True
CUST05993,Aisha,Lee,55-64,Female,South East,Silver,2022-03-30,False,True
CUST05994,Mia,Martin,65+,Prefer not to say,London,Gold,2022-03-12,True,False
CUST05995,Ella,Lewis,35-44,Female,London,Gold,2022-12-25,True,True
CUST05996,Ella,Walker,65+,Male,North West,Bronze,2024-03-15,True,True
CUST05997,Freddie,Chen,65+,Prefer not to say,West Midlands,Silver,2023-09-06,True,True
CUST05998,Sarah,Hussain,35-44,Male,South East,Bronze,2023-12-13,False,True
CUST05999,Jessica,Patel,18-24,Female,South West,Silver,2022-02-18,True,False
CUST06000,Mohammed,Khan,55-64,Female,East Midlands,Bronze,2023-07-14,True,True
CUST06001,Isabella,Robinson,18-24,Male,London,Bronze,2024-04-21,True,True
CUST06002,Olivia,Ali,65+,Male,London,Bronze,2022-01-30,True,True
CUST06003,Emily,Thompson,25-34,Male,West Midlands,Silver,2024-02-08,True,False
CUST06004,Noah,Lee,35-44,Female,London,Silver,2022-05-29,True,False
CUST06005,Isabella,Kim,18-24,Prefer not to say,West Midlands,Silver,2024-01-23,True,False
CUST06006,Isla,Jones,18-24,Female,West Midlands,Gold,2022-11-12,False,True
CUST06007,Grace,Wilson,65+,Female,North East,Gold,2023-04-26,True,False
CUST06008,Ava,Evans,45-54,Male,London,Bronze,2023-05-29,True,True
CUST06009,Isabella,Lee,25-34,Male,South East,Silver,2024-03-15,False,True
CUST06010,Sofia,Khan,18-24,Female,Wales,Bronze,2024-04-13,True,True
CUST06011,Sofia,Lee,45-54,Male,Scotland,Silver,2024-01-07,True,True
CUST06012,Freddie,Lee,18-24,Male,South West,Silver,2023-01-05,True,True
CUST06013,Ava,Thomas,45-54,Female,East of England,Gold,2024-05-17,True,True
CUST06014,Ella,Smith,65+,Female,London,Bronze,2023-11-20,True,True
CUST06015,Mohammed,Ali,18-24,Male,London,Bronze,2022-08-04,True,True
CUST06016,Michael,Evans,45-54,Prefer not to say,London,Gold,2023-06-10,True,True
CUST06017,Freddie,Hussain,18-24,Prefer not to say,London,Silver,2023-12-29,True,True
CUST06018,Charlie,Hussain,55-64,Male,London,Bronze,2024-05-26,True,False
CUST06019,David,Singh,45-54,Female,Yorkshire,Bronze,2022-03-17,True,False
CUST06020,Jessica,Martin,65+,Male,London,Bronze,2023-03-18,True,True
CUST06021,Mia,Johnson,55-64,Male,North East,Platinum,2023-12-04,False,False
CUST06022,Noah,Sharma,45-54,Male,London,Bronze,2022-12-12,False,False
CUST06023,Isabella,Wilson,25-34,Female,London,Platinum,2023-08-07,False,True
CUST06024,Amelia,Patel,35-44,Prefer not to say,South East,Silver,2023-03-13,True,True
CUST06025,Alfie,Martin,45-54,Female,West Midlands,Bronze,2024-06-01,False,True
CUST06026,David,Johnson,45-54,Male,Yorkshire,Bronze,2022-04-23,True,True
CUST06027,Noah,Walker,35-44,Male,South East,Bronze,2023-07-02,True,True
CUST06028,James,Hussain,35-44,Prefer not to say,South West,Silver,2023-02-16,False,True
CUST06029,Grace,Lee,65+,Female,South East,Bronze,2022-11-05,True,True
CUST06030,Michael,Robinson,55-64,Prefer not to say,West Midlands,Bronze,2024-05-17,True,False
CUST06031,Michael,Hussain,35-44,Male,North East,Bronze,2022-11-30,True,True
CUST06032,George,Robinson,35-44,Prefer not to say,South West,Bronze,2022-12-15,False,True
CUST06033,Thomas,Wood,55-64,Female,North West,Bronze,2023-03-05,False,True
CUST06034,Noah,Johnson,35-44,Prefer not to say,South East,Gold,2022-11-12,True,True
CUST06035,Noah,Jones,45-54,Female,Yorkshire,Gold,2024-05-01,True,True
CUST06036,Jessica,Chen,45-54,Female,South West,Bronze,2024-01-13,True,False
CUST06037,Michael,Taylor,25-34,Prefer not to say,South East,Platinum,2024-04-17,False,False
CUST06038,David,White,35-44,Male,London,Silver,2023-05-14,True,True
CUST06039,Jacob,Wilson,55-64,Male,Wales,Bronze,2023-04-26,True,True
CUST06040,Harry,Thompson,35-44,Prefer not to say,Yorkshire,Bronze,2022-10-09,True,False
CUST06041,Isla,Thomas,18-24,Male,London,Bronze,2023-05-13,False,True
CUST06042,Rahul,Evans,55-64,Female,East of England,Gold,2023-03-23,False,True
CUST06043,David,Harris,35-44,Prefer not to say,West Midlands,Silver,2023-10-20,True,True
CUST06044,Sarah,Davies,18-24,Female,North West,Bronze,2023-08-18,True,True
CUST06045,Jack,Ali,55-64,Prefer not to say,North East,Bronze,2023-10-25,True,True
CUST06046,Priya,Evans,18-24,Prefer not to say,North West,Platinum,2023-08-08,True,False
CUST06047,Michael,Khan,45-54,Prefer not to say,North West,Silver,2024-02-20,True,True
CUST06048,Mia,Lewis,45-54,Female,London,Bronze,2022-01-22,True,False
CUST06049,Sophia,Evans,18-24,Female,Yorkshire,Bronze,2022-05-24,False,False
CUST06050,Charlie,Wood,25-34,Female,London,Silver,2023-01-18,True,True
CUST06051,Isabella,Chen,65+,Male,Wales,Silver,2022-02-24,True,True
CUST06052,Sarah,Taylor,35-44,Female,London,Platinum,2023-08-28,False,True
CUST06053,Jessica,Chen,45-54,Female,London,Platinum,2022-05-27,True,True
CUST06054,Mohammed,Khan,18-24,Female,Yorkshire,Platinum,2023-10-09,True,True
CUST06055,Isla,Harris,55-64,Prefer not to say,East Midlands,Silver,2022-07-22,True,True
CUST06056,Amelia,Taylor,18-24,Prefer not to say,Yorkshire,Silver,2022-03-09,True,True
CUST06057,Oliver,Lewis,35-44,Male,Wales,Silver,2024-03-08,True,True
CUST06058,Amelia,Thompson,45-54,Prefer not to say,South East,Bronze,2022-09-15,True,True
CUST06059,Lily,Brown,35-44,Prefer not to say,South West,Gold,2022-06-02,False,False
CUST06060,Olivia,Brown,45-54,Female,East Midlands,Gold,2023-02-07,True,True
CUST06061,Amelia,Evans,18-24,Male,East of England,Silver,2023-10-20,True,True
CUST06062,Noah,Clark,18-24,Female,Yorkshire,Platinum,2022-05-17,False,True
CUST06063,Isabella,Davies,25-34,Male,South East,Bronze,2023-03-08,True,True
CUST06064,Noah,Chen,65+,Prefer not to say,Wales,Bronze,2024-04-16,False,True
CUST06065,Noah,Watson,35-44,Female,London,Bronze,2023-05-08,False,True
CUST06066,Olivia,Robinson,45-54,Prefer not to say,South West,Gold,2023-03-23,False,True
CUST06067,Jacob,Lewis,18-24,Prefer not to say,East Midlands,Platinum,2023-04-20,True,True
CUST06068,Sarah,Smith,65+,Female,West Midlands,Bronze,2024-01-09,True,True
CUST06069,Thomas,Johnson,65+,Female,South East,Bronze,2023-08-15,True,False
CUST06070,James,Wood,55-64,Prefer not to say,East of England,Silver,2022-01-01,True,True
CUST06071,Grace,Lee,35-44,Prefer not to say,South East,Silver,2024-03-12,False,True
CUST06072,Lily,Sharma,65+,Female,East Midlands,Bronze,2024-01-21,True,True
CUST06073,Freddie,Johnson,45-54,Prefer not to say,North West,Bronze,2024-01-10,False,True
CUST06074,Ava,Hussain,35-44,Female,Wales,Silver,2023-12-03,False,True
CUST06075,Grace,Martin,45-54,Prefer not to say,West Midlands,Bronze,2024-03-15,True,True
CUST06076,Freddie,White,65+,Female,South East,Bronze,2023-08-17,True,True
CUST06077,Amelia,Patel,45-54,Female,London,Bronze,2022-06-03,True,True
CUST06078,Isabella,Singh,65+,Male,East Midlands,Gold,2022-11-10,True,True
CUST06079,Jessica,Wood,18-24,Female,Yorkshire,Bronze,2024-01-27,False,True
CUST06080,Sophia,Sharma,45-54,Female,London,Platinum,2022-05-29,True,True
CUST06081,Jack,Hussain,18-24,Male,London,Bronze,2023-05-30,False,True
CUST06082,David,Thompson,55-64,Prefer not to say,North West,Silver,2023-10-07,True,True
CUST06083,Mia,Walker,25-34,Prefer not to say,London,Bronze,2024-02-14,False,True
CUST06084,Ava,Khan,55-64,Prefer not to say,North West,Bronze,2023-07-22,True,False
CUST06085,Thomas,Evans,45-54,Female,London,Bronze,2022-08-04,True,True
CUST06086,Isabella,Hussain,55-64,Female,South East,Silver,2024-04-07,True,True
CUST06087,Oliver,Ali,55-64,Female,Scotland,Silver,2023-09-11,True,True
CUST06088,Grace,Lewis,55-64,Prefer not to say,Yorkshire,Bronze,2022-08-02,False,True
CUST06089,Freddie,Chen,65+,Prefer not to say,South West,Silver,2024-01-07,True,True
CUST06090,David,Kim,55-64,Female,Scotland,Silver,2023-03-27,True,True
CUST06091,George,Brown,55-64,Male,South East,Silver,2023-05-09,True,False
CUST06092,Mia,Robinson,18-24,Female,London,Silver,2023-05-29,True,True
CUST06093,Sophia,Thomas,45-54,Male,London,Bronze,2022-06-11,True,True
CUST06094,Sarah,Sharma,25-34,Female,South East,Silver,2023-07-24,True,True
CUST06095,Emily,Khan,18-24,Male,London,Bronze,2022-04-24,False,True
CUST06096,Sarah,Lewis,35-44,Female,South West,Bronze,2023-01-09,True,True
CUST06097,Daniel,Martin,18-24,Male,East of England,Silver,2022-05-31,True,False
CUST06098,Priya,Smith,18-24,Prefer not to say,West Midlands,Silver,2023-06-05,False,True
CUST06099,Olivia,Watson,65+,Female,West Midlands,Gold,2023-12-05,True,False
CUST06100,Oliver,Harris,55-64,Female,Yorkshire,Bronze,2023-09-24,False,True
CUST06101,Grace,Martin,25-34,Female,North West,Silver,2022-08-20,False,True
CUST06102,Michael,Sharma,65+,Prefer not to say,East Midlands,Bronze,2022-03-04,True,True
CUST06103,Thomas,Harris,45-54,Prefer not to say,West Midlands,Gold,2022-05-25,True,False
CUST06104,Harry,Smith,25-34,Female,London,Silver,2022-08-31,True,True
CUST06105,Sarah,Chen,55-64,Female,Yorkshire,Silver,2024-05-26,True,False
CUST06106,Harry,Martin,18-24,Female,South East,Gold,2023-12-10,False,True
CUST06107,James,Wilson,45-54,Prefer not to say,North East,Bronze,2023-11-25,True,True
CUST06108,James,Taylor,18-24,Female,West Midlands,Gold,2024-06-12,True,False
CUST06109,Priya,Wood,55-64,Prefer not to say,London,Bronze,2023-01-10,True,True
CUST06110,Thomas,Clark,25-34,Male,London,Bronze,2022-12-31,True,True
CUST06111,Isla,Singh,65+,Male,North East,Bronze,2022-03-27,True,True
CUST06112,Isabella,Davies,35-44,Female,East Midlands,Silver,2022-02-23,True,True
CUST06113,Thomas,Singh,65+,Male,London,Bronze,2022-12-24,True,True
CUST06114,George,Thomas,55-64,Female,South East,Silver,2022-04-25,True,True
CUST06115,Isla,Jones,65+,Female,East Midlands,Silver,2024-04-27,True,True
CUST06116,Alfie,Kim,55-64,Prefer not to say,East Midlands,Silver,2022-11-18,False,True
CUST06117,Isabella,Smith,65+,Male,East Midlands,Bronze,2023-08-14,True,True
CUST06118,Jack,Martin,45-54,Male,East Midlands,Bronze,2023-01-03,True,True
CUST06119,Emily,Taylor,35-44,Prefer not to say,Yorkshire,Bronze,2022-06-03,False,True
CUST06120,George,Watson,35-44,Male,East Midlands,Bronze,2023-09-20,False,True
CUST06121,David,Brown,55-64,Male,North East,Silver,2022-11-12,True,True
CUST06122,Sophia,Ahmed,35-44,Prefer not to say,East of England,Bronze,2023-01-17,False,True
CUST06123,Jack,Singh,45-54,Male,East Midlands,Platinum,2022-01-29,True,True
CUST06124,Charlie,Singh,18-24,Male,London,Gold,2024-06-11,True,False
CUST06125,Emily,Khan,65+,Female,North West,Bronze,2022-02-23,True,False
CUST06126,Rahul,Jones,35-44,Prefer not to say,London,Silver,2024-04-29,True,True
CUST06127,David,Lee,35-44,Female,East of England,Silver,2023-12-14,False,True
CUST06128,Charlie,Harris,45-54,Female,South East,Bronze,2022-09-12,True,True
CUST06129,Freddie,Davies,65+,Prefer not to say,Yorkshire,Platinum,2022-11-30,True,True
CUST06130,Alfie,Ahmed,45-54,Female,East of England,Gold,2022-01-28,True,True
CUST06131,Mia,Johnson,18-24,Male,London,Silver,2023-11-23,True,True
CUST06132,Emily,Thomas,25-34,Female,East of England,Platinum,2023-10-26,True,True
CUST06133,Isabella,Smith,55-64,Prefer not to say,South East,Platinum,2024-05-26,True,False
CUST06134,Michael,Smith,25-34,Female,South West,Gold,2022-09-13,True,True
CUST06135,Freddie,Singh,45-54,Female,South West,Gold,2022-09-28,False,True
CUST06136,Harry,Clark,55-64,Male,London,Silver,2023-06-29,True,False
CUST06137,Ava,Wilson,35-44,Female,North West,Gold,2023-12-18,True,False
CUST06138,Mohammed,Watson,25-34,Prefer not to say,East Midlands,Silver,2024-05-23,True,True
CUST06139,Jack,Hussain,45-54,Prefer not to say,Scotland,Silver,2022-04-20,True,True
CUST06140,Charlie,Jackson,55-64,Prefer not to say,North West,Bronze,2024-01-12,True,False
CUST06141,Thomas,Chen,18-24,Prefer not to say,West Midlands,Bronze,2022-10-05,True,True
CUST06142,James,Chen,35-44,Female,North West,Gold,2022-02-06,False,True
CUST06143,Rahul,Jackson,35-44,Prefer not to say,South East,Gold,2023-07-21,False,True
CUST06144,Michael,Lee,45-54,Female,East Midlands,Gold,2024-04-01,True,True
CUST06145,Ella,Jackson,25-34,Male,North East,Silver,2022-08-23,False,True
CUST06146,Thomas,Watson,55-64,Female,West Midlands,Bronze,2023-01-26,False,True
CUST06147,Olivia,Wood,45-54,Male,Yorkshire,Silver,2023-01-30,True,True
CUST06148,Ava,Walker,18-24,Prefer not to say,South East,Silver,2024-02-09,True,True
CUST06149,Priya,Lee,18-24,Male,Scotland,Gold,2022-07-21,True,True
CUST06150,Sarah,Walker,35-44,Female,East of England,Gold,2022-10-24,True,True
CUST06151,Amelia,Wood,55-64,Prefer not to say,London,Gold,2024-02-06,True,True
CUST06152,Emily,Johnson,25-34,Female,East of England,Bronze,2024-06-07,True,True
CUST06153,Ava,Martin,65+,Prefer not to say,West Midlands,Bronze,2022-05-04,False,True
CUST06154,Oliver,Kim,25-34,Prefer not to say,East of England,Silver,2022-10-08,False,True
CUST06155,Priya,Chen,35-44,Female,East of England,Silver,2023-05-14,True,True
CUST06156,Isabella,Jackson,35-44,Male,South East,Bronze,2023-06-03,True,True
CUST06157,Aisha,Martin,18-24,Prefer not to say,North East,Silver,2022-09-24,True,True
CUST06158,Thomas,Thompson,35-44,Prefer not to say,South East,Bronze,2022-05-13,False,False
CUST06159,Jessica,Taylor,65+,Prefer not to say,South West,Silver,2022-03-31,True,True
CUST06160,Ava,Thompson,45-54,Prefer not to say,Scotland,Gold,2022-11-30,True,True
CUST06161,Sofia,Evans,35-44,Female,Scotland,Bronze,2023-01-04,True,False
CUST06162,Sarah,Wood,25-34,Female,South West,Platinum,2022-12-26,True,True
CUST06163,Noah,Walker,35-44,Male,West Midlands,Silver,2023-09-26,True,True
CUST06164,Jacob,Singh,45-54,Prefer not to say,London,Platinum,2023-05-14,True,True
CUST06165,Priya,Evans,35-44,Prefer not to say,North West,Silver,2023-08-20,True,True
CUST06166,Michael,Robinson,45-54,Prefer not to say,London,Gold,2022-07-13,True,True
CUST06167,George,Taylor,55-64,Female,South East,Silver,2023-03-13,True,True
CUST06168,Lily,Thomas,45-54,Prefer not to say,London,Bronze,2023-07-08,True,False
CUST06169,Harry,Ahmed,18-24,Female,Yorkshire,Bronze,2023-09-11,True,True
CUST06170,Oliver,Smith,45-54,Prefer not to say,London,Bronze,2022-08-30,True,True
CUST06171,Jack,Davies,55-64,Female,South East,Bronze,2023-09-22,True,True
CUST06172,Sofia,Thompson,65+,Male,North West,Silver,2024-04-23,True,True
CUST06173,Mia,Lee,55-64,Female,London,Gold,2023-05-24,True,False
CUST06174,Harry,Clark,55-64,Male,South East,Bronze,2023-01-31,True,True
CUST06175,Olivia,Chen,65+,Female,South East,Bronze,2022-05-25,True,False
CUST06176,David,Walker,35-44,Female,London,Silver,2023-07-31,True,True
CUST06177,Thomas,Jackson,25-34,Female,London,Bronze,2023-08-25,True,True
CUST06178,David,Johnson,45-54,Female,North East,Silver,2023-09-17,True,True
CUST06179,Isabella,Wilson,45-54,Female,London,Bronze,2023-12-17,True,True
CUST06180,Rahul,Chen,35-44,Prefer not to say,London,Silver,2023-03-21,True,True
CUST06181,Amelia,Lee,18-24,Male,South West,Silver,2022-10-23,True,True
CUST06182,Sophia,Robinson,35-44,Female,East Midlands,Silver,2023-06-18,True,False
CUST06183,Rahul,Johnson,25-34,Female,London,Silver,2022-11-04,False,True
CUST06184,Ella,Kim,45-54,Female,South West,Bronze,2023-09-03,True,True
CUST06185,Aisha,Lee,25-34,Prefer not to say,London,Silver,2024-03-06,False,True
CUST06186,Jack,Robinson,18-24,Prefer not to say,London,Bronze,2023-04-10,True,True
CUST06187,Michael,Patel,25-34,Prefer not to say,Yorkshire,Gold,2023-10-22,True,True
CUST06188,Ava,Clark,35-44,Prefer not to say,Yorkshire,Bronze,2022-10-22,False,True
CUST06189,Mia,Lee,55-64,Male,East Midlands,Bronze,2023-06-03,True,True
CUST06190,Ava,Williams,55-64,Male,Scotland,Silver,2022-10-21,True,True
CUST06191,Priya,Brown,45-54,Male,West Midlands,Bronze,2022-03-07,False,True
CUST06192,Oliver,Lee,55-64,Prefer not to say,East Midlands,Silver,2024-05-20,True,False
CUST06193,Sarah,Evans,35-44,Female,Yorkshire,Bronze,2022-09-19,True,True
CUST06194,George,Williams,25-34,Male,London,Gold,2022-02-17,True,True
CUST06195,Rahul,Evans,25-34,Male,North West,Bronze,2022-12-13,True,True
CUST06196,Priya,White,18-24,Female,Wales,Platinum,2022-06-06,False,True
CUST06197,Alfie,Chen,65+,Prefer not to say,London,Bronze,2023-10-05,True,True
CUST06198,Charlie,Clark,65+,Male,South East,Bronze,2023-05-02,False,True
CUST06199,Jessica,Sharma,55-64,Prefer not to say,North West,Gold,2024-06-01,True,True
CUST06200,Priya,Evans,25-34,Male,South West,Bronze,2023-10-17,True,False
CUST06201,Daniel,Walker,35-44,Female,North West,Bronze,2023-12-25,True,True
CUST06202,Sofia,Walker,18-24,Male,North West,Gold,2024-01-05,False,True
CUST06203,Isabella,Lewis,25-34,Prefer not to say,East Midlands,Bronze,2023-04-11,True,True
CUST06204,Sarah,Lee,65+,Male,West Midlands,Bronze,2023-04-10,True,False
CUST06205,Thomas,Jackson,18-24,Prefer not to say,East Midlands,Bronze,2022-12-04,False,True
CUST06206,Rahul,Smith,45-54,Prefer not to say,East Midlands,Silver,2022-03-22,False,True
CUST06207,Ava,Evans,55-64,Prefer not to say,London,Gold,2023-09-14,True,True
CUST06208,David,Watson,45-54,Male,London,Platinum,2024-04-17,True,True
CUST06209,James,Williams,25-34,Female,London,Bronze,2023-11-10,False,False
CUST06210,Daniel,Robinson,45-54,Male,South East,Bronze,2022-12-01,False,True
CUST06211,Daniel,Chen,45-54,Prefer not to say,South West,Gold,2023-06-01,True,True
CUST06212,Ella,Robinson,18-24,Male,South West,Gold,2024-05-03,True,True
CUST06213,Daniel,Patel,18-24,Female,Yorkshire,Bronze,2023-12-12,False,True
CUST06214,Daniel,Singh,65+,Female,Yorkshire,Bronze,2023-09-21,True,True
CUST06215,George,Williams,25-34,Prefer not to say,London,Silver,2023-05-23,True,True
CUST06216,Emily,Williams,55-64,Prefer not to say,East Midlands,Silver,2023-08-11,True,True
CUST06217,Jessica,Walker,35-44,Prefer not to say,South East,Bronze,2023-09-17,True,True
CUST06218,Ella,Clark,25-34,Prefer not to say,London,Bronze,2022-09-26,False,True
CUST06219,James,Evans,55-64,Male,West Midlands,Bronze,2022-05-23,True,True
CUST06220,Lily,Evans,35-44,Male,South East,Bronze,2024-03-28,True,True
CUST06221,Isabella,Watson,45-54,Prefer not to say,South East,Bronze,2022-03-23,False,False
CUST06222,Emily,White,18-24,Male,London,Bronze,2024-03-13,False,True
CUST06223,Ella,Wood,65+,Prefer not to say,Yorkshire,Bronze,2023-12-10,True,True
CUST06224,Daniel,Smith,35-44,Male,South East,Silver,2024-01-12,True,True
CUST06225,Ella,Thomas,35-44,Prefer not to say,South East,Silver,2023-12-26,False,True
CUST06226,Amelia,Kim,45-54,Prefer not to say,North West,Bronze,2022-12-12,True,True
CUST06227,Charlie,Johnson,25-34,Female,North West,Gold,2023-07-17,False,True
CUST06228,Olivia,Williams,55-64,Female,London,Bronze,2022-09-23,False,True
CUST06229,Thomas,Thompson,35-44,Male,North West,Silver,2022-01-16,True,True
CUST06230,Ava,Thompson,18-24,Female,London,Silver,2022-12-16,True,False
CUST06231,Michael,Hussain,18-24,Prefer not to say,South West,Bronze,2022-09-02,True,True
CUST06232,Priya,Ahmed,25-34,Female,London,Bronze,2023-05-06,True,True
CUST06233,Mohammed,Wood,25-34,Male,London,Bronze,2022-04-28,True,True
CUST06234,Emily,Watson,45-54,Female,North East,Bronze,2023-01-27,True,True
CUST06235,Priya,Davies,55-64,Female,East of England,Silver,2022-04-13,True,True
CUST06236,Thomas,Walker,18-24,Female,South East,Bronze,2023-02-27,True,False
CUST06237,Lily,Wilson,25-34,Male,South East,Bronze,2023-10-20,True,True
CUST06238,Sofia,Lee,45-54,Male,London,Bronze,2024-04-19,True,True
CUST06239,Lily,Martin,25-34,Male,East of England,Silver,2024-02-04,True,True
CUST06240,Ava,Harris,55-64,Prefer not to say,South East,Bronze,2022-11-29,False,True
CUST06241,Ava,White,55-64,Female,South East,Bronze,2023-08-05,True,True
CUST06242,Mia,Patel,25-34,Male,West Midlands,Silver,2023-10-19,False,True
CUST06243,Grace,Davies,25-34,Male,Scotland,Platinum,2023-03-20,True,True
CUST06244,Freddie,Harris,35-44,Female,East of England,Bronze,2022-02-11,False,False
CUST06245,Charlie,Khan,25-34,Male,East of England,Bronze,2022-01-15,True,True
CUST06246,Jacob,White,18-24,Male,West Midlands,Bronze,2023-08-08,False,True
CUST06247,Lily,Johnson,45-54,Male,Yorkshire,Bronze,2023-02-28,False,False
CUST06248,Mohammed,Jackson,25-34,Female,East of England,Silver,2022-09-25,False,True
CUST06249,Sarah,Harris,45-54,Female,West Midlands,Gold,2023-03-20,False,True
CUST06250,Isla,Smith,18-24,Prefer not to say,South East,Bronze,2023-02-23,False,True
CUST06251,Alfie,Evans,45-54,Male,London,Platinum,2023-07-29,False,True
CUST06252,Sofia,Brown,35-44,Prefer not to say,South East,Bronze,2023-08-04,True,True
CUST06253,David,Patel,45-54,Male,Wales,Silver,2024-01-23,True,True
CUST06254,Mohammed,Roberts,45-54,Male,North West,Silver,2023-08-21,True,False
CUST06255,David,Martin,65+,Female,London,Gold,2023-05-29,True,True
CUST06256,Sofia,Brown,65+,Female,West Midlands,Silver,2023-01-25,True,True
CUST06257,Jessica,Williams,55-64,Prefer not to say,South East,Gold,2022-12-12,False,True
CUST06258,Jack,Wood,35-44,Prefer not to say,Yorkshire,Silver,2022-07-15,True,True
CUST06259,Alfie,Hussain,25-34,Male,North West,Silver,2022-02-20,True,False
CUST06260,Rahul,Clark,65+,Male,West Midlands,Bronze,2023-10-03,True,False
CUST06261,David,Roberts,25-34,Male,London,Bronze,2022-02-06,True,True
CUST06262,Mia,Wood,55-64,Prefer not to say,West Midlands,Bronze,2022-06-03,True,True
CUST06263,Michael,Hussain,25-34,Prefer not to say,North West,Silver,2022-09-04,True,True
CUST06264,Sofia,Kim,55-64,Male,South East,Bronze,2023-04-25,True,True
CUST06265,Sofia,Chen,35-44,Male,South East,Silver,2023-08-31,False,True
CUST06266,Isla,Jones,45-54,Male,North West,Bronze,2022-10-05,True,True
CUST06267,Lily,Wilson,55-64,Prefer not to say,Yorkshire,Bronze,2023-11-24,True,False
CUST06268,Noah,Brown,25-34,Male,Yorkshire,Silver,2023-06-11,True,False
CUST06269,Jacob,Jackson,18-24,Prefer not to say,Yorkshire,Bronze,2022-08-12,True,True
CUST06270,Jessica,Chen,25-34,Male,London,Bronze,2023-10-11,True,False
CUST06271,Ella,Clark,18-24,Female,South East,Gold,2024-02-11,True,True
CUST06272,Olivia,Smith,25-34,Prefer not to say,East of England,Platinum,2024-04-25,True,True
CUST06273,Emily,Davies,65+,Female,East Midlands,Platinum,2022-04-25,False,True
CUST06274,Jack,Clark,18-24,Prefer not to say,West Midlands,Bronze,2022-10-07,True,True
CUST06275,Michael,Smith,65+,Female,East of England,Silver,2022-07-20,True,True
CUST06276,Emily,Johnson,25-34,Female,North West,Bronze,2023-05-03,True,True
CUST06277,Alfie,Singh,55-64,Male,East of England,Bronze,2022-12-01,False,True
CUST06278,George,Wilson,45-54,Female,North West,Bronze,2023-05-20,False,True
CUST06279,Ella,Hussain,18-24,Male,London,Gold,2023-05-28,True,True
CUST06280,Jack,Lewis,55-64,Prefer not to say,London,Bronze,2022-04-13,True,True
CUST06281,Charlie,Singh,55-64,Male,North East,Gold,2024-05-09,True,True
CUST06282,Harry,Thomas,25-34,Prefer not to say,South West,Gold,2023-01-29,False,True
CUST06283,James,Evans,35-44,Male,East of England,Gold,2023-06-07,True,True
CUST06284,Noah,Khan,45-54,Female,South West,Bronze,2022-08-22,True,True
CUST06285,Amelia,Ahmed,55-64,Prefer not to say,East Midlands,Bronze,2023-08-21,False,True
CUST06286,David,Davies,55-64,Male,North West,Bronze,2023-12-04,True,True
CUST06287,Jessica,Williams,35-44,Male,London,Gold,2023-11-17,True,True
CUST06288,Oliver,Lewis,55-64,Male,Scotland,Bronze,2022-01-02,True,True
CUST06289,Amelia,Harris,65+,Male,North West,Bronze,2024-05-08,True,True
CUST06290,Grace,Harris,45-54,Prefer not to say,East of England,Silver,2024-02-18,True,True
CUST06291,Emily,Wood,35-44,Prefer not to say,Scotland,Gold,2022-12-02,True,False
CUST06292,Jessica,Chen,55-64,Prefer not to say,Yorkshire,Bronze,2023-08-28,True,True
CUST06293,Sophia,Evans,55-64,Female,London,Bronze,2022-03-04,True,True
CUST06294,Sofia,Ali,18-24,Female,London,Silver,2023-03-30,True,True
CUST06295,Daniel,Watson,45-54,Female,North West,Silver,2024-01-11,True,True
CUST06296,Michael,Thomas,55-64,Female,Yorkshire,Gold,2022-02-01,True,True
CUST06297,Sofia,Khan,55-64,Male,South East,Bronze,2023-07-02,True,True
CUST06298,Jessica,Roberts,35-44,Female,Yorkshire,Bronze,2023-01-14,True,True
CUST06299,Isla,Khan,25-34,Male,Yorkshire,Silver,2023-02-24,False,True
CUST06300,Ella,Jackson,18-24,Female,Yorkshire,Bronze,2023-11-08,True,True
CUST06301,Oliver,Brown,45-54,Male,West Midlands,Bronze,2023-10-02,False,True
CUST06302,Alfie,Evans,65+,Prefer not to say,North West,Gold,2023-03-25,True,False
CUST06303,Sophia,Taylor,35-44,Female,London,Gold,2023-06-10,True,True
CUST06304,Olivia,Chen,35-44,Female,Scotland,Bronze,2022-04-01,True,True
CUST06305,Mohammed,Khan,45-54,Female,East of England,Bronze,2023-03-15,True,False
CUST06306,Jacob,Thomas,18-24,Female,London,Silver,2024-04-21,True,True
CUST06307,Isla,Singh,55-64,Female,East of England,Silver,2023-10-04,True,True
CUST06308,Amelia,Singh,65+,Female,London,Silver,2023-02-24,True,True
CUST06309,Isabella,Walker,35-44,Prefer not to say,North West,Silver,2023-12-30,True,True
CUST06310,Emily,Brown,55-64,Female,West Midlands,Silver,2024-05-10,True,True
CUST06311,Sophia,Robinson,35-44,Male,London,Silver,2024-04-18,False,True
CUST06312,Alfie,Wilson,65+,Prefer not to say,London,Silver,2022-08-11,True,False
CUST06313,Ava,Smith,55-64,Male,South East,Bronze,2023-07-12,False,False
CUST06314,Emily,Patel,55-64,Female,North West,Gold,2024-06-14,True,True
CUST06315,Harry,Clark,45-54,Female,Yorkshire,Bronze,2022-11-08,True,True
CUST06316,Harry,Williams,55-64,Female,West Midlands,Bronze,2023-05-16,False,True
CUST06317,James,Watson,45-54,Male,South West,Gold,2023-08-01,True,True
CUST06318,Emily,Watson,55-64,Prefer not to say,London,Bronze,2022-07-17,False,True
CUST06319,Isla,Ali,45-54,Prefer not to say,Scotland,Gold,2023-12-19,False,False
CUST06320,Mohammed,Lewis,55-64,Female,Yorkshire,Silver,2023-04-14,True,False
CUST06321,Amelia,Ali,55-64,Male,South East,Bronze,2024-03-18,False,False
CUST06322,Noah,White,18-24,Prefer not to say,London,Bronze,2023-07-12,True,True
CUST06323,Sarah,Williams,35-44,Male,North West,Gold,2024-02-10,False,True
CUST06324,Harry,Martin,45-54,Male,South East,Gold,2022-12-13,True,True
CUST06325,Sofia,Kim,55-64,Prefer not to say,Yorkshire,Gold,2024-03-28,True,True
CUST06326,Jacob,Walker,55-64,Female,London,Gold,2023-08-11,True,True
CUST06327,Oliver,Evans,25-34,Female,North West,Gold,2022-06-22,True,True
CUST06328,Amelia,Brown,35-44,Male,South East,Bronze,2024-02-05,False,True
CUST06329,Isla,Patel,45-54,Male,London,Silver,2023-12-05,False,False
CUST06330,Jack,Smith,25-34,Female,South East,Bronze,2022-08-27,False,True
CUST06331,Isabella,Lewis,18-24,Prefer not to say,Scotland,Bronze,2022-10-18,True,True
CUST06332,Sofia,Chen,18-24,Female,East of England,Silver,2023-09-08,True,True
CUST06333,James,Brown,65+,Prefer not to say,East Midlands,Silver,2023-04-29,True,True
CUST06334,George,Ahmed,18-24,Prefer not to say,East Midlands,Bronze,2023-03-06,True,True
CUST06335,Priya,Khan,65+,Male,South East,Silver,2024-05-10,True,True
CUST06336,Harry,Roberts,55-64,Male,South East,Gold,2024-01-14,True,True
CUST06337,Jack,White,35-44,Female,London,Bronze,2022-01-25,False,True
CUST06338,Rahul,Kim,25-34,Female,South West,Bronze,2022-02-12,True,True
CUST06339,Jessica,Martin,55-64,Prefer not to say,London,Gold,2022-04-27,True,True
CUST06340,Mohammed,Walker,45-54,Male,London,Bronze,2022-01-23,False,True
CUST06341,Oliver,Ahmed,25-34,Male,West Midlands,Bronze,2023-12-21,True,True
CUST06342,Isla,Roberts,25-34,Prefer not to say,East of England,Gold,2023-09-15,True,True
CUST06343,Ella,Ali,45-54,Prefer not to say,South East,Gold,2023-05-03,True,True
CUST06344,Grace,Jackson,25-34,Female,West Midlands,Silver,2024-02-20,True,False
CUST06345,Priya,Hussain,65+,Female,South West,Bronze,2023-03-28,True,True
CUST06346,Rahul,Khan,35-44,Female,London,Silver,2023-03-26,True,True
CUST06347,Isabella,White,45-54,Prefer not to say,West Midlands,Gold,2023-04-05,True,True
CUST06348,Freddie,Lewis,65+,Prefer not to say,East of England,Gold,2022-12-21,True,True
CUST06349,David,Hussain,55-64,Female,South East,Platinum,2023-07-18,True,True
CUST06350,Sarah,Sharma,45-54,Female,South West,Bronze,2023-07-28,True,True
CUST06351,George,Jones,25-34,Male,East of England,Bronze,2023-11-06,True,True
CUST06352,Emily,Taylor,45-54,Prefer not to say,East of England,Gold,2024-06-13,False,True
CUST06353,Grace,Lewis,18-24,Female,West Midlands,Bronze,2024-01-02,True,True
CUST06354,Daniel,Lewis,25-34,Male,South West,Bronze,2022-10-31,False,True
CUST06355,Daniel,Martin,18-24,Female,South East,Bronze,2023-06-29,True,False
CUST06356,Mia,Thomas,65+,Prefer not to say,East of England,Gold,2023-11-24,True,True
CUST06357,Thomas,Lee,35-44,Male,Scotland,Bronze,2024-04-30,False,True
CUST06358,Charlie,Sharma,18-24,Prefer not to say,South East,Bronze,2024-03-13,False,True
CUST06359,Aisha,Singh,65+,Male,London,Bronze,2022-04-20,True,True
CUST06360,Rahul,Clark,25-34,Prefer not to say,West Midlands,Silver,2023-01-31,True,True
CUST06361,Jessica,Walker,35-44,Male,South West,Bronze,2023-07-29,True,False
CUST06362,Olivia,Ahmed,65+,Male,London,Silver,2022-07-04,True,True
CUST06363,Ella,Taylor,18-24,Prefer not to say,Yorkshire,Silver,2022-03-26,False,False
CUST06364,Aisha,Singh,45-54,Prefer not to say,East of England,Bronze,2022-11-19,True,True
CUST06365,Mia,Brown,25-34,Male,Wales,Silver,2022-07-04,True,True
CUST06366,Isabella,Chen,45-54,Prefer not to say,North West,Platinum,2024-04-23,True,True
CUST06367,James,Watson,45-54,Prefer not to say,East of England,Gold,2023-06-10,True,True
CUST06368,David,Martin,55-64,Female,Yorkshire,Bronze,2024-03-11,False,True
CUST06369,Isla,Ahmed,18-24,Prefer not to say,London,Gold,2023-10-26,False,False
CUST06370,Ella,Patel,55-64,Prefer not to say,Wales,Silver,2023-06-22,True,True
CUST06371,Oliver,Harris,45-54,Prefer not to say,London,Bronze,2024-04-12,False,True
CUST06372,Thomas,Jackson,45-54,Prefer not to say,Wales,Silver,2024-05-14,False,True
CUST06373,Ella,Harris,45-54,Male,London,Silver,2022-10-02,True,True
CUST06374,Harry,Lewis,45-54,Female,East Midlands,Silver,2023-12-05,True,True
CUST06375,Noah,Roberts,25-34,Male,London,Gold,2022-04-05,True,True
CUST06376,Priya,Davies,25-34,Female,East of England,Bronze,2022-05-22,True,False
CUST06377,Sofia,Clark,25-34,Male,East of England,Bronze,2024-01-03,False,True
CUST06378,George,Taylor,18-24,Male,London,Platinum,2023-01-16,False,True
CUST06379,Grace,Ahmed,55-64,Prefer not to say,South East,Bronze,2022-09-05,False,False
CUST06380,Lily,Lee,35-44,Prefer not to say,London,Gold,2023-06-29,True,True
CUST06381,Priya,White,25-34,Female,Yorkshire,Platinum,2022-08-26,False,True
CUST06382,Priya,Clark,55-64,Male,London,Bronze,2024-02-04,True,True
CUST06383,Emily,Roberts,25-34,Female,London,Gold,2023-09-09,True,True
CUST06384,Isla,Johnson,65+,Male,London,Silver,2023-01-10,True,True
CUST06385,Aisha,Ahmed,18-24,Prefer not to say,South West,Gold,2024-03-05,False,True
CUST06386,Amelia,Harris,35-44,Prefer not to say,North West,Bronze,2023-09-27,False,True
CUST06387,Jessica,Brown,18-24,Male,North West,Bronze,2023-09-09,False,True
CUST06388,Michael,Robinson,18-24,Prefer not to say,London,Bronze,2024-05-03,False,True
CUST06389,Thomas,Wood,55-64,Female,Scotland,Silver,2022-11-21,True,True
CUST06390,Charlie,Smith,55-64,Male,London,Bronze,2023-12-27,True,True
CUST06391,Alfie,Ali,25-34,Prefer not to say,London,Gold,2023-05-03,True,True
CUST06392,Michael,Brown,55-64,Male,South West,Bronze,2022-07-11,True,True
CUST06393,Jessica,Johnson,55-64,Prefer not to say,London,Bronze,2023-07-17,False,False
CUST06394,Lily,Sharma,18-24,Female,West Midlands,Gold,2024-03-06,True,True
CUST06395,Jacob,Khan,65+,Prefer not to say,North West,Bronze,2023-12-01,True,True
CUST06396,Isla,Clark,18-24,Male,London,Bronze,2022-05-27,True,False
CUST06397,Sarah,Smith,65+,Male,Scotland,Bronze,2023-06-05,True,True
CUST06398,Priya,Thompson,25-34,Prefer not to say,London,Silver,2022-02-26,True,True
CUST06399,Sofia,Taylor,55-64,Prefer not to say,East of England,Bronze,2023-01-03,False,True
CUST06400,Jacob,Smith,18-24,Female,East of England,Silver,2023-04-03,True,True
CUST06401,Priya,Evans,18-24,Female,London,Bronze,2024-04-24,False,True
CUST06402,Daniel,Singh,45-54,Prefer not to say,South West,Bronze,2022-03-01,False,False
CUST06403,Jacob,Lee,18-24,Male,North West,Bronze,2022-07-21,True,True
CUST06404,Aisha,Smith,45-54,Male,London,Silver,2024-06-10,True,False
CUST06405,Priya,Roberts,35-44,Male,West Midlands,Platinum,2023-12-13,True,True
CUST06406,Mohammed,Lee,35-44,Female,East of England,Bronze,2023-10-13,False,True
CUST06407,Sophia,Chen,55-64,Male,South East,Silver,2023-11-07,True,True
CUST06408,James,Wilson,25-34,Female,South East,Bronze,2022-01-06,True,True
CUST06409,Oliver,Hussain,25-34,Prefer not to say,North West,Bronze,2022-04-10,True,True
CUST06410,Mia,Wood,45-54,Female,North West,Gold,2024-05-17,True,False
CUST06411,Isabella,Watson,35-44,Male,London,Bronze,2022-08-03,False,True
CUST06412,David,Chen,45-54,Male,London,Silver,2023-01-13,True,True
CUST06413,Noah,Wilson,55-64,Female,London,Silver,2022-12-26,False,True
CUST06414,Ava,Robinson,35-44,Prefer not to say,West Midlands,Bronze,2022-09-02,True,True
CUST06415,Sofia,Wood,18-24,Female,Wales,Bronze,2023-08-26,True,True
CUST06416,Oliver,Hussain,35-44,Female,Yorkshire,Silver,2022-02-18,True,False
CUST06417,Jacob,Wood,65+,Prefer not to say,East Midlands,Platinum,2022-08-06,False,True
CUST06418,Ella,Watson,35-44,Female,East of England,Silver,2024-01-30,True,True
CUST06419,Noah,Thompson,55-64,Female,Yorkshire,Gold,2022-07-22,True,False
CUST06420,Lily,Lewis,55-64,Male,London,Bronze,2023-07-17,True,False
CUST06421,Harry,Brown,45-54,Female,South East,Gold,2023-04-10,False,True
CUST06422,Jack,Lee,35-44,Male,South West,Bronze,2022-03-10,False,True
CUST06423,Mia,Davies,65+,Male,East of England,Gold,2023-04-30,True,True
CUST06424,David,Martin,45-54,Prefer not to say,East Midlands,Silver,2023-05-08,True,True
CUST06425,Lily,Wilson,55-64,Female,West Midlands,Bronze,2022-01-23,True,True
CUST06426,Charlie,Davies,65+,Prefer not to say,London,Silver,2024-06-03,True,True
CUST06427,Mohammed,Lee,35-44,Male,South East,Gold,2023-05-08,True,True
CUST06428,Mia,Walker,65+,Female,London,Platinum,2022-11-26,True,True
CUST06429,Emily,Evans,55-64,Prefer not to say,South West,Silver,2023-08-29,True,True
CUST06430,Thomas,Robinson,35-44,Female,West Midlands,Gold,2023-07-13,False,False
CUST06431,Olivia,Lewis,18-24,Female,North West,Gold,2023-11-15,True,True
CUST06432,Isabella,Taylor,18-24,Male,North West,Bronze,2022-12-18,True,True
CUST06433,David,Singh,45-54,Prefer not to say,Wales,Bronze,2023-12-26,True,True
CUST06434,Harry,Patel,25-34,Female,Wales,Gold,2024-01-07,True,False
CUST06435,Amelia,Kim,65+,Male,Scotland,Gold,2023-09-15,False,True
CUST06436,Grace,Taylor,45-54,Prefer not to say,North West,Silver,2022-08-03,True,True
CUST06437,Noah,Davies,45-54,Prefer not to say,East of England,Gold,2023-05-29,False,True
CUST06438,Jacob,Smith,25-34,Female,London,Bronze,2022-04-07,False,False
CUST06439,George,Sharma,35-44,Female,East of England,Platinum,2023-03-24,True,True
CUST06440,George,Watson,65+,Prefer not to say,London,Gold,2023-09-21,True,True
CUST06441,Noah,Wood,25-34,Male,North West,Silver,2024-06-16,True,True
CUST06442,Oliver,White,18-24,Male,London,Gold,2022-10-10,True,False
CUST06443,Olivia,Evans,35-44,Prefer not to say,West Midlands,Gold,2024-02-29,True,True
CUST06444,Michael,Roberts,35-44,Female,South East,Bronze,2023-04-23,False,False
CUST06445,Sofia,Brown,55-64,Prefer not to say,North East,Gold,2022-11-27,True,True
CUST06446,Charlie,Singh,65+,Prefer not to say,East Midlands,Gold,2023-08-11,True,False
CUST06447,Jessica,Harris,45-54,Male,Scotland,Silver,2022-12-03,True,True
CUST06448,Jacob,Lewis,65+,Prefer not to say,East Midlands,Bronze,2023-04-18,True,True
CUST06449,Alfie,Ali,35-44,Female,London,Silver,2023-06-19,False,True
CUST06450,Alfie,Ali,45-54,Female,West Midlands,Silver,2022-03-14,False,True
CUST06451,Olivia,Ahmed,45-54,Prefer not to say,London,Gold,2023-08-11,False,True
CUST06452,Priya,Ahmed,35-44,Prefer not to say,Yorkshire,Bronze,2023-01-21,False,True
CUST06453,David,Sharma,45-54,Female,London,Silver,2022-11-24,True,True
CUST06454,Mohammed,Williams,65+,Female,East of England,Bronze,2023-04-19,True,True
CUST06455,Mia,Thompson,35-44,Female,Yorkshire,Silver,2022-08-29,True,True
CUST06456,Daniel,Clark,45-54,Male,South West,Silver,2023-07-30,True,True
CUST06457,James,Singh,25-34,Male,Wales,Platinum,2023-02-17,True,True
CUST06458,Ava,Smith,65+,Female,East of England,Bronze,2022-09-12,True,True
CUST06459,James,Johnson,65+,Prefer not to say,Scotland,Silver,2023-06-05,True,True
CUST06460,Michael,Khan,55-64,Male,London,Silver,2024-02-09,True,True
CUST06461,Harry,Kim,55-64,Prefer not to say,East Midlands,Bronze,2023-12-02,True,True
CUST06462,Noah,Patel,65+,Female,South East,Bronze,2022-07-12,True,True
CUST06463,Lily,Ahmed,18-24,Prefer not to say,East Midlands,Gold,2023-05-19,False,True
CUST06464,Jessica,Johnson,35-44,Prefer not to say,East of England,Bronze,2022-04-25,False,True
CUST06465,Thomas,Singh,65+,Male,Scotland,Bronze,2022-07-26,False,False
CUST06466,Daniel,Ahmed,25-34,Female,London,Silver,2023-10-09,True,True
CUST06467,Jack,Davies,65+,Male,London,Bronze,2023-05-20,False,True
CUST06468,George,Brown,55-64,Female,London,Bronze,2022-03-05,True,True
CUST06469,Olivia,Williams,45-54,Male,North East,Gold,2024-01-03,True,True
CUST06470,Isabella,Evans,55-64,Prefer not to say,West Midlands,Bronze,2022-03-22,True,True
CUST06471,Sofia,Evans,65+,Male,East of England,Bronze,2022-11-16,False,False
CUST06472,Noah,Watson,45-54,Female,South East,Bronze,2022-09-20,True,False
CUST06473,Ava,Clark,35-44,Prefer not to say,London,Gold,2024-05-30,True,True
CUST06474,Priya,Chen,45-54,Male,London,Bronze,2022-03-31,True,True
CUST06475,Lily,Khan,35-44,Male,London,Platinum,2023-02-26,True,True
CUST06476,Mohammed,Smith,18-24,Prefer not to say,London,Bronze,2022-07-03,False,True
CUST06477,Daniel,Lee,55-64,Female,North West,Silver,2022-01-21,False,True
CUST06478,Charlie,Robinson,35-44,Male,South East,Bronze,2023-10-03,True,False
CUST06479,Thomas,Watson,55-64,Male,West Midlands,Bronze,2022-10-10,True,False
CUST06480,Oliver,White,25-34,Female,Yorkshire,Bronze,2023-08-08,True,True
CUST06481,Ava,Roberts,55-64,Prefer not to say,South East,Silver,2023-01-23,True,True
CUST06482,Freddie,Ahmed,18-24,Male,London,Silver,2022-07-29,True,False
CUST06483,Ella,Thompson,55-64,Female,Yorkshire,Silver,2023-03-16,True,True
CUST06484,Oliver,Singh,18-24,Prefer not to say,London,Bronze,2022-06-12,True,True
CUST06485,Freddie,Thompson,45-54,Male,South East,Platinum,2023-11-24,True,False
CUST06486,Rahul,Sharma,65+,Male,London,Silver,2023-03-15,True,True
CUST06487,Charlie,Thomas,55-64,Prefer not to say,North East,Bronze,2023-08-11,True,True
CUST06488,Isabella,Wilson,55-64,Male,North East,Platinum,2024-06-10,True,True
CUST06489,Emily,Sharma,55-64,Male,East of England,Bronze,2022-04-29,False,True
CUST06490,Noah,Evans,45-54,Male,West Midlands,Gold,2023-09-28,True,True
CUST06491,Mohammed,Wilson,25-34,Prefer not to say,London,Bronze,2023-12-22,True,True
CUST06492,Olivia,Ahmed,65+,Male,Yorkshire,Platinum,2023-03-19,True,True
CUST06493,Oliver,White,18-24,Female,North West,Silver,2024-01-06,True,True
CUST06494,Olivia,Lewis,18-24,Prefer not to say,West Midlands,Bronze,2023-03-16,False,True
CUST06495,Charlie,Khan,25-34,Female,London,Silver,2024-04-12,True,True
CUST06496,Grace,Kim,25-34,Male,Wales,Bronze,2024-05-23,True,False
CUST06497,Olivia,Lee,25-34,Female,Wales,Silver,2022-09-16,True,True
CUST06498,Noah,Johnson,35-44,Female,London,Bronze,2024-02-04,True,False
CUST06499,Michael,Watson,45-54,Female,West Midlands,Bronze,2024-03-07,False,True
CUST06500,Jessica,Lee,35-44,Male,South East,Bronze,2022-04-03,True,True
CUST06501,Harry,Ali,65+,Female,London,Bronze,2022-11-03,True,True
CUST06502,Alfie,Watson,35-44,Female,West Midlands,Gold,2023-10-10,True,True
CUST06503,Rahul,Martin,18-24,Prefer not to say,West Midlands,Silver,2022-05-02,False,True
CUST06504,Sophia,Sharma,25-34,Prefer not to say,East Midlands,Bronze,2024-04-08,True,True
CUST06505,Thomas,Lee,25-34,Female,North West,Bronze,2022-01-29,False,False
CUST06506,Oliver,Harris,25-34,Prefer not to say,North West,Bronze,2022-07-11,True,True
CUST06507,Grace,Hussain,25-34,Female,East of England,Silver,2024-06-05,True,True
CUST06508,Amelia,Thompson,18-24,Female,Yorkshire,Silver,2022-12-23,True,False
CUST06509,Jack,Lewis,18-24,Prefer not to say,East of England,Silver,2023-07-28,True,True
CUST06510,Amelia,Johnson,18-24,Prefer not to say,North West,Bronze,2023-06-11,True,True
CUST06511,Ella,Roberts,25-34,Prefer not to say,South East,Bronze,2023-12-22,True,True
CUST06512,Olivia,Sharma,55-64,Male,East Midlands,Platinum,2024-01-18,True,True
CUST06513,Oliver,Smith,65+,Male,London,Silver,2022-03-30,True,False
CUST06514,David,Thompson,35-44,Prefer not to say,West Midlands,Silver,2024-05-07,True,False
CUST06515,Thomas,Williams,25-34,Male,North West,Bronze,2022-06-22,True,False
CUST06516,Sarah,Williams,18-24,Male,East of England,Silver,2023-04-25,False,True
CUST06517,Jack,Ali,55-64,Female,London,Bronze,2022-12-22,True,False
CUST06518,Jack,Martin,18-24,Female,London,Bronze,2022-06-15,False,False
CUST06519,Oliver,Ahmed,65+,Female,East Midlands,Gold,2022-02-16,True,True
CUST06520,Rahul,Taylor,25-34,Female,South East,Gold,2022-04-23,False,True
CUST06521,Priya,Jones,18-24,Male,South East,Silver,2022-05-09,True,True
CUST06522,Ella,Wood,65+,Male,Wales,Platinum,2022-07-28,False,True
CUST06523,Thomas,Sharma,18-24,Female,South East,Platinum,2023-11-08,True,True
CUST06524,Aisha,Martin,45-54,Male,North West,Bronze,2024-01-20,False,True
CUST06525,Noah,Davies,65+,Prefer not to say,Yorkshire,Gold,2023-04-24,True,True
CUST06526,Daniel,Wood,35-44,Prefer not to say,London,Silver,2022-08-13,False,True
CUST06527,James,Clark,65+,Male,South West,Silver,2022-09-30,False,True
CUST06528,Jacob,Watson,65+,Male,East Midlands,Bronze,2024-04-17,True,True
CUST06529,Freddie,Wilson,18-24,Prefer not to say,East of England,Silver,2022-11-08,True,True
CUST06530,Jacob,Roberts,65+,Prefer not to say,South West,Silver,2023-09-04,True,True
CUST06531,Mia,Khan,65+,Female,South West,Silver,2022-07-30,True,True
CUST06532,Jessica,White,18-24,Prefer not to say,London,Bronze,2022-08-12,True,False
CUST06533,Charlie,Smith,45-54,Male,East Midlands,Bronze,2024-04-25,True,True
CUST06534,Priya,White,55-64,Prefer not to say,South East,Silver,2023-01-29,True,True
CUST06535,Aisha,Martin,18-24,Female,East Midlands,Bronze,2023-05-14,True,True
CUST06536,Harry,Robinson,35-44,Female,East Midlands,Bronze,2023-07-26,True,True
CUST06537,Ella,Taylor,55-64,Male,East Midlands,Bronze,2022-10-18,True,True
CUST06538,Daniel,Davies,55-64,Prefer not to say,Yorkshire,Bronze,2022-11-30,True,True
CUST06539,Olivia,Ali,45-54,Female,London,Gold,2023-04-27,True,True
CUST06540,Priya,Smith,35-44,Prefer not to say,North West,Silver,2023-04-03,False,True
CUST06541,Jacob,Taylor,45-54,Female,London,Silver,2023-06-13,False,True
CUST06542,Charlie,Jones,35-44,Prefer not to say,London,Gold,2023-01-14,False,True
CUST06543,Michael,Jackson,55-64,Female,South East,Bronze,2024-01-12,True,True
CUST06544,Rahul,Lee,45-54,Prefer not to say,Yorkshire,Bronze,2022-03-29,True,True
CUST06545,Charlie,Roberts,45-54,Prefer not to say,East Midlands,Silver,2023-04-19,True,True
CUST06546,Sofia,Thompson,25-34,Male,London,Silver,2024-03-27,True,True
CUST06547,Jacob,Ahmed,65+,Female,London,Platinum,2023-10-05,True,True
CUST06548,Jacob,Davies,65+,Prefer not to say,Yorkshire,Silver,2023-06-28,True,True
CUST06549,David,Chen,18-24,Female,North West,Silver,2023-03-27,False,False
CUST06550,Ella,Harris,25-34,Female,South West,Bronze,2024-05-30,True,True
CUST06551,Alfie,Patel,55-64,Female,North East,Bronze,2024-06-09,True,True
CUST06552,Lily,Patel,55-64,Female,North West,Bronze,2022-09-20,True,True
CUST06553,George,White,55-64,Prefer not to say,London,Gold,2023-02-05,True,True
CUST06554,Oliver,Clark,35-44,Prefer not to say,South East,Gold,2024-06-18,False,True
CUST06555,Rahul,Roberts,18-24,Female,South East,Silver,2024-02-01,False,True
CUST06556,Ava,Taylor,45-54,Female,South West,Bronze,2024-04-11,True,True
CUST06557,Sophia,Harris,25-34,Male,Scotland,Bronze,2024-05-17,True,True
CUST06558,Michael,Smith,45-54,Female,North West,Bronze,2023-08-31,True,True
CUST06559,Jack,Hussain,45-54,Prefer not to say,South East,Bronze,2024-02-15,True,True
CUST06560,Emily,Taylor,18-24,Prefer not to say,London,Bronze,2023-10-01,True,True
CUST06561,Emily,Johnson,25-34,Prefer not to say,West Midlands,Bronze,2023-03-05,False,True
CUST06562,Jessica,Lewis,45-54,Female,South East,Bronze,2023-04-18,True,True
CUST06563,Charlie,Walker,35-44,Prefer not to say,North West,Platinum,2023-03-22,False,False
CUST06564,Noah,Thomas,25-34,Male,West Midlands,Gold,2022-01-06,True,True
CUST06565,Mia,Williams,35-44,Prefer not to say,South West,Silver,2022-11-29,True,True
CUST06566,Rahul,Wood,25-34,Male,Yorkshire,Bronze,2022-04-07,True,True
CUST06567,Mohammed,Chen,25-34,Prefer not to say,East Midlands,Silver,2022-08-14,True,True
CUST06568,Sophia,Thompson,25-34,Female,South East,Bronze,2024-03-06,True,True
CUST06569,Emily,White,35-44,Prefer not to say,East of England,Bronze,2023-12-22,False,True
CUST06570,Ava,Taylor,25-34,Male,London,Bronze,2023-09-19,True,True
CUST06571,Freddie,Davies,65+,Female,South East,Bronze,2022-04-08,True,False
CUST06572,Rahul,Evans,25-34,Male,East Midlands,Bronze,2024-04-04,True,True
CUST06573,George,Hussain,55-64,Prefer not to say,London,Gold,2024-05-25,True,False
CUST06574,Aisha,Singh,45-54,Female,Yorkshire,Gold,2023-12-28,False,True
CUST06575,Emily,Kim,18-24,Male,East of England,Silver,2022-07-26,True,True
CUST06576,Sarah,Watson,18-24,Prefer not to say,Wales,Bronze,2023-01-11,False,True
CUST06577,Amelia,Robinson,18-24,Male,Scotland,Bronze,2024-06-02,True,True
CUST06578,Noah,Khan,45-54,Female,South East,Bronze,2023-04-06,True,True
CUST06579,Priya,Davies,55-64,Prefer not to say,West Midlands,Silver,2024-05-22,True,False
CUST06580,George,Martin,25-34,Prefer not to say,London,Gold,2022-03-09,True,False
CUST06581,Ava,Taylor,45-54,Female,South West,Bronze,2023-09-23,True,True
CUST06582,Jacob,Davies,45-54,Prefer not to say,North West,Bronze,2024-01-02,True,True
CUST06583,Jacob,Jones,65+,Female,South West,Bronze,2023-09-20,True,True
CUST06584,Lily,Clark,45-54,Female,East of England,Bronze,2022-02-17,True,True
CUST06585,Priya,Robinson,45-54,Prefer not to say,West Midlands,Bronze,2022-07-25,True,False
CUST06586,James,Johnson,35-44,Male,London,Bronze,2022-07-07,True,True
CUST06587,Thomas,Patel,45-54,Female,North West,Bronze,2023-02-24,True,True
CUST06588,Olivia,Evans,35-44,Female,South East,Bronze,2023-09-03,True,True
CUST06589,Sophia,Ahmed,35-44,Prefer not to say,Yorkshire,Platinum,2022-08-31,True,False
CUST06590,Harry,White,65+,Female,East Midlands,Platinum,2023-02-20,True,True
CUST06591,Ella,Watson,65+,Prefer not to say,North West,Bronze,2022-08-07,True,True
CUST06592,Priya,Khan,55-64,Prefer not to say,South East,Platinum,2023-06-22,True,True
CUST06593,Jacob,Singh,45-54,Male,West Midlands,Silver,2022-07-01,True,True
CUST06594,Jack,Hussain,18-24,Male,London,Silver,2024-01-06,True,True
CUST06595,Alfie,Kim,45-54,Female,West Midlands,Bronze,2023-07-02,True,True
CUST06596,Priya,Martin,35-44,Female,Yorkshire,Platinum,2023-09-08,True,False
CUST06597,Jacob,Robinson,45-54,Male,North West,Bronze,2024-01-12,False,True
CUST06598,Ava,Taylor,55-64,Prefer not to say,East of England,Bronze,2023-03-28,True,True
CUST06599,Daniel,Johnson,18-24,Prefer not to say,East of England,Platinum,2023-07-27,True,True
CUST06600,Noah,Walker,55-64,Male,East of England,Silver,2024-04-16,True,True
CUST06601,Ava,Martin,18-24,Female,South East,Silver,2024-01-09,True,True
CUST06602,Harry,Khan,55-64,Male,South East,Silver,2023-01-07,True,True
CUST06603,Aisha,Khan,65+,Female,London,Silver,2023-04-17,False,False
CUST06604,David,Lewis,35-44,Male,North West,Gold,2023-11-23,True,True
CUST06605,Emily,Patel,18-24,Prefer not to say,North West,Bronze,2023-01-07,False,True
CUST06606,Harry,Brown,35-44,Female,South West,Bronze,2023-10-28,True,True
CUST06607,Aisha,Smith,18-24,Male,West Midlands,Bronze,2022-10-18,True,True
CUST06608,Noah,Thomas,18-24,Female,North West,Bronze,2022-07-29,True,True
CUST06609,Freddie,Lewis,25-34,Prefer not to say,London,Silver,2023-08-03,True,False
CUST06610,Michael,Lee,45-54,Prefer not to say,South West,Gold,2024-04-08,False,False
CUST06611,Olivia,Johnson,45-54,Prefer not to say,South West,Bronze,2022-07-26,True,True
CUST06612,Sarah,Sharma,25-34,Female,West Midlands,Bronze,2023-09-05,False,True
CUST06613,Priya,Jones,65+,Male,London,Bronze,2023-11-13,True,False
CUST06614,Jacob,Johnson,35-44,Male,South East,Platinum,2022-02-23,False,True
CUST06615,Thomas,Wood,45-54,Male,South West,Silver,2023-02-03,False,True
CUST06616,Ava,Davies,35-44,Prefer not to say,London,Bronze,2022-01-24,True,False
CUST06617,Michael,Lewis,18-24,Female,South West,Platinum,2022-12-05,True,True
CUST06618,Mohammed,Patel,35-44,Male,London,Gold,2024-04-09,True,True
CUST06619,Priya,Robinson,65+,Female,London,Bronze,2022-01-15,True,True
CUST06620,Isla,Roberts,65+,Prefer not to say,West Midlands,Silver,2023-08-14,False,False
CUST06621,James,Evans,18-24,Female,West Midlands,Bronze,2023-06-02,True,True
CUST06622,Lily,Walker,18-24,Female,London,Bronze,2022-10-19,False,True
CUST06623,Charlie,Lee,25-34,Prefer not to say,South West,Silver,2022-09-18,True,True
CUST06624,Alfie,Jones,18-24,Prefer not to say,North East,Silver,2022-09-24,True,True
CUST06625,Grace,Smith,45-54,Prefer not to say,West Midlands,Bronze,2023-10-28,False,True
CUST06626,Noah,Taylor,35-44,Prefer not to say,South East,Bronze,2023-07-29,True,True
CUST06627,Priya,White,25-34,Female,East Midlands,Bronze,2022-01-26,True,True
CUST06628,Charlie,Harris,45-54,Male,South East,Silver,2022-11-12,False,True
CUST06629,Priya,Brown,35-44,Prefer not to say,Scotland,Silver,2023-08-14,True,True
CUST06630,Isla,Ahmed,65+,Prefer not to say,London,Bronze,2022-04-28,True,True
CUST06631,Sarah,Khan,65+,Male,South East,Gold,2022-11-12,True,True
CUST06632,Charlie,Harris,18-24,Female,West Midlands,Gold,2023-10-19,True,True
CUST06633,Lily,Thomas,45-54,Female,East of England,Gold,2023-05-29,True,True
CUST06634,Isabella,Kim,35-44,Female,Yorkshire,Gold,2022-12-11,False,True
CUST06635,Emily,Robinson,65+,Female,London,Bronze,2024-04-27,False,True
CUST06636,Jacob,Evans,45-54,Prefer not to say,South East,Gold,2023-12-24,True,True
CUST06637,Jacob,Lee,55-64,Female,South East,Silver,2023-05-22,True,True
CUST06638,Ella,Robinson,25-34,Female,London,Bronze,2022-09-11,True,True
CUST06639,Isla,Wilson,35-44,Prefer not to say,West Midlands,Bronze,2023-11-05,True,True
CUST06640,Alfie,Williams,18-24,Prefer not to say,East of England,Bronze,2022-04-02,True,True
CUST06641,Mohammed,Hussain,55-64,Female,London,Silver,2022-04-06,True,False
CUST06642,Jack,Lewis,65+,Male,London,Bronze,2022-07-13,True,True
CUST06643,Sarah,Smith,55-64,Male,Yorkshire,Bronze,2024-03-09,True,True
CUST06644,Rahul,Kim,35-44,Prefer not to say,London,Silver,2023-10-22,True,True
CUST06645,Lily,Ahmed,18-24,Male,South West,Gold,2022-07-02,True,False
CUST06646,Grace,Khan,45-54,Female,East Midlands,Bronze,2023-11-09,True,True
CUST06647,Amelia,Ahmed,25-34,Male,North West,Gold,2023-12-17,True,True
CUST06648,Jessica,Jones,55-64,Female,Scotland,Bronze,2023-06-20,True,True
CUST06649,Priya,Wood,55-64,Female,Scotland,Gold,2022-10-11,True,True
CUST06650,Oliver,Walker,55-64,Prefer not to say,Wales,Bronze,2023-08-07,True,False
CUST06651,Lily,Watson,18-24,Male,East of England,Bronze,2023-07-25,True,True
CUST06652,Ella,Jackson,18-24,Prefer not to say,North West,Gold,2023-07-20,False,True
CUST06653,Grace,Ahmed,35-44,Male,South East,Gold,2022-09-28,True,True
CUST06654,Oliver,Lee,18-24,Prefer not to say,Yorkshire,Gold,2023-10-16,True,True
CUST06655,James,Jones,18-24,Prefer not to say,West Midlands,Silver,2022-05-31,True,True
CUST06656,Alfie,Watson,45-54,Female,West Midlands,Bronze,2023-05-09,True,True
CUST06657,Jacob,Thomas,55-64,Prefer not to say,London,Silver,2022-06-24,True,True
CUST06658,Ava,Lewis,65+,Male,South East,Silver,2022-11-24,True,True
CUST06659,Ella,Brown,45-54,Male,East of England,Silver,2022-05-22,True,True
CUST06660,Ella,Johnson,65+,Male,London,Platinum,2023-07-11,True,True
CUST06661,Lily,Lee,45-54,Male,East Midlands,Silver,2024-01-15,True,True
CUST06662,Charlie,Khan,25-34,Male,Scotland,Gold,2023-12-26,True,True
CUST06663,Mohammed,Lewis,18-24,Female,South East,Bronze,2023-04-02,True,True
CUST06664,Freddie,Hussain,18-24,Prefer not to say,London,Bronze,2022-05-15,False,True
CUST06665,Sophia,Johnson,25-34,Prefer not to say,South East,Silver,2024-03-01,False,True
CUST06666,Michael,White,55-64,Female,West Midlands,Silver,2022-08-12,False,False
CUST06667,Mia,Roberts,65+,Male,Yorkshire,Gold,2024-05-16,True,True
CUST06668,Isabella,Smith,65+,Female,East of England,Platinum,2022-01-05,False,True
CUST06669,Priya,Kim,45-54,Male,Yorkshire,Gold,2023-01-08,True,True
CUST06670,Mia,Wood,35-44,Male,East of England,Silver,2022-08-28,True,True
CUST06671,Grace,Taylor,35-44,Female,East Midlands,Bronze,2023-07-01,False,True
CUST06672,Olivia,Ahmed,65+,Prefer not to say,London,Silver,2022-04-18,True,True
CUST06673,Daniel,Roberts,35-44,Prefer not to say,London,Silver,2023-10-10,True,True
CUST06674,Alfie,Ahmed,35-44,Female,London,Bronze,2022-09-26,True,False
CUST06675,Freddie,Taylor,18-24,Female,North West,Silver,2023-04-03,True,True
CUST06676,Mohammed,Clark,35-44,Prefer not to say,South West,Silver,2023-04-02,True,True
CUST06677,Jacob,Williams,45-54,Female,Yorkshire,Gold,2023-01-13,True,True
CUST06678,Harry,Sharma,18-24,Prefer not to say,South West,Silver,2024-03-19,True,True
CUST06679,Olivia,Jackson,55-64,Male,London,Silver,2024-04-09,True,False
CUST06680,Ava,Wood,35-44,Male,North East,Silver,2022-01-10,True,True
CUST06681,Mohammed,Jones,25-34,Prefer not to say,West Midlands,Bronze,2023-12-25,True,True
CUST06682,James,Walker,35-44,Female,London,Gold,2024-05-26,True,True
CUST06683,Charlie,Roberts,65+,Prefer not to say,South East,Silver,2022-08-14,True,True
CUST06684,Charlie,Sharma,65+,Female,East Midlands,Platinum,2023-06-12,False,True
CUST06685,Amelia,Thomas,45-54,Prefer not to say,London,Silver,2023-12-12,True,False
CUST06686,Daniel,Robinson,55-64,Male,West Midlands,Bronze,2023-12-19,True,True
CUST06687,David,Chen,25-34,Male,Yorkshire,Silver,2023-03-16,False,True
CUST06688,Sophia,Khan,45-54,Male,East of England,Bronze,2023-08-09,False,False
CUST06689,Sophia,Watson,35-44,Prefer not to say,London,Silver,2024-04-18,True,True
CUST06690,Sophia,Johnson,45-54,Male,South East,Gold,2022-12-18,True,True
CUST06691,Harry,Sharma,25-34,Female,East of England,Bronze,2022-04-15,True,True
CUST06692,Sarah,Lewis,45-54,Prefer not to say,North East,Bronze,2022-06-15,True,True
CUST06693,Olivia,Sharma,65+,Prefer not to say,London,Bronze,2024-05-12,True,True
CUST06694,Grace,Brown,65+,Female,South West,Gold,2022-08-15,True,True
CUST06695,Rahul,Kim,25-34,Female,South West,Bronze,2023-03-26,True,True
CUST06696,Isla,Harris,45-54,Prefer not to say,South East,Gold,2022-12-27,True,False
CUST06697,Jack,Ali,55-64,Male,South East,Silver,2024-02-09,False,True
CUST06698,Michael,Evans,45-54,Prefer not to say,South East,Platinum,2023-09-02,True,True
CUST06699,Noah,Sharma,45-54,Male,South West,Bronze,2023-08-02,True,True
CUST06700,James,Brown,18-24,Male,London,Silver,2023-09-04,False,True
CUST06701,Jacob,Johnson,65+,Female,London,Silver,2024-06-17,True,True
CUST06702,Jack,Robinson,25-34,Male,South East,Silver,2023-05-12,True,True
CUST06703,Freddie,Johnson,45-54,Female,West Midlands,Gold,2022-08-25,True,True
CUST06704,Grace,Jackson,45-54,Male,South West,Gold,2022-12-25,True,True
CUST06705,Jessica,Ahmed,18-24,Female,South East,Bronze,2024-03-27,False,True
CUST06706,Sophia,Thomas,18-24,Prefer not to say,Yorkshire,Bronze,2023-04-06,False,True
CUST06707,Olivia,Walker,45-54,Female,London,Silver,2023-06-29,True,False
CUST06708,Ava,Jones,55-64,Female,East of England,Gold,2023-09-12,True,True
CUST06709,George,Lewis,18-24,Male,North East,Bronze,2022-07-01,True,True
CUST06710,George,Williams,25-34,Female,London,Silver,2023-05-05,True,True
CUST06711,Mohammed,Chen,25-34,Prefer not to say,North West,Bronze,2022-07-16,False,True
CUST06712,Amelia,White,18-24,Prefer not to say,North East,Gold,2024-03-27,True,False
CUST06713,Jack,Williams,35-44,Male,London,Silver,2022-05-16,True,True
CUST06714,Jacob,Roberts,35-44,Female,North East,Bronze,2023-05-28,False,True
CUST06715,David,Robinson,18-24,Male,Wales,Silver,2024-03-28,True,True
CUST06716,Ava,Hussain,35-44,Male,London,Bronze,2023-09-17,True,True
CUST06717,Charlie,Ali,45-54,Prefer not to say,West Midlands,Platinum,2022-11-07,True,True
CUST06718,Mohammed,Brown,55-64,Male,London,Silver,2024-04-12,True,False
CUST06719,Thomas,Patel,25-34,Prefer not to say,South East,Gold,2024-02-07,True,True
CUST06720,Grace,Patel,65+,Prefer not to say,North West,Silver,2023-02-17,True,False
CUST06721,Jack,Ahmed,35-44,Male,East Midlands,Silver,2022-04-12,False,True
CUST06722,Aisha,Hussain,65+,Prefer not to say,Yorkshire,Bronze,2024-06-03,True,True
CUST06723,Jacob,Johnson,25-34,Female,London,Bronze,2022-09-12,True,True
CUST06724,Rahul,Martin,65+,Male,South East,Bronze,2023-08-07,True,True
CUST06725,Sophia,Lee,45-54,Female,London,Silver,2022-12-05,False,True
CUST06726,Isla,Smith,45-54,Female,North East,Bronze,2023-06-17,True,True
CUST06727,Daniel,Hussain,55-64,Female,London,Silver,2022-07-05,True,True
CUST06728,Alfie,Johnson,55-64,Prefer not to say,London,Bronze,2023-04-23,True,True
CUST06729,Grace,Patel,35-44,Female,London,Silver,2022-03-12,True,False
CUST06730,Rahul,Ali,35-44,Male,West Midlands,Bronze,2023-09-19,True,True
CUST06731,Ella,Lewis,25-34,Prefer not to say,South East,Bronze,2022-03-14,False,True
CUST06732,Alfie,Wood,35-44,Male,London,Silver,2022-05-17,True,False
CUST06733,Daniel,Walker,45-54,Prefer not to say,South East,Silver,2023-06-08,True,True
CUST06734,Daniel,Williams,45-54,Male,West Midlands,Gold,2022-09-17,True,True
CUST06735,Charlie,Sharma,35-44,Prefer not to say,London,Bronze,2023-11-18,False,False
CUST06736,Harry,White,35-44,Female,London,Silver,2022-03-09,True,True
CUST06737,Daniel,Evans,25-34,Female,South East,Silver,2023-08-29,False,True
CUST06738,Mohammed,Walker,45-54,Prefer not to say,East Midlands,Silver,2022-12-10,True,True
CUST06739,Harry,Khan,35-44,Male,London,Silver,2023-03-06,False,True
CUST06740,Sarah,Walker,25-34,Male,East of England,Silver,2022-11-07,True,True
CUST06741,Grace,Hussain,65+,Female,London,Bronze,2023-04-18,True,True
CUST06742,Isla,Harris,55-64,Female,North West,Bronze,2023-07-20,True,False
CUST06743,David,Singh,35-44,Male,Wales,Bronze,2024-05-24,True,True
CUST06744,Sarah,Ahmed,18-24,Male,Scotland,Bronze,2022-06-03,False,True
CUST06745,Noah,Taylor,35-44,Male,East of England,Gold,2023-02-15,True,True
CUST06746,Mohammed,White,45-54,Male,North West,Bronze,2023-07-26,True,False
CUST06747,Harry,Khan,65+,Female,West Midlands,Silver,2023-02-23,True,False
CUST06748,Michael,Clark,35-44,Prefer not to say,North West,Bronze,2022-09-02,True,True
CUST06749,Mia,Davies,35-44,Prefer not to say,South East,Bronze,2022-08-19,True,True
CUST06750,Olivia,Lewis,65+,Male,Scotland,Gold,2023-08-15,False,True
CUST06751,Sophia,Sharma,55-64,Female,North East,Gold,2022-08-01,True,True
CUST06752,Freddie,Davies,18-24,Male,London,Gold,2022-01-22,False,True
CUST06753,Noah,Ahmed,55-64,Male,East of England,Silver,2024-05-19,False,True
CUST06754,George,Khan,25-34,Female,West Midlands,Gold,2022-11-12,True,True
CUST06755,Grace,Johnson,35-44,Male,Yorkshire,Bronze,2024-06-03,True,True
CUST06756,Rahul,Walker,45-54,Female,Wales,Platinum,2022-07-26,True,False
CUST06757,David,Khan,65+,Female,North East,Bronze,2022-03-16,True,True
CUST06758,Isla,Robinson,55-64,Male,London,Silver,2024-02-10,False,False
CUST06759,Jacob,Kim,45-54,Female,South East,Bronze,2022-02-15,True,True
CUST06760,Sofia,White,55-64,Male,East of England,Bronze,2023-07-27,False,True
CUST06761,Isla,Evans,25-34,Male,South East,Gold,2024-05-26,True,True
CUST06762,Sofia,Lewis,18-24,Female,South East,Silver,2023-05-26,True,True
CUST06763,Lily,Evans,45-54,Female,East Midlands,Silver,2022-04-18,False,True
CUST06764,Amelia,Walker,55-64,Prefer not to say,East of England,Gold,2023-08-15,True,False
CUST06765,Jessica,Khan,18-24,Male,North West,Bronze,2022-05-14,False,True
CUST06766,Rahul,Patel,65+,Prefer not to say,Wales,Bronze,2023-01-04,True,True
CUST06767,Noah,White,65+,Prefer not to say,Yorkshire,Bronze,2023-11-18,True,True
CUST06768,Rahul,Thompson,18-24,Male,Yorkshire,Bronze,2022-12-11,True,True
CUST06769,Jack,Clark,55-64,Female,Wales,Bronze,2023-05-15,True,True
CUST06770,George,Smith,25-34,Male,West Midlands,Bronze,2022-06-01,False,True
CUST06771,George,Thompson,65+,Prefer not to say,South West,Gold,2023-04-08,True,True
CUST06772,James,Williams,35-44,Female,East Midlands,Silver,2022-04-12,True,True
CUST06773,Jack,Jackson,55-64,Female,South East,Bronze,2022-02-11,True,True
CUST06774,Sofia,Roberts,25-34,Male,West Midlands,Platinum,2023-12-23,True,True
CUST06775,Charlie,Ahmed,18-24,Male,South East,Gold,2022-10-18,False,True
CUST06776,Freddie,Robinson,65+,Prefer not to say,South West,Silver,2024-01-20,True,True
CUST06777,Sofia,White,65+,Prefer not to say,West Midlands,Bronze,2022-01-10,True,True
CUST06778,Isla,Clark,18-24,Female,North West,Silver,2023-06-22,True,True
CUST06779,Oliver,Williams,35-44,Prefer not to say,London,Bronze,2023-05-10,False,True
CUST06780,Isabella,Johnson,35-44,Female,London,Bronze,2023-04-19,True,True
CUST06781,Freddie,Khan,25-34,Male,South East,Bronze,2022-08-28,True,True
CUST06782,David,Thompson,65+,Prefer not to say,Yorkshire,Gold,2022-08-04,True,False
CUST06783,Sophia,Chen,35-44,Female,East of England,Gold,2022-03-15,True,True
CUST06784,Mohammed,Jackson,18-24,Prefer not to say,South East,Bronze,2022-02-27,True,True
CUST06785,Harry,Wilson,65+,Male,South East,Bronze,2022-04-18,True,True
CUST06786,Harry,Taylor,55-64,Prefer not to say,North East,Bronze,2024-02-21,True,True
CUST06787,Emily,Jones,18-24,Prefer not to say,East of England,Silver,2023-08-17,False,True
CUST06788,Daniel,Singh,35-44,Prefer not to say,West Midlands,Bronze,2023-11-14,True,True
CUST06789,Jessica,Ali,55-64,Female,East of England,Bronze,2023-04-21,False,False
CUST06790,Lily,Roberts,55-64,Male,East of England,Bronze,2022-10-28,True,True
CUST06791,Rahul,Thomas,65+,Female,North West,Bronze,2022-05-30,True,True
CUST06792,Amelia,Davies,45-54,Female,London,Platinum,2022-07-11,True,True
CUST06793,Charlie,Watson,55-64,Prefer not to say,East of England,Silver,2023-06-06,True,True
CUST06794,Mia,Martin,45-54,Female,South West,Bronze,2024-01-19,True,True
CUST06795,Isabella,Ali,65+,Male,South West,Gold,2022-10-24,True,False
CUST06796,Priya,Robinson,25-34,Prefer not to say,East of England,Silver,2022-12-13,False,False
CUST06797,Thomas,Robinson,18-24,Prefer not to say,Scotland,Bronze,2023-10-28,True,True
CUST06798,Thomas,Patel,35-44,Prefer not to say,North West,Gold,2023-04-10,True,True
CUST06799,Michael,Wood,65+,Male,West Midlands,Silver,2023-10-15,True,False
CUST06800,Ella,Harris,65+,Male,Scotland,Silver,2022-04-16,True,True
CUST06801,Emily,Wilson,55-64,Male,East of England,Bronze,2023-04-24,False,True
CUST06802,Priya,Patel,35-44,Male,London,Platinum,2024-01-04,True,True
CUST06803,Sofia,Evans,18-24,Female,East Midlands,Silver,2023-02-16,True,True
CUST06804,Jessica,Thomas,55-64,Female,North East,Gold,2024-01-22,True,False
CUST06805,Ava,Wilson,35-44,Female,London,Gold,2023-06-04,True,True
CUST06806,Rahul,Brown,18-24,Female,West Midlands,Platinum,2022-02-19,False,True
CUST06807,Ella,Thompson,35-44,Male,North West,Gold,2022-12-18,True,True
CUST06808,George,Harris,65+,Female,London,Silver,2024-03-05,True,True
CUST06809,Michael,Evans,18-24,Prefer not to say,East of England,Bronze,2022-06-27,True,False
CUST06810,Alfie,Wilson,25-34,Male,North West,Gold,2023-01-10,True,False
CUST06811,Jack,Martin,45-54,Prefer not to say,South East,Gold,2023-06-05,True,True
CUST06812,Noah,Taylor,65+,Prefer not to say,South East,Platinum,2024-03-04,True,True
CUST06813,George,Ali,65+,Female,North West,Silver,2022-03-10,False,True
CUST06814,Ava,Patel,18-24,Prefer not to say,South East,Gold,2024-05-21,True,True
CUST06815,Charlie,Wood,18-24,Male,South East,Gold,2022-04-22,True,False
CUST06816,Michael,Walker,35-44,Male,South East,Silver,2023-08-15,True,False
CUST06817,James,Kim,45-54,Female,Yorkshire,Silver,2022-10-12,False,True
CUST06818,Ella,Walker,45-54,Prefer not to say,West Midlands,Bronze,2023-10-08,True,False
CUST06819,Grace,Smith,45-54,Male,North West,Gold,2022-08-28,False,True
CUST06820,Sophia,Patel,65+,Prefer not to say,South East,Silver,2024-05-20,True,True
CUST06821,Jessica,Hussain,45-54,Prefer not to say,London,Bronze,2022-06-15,True,True
CUST06822,Michael,Thomas,35-44,Male,South West,Bronze,2023-03-21,True,True
CUST06823,Priya,Wilson,65+,Prefer not to say,London,Bronze,2022-10-05,True,True
CUST06824,James,Walker,18-24,Female,London,Bronze,2022-03-08,True,False
CUST06825,Charlie,Jones,65+,Prefer not to say,East of England,Bronze,2023-05-17,False,False
CUST06826,Ella,Lewis,25-34,Female,Wales,Bronze,2022-12-21,True,True
CUST06827,Alfie,Harris,55-64,Female,East of England,Platinum,2023-04-13,True,True
CUST06828,Mia,Clark,18-24,Male,Scotland,Bronze,2022-12-07,False,True
CUST06829,James,Walker,25-34,Prefer not to say,South East,Gold,2023-02-10,True,False
CUST06830,Aisha,Sharma,65+,Prefer not to say,East of England,Bronze,2022-01-10,True,True
CUST06831,Olivia,Williams,18-24,Prefer not to say,South East,Silver,2022-03-26,True,True
CUST06832,Alfie,Taylor,25-34,Male,West Midlands,Silver,2022-10-15,True,True
CUST06833,Ava,Patel,18-24,Male,London,Bronze,2023-01-17,False,True
CUST06834,Daniel,Ali,45-54,Prefer not to say,South East,Gold,2022-07-23,False,False
CUST06835,Sofia,Harris,55-64,Male,East Midlands,Silver,2023-06-04,True,False
CUST06836,Mia,Harris,35-44,Female,Yorkshire,Bronze,2022-04-27,True,True
CUST06837,Michael,Walker,45-54,Female,East Midlands,Gold,2023-05-25,True,True
CUST06838,Daniel,Evans,45-54,Female,South West,Bronze,2022-04-01,True,True
CUST06839,Harry,Davies,18-24,Female,South East,Bronze,2023-06-09,True,True
CUST06840,David,Ahmed,18-24,Female,West Midlands,Bronze,2024-03-23,True,True
CUST06841,Sophia,Williams,45-54,Female,West Midlands,Platinum,2023-11-22,False,True
CUST06842,Thomas,Hussain,65+,Prefer not to say,North West,Silver,2022-07-05,True,True
CUST06843,Mia,Patel,18-24,Male,East of England,Bronze,2024-04-02,True,True
CUST06844,Ava,Wood,35-44,Prefer not to say,East Midlands,Bronze,2024-04-21,True,True
CUST06845,Freddie,Roberts,65+,Male,North West,Silver,2023-12-11,True,True
CUST06846,Aisha,Lee,45-54,Female,Wales,Gold,2022-02-07,False,True
CUST06847,Ava,Wood,35-44,Female,London,Bronze,2022-10-07,False,True
CUST06848,Ava,Roberts,35-44,Prefer not to say,London,Silver,2024-01-27,True,True
CUST06849,Sarah,Robinson,35-44,Prefer not to say,West Midlands,Bronze,2022-08-18,True,True
CUST06850,Noah,Davies,65+,Female,West Midlands,Silver,2022-08-19,False,True
CUST06851,Sophia,Kim,55-64,Female,North West,Gold,2024-04-25,True,True
CUST06852,George,Davies,18-24,Female,West Midlands,Bronze,2023-04-14,True,True
CUST06853,Daniel,Sharma,65+,Male,East of England,Gold,2022-05-27,True,True
CUST06854,Mia,Ahmed,35-44,Male,South East,Bronze,2022-12-18,True,True
CUST06855,Lily,Martin,65+,Male,North West,Gold,2024-05-26,True,True
CUST06856,Lily,Thomas,25-34,Female,South East,Bronze,2022-03-23,True,False
CUST06857,Olivia,Clark,55-64,Prefer not to say,West Midlands,Gold,2024-05-04,False,True
CUST06858,Jack,Thompson,35-44,Female,West Midlands,Bronze,2022-04-29,True,True
CUST06859,Harry,Jones,35-44,Prefer not to say,North West,Gold,2022-04-30,True,True
CUST06860,Jacob,Roberts,55-64,Prefer not to say,South East,Silver,2024-05-04,False,False
CUST06861,Mia,Evans,65+,Female,London,Bronze,2023-02-14,False,True
CUST06862,Jack,Watson,65+,Male,Yorkshire,Bronze,2024-05-10,False,True
CUST06863,Mohammed,Watson,65+,Male,North West,Bronze,2022-08-07,True,True
CUST06864,Olivia,Wood,35-44,Prefer not to say,North West,Bronze,2023-06-25,False,True
CUST06865,Noah,Chen,35-44,Prefer not to say,West Midlands,Bronze,2023-09-30,True,True
CUST06866,Grace,Ali,18-24,Female,East Midlands,Silver,2022-09-01,False,True
CUST06867,Freddie,Ahmed,25-34,Male,South East,Bronze,2023-02-06,True,True
CUST06868,Isabella,Hussain,18-24,Prefer not to say,South East,Bronze,2022-04-24,False,True
CUST06869,Ella,Sharma,65+,Female,North East,Silver,2023-09-28,True,True
CUST06870,Thomas,White,45-54,Male,South East,Silver,2022-02-23,True,True
CUST06871,Priya,Khan,65+,Male,London,Gold,2024-04-04,True,True
CUST06872,Emily,Ahmed,45-54,Prefer not to say,East Midlands,Bronze,2024-02-19,True,True
CUST06873,Aisha,Robinson,55-64,Male,London,Silver,2023-04-07,True,False
CUST06874,Ava,Thomas,45-54,Prefer not to say,London,Gold,2023-08-08,False,False
CUST06875,Rahul,Kim,65+,Female,Wales,Gold,2023-10-10,True,False
CUST06876,Isla,Kim,65+,Prefer not to say,London,Bronze,2023-07-02,True,True
CUST06877,Thomas,Martin,55-64,Prefer not to say,London,Bronze,2023-07-18,False,True
CUST06878,Freddie,Williams,35-44,Female,South East,Bronze,2023-12-08,True,True
CUST06879,Sofia,Robinson,45-54,Male,Wales,Silver,2022-08-15,True,True
CUST06880,Freddie,Thomas,25-34,Male,North West,Gold,2023-09-26,True,True
CUST06881,Michael,Lewis,18-24,Female,West Midlands,Bronze,2022-08-25,True,True
CUST06882,Noah,Lewis,25-34,Male,South East,Bronze,2022-02-17,True,True
CUST06883,Sarah,Patel,55-64,Male,London,Silver,2023-10-07,True,True
CUST06884,George,Wood,25-34,Female,London,Bronze,2022-01-25,False,False
CUST06885,James,Martin,18-24,Prefer not to say,Scotland,Silver,2024-01-01,True,False
CUST06886,Mia,Roberts,55-64,Male,London,Platinum,2022-03-24,False,True
CUST06887,Isabella,Roberts,45-54,Prefer not to say,South East,Bronze,2023-10-01,True,True
CUST06888,Ava,Thompson,55-64,Male,North West,Gold,2024-01-02,False,True
CUST06889,Isla,Khan,18-24,Female,Yorkshire,Bronze,2024-05-03,False,True
CUST06890,Grace,Singh,45-54,Male,North East,Silver,2022-03-20,True,True
CUST06891,George,Smith,45-54,Prefer not to say,Scotland,Silver,2023-10-23,True,True
CUST06892,Amelia,Johnson,25-34,Male,Yorkshire,Silver,2024-03-23,True,True
CUST06893,Ava,Roberts,18-24,Male,North East,Bronze,2023-06-20,True,False
CUST06894,Olivia,Wood,25-34,Prefer not to say,North West,Silver,2023-05-08,False,True
CUST06895,Jessica,Thompson,18-24,Male,West Midlands,Gold,2024-01-29,True,True
CUST06896,Ava,Harris,35-44,Female,London,Bronze,2023-06-06,True,True
CUST06897,Lily,Davies,45-54,Prefer not to say,South East,Bronze,2023-09-05,False,True
CUST06898,Alfie,Walker,18-24,Male,East Midlands,Bronze,2022-08-09,True,True
CUST06899,James,Jackson,65+,Male,Yorkshire,Bronze,2022-04-06,True,False
CUST06900,Lily,Davies,18-24,Prefer not to say,Yorkshire,Bronze,2022-09-03,True,True
CUST06901,Mohammed,Ali,25-34,Male,London,Bronze,2022-02-17,True,True
CUST06902,Grace,Jackson,18-24,Prefer not to say,East of England,Gold,2023-07-28,False,False
CUST06903,Emily,Davies,65+,Female,Scotland,Silver,2023-07-07,False,True
CUST06904,Emily,Thomas,65+,Male,South East,Gold,2023-07-31,False,True
CUST06905,Noah,Taylor,18-24,Prefer not to say,Scotland,Bronze,2023-12-28,True,True
CUST06906,Freddie,Patel,55-64,Prefer not to say,London,Bronze,2023-06-24,True,True
CUST06907,Emily,Johnson,35-44,Male,South East,Bronze,2023-05-06,True,False
CUST06908,Emily,Jones,35-44,Female,South West,Bronze,2022-11-14,True,True
CUST06909,Aisha,Davies,45-54,Prefer not to say,North East,Gold,2023-10-21,True,True
CUST06910,Grace,Hussain,25-34,Male,North East,Gold,2024-02-17,False,True
CUST06911,Sofia,Wood,25-34,Male,North West,Silver,2022-05-10,True,True
CUST06912,Mia,Walker,35-44,Prefer not to say,West Midlands,Gold,2022-08-27,True,True
CUST06913,Sarah,Smith,18-24,Male,South East,Bronze,2023-05-07,True,True
CUST06914,Oliver,Lee,25-34,Female,South East,Bronze,2024-04-03,True,True
CUST06915,Isla,Johnson,55-64,Female,North West,Bronze,2022-02-24,False,True
CUST06916,Aisha,Watson,25-34,Prefer not to say,South East,Gold,2022-08-19,True,False
CUST06917,Priya,Martin,45-54,Prefer not to say,South East,Bronze,2024-04-24,True,True
CUST06918,Mia,Taylor,35-44,Male,London,Gold,2022-07-20,True,True
CUST06919,Jacob,Singh,65+,Prefer not to say,Wales,Bronze,2022-03-25,True,False
CUST06920,Alfie,Roberts,35-44,Prefer not to say,West Midlands,Silver,2023-03-17,True,True
CUST06921,Sophia,Thompson,45-54,Male,South East,Bronze,2023-08-07,True,True
CUST06922,Priya,Clark,45-54,Prefer not to say,South East,Silver,2023-01-26,True,False
CUST06923,Oliver,Singh,25-34,Prefer not to say,Yorkshire,Gold,2022-01-10,True,True
CUST06924,George,Robinson,25-34,Prefer not to say,South East,Bronze,2023-01-14,True,True
CUST06925,Charlie,White,45-54,Male,West Midlands,Bronze,2024-06-18,True,True
CUST06926,Mia,Watson,18-24,Male,South West,Bronze,2023-04-10,True,True
CUST06927,Emily,Taylor,18-24,Prefer not to say,London,Silver,2023-10-30,True,True
CUST06928,Jessica,Thompson,35-44,Prefer not to say,Yorkshire,Bronze,2024-05-24,True,True
CUST06929,Mia,Thompson,55-64,Female,North West,Bronze,2023-01-04,True,True
CUST06930,Alfie,Ali,18-24,Male,Scotland,Bronze,2022-12-02,True,False
CUST06931,Jack,Williams,25-34,Female,East Midlands,Silver,2023-10-19,True,False
CUST06932,Mia,Clark,18-24,Prefer not to say,London,Bronze,2022-03-27,False,False
CUST06933,James,Sharma,35-44,Prefer not to say,East of England,Silver,2022-10-01,True,False
CUST06934,Priya,Davies,65+,Prefer not to say,Scotland,Bronze,2022-08-23,True,True
CUST06935,Amelia,Wilson,65+,Female,East Midlands,Gold,2022-11-15,True,True
CUST06936,Mia,Watson,35-44,Female,East of England,Silver,2024-01-10,True,True
CUST06937,Emily,Walker,55-64,Prefer not to say,North West,Bronze,2023-09-29,True,True
CUST06938,Rahul,Ahmed,18-24,Female,North West,Gold,2022-03-24,True,True
CUST06939,James,Jackson,25-34,Female,West Midlands,Silver,2022-08-25,True,False
CUST06940,Freddie,Ali,55-64,Female,South East,Bronze,2023-07-30,False,False
CUST06941,Jacob,White,65+,Male,London,Bronze,2022-07-31,True,True
CUST06942,James,Wood,55-64,Male,London,Silver,2022-04-19,True,True
CUST06943,David,Lee,25-34,Male,North West,Gold,2023-01-18,True,True
CUST06944,Grace,Wood,18-24,Female,London,Gold,2024-01-28,False,False
CUST06945,Oliver,Roberts,25-34,Prefer not to say,London,Silver,2022-12-30,True,False
CUST06946,Mia,Ahmed,65+,Male,East Midlands,Bronze,2022-03-24,True,True
CUST06947,Freddie,Sharma,18-24,Female,South West,Bronze,2024-03-21,True,True
CUST06948,Thomas,Chen,25-34,Prefer not to say,Yorkshire,Gold,2022-11-09,False,True
CUST06949,Olivia,Walker,55-64,Male,Yorkshire,Gold,2022-08-03,False,True
CUST06950,Sophia,Thompson,25-34,Female,Scotland,Bronze,2023-09-17,True,True
CUST06951,Mohammed,Lewis,35-44,Female,East Midlands,Bronze,2022-12-18,True,True
CUST06952,Jacob,Jones,55-64,Male,East of England,Silver,2022-09-11,True,True
CUST06953,Noah,White,25-34,Prefer not to say,East of England,Silver,2024-02-04,False,True
CUST06954,Ella,Williams,55-64,Prefer not to say,South East,Bronze,2023-10-14,True,True
CUST06955,George,Walker,25-34,Female,Yorkshire,Bronze,2023-10-19,True,True
CUST06956,Charlie,Wood,25-34,Female,South East,Bronze,2023-02-23,True,True
CUST06957,Mohammed,Martin,35-44,Prefer not to say,South West,Bronze,2022-06-22,True,False
CUST06958,Priya,Ahmed,45-54,Prefer not to say,London,Silver,2022-04-28,False,False
CUST06959,Alfie,Roberts,65+,Prefer not to say,Scotland,Gold,2023-08-02,False,True
CUST06960,Rahul,Evans,65+,Female,London,Bronze,2022-05-20,True,True
CUST06961,Ella,Martin,65+,Female,South East,Bronze,2023-04-04,True,False
CUST06962,Michael,Lee,25-34,Male,East of England,Silver,2022-01-19,True,True
CUST06963,Isla,Singh,25-34,Female,London,Bronze,2024-05-17,False,True
CUST06964,Jack,Taylor,55-64,Female,East of England,Gold,2023-05-27,True,True
CUST06965,Daniel,Robinson,25-34,Male,London,Bronze,2024-02-09,True,True
CUST06966,Grace,Hussain,35-44,Prefer not to say,South East,Bronze,2023-05-25,False,True
CUST06967,Freddie,Evans,45-54,Male,East of England,Bronze,2022-11-30,True,False
CUST06968,David,Watson,18-24,Prefer not to say,London,Gold,2023-06-04,True,True
CUST06969,Daniel,Watson,45-54,Prefer not to say,Scotland,Bronze,2023-09-20,True,False
CUST06970,Charlie,Martin,35-44,Male,Yorkshire,Bronze,2022-06-17,False,True
CUST06971,Olivia,Chen,65+,Female,London,Bronze,2022-03-25,True,True
CUST06972,Sofia,Kim,25-34,Male,North West,Bronze,2023-02-27,False,True
CUST06973,Priya,Watson,18-24,Female,South East,Silver,2023-04-04,True,True
CUST06974,Aisha,Wood,25-34,Female,Yorkshire,Bronze,2022-10-14,False,True
CUST06975,Thomas,Thomas,45-54,Female,London,Gold,2023-12-14,True,True
CUST06976,Jack,Khan,25-34,Male,London,Silver,2023-11-06,True,True
CUST06977,George,Hussain,55-64,Female,Yorkshire,Silver,2022-08-10,True,False
CUST06978,Amelia,Brown,18-24,Prefer not to say,Scotland,Silver,2022-08-15,True,True
CUST06979,Sofia,Hussain,45-54,Male,South East,Silver,2022-05-26,True,True
CUST06980,David,Robinson,35-44,Female,North West,Bronze,2023-12-04,True,True
CUST06981,Harry,Jackson,45-54,Prefer not to say,West Midlands,Silver,2022-01-03,True,True
CUST06982,Daniel,Evans,45-54,Female,North West,Gold,2024-05-23,True,True
CUST06983,Alfie,Khan,55-64,Female,South East,Gold,2023-08-11,False,True
CUST06984,Jessica,Lee,25-34,Prefer not to say,South West,Bronze,2023-05-17,True,True
CUST06985,Daniel,Smith,18-24,Female,South East,Bronze,2022-09-02,True,True
CUST06986,Jacob,Walker,55-64,Male,North West,Silver,2022-10-10,True,True
CUST06987,Freddie,Thomas,18-24,Prefer not to say,East of England,Bronze,2022-11-21,False,True
CUST06988,Daniel,Wilson,55-64,Male,South West,Silver,2023-10-19,False,True
CUST06989,Olivia,Smith,25-34,Prefer not to say,London,Bronze,2022-02-11,True,True
CUST06990,Sofia,Lee,18-24,Prefer not to say,South West,Bronze,2022-10-29,True,True
CUST06991,Emily,Lewis,45-54,Female,Wales,Gold,2023-02-12,True,False
CUST06992,Isla,Walker,55-64,Male,London,Platinum,2023-07-12,True,True
CUST06993,Jacob,Lewis,45-54,Prefer not to say,London,Bronze,2023-08-15,True,True
CUST06994,Jessica,Kim,35-44,Male,South West,Gold,2023-01-10,True,False
CUST06995,David,Jones,65+,Female,South East,Bronze,2023-11-27,True,True
CUST06996,Sofia,Martin,25-34,Prefer not to say,Scotland,Silver,2024-05-18,True,False
CUST06997,George,Lee,45-54,Prefer not to say,London,Bronze,2022-04-24,True,True
CUST06998,Oliver,Davies,45-54,Prefer not to say,East of England,Bronze,2022-02-17,True,True
CUST06999,James,Jones,65+,Male,West Midlands,Bronze,2022-06-13,True,True
CUST07000,Alfie,Thompson,35-44,Female,London,Bronze,2022-06-20,True,True
CUST07001,Aisha,Khan,25-34,Prefer not to say,West Midlands,Bronze,2022-09-24,True,True
CUST07002,Oliver,White,18-24,Male,North East,Silver,2022-09-22,False,True
CUST07003,Olivia,Clark,65+,Female,London,Gold,2022-12-23,True,True
CUST07004,Mia,Chen,35-44,Prefer not to say,Scotland,Bronze,2023-09-21,True,True
CUST07005,Sarah,Singh,65+,Female,London,Platinum,2023-06-08,True,True
CUST07006,Grace,Walker,18-24,Female,London,Bronze,2022-04-12,True,True
CUST07007,Grace,Kim,18-24,Prefer not to say,West Midlands,Gold,2023-01-10,True,True
CUST07008,Jacob,Thomas,25-34,Female,London,Bronze,2023-08-13,True,True
CUST07009,Charlie,Wood,65+,Female,South East,Silver,2023-11-04,True,False
CUST07010,David,Martin,55-64,Male,London,Bronze,2023-01-30,False,True
CUST07011,Harry,Clark,25-34,Prefer not to say,East Midlands,Silver,2023-05-11,True,True
CUST07012,Aisha,Robinson,65+,Female,Scotland,Platinum,2023-06-04,False,True
CUST07013,Mia,Ahmed,65+,Female,London,Platinum,2022-02-25,True,False
CUST07014,Noah,White,65+,Male,London,Gold,2022-09-16,False,True
CUST07015,Lily,Harris,18-24,Male,North West,Gold,2023-10-23,True,True
CUST07016,Harry,Ali,35-44,Prefer not to say,South West,Silver,2022-01-15,True,False
CUST07017,Michael,Brown,55-64,Male,South East,Bronze,2022-09-23,True,True
CUST07018,Jessica,Jackson,45-54,Female,South East,Gold,2022-10-19,True,True
CUST07019,Noah,White,18-24,Female,North East,Bronze,2022-11-21,True,False
CUST07020,Ella,Wood,25-34,Male,Yorkshire,Silver,2022-07-01,True,True
CUST07021,Daniel,Wilson,45-54,Female,London,Bronze,2023-05-01,True,True
CUST07022,Aisha,Ali,55-64,Female,London,Bronze,2022-02-10,False,True
CUST07023,Daniel,Sharma,35-44,Female,London,Platinum,2022-02-27,True,True
CUST07024,James,Evans,35-44,Male,North East,Silver,2024-01-06,True,True
CUST07025,Isla,Williams,55-64,Male,London,Gold,2023-06-01,True,False
CUST07026,Sophia,Martin,65+,Male,London,Platinum,2022-02-01,False,False
CUST07027,Olivia,Harris,25-34,Male,South West,Silver,2023-05-24,True,True
CUST07028,Jacob,Thomas,55-64,Female,North West,Silver,2022-12-10,True,True
CUST07029,Aisha,Ali,45-54,Prefer not to say,Yorkshire,Bronze,2022-12-10,True,True
CUST07030,Sarah,Lee,25-34,Prefer not to say,Yorkshire,Silver,2022-06-08,False,True
CUST07031,Rahul,Khan,65+,Male,London,Gold,2024-03-07,False,True
CUST07032,Mohammed,Johnson,18-24,Male,London,Gold,2022-12-23,True,True
CUST07033,Jacob,Clark,45-54,Female,East of England,Silver,2023-02-12,True,True
CUST07034,Charlie,Robinson,35-44,Male,London,Platinum,2024-02-12,True,True
CUST07035,George,Smith,35-44,Male,North West,Silver,2023-10-10,True,True
CUST07036,Jessica,Khan,35-44,Prefer not to say,North West,Bronze,2022-09-17,True,True
CUST07037,Mohammed,Martin,35-44,Prefer not to say,East of England,Bronze,2023-05-29,True,True
CUST07038,Lily,Thompson,55-64,Prefer not to say,East of England,Silver,2022-02-21,True,True
CUST07039,Lily,Watson,18-24,Female,London,Gold,2024-05-02,True,True
CUST07040,Lily,Taylor,35-44,Prefer not to say,West Midlands,Bronze,2023-01-10,True,True
CUST07041,Michael,Ahmed,45-54,Male,London,Platinum,2022-01-01,True,True
CUST07042,Olivia,Wood,25-34,Male,Scotland,Gold,2022-01-21,False,True
CUST07043,Freddie,Sharma,55-64,Male,South East,Silver,2022-12-20,True,True
CUST07044,Jessica,Evans,25-34,Male,South West,Gold,2022-05-28,True,True
CUST07045,Sophia,Jones,35-44,Male,South West,Silver,2023-06-17,True,True
CUST07046,Jacob,Davies,65+,Female,South East,Bronze,2022-05-12,True,True
CUST07047,Lily,Chen,65+,Male,London,Silver,2023-11-25,False,False
CUST07048,James,Sharma,18-24,Male,North East,Silver,2022-04-06,False,True
CUST07049,Aisha,Evans,65+,Female,West Midlands,Gold,2023-09-27,True,True
CUST07050,Michael,Lewis,18-24,Female,London,Silver,2024-06-05,True,True
CUST07051,Oliver,Evans,25-34,Male,South West,Bronze,2022-11-07,False,False
CUST07052,Ava,Harris,25-34,Female,London,Bronze,2023-10-18,True,True
CUST07053,Oliver,White,25-34,Male,North East,Silver,2023-09-07,False,True
CUST07054,Thomas,Ahmed,45-54,Female,South West,Bronze,2023-03-12,True,True
CUST07055,Freddie,Williams,55-64,Female,East of England,Bronze,2022-07-31,True,True
CUST07056,James,Hussain,18-24,Male,Yorkshire,Bronze,2023-08-20,False,False
CUST07057,Olivia,Hussain,65+,Male,North East,Bronze,2022-02-28,False,True
CUST07058,Mia,Davies,35-44,Prefer not to say,North West,Bronze,2024-03-10,True,True
CUST07059,Amelia,Thompson,25-34,Female,West Midlands,Silver,2023-06-05,False,False
CUST07060,Lily,Kim,65+,Female,London,Bronze,2024-01-10,False,True
CUST07061,Olivia,Johnson,65+,Male,South East,Bronze,2024-06-04,True,False
CUST07062,Daniel,Jackson,45-54,Male,South East,Silver,2022-03-15,True,False
CUST07063,Rahul,Jones,35-44,Prefer not to say,Yorkshire,Silver,2022-09-16,True,True
CUST07064,Thomas,Evans,25-34,Female,Scotland,Silver,2024-05-26,True,True
CUST07065,Jack,Lewis,35-44,Female,London,Silver,2022-12-14,True,True
CUST07066,Lily,Harris,18-24,Female,London,Bronze,2022-02-18,True,True
CUST07067,Mohammed,Ali,25-34,Female,London,Bronze,2023-03-03,True,True
CUST07068,Oliver,Jones,45-54,Male,South East,Gold,2022-09-10,False,False
CUST07069,Priya,Robinson,18-24,Male,West Midlands,Silver,2022-01-11,True,True
CUST07070,Sofia,Ali,65+,Prefer not to say,North West,Silver,2023-05-05,False,False
CUST07071,Lily,Lewis,35-44,Male,East of England,Bronze,2022-07-09,True,True
CUST07072,Michael,Chen,18-24,Male,Yorkshire,Silver,2023-07-06,False,False
CUST07073,Ella,Ahmed,45-54,Prefer not to say,East Midlands,Gold,2022-06-13,True,True
CUST07074,Harry,Chen,65+,Prefer not to say,London,Gold,2023-12-11,True,True
CUST07075,James,Jackson,18-24,Prefer not to say,South West,Gold,2022-04-03,True,True
CUST07076,Daniel,Watson,55-64,Male,London,Gold,2024-03-21,True,True
CUST07077,Priya,Khan,55-64,Male,West Midlands,Gold,2023-02-01,False,False
CUST07078,Amelia,Jones,35-44,Female,London,Gold,2022-03-13,True,True
CUST07079,Emily,Harris,45-54,Female,London,Bronze,2023-05-29,False,False
CUST07080,Freddie,Thompson,25-34,Female,London,Platinum,2022-01-17,False,True
CUST07081,George,Robinson,45-54,Prefer not to say,East Midlands,Platinum,2022-09-07,True,False
CUST07082,Grace,Wood,35-44,Prefer not to say,Scotland,Bronze,2022-12-02,True,True
CUST07083,Emily,Wood,65+,Prefer not to say,South East,Silver,2023-07-13,True,True
CUST07084,Jack,Clark,18-24,Male,South East,Bronze,2024-04-16,True,True
CUST07085,Daniel,Ali,45-54,Male,South West,Silver,2022-01-23,True,True
CUST07086,Sophia,Robinson,55-64,Prefer not to say,Scotland,Silver,2023-10-19,True,False
CUST07087,Isabella,Johnson,25-34,Female,North West,Bronze,2023-10-04,True,True
CUST07088,Sofia,Khan,65+,Male,London,Silver,2023-07-10,True,True
CUST07089,Noah,White,55-64,Prefer not to say,East Midlands,Gold,2024-05-22,False,False
CUST07090,Charlie,Hussain,55-64,Male,Scotland,Platinum,2023-08-27,True,False
CUST07091,Isla,Ali,18-24,Prefer not to say,North West,Bronze,2023-11-23,True,True
CUST07092,Sofia,Harris,35-44,Prefer not to say,London,Silver,2023-01-22,True,True
CUST07093,Grace,Roberts,45-54,Female,East Midlands,Gold,2022-08-27,True,True
CUST07094,George,Evans,35-44,Female,South West,Silver,2023-03-21,False,False
CUST07095,Sofia,Harris,65+,Male,South West,Silver,2023-09-03,False,True
CUST07096,George,Hussain,55-64,Male,West Midlands,Silver,2024-02-20,True,False
CUST07097,Sarah,Wood,18-24,Female,South East,Silver,2022-10-19,True,True
CUST07098,Michael,Thomas,45-54,Male,London,Gold,2023-09-05,False,True
CUST07099,Lily,Khan,35-44,Male,London,Bronze,2024-06-08,True,True
CUST07100,Ella,Walker,55-64,Female,East Midlands,Gold,2022-11-18,True,True
CUST07101,Daniel,Watson,18-24,Female,South West,Gold,2022-01-24,True,False
CUST07102,David,Walker,55-64,Male,South East,Bronze,2024-01-25,False,True
CUST07103,Sarah,Thomas,55-64,Male,South East,Bronze,2023-09-02,True,True
CUST07104,Mia,Johnson,45-54,Female,London,Gold,2022-05-09,False,True
CUST07105,Grace,Sharma,25-34,Prefer not to say,East of England,Silver,2024-03-06,False,True
CUST07106,Grace,Sharma,18-24,Prefer not to say,North West,Bronze,2023-02-23,False,True
CUST07107,Ella,Williams,55-64,Female,London,Silver,2022-08-21,False,True
CUST07108,Priya,Wilson,18-24,Female,South East,Platinum,2024-05-08,True,False
CUST07109,Emily,Taylor,25-34,Male,London,Bronze,2022-03-01,False,True
CUST07110,Amelia,Lee,55-64,Female,West Midlands,Bronze,2024-06-06,False,True
CUST07111,David,Thompson,25-34,Male,North West,Bronze,2024-03-05,True,False
CUST07112,George,Chen,55-64,Male,South East,Bronze,2022-07-24,True,True
CUST07113,Harry,Lee,45-54,Prefer not to say,West Midlands,Bronze,2022-02-17,False,True
CUST07114,Thomas,Davies,65+,Female,Yorkshire,Silver,2023-01-15,True,True
CUST07115,Ava,White,65+,Female,South East,Gold,2023-09-26,False,True
CUST07116,Michael,Evans,35-44,Male,London,Silver,2022-01-28,False,True
CUST07117,Aisha,Walker,18-24,Male,South East,Bronze,2022-06-19,False,True
CUST07118,Aisha,Lewis,25-34,Male,North West,Gold,2024-03-30,True,True
CUST07119,Priya,Hussain,65+,Female,South East,Bronze,2023-01-30,True,True
CUST07120,Noah,Smith,25-34,Female,Scotland,Bronze,2022-02-27,False,False
CUST07121,David,Lewis,18-24,Female,London,Gold,2023-07-17,False,True
CUST07122,Oliver,Wilson,45-54,Prefer not to say,South West,Bronze,2023-04-29,False,True
CUST07123,Isabella,Williams,35-44,Female,West Midlands,Silver,2022-05-31,False,True
CUST07124,James,Evans,45-54,Prefer not to say,South West,Silver,2023-09-11,True,False
CUST07125,Emily,Johnson,25-34,Male,Scotland,Gold,2023-03-09,True,True
CUST07126,George,Jones,25-34,Male,South East,Bronze,2024-06-03,True,True
CUST07127,Sofia,Thompson,55-64,Prefer not to say,South East,Silver,2023-08-08,True,True
CUST07128,Ella,Khan,18-24,Prefer not to say,Wales,Silver,2022-03-15,True,True
CUST07129,James,Ahmed,55-64,Prefer not to say,North West,Gold,2022-11-06,True,True
CUST07130,Jacob,Ahmed,35-44,Female,South West,Bronze,2024-03-28,False,True
CUST07131,Olivia,Thompson,55-64,Male,West Midlands,Bronze,2022-08-16,False,True
CUST07132,Harry,Walker,25-34,Male,South West,Gold,2022-03-26,True,False
CUST07133,Freddie,Ali,65+,Female,West Midlands,Gold,2023-04-16,True,True
CUST07134,Jacob,Wood,55-64,Prefer not to say,London,Silver,2024-01-17,True,True
CUST07135,Noah,Khan,65+,Female,North West,Silver,2023-10-04,True,True
CUST07136,James,Watson,25-34,Male,London,Silver,2022-09-06,True,True
CUST07137,Sarah,Wood,18-24,Male,Yorkshire,Bronze,2022-06-13,False,True
CUST07138,Michael,Lewis,25-34,Female,London,Silver,2023-02-25,True,True
CUST07139,Isabella,Harris,18-24,Male,London,Silver,2023-12-18,True,True
CUST07140,Amelia,Johnson,25-34,Female,East Midlands,Silver,2023-08-18,True,True
CUST07141,Sophia,Jones,65+,Prefer not to say,South West,Gold,2024-05-27,True,False
CUST07142,Amelia,Thomas,25-34,Male,North West,Silver,2023-08-11,False,True
CUST07143,Sofia,Brown,55-64,Male,Yorkshire,Silver,2022-10-12,True,True
CUST07144,Jacob,Jackson,25-34,Male,North West,Gold,2022-12-12,False,True
CUST07145,Sofia,Taylor,35-44,Male,East of England,Bronze,2022-12-25,True,True
CUST07146,Jessica,Smith,55-64,Female,North East,Bronze,2022-04-27,True,False
CUST07147,Lily,Kim,25-34,Male,Wales,Bronze,2024-01-06,True,False
CUST07148,Priya,Ahmed,18-24,Prefer not to say,South East,Bronze,2023-12-09,True,True
CUST07149,Sarah,Jones,45-54,Prefer not to say,London,Gold,2022-11-20,True,True
CUST07150,Sophia,Lee,65+,Prefer not to say,Scotland,Silver,2023-12-18,True,False
CUST07151,George,Kim,25-34,Male,West Midlands,Bronze,2024-05-01,True,True
CUST07152,George,Ali,45-54,Male,South West,Silver,2023-03-18,True,True
CUST07153,Freddie,Roberts,65+,Female,London,Gold,2022-02-24,False,True
CUST07154,Ava,Smith,55-64,Male,North West,Bronze,2022-01-17,True,True
CUST07155,Jacob,Thompson,55-64,Female,North West,Gold,2022-08-20,True,False
CUST07156,George,Johnson,25-34,Male,East of England,Bronze,2023-11-25,True,True
CUST07157,Sarah,Lewis,55-64,Female,Scotland,Bronze,2022-05-27,True,True
CUST07158,Mia,Hussain,65+,Female,East of England,Bronze,2024-05-23,True,True
CUST07159,David,Lee,35-44,Male,Yorkshire,Gold,2023-05-11,True,True
CUST07160,Rahul,Roberts,35-44,Male,North West,Gold,2023-04-19,True,True
CUST07161,Mohammed,Harris,18-24,Male,London,Silver,2023-06-21,True,True
CUST07162,Aisha,Wilson,55-64,Female,South East,Platinum,2023-11-20,True,True
CUST07163,Harry,Lewis,35-44,Prefer not to say,East Midlands,Silver,2022-09-19,True,True
CUST07164,James,Roberts,65+,Male,South West,Platinum,2022-03-07,False,True
CUST07165,Isabella,Davies,35-44,Prefer not to say,North West,Gold,2022-11-29,False,True
CUST07166,Daniel,Smith,55-64,Prefer not to say,South West,Bronze,2024-04-23,True,True
CUST07167,Michael,Sharma,35-44,Male,Scotland,Gold,2024-06-03,True,True
CUST07168,Thomas,Wood,35-44,Male,London,Silver,2024-03-23,True,True
CUST07169,Jacob,Smith,65+,Male,North West,Bronze,2024-01-04,False,True
CUST07170,Emily,Walker,18-24,Female,East Midlands,Bronze,2022-10-19,True,True
CUST07171,Sofia,Jackson,55-64,Male,Yorkshire,Bronze,2022-03-17,True,True
CUST07172,Aisha,Wilson,55-64,Prefer not to say,South West,Gold,2022-10-12,True,True
CUST07173,Sofia,Lee,18-24,Prefer not to say,London,Silver,2022-01-26,True,True
CUST07174,Grace,Johnson,35-44,Male,South East,Bronze,2024-06-06,False,True
CUST07175,Jack,Ali,65+,Prefer not to say,North West,Gold,2022-08-12,False,False
CUST07176,Oliver,Hussain,35-44,Male,South East,Silver,2023-12-06,True,True
CUST07177,Ava,Clark,65+,Prefer not to say,Scotland,Silver,2022-10-07,True,False
CUST07178,Isabella,Walker,25-34,Male,North East,Platinum,2022-04-27,True,False
CUST07179,Alfie,Thompson,25-34,Female,South West,Bronze,2022-07-21,True,True
CUST07180,Michael,Walker,65+,Female,North West,Silver,2023-09-24,True,True
CUST07181,Mia,Sharma,18-24,Prefer not to say,East of England,Silver,2022-11-12,True,True
CUST07182,Sofia,Lee,35-44,Female,South East,Bronze,2022-04-24,True,True
CUST07183,Olivia,White,18-24,Male,Scotland,Silver,2024-05-29,False,True
CUST07184,Ella,Harris,18-24,Female,South West,Platinum,2023-01-15,True,True
CUST07185,Olivia,Walker,45-54,Prefer not to say,South East,Gold,2022-08-10,True,True
CUST07186,Michael,Lewis,18-24,Prefer not to say,London,Silver,2023-10-26,True,True
CUST07187,Harry,Jones,35-44,Female,West Midlands,Bronze,2022-06-18,True,True
CUST07188,Thomas,Wilson,45-54,Prefer not to say,London,Silver,2023-07-04,False,True
CUST07189,Isabella,Lee,65+,Female,Wales,Silver,2022-04-21,True,False
CUST07190,Rahul,Brown,55-64,Female,London,Silver,2022-02-02,False,True
CUST07191,Isabella,Wilson,55-64,Prefer not to say,South East,Silver,2022-02-06,True,True
CUST07192,Amelia,Johnson,55-64,Female,South East,Gold,2022-08-18,True,False
CUST07193,Thomas,Chen,65+,Male,Scotland,Gold,2022-08-24,True,True
CUST07194,Noah,Sharma,65+,Prefer not to say,West Midlands,Platinum,2024-06-11,True,True
CUST07195,Amelia,Brown,25-34,Male,North West,Bronze,2023-07-26,True,True
CUST07196,Oliver,Patel,65+,Prefer not to say,London,Silver,2022-03-29,False,True
CUST07197,Aisha,Ali,25-34,Male,Wales,Bronze,2023-12-27,True,True
CUST07198,Jessica,Khan,55-64,Prefer not to say,South East,Bronze,2024-01-29,True,True
CUST07199,Ella,Martin,55-64,Male,West Midlands,Bronze,2023-01-30,True,False
CUST07200,Sarah,Robinson,25-34,Male,Scotland,Bronze,2024-05-18,True,True
CUST07201,Sofia,Khan,25-34,Male,South East,Silver,2022-04-12,True,True
CUST07202,Harry,Wilson,25-34,Prefer not to say,East of England,Silver,2023-10-23,True,True
CUST07203,James,Evans,18-24,Male,East Midlands,Bronze,2022-01-13,False,True
CUST07204,Charlie,Sharma,65+,Prefer not to say,South East,Bronze,2023-05-30,True,True
CUST07205,Isabella,Kim,18-24,Female,London,Bronze,2023-03-04,True,True
CUST07206,Isla,Ahmed,65+,Female,London,Bronze,2023-05-02,True,False
CUST07207,Sophia,Lee,65+,Male,London,Silver,2022-12-26,True,True
CUST07208,Sofia,Williams,18-24,Prefer not to say,East of England,Gold,2023-02-19,True,True
CUST07209,Freddie,Ali,18-24,Prefer not to say,South East,Silver,2022-04-04,True,True
CUST07210,Rahul,Harris,18-24,Male,South East,Silver,2022-04-09,False,True
CUST07211,Sophia,Ali,55-64,Female,South East,Bronze,2022-01-08,True,False
CUST07212,David,Ahmed,35-44,Female,South West,Gold,2024-02-02,True,True
CUST07213,Oliver,Williams,18-24,Prefer not to say,South East,Bronze,2022-10-26,True,False
CUST07214,Noah,Patel,18-24,Female,South West,Silver,2022-01-26,True,True
CUST07215,Freddie,Evans,45-54,Male,Yorkshire,Bronze,2022-04-11,True,True
CUST07216,Amelia,Jones,55-64,Male,South East,Gold,2022-06-28,True,True
CUST07217,Rahul,Ahmed,45-54,Prefer not to say,East of England,Bronze,2023-07-15,True,True
CUST07218,Jessica,Roberts,25-34,Male,Yorkshire,Silver,2022-09-03,True,True
CUST07219,Ava,Ali,65+,Male,East of England,Silver,2023-10-15,False,True
CUST07220,Rahul,Robinson,65+,Prefer not to say,South East,Gold,2024-05-16,True,True
CUST07221,Isabella,Martin,35-44,Prefer not to say,Yorkshire,Silver,2024-06-08,True,True
CUST07222,Grace,Thompson,45-54,Male,South East,Silver,2022-04-18,True,False
CUST07223,James,Jackson,55-64,Female,Yorkshire,Bronze,2022-08-29,True,True
CUST07224,Lily,Roberts,35-44,Prefer not to say,North West,Silver,2022-11-02,False,True
CUST07225,Michael,Clark,65+,Female,East Midlands,Bronze,2022-09-12,True,False
CUST07226,James,Lee,25-34,Prefer not to say,South East,Bronze,2022-01-18,True,True
CUST07227,Mohammed,Lewis,55-64,Female,South East,Silver,2023-10-05,True,True
CUST07228,Jack,Patel,45-54,Prefer not to say,South East,Bronze,2024-01-13,True,True
CUST07229,Isabella,Watson,35-44,Male,London,Bronze,2023-06-23,True,True
CUST07230,Jack,Wilson,35-44,Male,North East,Silver,2023-11-24,True,True
CUST07231,Thomas,Thompson,45-54,Prefer not to say,South East,Bronze,2022-07-26,True,True
CUST07232,Priya,Harris,55-64,Prefer not to say,London,Silver,2022-10-03,True,True
CUST07233,Rahul,Walker,35-44,Prefer not to say,East Midlands,Bronze,2023-02-09,False,True
CUST07234,Isla,Harris,55-64,Male,South West,Gold,2023-03-24,True,True
CUST07235,Jessica,Walker,65+,Prefer not to say,London,Bronze,2023-05-20,True,True
CUST07236,Mia,Walker,18-24,Prefer not to say,Wales,Platinum,2022-07-10,True,True
CUST07237,George,Williams,55-64,Male,London,Platinum,2022-06-09,True,True
CUST07238,Sarah,Walker,65+,Prefer not to say,London,Bronze,2023-05-16,False,True
CUST07239,Charlie,Khan,55-64,Female,North East,Silver,2024-03-12,False,False
CUST07240,Lily,Walker,25-34,Male,South West,Bronze,2023-03-17,True,True
CUST07241,George,Lewis,45-54,Male,North West,Silver,2023-06-30,True,True
CUST07242,Jack,Singh,35-44,Male,Wales,Bronze,2022-10-03,False,False
CUST07243,Sophia,Hussain,65+,Male,East of England,Bronze,2023-06-14,True,True
CUST07244,Michael,Lewis,35-44,Prefer not to say,East of England,Bronze,2024-05-27,True,True
CUST07245,Rahul,Jackson,55-64,Female,London,Bronze,2023-11-14,True,True
CUST07246,Harry,Johnson,18-24,Male,North East,Silver,2022-08-19,False,True
CUST07247,Daniel,Taylor,18-24,Female,South East,Bronze,2024-06-01,True,True
CUST07248,Priya,Evans,65+,Prefer not to say,London,Silver,2022-02-20,False,False
CUST07249,Noah,Harris,25-34,Female,North West,Bronze,2023-01-21,True,True
CUST07250,Sarah,Smith,35-44,Prefer not to say,Yorkshire,Bronze,2023-05-22,True,True
CUST07251,Amelia,Khan,35-44,Prefer not to say,London,Gold,2022-02-24,False,True
CUST07252,Priya,Khan,35-44,Male,South West,Silver,2023-06-23,True,True
CUST07253,George,Smith,35-44,Male,South West,Platinum,2023-05-16,False,True
CUST07254,Ava,Sharma,25-34,Female,London,Bronze,2022-08-18,True,True
CUST07255,Oliver,Jones,25-34,Female,London,Gold,2022-01-26,True,True
CUST07256,David,Ali,18-24,Female,Scotland,Platinum,2023-04-06,True,True
CUST07257,Rahul,Hussain,55-64,Female,South East,Bronze,2023-08-20,True,True
CUST07258,Grace,Lewis,18-24,Female,Wales,Bronze,2022-11-15,False,True
CUST07259,Freddie,Brown,65+,Prefer not to say,South East,Silver,2023-10-09,True,False
CUST07260,Noah,Walker,45-54,Female,London,Bronze,2023-04-30,False,True
CUST07261,George,Roberts,45-54,Male,West Midlands,Silver,2022-10-29,True,True
CUST07262,Lily,Davies,35-44,Female,West Midlands,Gold,2023-09-01,True,True
CUST07263,Ava,Walker,18-24,Prefer not to say,Scotland,Silver,2022-09-02,True,False
CUST07264,Olivia,Watson,25-34,Prefer not to say,East Midlands,Silver,2023-06-11,False,True
CUST07265,Jessica,Wood,35-44,Female,North East,Platinum,2023-09-22,False,False
CUST07266,Grace,Ali,35-44,Female,South East,Bronze,2024-04-05,True,True
CUST07267,Charlie,Davies,18-24,Male,Scotland,Bronze,2022-09-13,True,True
CUST07268,Noah,Patel,55-64,Female,Scotland,Silver,2024-06-03,True,True
CUST07269,Emily,Ali,18-24,Prefer not to say,West Midlands,Platinum,2024-03-27,True,True
CUST07270,Charlie,Brown,25-34,Prefer not to say,East Midlands,Silver,2023-01-16,True,True
CUST07271,Grace,Singh,45-54,Male,London,Silver,2022-09-28,True,True
CUST07272,Noah,Robinson,25-34,Female,East of England,Gold,2024-05-03,True,True
CUST07273,Grace,Davies,35-44,Male,Scotland,Bronze,2022-04-12,False,False
CUST07274,Aisha,Watson,35-44,Prefer not to say,London,Platinum,2023-12-27,True,True
CUST07275,James,Brown,45-54,Female,West Midlands,Bronze,2022-07-18,False,True
CUST07276,Noah,Singh,65+,Prefer not to say,London,Bronze,2023-04-05,True,True
CUST07277,Noah,Kim,25-34,Prefer not to say,South West,Bronze,2023-11-20,True,True
CUST07278,Sarah,Davies,35-44,Female,North East,Bronze,2022-04-27,True,True
CUST07279,Grace,Clark,25-34,Male,East Midlands,Silver,2022-05-09,True,True
CUST07280,Grace,Evans,55-64,Prefer not to say,London,Bronze,2022-10-16,True,True
CUST07281,Mia,Smith,65+,Prefer not to say,East Midlands,Gold,2022-11-29,True,True
CUST07282,David,Khan,65+,Male,West Midlands,Silver,2024-06-15,False,True
CUST07283,Thomas,Clark,65+,Prefer not to say,West Midlands,Bronze,2024-03-23,True,True
CUST07284,Oliver,Ahmed,55-64,Prefer not to say,London,Bronze,2023-05-27,True,True
CUST07285,Jacob,Lee,45-54,Male,South West,Bronze,2023-11-29,False,True
CUST07286,Thomas,Lee,45-54,Prefer not to say,East of England,Bronze,2023-08-13,False,True
CUST07287,Isla,Singh,25-34,Prefer not to say,East of England,Silver,2022-01-24,True,True
CUST07288,Aisha,Jackson,65+,Male,West Midlands,Platinum,2022-03-09,False,True
CUST07289,Aisha,Davies,18-24,Prefer not to say,East Midlands,Bronze,2023-08-23,False,True
CUST07290,Michael,Sharma,25-34,Female,East of England,Bronze,2024-02-27,True,True
CUST07291,Daniel,Chen,45-54,Female,East of England,Bronze,2022-09-16,False,True
CUST07292,Oliver,Thomas,25-34,Male,Wales,Platinum,2022-10-25,True,False
CUST07293,Sofia,Walker,55-64,Prefer not to say,Yorkshire,Bronze,2023-12-04,True,True
CUST07294,Priya,Ahmed,18-24,Male,London,Silver,2022-08-14,True,True
CUST07295,Freddie,Johnson,65+,Female,North East,Platinum,2023-10-03,True,True
CUST07296,Jessica,Walker,18-24,Male,East of England,Gold,2024-02-18,False,True
CUST07297,Jack,Watson,18-24,Prefer not to say,South West,Silver,2024-04-24,True,True
CUST07298,Freddie,Johnson,25-34,Female,North West,Silver,2023-03-09,True,True
CUST07299,Olivia,Wilson,18-24,Prefer not to say,East Midlands,Gold,2023-03-13,True,True
CUST07300,Alfie,Kim,25-34,Male,South West,Silver,2023-04-01,True,False
CUST07301,James,Singh,55-64,Female,London,Bronze,2023-10-26,False,True
CUST07302,Sarah,White,35-44,Prefer not to say,North East,Platinum,2022-09-05,True,True
CUST07303,Alfie,White,55-64,Male,North West,Gold,2023-02-15,True,True
CUST07304,Emily,Sharma,25-34,Prefer not to say,South East,Bronze,2023-08-16,True,False
CUST07305,Thomas,Robinson,45-54,Prefer not to say,West Midlands,Gold,2022-03-13,True,True
CUST07306,Jessica,Roberts,18-24,Male,West Midlands,Silver,2024-02-13,True,False
CUST07307,Jessica,Sharma,18-24,Prefer not to say,Scotland,Bronze,2023-08-16,True,False
CUST07308,Olivia,Harris,65+,Male,Wales,Bronze,2022-11-20,True,True
CUST07309,Ava,Roberts,18-24,Male,North East,Platinum,2022-05-10,False,True
CUST07310,Harry,Williams,55-64,Male,Wales,Bronze,2022-09-28,True,True
CUST07311,Ava,Evans,65+,Prefer not to say,North West,Platinum,2022-01-25,True,True
CUST07312,Isla,Jones,45-54,Male,South East,Silver,2022-10-13,True,False
CUST07313,Lily,Patel,18-24,Prefer not to say,London,Silver,2022-12-05,True,True
CUST07314,Daniel,Singh,55-64,Male,East Midlands,Silver,2023-09-06,True,True
CUST07315,Sophia,Roberts,25-34,Male,London,Silver,2023-03-26,True,True
CUST07316,James,Harris,45-54,Female,Scotland,Bronze,2022-12-09,False,True
CUST07317,Rahul,Harris,18-24,Female,South West,Bronze,2023-02-01,True,True
CUST07318,Noah,Brown,45-54,Prefer not to say,London,Bronze,2022-01-27,True,True
CUST07319,Charlie,Evans,65+,Female,London,Bronze,2022-04-28,True,True
CUST07320,Daniel,Johnson,45-54,Prefer not to say,London,Bronze,2024-04-15,True,True
CUST07321,Oliver,Johnson,18-24,Female,London,Gold,2024-01-19,True,True
CUST07322,Alfie,Watson,35-44,Male,London,Bronze,2023-08-29,True,True
CUST07323,Thomas,Ali,35-44,Male,Scotland,Gold,2022-12-19,True,True
CUST07324,Amelia,Watson,45-54,Male,North West,Silver,2023-05-19,True,True
CUST07325,Michael,Williams,45-54,Male,South East,Bronze,2023-07-23,True,True
CUST07326,Grace,Patel,45-54,Male,East Midlands,Bronze,2022-10-16,False,True
CUST07327,Grace,Roberts,65+,Male,South East,Platinum,2022-07-24,True,True
CUST07328,George,Wood,45-54,Prefer not to say,South West,Bronze,2023-04-20,True,False
CUST07329,Michael,Taylor,25-34,Prefer not to say,North West,Gold,2022-01-11,True,True
CUST07330,Mia,White,25-34,Female,East of England,Bronze,2022-04-28,True,True
CUST07331,Alfie,Thomas,25-34,Female,West Midlands,Gold,2023-08-06,True,True
CUST07332,Jack,Jones,35-44,Prefer not to say,North East,Silver,2022-10-25,True,False
CUST07333,Jacob,Watson,25-34,Prefer not to say,South East,Gold,2022-09-27,True,True
CUST07334,Daniel,Robinson,55-64,Female,London,Silver,2023-02-23,True,True
CUST07335,Sofia,Robinson,25-34,Female,Scotland,Silver,2022-02-15,False,True
CUST07336,David,Martin,45-54,Female,South East,Bronze,2023-09-04,False,True
CUST07337,Jessica,White,55-64,Prefer not to say,London,Bronze,2023-02-11,True,True
CUST07338,Ella,Smith,25-34,Male,South East,Bronze,2023-08-22,True,True
CUST07339,Sophia,Patel,25-34,Prefer not to say,London,Silver,2023-12-20,True,True
CUST07340,Jacob,Harris,45-54,Male,London,Bronze,2022-05-17,True,True
CUST07341,Harry,Taylor,35-44,Prefer not to say,London,Silver,2023-09-28,True,True
CUST07342,Grace,Khan,55-64,Male,South East,Silver,2022-03-19,True,True
CUST07343,Ava,Ahmed,55-64,Male,London,Silver,2022-12-28,True,True
CUST07344,Oliver,Taylor,45-54,Female,London,Gold,2022-04-04,True,True
CUST07345,Mohammed,Watson,35-44,Male,London,Bronze,2022-08-05,True,True
CUST07346,Lily,Lewis,65+,Male,West Midlands,Bronze,2024-01-13,True,True
CUST07347,Isla,Evans,25-34,Prefer not to say,North West,Bronze,2022-01-03,True,True
CUST07348,Rahul,Lewis,35-44,Male,East Midlands,Bronze,2024-05-15,False,True
CUST07349,Ava,Ali,18-24,Male,East Midlands,Bronze,2022-11-27,False,True
CUST07350,Alfie,Williams,65+,Male,London,Bronze,2022-07-29,True,True
CUST07351,Grace,Watson,65+,Prefer not to say,West Midlands,Silver,2024-06-16,True,False
CUST07352,Emily,Clark,18-24,Female,North West,Platinum,2023-11-02,True,False
CUST07353,Grace,Chen,55-64,Female,Scotland,Bronze,2022-04-12,True,True
CUST07354,James,Lewis,18-24,Female,London,Gold,2023-05-05,True,True
CUST07355,Ava,Singh,35-44,Prefer not to say,East Midlands,Bronze,2024-06-04,False,True
CUST07356,Charlie,Roberts,18-24,Male,North West,Gold,2022-07-23,True,False
CUST07357,Amelia,Harris,25-34,Female,Yorkshire,Bronze,2024-05-29,False,True
CUST07358,Jacob,Walker,65+,Female,Wales,Bronze,2023-09-12,True,True
CUST07359,Sophia,Smith,45-54,Male,London,Platinum,2024-05-30,False,True
CUST07360,Alfie,Smith,35-44,Prefer not to say,Wales,Bronze,2023-12-14,True,True
CUST07361,Rahul,Wood,55-64,Male,South West,Bronze,2023-04-08,False,True
CUST07362,Isla,Walker,35-44,Male,London,Silver,2022-04-22,False,False
CUST07363,George,Kim,35-44,Male,East of England,Silver,2022-10-09,False,True
CUST07364,Rahul,Roberts,35-44,Female,South East,Silver,2023-01-31,False,True
CUST07365,Sofia,Davies,25-34,Male,North East,Silver,2024-05-29,False,True
CUST07366,James,Hussain,25-34,Male,Yorkshire,Silver,2022-12-13,False,False
CUST07367,Sophia,Martin,45-54,Male,South West,Bronze,2023-08-03,True,True
CUST07368,Daniel,Lewis,65+,Prefer not to say,South West,Bronze,2022-08-07,False,True
CUST07369,Oliver,Wilson,65+,Male,London,Bronze,2023-05-17,True,True
CUST07370,Isla,Wood,55-64,Female,London,Bronze,2024-03-28,True,True
CUST07371,Freddie,Wilson,35-44,Female,South East,Silver,2024-02-03,False,True
CUST07372,Amelia,Ahmed,35-44,Female,East of England,Gold,2022-02-25,False,True
CUST07373,Ava,Thompson,35-44,Female,East of England,Platinum,2022-03-22,True,True
CUST07374,Grace,Thomas,25-34,Female,Yorkshire,Bronze,2024-02-03,True,True
CUST07375,Isabella,Wood,65+,Prefer not to say,South West,Bronze,2023-08-30,True,False
CUST07376,Freddie,Wood,55-64,Male,East Midlands,Silver,2022-07-21,False,False
CUST07377,Sarah,Watson,35-44,Female,North West,Bronze,2024-02-02,True,False
CUST07378,Jacob,Chen,55-64,Female,South East,Bronze,2023-11-11,True,False
CUST07379,Amelia,Chen,35-44,Female,Wales,Bronze,2022-04-27,True,True
CUST07380,Priya,Davies,65+,Male,West Midlands,Silver,2022-05-08,True,False
CUST07381,Daniel,Harris,35-44,Prefer not to say,South West,Bronze,2022-08-21,True,True
CUST07382,Grace,Harris,18-24,Prefer not to say,Yorkshire,Gold,2023-05-30,False,True
CUST07383,Amelia,Walker,18-24,Prefer not to say,East Midlands,Bronze,2022-01-02,False,True
CUST07384,Alfie,White,65+,Female,North East,Bronze,2022-12-28,False,False
CUST07385,Oliver,White,35-44,Female,West Midlands,Bronze,2023-10-17,True,False
CUST07386,Rahul,Wilson,25-34,Male,West Midlands,Silver,2024-06-06,False,False
CUST07387,Lily,Kim,35-44,Female,Yorkshire,Silver,2024-02-09,False,True
CUST07388,Ava,Hussain,18-24,Female,East of England,Silver,2024-05-22,True,False
CUST07389,Jacob,Johnson,35-44,Male,South West,Silver,2024-02-21,True,True
CUST07390,James,Wood,35-44,Prefer not to say,London,Bronze,2022-05-21,False,False
CUST07391,Aisha,Davies,55-64,Prefer not to say,Scotland,Silver,2023-09-27,True,True
CUST07392,Harry,Singh,35-44,Prefer not to say,East Midlands,Bronze,2022-09-28,True,True
CUST07393,Mohammed,Patel,25-34,Male,East Midlands,Silver,2024-03-20,False,True
CUST07394,Rahul,Jackson,35-44,Prefer not to say,North West,Gold,2022-07-06,True,True
CUST07395,Harry,Martin,35-44,Prefer not to say,Wales,Silver,2024-05-11,False,False
CUST07396,Jacob,Lewis,55-64,Prefer not to say,West Midlands,Gold,2024-05-10,False,True
CUST07397,Rahul,Thompson,45-54,Male,North West,Bronze,2022-09-12,True,True
CUST07398,James,Brown,45-54,Male,East Midlands,Gold,2022-02-22,True,False
CUST07399,Sarah,Lee,25-34,Male,East Midlands,Bronze,2022-12-31,True,True
CUST07400,Alfie,Brown,35-44,Prefer not to say,South West,Gold,2023-02-28,False,True
CUST07401,Sofia,Robinson,45-54,Female,North West,Bronze,2023-07-25,True,True
CUST07402,Isabella,Lee,65+,Prefer not to say,London,Bronze,2023-02-07,False,False
CUST07403,David,Clark,55-64,Female,North East,Bronze,2023-11-29,True,False
CUST07404,Emily,Clark,55-64,Female,London,Silver,2022-03-10,False,True
CUST07405,Jessica,Johnson,45-54,Female,North East,Bronze,2022-05-07,True,False
CUST07406,James,Singh,55-64,Prefer not to say,London,Silver,2022-04-03,True,False
CUST07407,Noah,Hussain,18-24,Prefer not to say,East Midlands,Silver,2023-01-17,False,True
CUST07408,Oliver,Hussain,18-24,Female,South East,Silver,2022-01-16,True,True
CUST07409,Sarah,Brown,65+,Male,West Midlands,Bronze,2023-12-10,True,False
CUST07410,Charlie,Martin,35-44,Prefer not to say,South East,Gold,2022-04-19,True,True
CUST07411,Alfie,Kim,55-64,Prefer not to say,Yorkshire,Bronze,2024-03-21,True,True
CUST07412,Mia,Jones,55-64,Prefer not to say,North East,Silver,2022-04-28,True,True
CUST07413,Thomas,Martin,65+,Prefer not to say,North West,Bronze,2024-02-26,True,True
CUST07414,Ava,White,35-44,Male,North West,Silver,2024-02-13,False,True
CUST07415,Sarah,Brown,65+,Male,East of England,Platinum,2024-03-27,False,True
CUST07416,James,Taylor,45-54,Male,South West,Gold,2023-04-24,True,True
CUST07417,Oliver,Patel,18-24,Male,East Midlands,Bronze,2022-10-24,True,True
CUST07418,Charlie,Jackson,65+,Female,London,Silver,2023-12-16,True,True
CUST07419,Isla,Martin,25-34,Male,East of England,Silver,2023-06-13,True,True
CUST07420,Priya,Johnson,25-34,Female,West Midlands,Bronze,2022-12-26,True,False
CUST07421,Grace,Evans,25-34,Female,Yorkshire,Silver,2022-03-22,False,True
CUST07422,Mia,Martin,65+,Male,East of England,Silver,2023-12-14,False,True
CUST07423,Mohammed,Chen,18-24,Prefer not to say,Scotland,Platinum,2023-07-14,True,True
CUST07424,Ella,Kim,18-24,Prefer not to say,North West,Gold,2023-02-20,True,True
CUST07425,Thomas,Clark,55-64,Male,London,Silver,2023-11-13,True,False
CUST07426,Sophia,Robinson,18-24,Female,West Midlands,Silver,2024-04-18,True,True
CUST07427,Sophia,White,55-64,Prefer not to say,Yorkshire,Silver,2024-04-30,True,True
CUST07428,Jack,Hussain,45-54,Male,North West,Gold,2022-08-28,False,False
CUST07429,Harry,Roberts,55-64,Female,London,Bronze,2023-12-05,True,True
CUST07430,Emily,Brown,18-24,Prefer not to say,London,Gold,2023-04-01,True,True
CUST07431,Mia,Hussain,55-64,Male,London,Bronze,2024-02-13,False,True
CUST07432,Ella,Watson,65+,Female,South East,Gold,2023-11-02,True,True
CUST07433,Alfie,Patel,45-54,Female,London,Platinum,2024-05-13,True,True
CUST07434,Aisha,Brown,18-24,Male,East Midlands,Bronze,2024-03-15,True,True
CUST07435,Alfie,Brown,45-54,Female,South East,Bronze,2024-02-14,False,True
CUST07436,James,Smith,18-24,Prefer not to say,Wales,Silver,2024-06-18,False,True
CUST07437,Charlie,Harris,25-34,Female,North East,Bronze,2022-11-02,True,True
CUST07438,Thomas,Walker,18-24,Female,East Midlands,Bronze,2022-11-30,True,True
CUST07439,Michael,Walker,25-34,Female,South West,Gold,2024-01-09,True,True
CUST07440,Harry,Thompson,45-54,Female,East of England,Bronze,2023-09-15,True,True
CUST07441,Mohammed,Walker,45-54,Prefer not to say,South East,Gold,2024-04-17,True,True
CUST07442,Mohammed,Wilson,65+,Female,West Midlands,Silver,2023-07-11,True,True
CUST07443,Michael,White,45-54,Female,London,Silver,2022-01-21,True,True
CUST07444,Freddie,Evans,65+,Male,South West,Gold,2023-06-01,True,True
CUST07445,Rahul,Martin,55-64,Prefer not to say,West Midlands,Silver,2024-02-25,True,True
CUST07446,Mia,Kim,45-54,Female,East Midlands,Platinum,2023-01-13,False,True
CUST07447,Rahul,Watson,55-64,Female,South West,Gold,2022-05-15,False,True
CUST07448,Sarah,Robinson,45-54,Male,London,Bronze,2022-06-30,False,True
CUST07449,Jacob,Khan,65+,Female,London,Bronze,2022-06-09,False,True
CUST07450,Amelia,Hussain,25-34,Female,London,Silver,2024-02-26,True,True
CUST07451,Olivia,Khan,55-64,Female,Yorkshire,Bronze,2022-09-29,False,False
CUST07452,Daniel,Clark,55-64,Prefer not to say,East Midlands,Gold,2023-10-08,True,True
CUST07453,Mia,Walker,65+,Male,Scotland,Bronze,2022-03-20,True,True
CUST07454,Ava,Harris,65+,Prefer not to say,Yorkshire,Bronze,2022-11-30,True,True
CUST07455,Lily,Chen,25-34,Female,London,Gold,2022-10-18,True,False
CUST07456,Daniel,Robinson,18-24,Female,Yorkshire,Silver,2022-04-09,False,True
CUST07457,Charlie,Sharma,18-24,Male,London,Bronze,2022-10-22,True,True
CUST07458,Jessica,Watson,25-34,Male,London,Gold,2024-05-06,False,True
CUST07459,Daniel,Jones,35-44,Prefer not to say,Yorkshire,Bronze,2023-11-21,True,True
CUST07460,Alfie,Evans,65+,Female,London,Gold,2022-01-07,True,True
CUST07461,Ella,Roberts,18-24,Female,South East,Bronze,2022-05-25,False,False
CUST07462,Freddie,Ali,55-64,Female,Yorkshire,Gold,2022-05-30,False,True
CUST07463,Mohammed,Lee,18-24,Male,Yorkshire,Silver,2023-09-27,True,True
CUST07464,Mohammed,Watson,55-64,Male,Yorkshire,Silver,2024-03-18,True,True
CUST07465,Olivia,Wilson,25-34,Female,London,Silver,2023-05-24,True,True
CUST07466,Sarah,Wilson,55-64,Female,East of England,Silver,2022-04-05,False,True
CUST07467,Sarah,Thomas,18-24,Male,Yorkshire,Bronze,2024-05-28,True,False
CUST07468,Noah,Thompson,25-34,Male,West Midlands,Silver,2023-04-19,False,True
CUST07469,Noah,Wood,18-24,Male,South East,Platinum,2023-07-22,True,False
CUST07470,Freddie,Singh,65+,Female,East Midlands,Silver,2024-06-18,True,False
CUST07471,Isabella,Smith,35-44,Prefer not to say,North West,Bronze,2023-10-21,False,True
CUST07472,Grace,Smith,35-44,Female,South West,Bronze,2022-06-19,True,True
CUST07473,George,Patel,65+,Prefer not to say,North West,Gold,2023-12-04,True,True
CUST07474,Freddie,Lee,35-44,Male,Wales,Platinum,2022-07-27,True,True
CUST07475,George,Brown,55-64,Female,East Midlands,Gold,2022-01-18,True,True
CUST07476,Isla,Ali,65+,Male,London,Bronze,2022-11-05,True,True
CUST07477,Sofia,Evans,55-64,Prefer not to say,West Midlands,Bronze,2023-11-07,True,True
CUST07478,Olivia,Brown,25-34,Male,North West,Gold,2024-01-02,True,True
CUST07479,David,Robinson,18-24,Male,West Midlands,Bronze,2022-08-06,True,True
CUST07480,Jessica,Patel,45-54,Male,East of England,Platinum,2024-04-16,True,True
CUST07481,Grace,Evans,18-24,Prefer not to say,East Midlands,Bronze,2024-01-30,True,True
CUST07482,Aisha,Watson,65+,Male,London,Bronze,2022-05-10,True,True
CUST07483,Isabella,Jones,55-64,Prefer not to say,North West,Platinum,2022-07-17,True,True
CUST07484,Alfie,Singh,35-44,Female,Scotland,Silver,2024-01-02,True,True
CUST07485,Aisha,Brown,35-44,Male,North East,Gold,2022-06-23,True,True
CUST07486,Thomas,Evans,25-34,Male,Yorkshire,Gold,2022-11-19,True,True
CUST07487,Charlie,Wood,18-24,Male,London,Silver,2023-03-14,True,True
CUST07488,Emily,Hussain,65+,Prefer not to say,West Midlands,Silver,2022-07-31,True,False
CUST07489,Rahul,Lewis,65+,Male,London,Bronze,2024-01-30,True,True
CUST07490,Ava,Taylor,55-64,Female,East Midlands,Bronze,2022-01-31,True,True
CUST07491,George,Walker,55-64,Prefer not to say,East Midlands,Silver,2023-09-08,False,False
CUST07492,Olivia,Jones,55-64,Male,East Midlands,Bronze,2022-01-22,True,True
CUST07493,Isabella,Robinson,35-44,Prefer not to say,North West,Gold,2022-09-30,False,True
CUST07494,Isabella,Singh,55-64,Prefer not to say,East Midlands,Bronze,2023-07-10,False,True
CUST07495,Thomas,Williams,45-54,Female,East Midlands,Silver,2024-04-19,True,True
CUST07496,Sophia,Watson,25-34,Male,West Midlands,Platinum,2023-03-05,False,True
CUST07497,Oliver,Lewis,65+,Female,London,Bronze,2022-10-07,True,True
CUST07498,Sophia,Roberts,25-34,Prefer not to say,South East,Silver,2023-01-17,True,True
CUST07499,Sofia,Robinson,45-54,Male,West Midlands,Silver,2023-04-20,True,True
CUST07500,Daniel,Patel,55-64,Female,South West,Silver,2023-09-30,True,True
CUST07501,Isabella,Watson,55-64,Female,North East,Platinum,2024-03-09,True,True
CUST07502,Isla,Lewis,45-54,Male,London,Bronze,2023-04-11,False,True
CUST07503,George,Brown,45-54,Female,Wales,Gold,2023-11-17,False,True
CUST07504,Grace,Harris,65+,Female,South West,Silver,2022-03-30,True,False
CUST07505,Priya,Hussain,18-24,Male,East of England,Bronze,2022-03-02,True,True
CUST07506,Amelia,Johnson,65+,Male,North West,Bronze,2022-01-15,False,True
CUST07507,Aisha,Patel,25-34,Male,North East,Silver,2022-12-26,True,True
CUST07508,Lily,Jackson,25-34,Female,London,Silver,2023-11-19,True,True
CUST07509,Daniel,Brown,55-64,Male,East of England,Bronze,2023-12-21,True,True
CUST07510,Alfie,Lee,65+,Male,North West,Silver,2023-06-20,True,True
CUST07511,Sarah,Wood,65+,Male,South East,Bronze,2023-06-04,True,True
CUST07512,Thomas,Kim,35-44,Male,London,Platinum,2022-10-09,False,True
CUST07513,Aisha,Jones,18-24,Prefer not to say,Wales,Gold,2022-12-13,True,True
CUST07514,Grace,Wood,65+,Male,Wales,Silver,2024-03-04,True,False
CUST07515,Grace,Lee,65+,Male,London,Platinum,2023-05-14,True,True
CUST07516,Oliver,Roberts,45-54,Male,North West,Bronze,2022-09-21,True,True
CUST07517,Mohammed,Roberts,45-54,Male,North East,Bronze,2024-05-14,True,True
CUST07518,Aisha,Hussain,45-54,Prefer not to say,West Midlands,Bronze,2023-12-21,True,False
CUST07519,Grace,Thomas,18-24,Prefer not to say,West Midlands,Bronze,2023-01-16,False,True
CUST07520,Amelia,Hussain,25-34,Female,South East,Bronze,2023-06-07,True,True
CUST07521,Noah,Jackson,55-64,Female,North West,Bronze,2023-07-13,True,True
CUST07522,Alfie,Ahmed,18-24,Prefer not to say,South East,Gold,2022-03-18,True,True
CUST07523,Jacob,Watson,55-64,Male,Yorkshire,Silver,2024-02-08,True,True
CUST07524,Mia,Watson,25-34,Prefer not to say,South East,Bronze,2023-12-17,False,True
CUST07525,Daniel,Walker,35-44,Female,East of England,Bronze,2023-06-29,False,True
CUST07526,Jacob,Harris,65+,Female,London,Bronze,2023-04-17,False,True
CUST07527,Jacob,Jones,45-54,Male,London,Bronze,2022-07-26,False,True
CUST07528,Freddie,Evans,35-44,Female,South East,Gold,2023-12-02,True,False
CUST07529,Isabella,Kim,45-54,Prefer not to say,Yorkshire,Bronze,2023-03-26,True,True
CUST07530,Aisha,Chen,18-24,Male,South West,Bronze,2023-12-19,True,True
CUST07531,Harry,Khan,25-34,Male,North East,Silver,2024-02-10,True,True
CUST07532,Grace,Williams,18-24,Female,London,Gold,2022-09-24,False,True
CUST07533,Aisha,Ahmed,45-54,Prefer not to say,London,Silver,2023-06-17,False,True
CUST07534,Sofia,Kim,55-64,Male,North West,Silver,2023-11-07,True,True
CUST07535,Isla,Ali,65+,Prefer not to say,London,Gold,2023-07-05,False,True
CUST07536,Harry,Sharma,65+,Prefer not to say,Scotland,Platinum,2023-09-04,True,True
CUST07537,Isabella,Thompson,55-64,Male,North West,Bronze,2023-05-27,True,True
CUST07538,Ella,Smith,55-64,Prefer not to say,London,Silver,2022-05-14,True,True
CUST07539,Sofia,White,45-54,Female,South East,Bronze,2023-12-25,True,True
CUST07540,Amelia,Roberts,65+,Prefer not to say,South East,Bronze,2022-07-17,False,True
CUST07541,Grace,Smith,35-44,Prefer not to say,South East,Silver,2023-06-19,True,True
CUST07542,Freddie,Wood,35-44,Male,West Midlands,Gold,2022-05-11,True,False
CUST07543,Amelia,Jackson,25-34,Prefer not to say,East of England,Silver,2024-06-04,True,True
CUST07544,David,Lewis,65+,Female,East Midlands,Silver,2024-01-08,True,False
CUST07545,Daniel,Chen,35-44,Female,South East,Silver,2024-03-12,True,True
CUST07546,Mohammed,Evans,25-34,Male,London,Bronze,2023-04-22,True,True
CUST07547,Jack,Clark,45-54,Male,London,Bronze,2023-11-27,True,True
CUST07548,Mia,Johnson,65+,Prefer not to say,London,Gold,2022-02-06,True,True
CUST07549,Oliver,Taylor,45-54,Prefer not to say,South East,Silver,2024-06-16,False,True
CUST07550,Mia,Singh,35-44,Female,London,Silver,2022-06-01,True,True
CUST07551,James,Williams,65+,Prefer not to say,Yorkshire,Bronze,2024-06-06,True,True
CUST07552,Ella,Wilson,25-34,Male,West Midlands,Gold,2022-11-03,True,True
CUST07553,Michael,Taylor,35-44,Male,East Midlands,Bronze,2022-11-22,True,True
CUST07554,Ella,Evans,35-44,Male,Scotland,Bronze,2023-01-27,True,True
CUST07555,Jacob,Wood,65+,Prefer not to say,North West,Silver,2022-10-22,True,True
CUST07556,Alfie,Thompson,25-34,Male,North West,Bronze,2022-01-27,True,True
CUST07557,Alfie,Martin,55-64,Male,South East,Bronze,2023-08-15,True,True
CUST07558,Alfie,Evans,65+,Female,North West,Gold,2022-06-26,True,True
CUST07559,Jack,Davies,55-64,Prefer not to say,South East,Silver,2022-04-06,True,True
CUST07560,Sarah,Harris,65+,Male,North West,Gold,2023-09-18,True,True
CUST07561,Isabella,Martin,18-24,Prefer not to say,West Midlands,Silver,2023-10-31,True,True
CUST07562,David,Davies,45-54,Female,South East,Silver,2023-08-08,True,True
CUST07563,Ava,Wilson,45-54,Prefer not to say,South West,Bronze,2022-10-10,True,True
CUST07564,Lily,Thomas,18-24,Female,South East,Bronze,2022-01-02,True,True
CUST07565,Oliver,Walker,65+,Male,Yorkshire,Bronze,2022-01-31,True,True
CUST07566,Ava,Ahmed,25-34,Female,Wales,Silver,2023-12-08,True,True
CUST07567,Mohammed,Ali,35-44,Female,West Midlands,Silver,2023-10-15,True,False
CUST07568,Jessica,Brown,25-34,Female,North West,Platinum,2023-03-12,True,True
CUST07569,Oliver,Evans,25-34,Male,South East,Silver,2023-12-24,True,True
CUST07570,Isabella,Johnson,35-44,Prefer not to say,East Midlands,Gold,2022-07-26,False,True
CUST07571,Daniel,Lee,55-64,Prefer not to say,East of England,Silver,2022-01-17,False,False
CUST07572,Amelia,Taylor,65+,Prefer not to say,Scotland,Bronze,2023-08-12,True,True
CUST07573,Grace,Williams,35-44,Male,London,Gold,2022-12-19,False,False
CUST07574,Sophia,Martin,65+,Male,London,Gold,2024-03-15,True,True
CUST07575,Sophia,Wilson,55-64,Male,South West,Bronze,2024-03-27,True,True
CUST07576,George,Jackson,45-54,Male,South East,Silver,2023-07-17,True,True
CUST07577,Charlie,Hussain,25-34,Prefer not to say,London,Bronze,2023-04-18,True,True
CUST07578,Mia,Watson,35-44,Male,London,Bronze,2022-09-07,True,True
CUST07579,Alfie,Chen,55-64,Female,East of England,Silver,2023-10-15,True,True
CUST07580,Amelia,Taylor,55-64,Female,West Midlands,Bronze,2023-12-31,True,True
CUST07581,James,Walker,35-44,Female,London,Silver,2022-12-13,True,True
CUST07582,Rahul,Davies,55-64,Female,Yorkshire,Silver,2024-01-22,True,False
CUST07583,Grace,Harris,65+,Prefer not to say,East Midlands,Gold,2022-09-15,True,True
CUST07584,Rahul,Watson,35-44,Female,South East,Silver,2022-01-18,True,True
CUST07585,George,Evans,45-54,Prefer not to say,East Midlands,Bronze,2022-08-04,True,False
CUST07586,Amelia,Thompson,25-34,Prefer not to say,West Midlands,Bronze,2022-05-15,False,False
CUST07587,Freddie,Kim,55-64,Female,Yorkshire,Bronze,2022-10-31,True,True
CUST07588,Aisha,Jones,55-64,Female,Wales,Silver,2022-11-25,False,True
CUST07589,Thomas,Walker,55-64,Prefer not to say,North West,Silver,2022-03-10,True,True
CUST07590,Aisha,Johnson,35-44,Male,London,Bronze,2024-01-09,True,True
CUST07591,Charlie,Davies,45-54,Female,South East,Gold,2022-09-08,True,True
CUST07592,Thomas,Wood,18-24,Male,Scotland,Bronze,2023-10-07,True,True
CUST07593,Harry,Davies,35-44,Female,North West,Bronze,2023-08-18,True,False
CUST07594,Aisha,Khan,55-64,Female,North West,Bronze,2024-02-14,False,False
CUST07595,Ava,Clark,55-64,Male,West Midlands,Bronze,2023-03-30,False,True
CUST07596,Sarah,Ahmed,35-44,Prefer not to say,London,Bronze,2023-01-13,False,False
CUST07597,Emily,Khan,35-44,Female,South West,Bronze,2023-01-08,True,True
CUST07598,Aisha,Khan,18-24,Female,London,Bronze,2023-01-02,False,True
CUST07599,Mia,Lewis,35-44,Prefer not to say,West Midlands,Gold,2023-02-04,True,True
CUST07600,Thomas,Lewis,55-64,Female,London,Bronze,2022-07-25,True,False
CUST07601,Grace,Kim,45-54,Prefer not to say,South East,Silver,2023-09-05,True,True
CUST07602,Emily,Taylor,18-24,Male,Scotland,Platinum,2022-09-11,False,True
CUST07603,Harry,Singh,25-34,Female,Yorkshire,Bronze,2024-03-02,True,True
CUST07604,Charlie,Lee,65+,Prefer not to say,North West,Silver,2023-07-15,True,True
CUST07605,Jack,Khan,18-24,Prefer not to say,North West,Bronze,2023-07-08,False,True
CUST07606,Rahul,Kim,45-54,Female,South West,Gold,2023-06-20,True,False
CUST07607,Isla,Johnson,35-44,Male,East of England,Bronze,2024-06-16,True,True
CUST07608,Freddie,Davies,45-54,Male,South West,Silver,2022-04-11,True,False
CUST07609,David,Wood,55-64,Male,South West,Silver,2023-03-05,True,False
CUST07610,Michael,Sharma,25-34,Prefer not to say,London,Bronze,2022-06-12,False,True
CUST07611,David,Lee,45-54,Female,West Midlands,Silver,2022-09-23,False,True
CUST07612,Sophia,Jones,25-34,Male,South West,Platinum,2023-03-03,True,True
CUST07613,Sophia,Clark,65+,Female,London,Silver,2022-09-19,True,True
CUST07614,Amelia,Lee,18-24,Female,North West,Silver,2022-10-05,True,True
CUST07615,Sarah,Brown,55-64,Male,London,Silver,2022-12-15,True,True
CUST07616,Mia,Thompson,65+,Male,South East,Gold,2022-01-13,False,True
CUST07617,Isabella,Williams,55-64,Female,London,Silver,2022-07-17,False,True
CUST07618,Daniel,Lewis,35-44,Prefer not to say,East Midlands,Silver,2023-08-06,False,True
CUST07619,George,Williams,25-34,Male,Scotland,Gold,2022-03-30,False,False
CUST07620,Sofia,Robinson,55-64,Prefer not to say,West Midlands,Bronze,2023-06-25,True,True
CUST07621,Ella,Evans,45-54,Male,South West,Silver,2022-10-31,True,True
CUST07622,Daniel,Walker,35-44,Female,East of England,Bronze,2022-01-04,False,True
CUST07623,James,Jackson,55-64,Male,East of England,Gold,2024-04-08,True,False
CUST07624,Sophia,Sharma,35-44,Prefer not to say,Yorkshire,Bronze,2023-05-05,True,True
CUST07625,Isabella,Ahmed,18-24,Male,East of England,Silver,2024-02-21,True,True
CUST07626,Mia,Clark,65+,Female,Yorkshire,Gold,2023-12-06,True,True
CUST07627,Oliver,Clark,65+,Female,North East,Bronze,2023-07-09,True,False
CUST07628,Mohammed,Thomas,45-54,Male,Yorkshire,Silver,2023-08-29,False,True
CUST07629,Grace,Singh,65+,Prefer not to say,South West,Bronze,2022-06-24,True,True
CUST07630,Alfie,Davies,45-54,Male,North West,Silver,2022-04-24,False,True
CUST07631,David,Thompson,25-34,Male,Wales,Silver,2022-04-02,True,True
CUST07632,Isabella,Khan,55-64,Prefer not to say,South East,Bronze,2023-10-07,True,True
CUST07633,Harry,Thompson,35-44,Male,London,Gold,2022-12-04,True,True
CUST07634,Mohammed,Khan,25-34,Male,North West,Bronze,2022-07-25,True,True
CUST07635,Noah,Lewis,18-24,Female,East of England,Silver,2023-04-03,True,True
CUST07636,Thomas,Smith,45-54,Prefer not to say,London,Silver,2023-07-02,True,True
CUST07637,Jessica,Williams,25-34,Female,South West,Bronze,2023-11-11,True,False
CUST07638,Jacob,Taylor,45-54,Female,West Midlands,Silver,2022-08-27,False,True
CUST07639,Sofia,Williams,55-64,Prefer not to say,South West,Bronze,2024-02-24,True,True
CUST07640,Mia,Watson,35-44,Prefer not to say,Scotland,Gold,2022-11-27,False,True
CUST07641,Rahul,Lee,25-34,Male,South West,Bronze,2022-04-26,True,True
CUST07642,Noah,Thompson,65+,Male,London,Bronze,2023-12-15,True,True
CUST07643,Michael,Johnson,45-54,Prefer not to say,South East,Bronze,2023-02-13,True,True
CUST07644,Harry,Walker,35-44,Male,London,Silver,2023-02-25,True,True
CUST07645,Aisha,Smith,35-44,Male,South East,Platinum,2022-05-30,True,True
CUST07646,George,Lee,55-64,Prefer not to say,East Midlands,Bronze,2022-04-13,True,True
CUST07647,Lily,Thompson,65+,Female,East of England,Bronze,2022-03-08,False,True
CUST07648,Sophia,Ali,45-54,Female,South West,Silver,2024-04-01,True,True
CUST07649,Oliver,Sharma,25-34,Female,London,Gold,2022-02-25,False,True
CUST07650,Thomas,Watson,25-34,Prefer not to say,West Midlands,Bronze,2022-10-25,True,True
CUST07651,Oliver,Jackson,35-44,Prefer not to say,Yorkshire,Gold,2023-04-07,True,True
CUST07652,Rahul,Hussain,65+,Female,London,Bronze,2022-09-09,True,True
CUST07653,Harry,Patel,35-44,Prefer not to say,North West,Gold,2023-07-11,True,True
CUST07654,Mia,Smith,18-24,Prefer not to say,Yorkshire,Bronze,2023-08-28,True,False
CUST07655,David,Singh,65+,Male,Wales,Bronze,2022-01-30,True,True
CUST07656,Thomas,Smith,18-24,Prefer not to say,South East,Silver,2023-04-08,True,True
CUST07657,Aisha,Jackson,65+,Prefer not to say,North West,Silver,2023-02-26,True,True
CUST07658,Ava,Smith,65+,Female,London,Gold,2023-11-30,True,True
CUST07659,Noah,Ali,45-54,Prefer not to say,London,Gold,2024-03-20,False,True
CUST07660,Jack,Patel,65+,Prefer not to say,North West,Bronze,2024-04-02,True,True
CUST07661,Olivia,Singh,55-64,Male,Scotland,Silver,2023-08-23,True,True
CUST07662,Jessica,White,35-44,Prefer not to say,London,Silver,2023-07-26,True,True
CUST07663,Harry,Patel,55-64,Female,South West,Silver,2023-12-31,True,True
CUST07664,Ella,Davies,45-54,Female,Yorkshire,Bronze,2022-03-09,True,True
CUST07665,Jessica,Harris,65+,Prefer not to say,London,Bronze,2023-07-19,False,True
CUST07666,Emily,Lewis,35-44,Female,London,Gold,2022-05-13,True,False
CUST07667,Michael,Chen,35-44,Male,South East,Silver,2022-12-15,False,True
CUST07668,Thomas,Jones,25-34,Male,North West,Bronze,2022-08-07,True,True
CUST07669,Thomas,Davies,35-44,Female,East of England,Silver,2023-07-30,True,False
CUST07670,Charlie,Patel,18-24,Prefer not to say,East Midlands,Silver,2023-12-07,True,True
CUST07671,Freddie,Taylor,55-64,Male,North East,Silver,2023-03-06,True,True
CUST07672,James,Johnson,25-34,Male,West Midlands,Silver,2023-03-05,True,True
CUST07673,Freddie,Sharma,25-34,Male,South East,Silver,2022-09-09,False,False
CUST07674,Charlie,Evans,45-54,Male,South East,Bronze,2023-07-08,False,False
CUST07675,Rahul,Brown,18-24,Female,West Midlands,Platinum,2023-05-31,False,True
CUST07676,Sofia,Walker,18-24,Prefer not to say,South East,Platinum,2022-05-03,True,True
CUST07677,Freddie,Ahmed,55-64,Female,North East,Bronze,2023-02-16,True,True
CUST07678,Mia,Watson,65+,Prefer not to say,South East,Gold,2023-07-26,False,True
CUST07679,Harry,Wood,35-44,Prefer not to say,East Midlands,Silver,2024-04-20,False,True
CUST07680,Ava,Singh,65+,Female,London,Gold,2023-10-18,True,True
CUST07681,Grace,Johnson,18-24,Female,West Midlands,Bronze,2023-07-16,True,False
CUST07682,Michael,Ali,45-54,Prefer not to say,South East,Silver,2022-07-03,True,True
CUST07683,Emily,Brown,35-44,Female,Wales,Bronze,2023-02-24,True,True
CUST07684,Noah,Walker,65+,Male,East of England,Bronze,2024-04-15,True,False
CUST07685,Lily,Taylor,55-64,Male,East Midlands,Bronze,2023-11-06,True,True
CUST07686,Freddie,Jones,55-64,Female,London,Silver,2022-03-03,True,True
CUST07687,Alfie,Davies,35-44,Female,Wales,Silver,2022-04-22,True,True
CUST07688,Olivia,Lee,18-24,Male,London,Platinum,2023-12-30,True,True
CUST07689,Jessica,Jones,18-24,Male,East Midlands,Bronze,2023-06-07,True,True
CUST07690,Rahul,Roberts,18-24,Prefer not to say,West Midlands,Bronze,2024-02-10,True,True
CUST07691,Sophia,Jackson,25-34,Female,South West,Bronze,2022-06-07,True,True
CUST07692,Thomas,Chen,35-44,Female,South East,Bronze,2022-02-08,False,True
CUST07693,Isla,Kim,18-24,Female,London,Gold,2022-02-25,True,False
CUST07694,Rahul,Hussain,35-44,Male,North East,Gold,2024-06-19,True,False
CUST07695,Jessica,White,65+,Male,East of England,Platinum,2024-03-04,False,True
CUST07696,Priya,Khan,55-64,Male,West Midlands,Silver,2022-03-15,False,False
CUST07697,Noah,Sharma,35-44,Prefer not to say,Yorkshire,Bronze,2023-07-14,True,True
CUST07698,Alfie,Thompson,55-64,Male,East of England,Bronze,2023-03-16,False,True
CUST07699,Sarah,Davies,35-44,Female,Wales,Gold,2023-01-08,True,True
CUST07700,Oliver,White,45-54,Prefer not to say,North West,Gold,2022-02-20,True,True
CUST07701,Aisha,Lee,55-64,Female,North West,Bronze,2023-11-03,True,True
CUST07702,James,Chen,18-24,Female,South West,Bronze,2023-03-31,True,True
CUST07703,David,Jackson,25-34,Male,East of England,Platinum,2024-03-20,True,True
CUST07704,Thomas,Thomas,25-34,Male,Yorkshire,Gold,2023-10-27,False,True
CUST07705,Freddie,Khan,65+,Male,Yorkshire,Gold,2022-04-06,True,False
CUST07706,Daniel,Ali,55-64,Male,North East,Bronze,2022-05-12,True,False
CUST07707,Grace,Roberts,18-24,Female,Yorkshire,Gold,2022-08-26,False,True
CUST07708,Daniel,Thomas,55-64,Male,London,Bronze,2022-05-31,True,True
CUST07709,Aisha,Walker,35-44,Prefer not to say,London,Silver,2023-12-06,True,True
CUST07710,Michael,Jackson,45-54,Prefer not to say,North East,Gold,2022-09-13,True,True
CUST07711,Jacob,Sharma,55-64,Male,Yorkshire,Bronze,2023-12-03,True,True
CUST07712,Isla,Thomas,55-64,Prefer not to say,London,Gold,2022-06-02,True,True
CUST07713,David,Martin,35-44,Male,Yorkshire,Gold,2024-05-12,False,True
CUST07714,Grace,Jackson,18-24,Female,West Midlands,Silver,2022-11-23,True,True
CUST07715,Jacob,Walker,45-54,Prefer not to say,London,Silver,2022-10-30,True,True
CUST07716,Jacob,Watson,65+,Male,London,Silver,2022-11-03,True,True
CUST07717,David,Chen,45-54,Female,Yorkshire,Silver,2023-07-19,True,True
CUST07718,Mohammed,Harris,35-44,Female,East Midlands,Bronze,2024-05-03,True,True
CUST07719,David,Robinson,25-34,Female,North West,Silver,2022-08-08,True,True
CUST07720,Sophia,Harris,35-44,Prefer not to say,Scotland,Silver,2022-05-31,True,True
CUST07721,Sofia,Martin,18-24,Female,West Midlands,Silver,2022-06-12,True,True
CUST07722,Harry,Taylor,55-64,Male,Yorkshire,Platinum,2022-06-16,True,True
CUST07723,Jack,Thomas,55-64,Female,North East,Silver,2022-11-16,True,True
CUST07724,Sarah,Jones,45-54,Prefer not to say,South East,Bronze,2024-03-14,False,True
CUST07725,Daniel,Sharma,55-64,Male,South West,Bronze,2023-08-12,False,True
CUST07726,Sophia,Khan,18-24,Male,South East,Gold,2022-05-10,True,True
CUST07727,Grace,Harris,45-54,Prefer not to say,South East,Bronze,2022-01-24,True,True
CUST07728,Mohammed,Evans,35-44,Prefer not to say,South East,Bronze,2023-12-07,True,True
CUST07729,Emily,Johnson,45-54,Male,North East,Bronze,2022-12-05,True,True
CUST07730,Charlie,Sharma,18-24,Prefer not to say,West Midlands,Bronze,2024-02-29,True,True
CUST07731,David,Hussain,65+,Female,London,Silver,2022-04-09,True,True
CUST07732,Rahul,Robinson,18-24,Prefer not to say,Yorkshire,Bronze,2023-03-29,True,True
CUST07733,George,Chen,35-44,Male,Yorkshire,Silver,2024-02-05,True,True
CUST07734,Sofia,Ahmed,18-24,Male,East Midlands,Bronze,2022-08-29,True,False
CUST07735,Emily,Thomas,55-64,Prefer not to say,North East,Platinum,2023-07-20,False,True
CUST07736,Charlie,Ahmed,25-34,Prefer not to say,Yorkshire,Bronze,2023-05-17,False,True
CUST07737,Sarah,Chen,65+,Male,South West,Gold,2022-12-22,True,True
CUST07738,Isla,Smith,18-24,Prefer not to say,North West,Bronze,2024-03-30,True,True
CUST07739,Grace,Khan,25-34,Male,South West,Bronze,2023-02-22,True,True
CUST07740,Isabella,Chen,18-24,Prefer not to say,West Midlands,Silver,2023-05-29,True,True
CUST07741,Amelia,Khan,25-34,Prefer not to say,Yorkshire,Silver,2023-05-31,True,True
CUST07742,Freddie,Taylor,25-34,Male,South East,Silver,2024-02-15,True,True
CUST07743,Mohammed,Davies,65+,Female,East of England,Silver,2023-03-18,True,True
CUST07744,Isla,Lee,25-34,Female,East of England,Bronze,2023-06-28,True,True
CUST07745,Freddie,Martin,25-34,Female,London,Bronze,2022-08-14,True,True
CUST07746,Amelia,Thompson,18-24,Female,London,Silver,2022-04-20,True,False
CUST07747,Freddie,Johnson,18-24,Male,South East,Bronze,2022-03-20,False,True
CUST07748,Charlie,Taylor,18-24,Male,South West,Silver,2022-05-11,True,True
CUST07749,Jack,Patel,65+,Male,London,Gold,2024-06-03,True,True
CUST07750,David,Wilson,35-44,Prefer not to say,London,Gold,2023-10-06,True,True
CUST07751,George,Martin,18-24,Prefer not to say,Yorkshire,Bronze,2023-12-12,True,True
CUST07752,Jack,Brown,18-24,Male,North East,Silver,2022-12-18,True,True
CUST07753,Amelia,Khan,45-54,Male,London,Bronze,2023-06-18,False,True
CUST07754,Jessica,Evans,35-44,Prefer not to say,Scotland,Silver,2022-01-09,True,True
CUST07755,Ella,Singh,18-24,Female,London,Bronze,2022-02-02,True,True
CUST07756,Emily,Brown,18-24,Prefer not to say,South East,Bronze,2022-11-22,True,True
CUST07757,Aisha,Brown,25-34,Female,South East,Bronze,2022-09-03,False,True
CUST07758,Sarah,Taylor,35-44,Male,Yorkshire,Silver,2022-11-05,True,True
CUST07759,George,Hussain,55-64,Male,South East,Bronze,2022-01-14,False,False
CUST07760,Harry,Singh,55-64,Female,East of England,Bronze,2022-10-04,True,True
CUST07761,Noah,Hussain,18-24,Female,North West,Bronze,2023-05-02,False,False
CUST07762,Alfie,Ahmed,18-24,Male,North West,Silver,2023-03-20,True,False
CUST07763,Amelia,Williams,25-34,Male,East of England,Gold,2022-10-19,True,True
CUST07764,Freddie,Brown,35-44,Prefer not to say,North West,Silver,2023-02-04,True,True
CUST07765,Sofia,Wilson,45-54,Prefer not to say,London,Gold,2023-04-24,True,True
CUST07766,David,Martin,35-44,Male,Yorkshire,Bronze,2024-01-02,True,True
CUST07767,Isabella,White,35-44,Female,Yorkshire,Bronze,2022-11-10,False,True
CUST07768,Ava,Patel,18-24,Prefer not to say,Scotland,Silver,2024-02-29,True,True
CUST07769,Isla,Watson,65+,Prefer not to say,West Midlands,Platinum,2022-08-27,True,False
CUST07770,Olivia,Ahmed,45-54,Female,Wales,Silver,2022-07-04,True,True
CUST07771,Emily,Wilson,45-54,Male,London,Bronze,2023-09-25,True,True
CUST07772,Michael,Kim,18-24,Prefer not to say,East of England,Silver,2024-03-13,False,True
CUST07773,Olivia,Thompson,18-24,Prefer not to say,London,Gold,2023-06-22,False,True
CUST07774,Lily,Taylor,18-24,Prefer not to say,West Midlands,Gold,2022-11-24,True,True
CUST07775,Ella,Chen,65+,Female,West Midlands,Bronze,2022-01-27,True,True
CUST07776,Oliver,Lewis,35-44,Prefer not to say,South East,Bronze,2023-08-04,False,True
CUST07777,Sophia,Jones,45-54,Prefer not to say,London,Gold,2023-10-16,True,True
CUST07778,Jacob,Chen,65+,Male,East of England,Platinum,2022-10-02,True,False
CUST07779,Jessica,Wood,18-24,Prefer not to say,North West,Bronze,2023-08-07,True,True
CUST07780,Jack,Wilson,65+,Prefer not to say,London,Bronze,2022-07-19,False,True
CUST07781,Sophia,Singh,65+,Female,London,Bronze,2022-01-21,True,True
CUST07782,Grace,Watson,45-54,Male,North West,Gold,2024-02-12,True,True
CUST07783,Sarah,Evans,35-44,Prefer not to say,Yorkshire,Bronze,2024-04-20,False,True
CUST07784,Mia,Roberts,45-54,Prefer not to say,London,Bronze,2023-06-12,True,True
CUST07785,Charlie,Martin,25-34,Female,Scotland,Bronze,2024-01-05,False,True
CUST07786,Thomas,Hussain,55-64,Female,Yorkshire,Silver,2023-11-27,False,True
CUST07787,Thomas,Kim,25-34,Female,London,Bronze,2024-02-14,False,True
CUST07788,Jessica,White,55-64,Prefer not to say,London,Gold,2022-12-17,True,True
CUST07789,Charlie,Wilson,18-24,Prefer not to say,East Midlands,Gold,2022-12-21,True,True
CUST07790,Aisha,Ahmed,18-24,Prefer not to say,London,Silver,2022-08-22,False,True
CUST07791,Sarah,Chen,35-44,Prefer not to say,Wales,Bronze,2022-04-24,True,True
CUST07792,Sofia,Jones,45-54,Male,West Midlands,Silver,2024-05-04,True,False
CUST07793,Jack,Kim,35-44,Prefer not to say,South East,Bronze,2022-12-16,True,True
CUST07794,Olivia,Chen,35-44,Male,North West,Platinum,2023-05-06,True,False
CUST07795,Lily,Robinson,35-44,Male,London,Silver,2022-10-07,True,True
CUST07796,Mohammed,Davies,18-24,Prefer not to say,East of England,Bronze,2024-05-21,True,False
CUST07797,Isabella,Martin,45-54,Prefer not to say,London,Bronze,2023-01-22,True,True
CUST07798,Isla,Johnson,18-24,Male,East of England,Silver,2024-02-18,False,True
CUST07799,Mia,Kim,18-24,Male,London,Platinum,2022-10-24,True,True
CUST07800,Alfie,Thomas,35-44,Prefer not to say,Scotland,Bronze,2023-04-16,True,True
CUST07801,Michael,Hussain,65+,Prefer not to say,South West,Bronze,2023-07-02,True,True
CUST07802,Thomas,Thomas,35-44,Female,London,Gold,2023-10-02,True,True
CUST07803,Alfie,Ali,35-44,Male,London,Silver,2022-04-19,True,True
CUST07804,Emily,Lee,45-54,Female,North West,Bronze,2022-09-24,True,True
CUST07805,Noah,Taylor,25-34,Female,South East,Platinum,2022-07-08,True,True
CUST07806,Emily,Sharma,18-24,Male,North West,Silver,2023-01-07,True,True
CUST07807,Jessica,Lee,65+,Female,London,Bronze,2024-01-17,True,True
CUST07808,George,Davies,25-34,Prefer not to say,Wales,Silver,2022-09-11,True,True
CUST07809,Jack,Johnson,55-64,Male,East Midlands,Bronze,2024-06-11,True,True
CUST07810,Michael,Davies,65+,Male,London,Bronze,2022-01-17,True,True
CUST07811,Grace,Jackson,55-64,Male,East of England,Bronze,2023-02-27,False,True
CUST07812,Michael,Walker,25-34,Female,South East,Bronze,2022-10-31,True,False
CUST07813,Ella,Lee,55-64,Female,East of England,Platinum,2023-01-10,False,True
CUST07814,Amelia,Davies,45-54,Female,London,Bronze,2022-03-12,True,True
CUST07815,Isla,Ali,25-34,Male,South East,Bronze,2022-07-09,True,True
CUST07816,Rahul,Martin,65+,Prefer not to say,South East,Platinum,2023-08-22,True,True
CUST07817,Jessica,Wood,18-24,Female,East Midlands,Silver,2022-02-07,False,True
CUST07818,Ella,Roberts,25-34,Prefer not to say,West Midlands,Silver,2022-07-05,False,True
CUST07819,Mohammed,Walker,25-34,Prefer not to say,East Midlands,Silver,2023-05-09,True,True
CUST07820,Aisha,Taylor,35-44,Prefer not to say,East of England,Platinum,2023-12-20,True,True
CUST07821,Emily,Jackson,65+,Male,London,Silver,2022-10-10,True,False
CUST07822,Ella,Khan,45-54,Male,Yorkshire,Bronze,2024-01-13,False,True
CUST07823,Sophia,Sharma,25-34,Prefer not to say,London,Gold,2023-07-07,False,True
CUST07824,James,Kim,25-34,Male,East Midlands,Bronze,2024-05-19,True,True
CUST07825,Daniel,Thompson,35-44,Male,South East,Bronze,2022-03-08,True,False
CUST07826,Oliver,Wilson,45-54,Female,Wales,Gold,2023-09-22,True,True
CUST07827,George,Ahmed,35-44,Female,London,Silver,2022-01-09,True,True
CUST07828,Jacob,Jackson,18-24,Male,Scotland,Platinum,2023-07-16,True,True
CUST07829,Rahul,Thompson,25-34,Prefer not to say,East of England,Gold,2024-03-24,True,False
CUST07830,Jacob,Roberts,25-34,Prefer not to say,West Midlands,Silver,2022-06-22,True,True
CUST07831,Ella,Williams,18-24,Female,South East,Gold,2023-05-18,False,True
CUST07832,Sophia,Robinson,25-34,Male,West Midlands,Bronze,2024-01-15,True,True
CUST07833,Alfie,Watson,35-44,Male,South East,Silver,2023-05-01,True,True
CUST07834,Grace,Hussain,25-34,Prefer not to say,North West,Silver,2023-03-10,True,True
CUST07835,Olivia,Ali,18-24,Prefer not to say,West Midlands,Bronze,2022-08-30,True,True
CUST07836,Sofia,Evans,45-54,Prefer not to say,North East,Platinum,2022-12-05,True,True
CUST07837,Ella,Brown,45-54,Male,London,Gold,2022-11-09,True,True
CUST07838,Noah,Roberts,35-44,Prefer not to say,North East,Silver,2023-06-12,True,True
CUST07839,Olivia,Lee,25-34,Female,North West,Silver,2024-05-20,True,True
CUST07840,Mia,Roberts,18-24,Prefer not to say,South East,Silver,2023-12-14,True,True
CUST07841,Oliver,Lewis,55-64,Male,South West,Bronze,2022-02-06,True,False
CUST07842,Priya,Clark,35-44,Prefer not to say,East Midlands,Bronze,2022-10-10,True,True
CUST07843,David,Wood,45-54,Male,South West,Bronze,2023-09-07,True,True
CUST07844,Sophia,Robinson,25-34,Female,West Midlands,Bronze,2024-03-31,False,True
CUST07845,Mia,Sharma,55-64,Female,London,Platinum,2024-05-19,True,False
CUST07846,Charlie,Ali,35-44,Male,London,Gold,2022-03-20,False,True
CUST07847,Sofia,Kim,35-44,Female,London,Silver,2023-01-26,False,True
CUST07848,Noah,Wood,25-34,Male,South East,Bronze,2023-09-30,True,True
CUST07849,Ava,Clark,55-64,Female,London,Gold,2022-05-06,True,True
CUST07850,George,Wood,45-54,Male,North West,Bronze,2022-03-27,True,True
CUST07851,David,Wood,55-64,Male,North West,Silver,2022-03-27,True,False
CUST07852,Daniel,Chen,45-54,Male,London,Silver,2023-02-11,False,True
CUST07853,Emily,Wood,55-64,Prefer not to say,West Midlands,Gold,2023-07-11,True,False
CUST07854,Charlie,Johnson,55-64,Prefer not to say,Yorkshire,Silver,2023-07-29,True,True
CUST07855,Alfie,Harris,55-64,Prefer not to say,London,Gold,2022-01-19,True,True
CUST07856,Isabella,Roberts,45-54,Female,London,Silver,2023-08-06,False,True
CUST07857,Daniel,Walker,65+,Prefer not to say,London,Silver,2024-05-18,True,False
CUST07858,James,Khan,35-44,Male,London,Bronze,2024-01-14,False,False
CUST07859,George,Evans,65+,Prefer not to say,South West,Bronze,2023-09-16,True,False
CUST07860,Noah,Ali,35-44,Prefer not to say,Yorkshire,Gold,2022-12-14,False,True
CUST07861,Freddie,Walker,55-64,Female,Yorkshire,Gold,2023-09-12,False,True
CUST07862,Oliver,Taylor,55-64,Male,London,Silver,2023-03-19,True,True
CUST07863,Harry,Smith,55-64,Prefer not to say,Yorkshire,Silver,2023-03-03,True,False
CUST07864,Isla,Watson,55-64,Female,South East,Gold,2022-03-24,True,False
CUST07865,Mia,Evans,25-34,Prefer not to say,Yorkshire,Bronze,2022-08-06,True,True
CUST07866,Freddie,Thompson,65+,Female,London,Bronze,2024-06-17,True,True
CUST07867,Michael,Roberts,65+,Prefer not to say,West Midlands,Platinum,2023-09-29,True,True
CUST07868,Charlie,Williams,18-24,Female,Yorkshire,Bronze,2024-05-16,False,False
CUST07869,Michael,Harris,55-64,Female,West Midlands,Bronze,2024-05-21,True,True
CUST07870,Jessica,Ahmed,65+,Female,North West,Bronze,2023-08-19,True,True
CUST07871,Jack,Harris,35-44,Male,London,Silver,2022-02-03,True,True
CUST07872,Sofia,Martin,65+,Male,London,Bronze,2022-08-08,False,True
CUST07873,Priya,Smith,45-54,Female,North West,Bronze,2022-07-02,True,False
CUST07874,Rahul,Williams,55-64,Prefer not to say,South East,Bronze,2023-04-15,True,True
CUST07875,Michael,Jackson,65+,Prefer not to say,North West,Bronze,2022-03-27,False,True
CUST07876,Daniel,Davies,45-54,Prefer not to say,East of England,Platinum,2022-03-17,False,True
CUST07877,Michael,Walker,45-54,Male,London,Gold,2022-02-01,True,True
CUST07878,Sophia,Thompson,45-54,Male,East Midlands,Bronze,2023-07-13,True,True
CUST07879,Charlie,Smith,25-34,Prefer not to say,South East,Bronze,2022-08-05,True,True
CUST07880,Ava,Wood,65+,Female,East of England,Bronze,2023-11-20,True,False
CUST07881,Alfie,Wood,35-44,Male,London,Bronze,2022-05-26,True,True
CUST07882,Ella,Roberts,25-34,Male,South East,Gold,2023-10-14,True,True
CUST07883,Emily,Smith,65+,Female,London,Silver,2023-04-08,True,False
CUST07884,Sophia,Thompson,35-44,Male,London,Silver,2023-05-13,True,False
CUST07885,Isla,Jones,25-34,Prefer not to say,London,Silver,2023-07-04,True,True
CUST07886,James,Roberts,45-54,Prefer not to say,North West,Silver,2023-06-14,True,True
CUST07887,Jacob,Evans,45-54,Female,West Midlands,Platinum,2022-12-20,False,True
CUST07888,Michael,Ali,65+,Prefer not to say,South East,Silver,2022-10-15,False,True
CUST07889,Thomas,Johnson,45-54,Female,East Midlands,Gold,2022-11-06,True,True
CUST07890,Sarah,Ahmed,65+,Female,South West,Platinum,2022-06-13,True,False
CUST07891,Amelia,Clark,65+,Female,North West,Silver,2023-07-12,True,True
CUST07892,Jessica,Johnson,18-24,Male,London,Silver,2024-04-10,False,True
CUST07893,Olivia,Brown,25-34,Female,London,Bronze,2023-01-06,True,False
CUST07894,Rahul,Wood,35-44,Male,London,Silver,2023-03-06,True,False
CUST07895,Sarah,Thomas,45-54,Female,East of England,Silver,2024-04-09,True,True
CUST07896,Freddie,Taylor,25-34,Male,South East,Bronze,2022-02-18,False,True
CUST07897,Oliver,Jones,65+,Male,London,Bronze,2024-05-10,True,False
CUST07898,Isabella,Harris,18-24,Prefer not to say,West Midlands,Bronze,2022-07-04,True,False
CUST07899,Olivia,Sharma,18-24,Prefer not to say,London,Bronze,2023-03-16,True,True
CUST07900,Grace,Watson,65+,Prefer not to say,London,Bronze,2023-01-11,False,True
CUST07901,Alfie,Williams,65+,Prefer not to say,South West,Bronze,2023-03-20,True,True
CUST07902,Mohammed,White,45-54,Male,East of England,Bronze,2023-02-15,True,True
CUST07903,Rahul,Roberts,25-34,Prefer not to say,South West,Platinum,2022-05-03,False,True
CUST07904,Oliver,Smith,55-64,Prefer not to say,South East,Gold,2024-02-25,True,True
CUST07905,Ava,Clark,65+,Female,South West,Silver,2023-09-04,True,True
CUST07906,Lily,Walker,65+,Male,South West,Platinum,2022-11-28,True,True
CUST07907,Emily,Taylor,25-34,Prefer not to say,North West,Silver,2023-05-21,True,True
CUST07908,Isabella,Khan,45-54,Prefer not to say,London,Bronze,2023-04-27,False,True
CUST07909,James,Watson,45-54,Prefer not to say,South West,Bronze,2023-04-05,True,True
CUST07910,George,Watson,55-64,Male,Wales,Bronze,2022-08-31,True,True
CUST07911,Noah,Singh,55-64,Male,London,Silver,2023-02-03,True,True
CUST07912,Alfie,Martin,35-44,Female,South West,Bronze,2022-06-27,True,True
CUST07913,Priya,Williams,55-64,Prefer not to say,Scotland,Bronze,2022-09-25,False,True
CUST07914,Mia,Watson,18-24,Prefer not to say,West Midlands,Silver,2023-03-02,False,False
CUST07915,Emily,Robinson,18-24,Male,Scotland,Gold,2022-03-22,True,True
CUST07916,Mohammed,Lewis,55-64,Male,South East,Bronze,2022-10-26,True,True
CUST07917,Sophia,Watson,35-44,Female,North West,Bronze,2023-01-31,True,True
CUST07918,Emily,Evans,35-44,Male,West Midlands,Bronze,2022-10-07,True,True
CUST07919,Charlie,Singh,45-54,Female,South East,Gold,2023-09-19,False,True
CUST07920,Sophia,Evans,45-54,Prefer not to say,West Midlands,Silver,2023-08-25,True,True
CUST07921,Charlie,Thomas,35-44,Female,North West,Bronze,2023-11-17,True,True
CUST07922,Olivia,Roberts,35-44,Prefer not to say,East Midlands,Silver,2023-06-28,True,True
CUST07923,Emily,Sharma,35-44,Prefer not to say,South West,Bronze,2022-02-22,True,True
CUST07924,Oliver,Lewis,18-24,Prefer not to say,East Midlands,Silver,2023-11-06,False,False
CUST07925,Emily,Harris,65+,Female,London,Bronze,2024-02-12,False,True
CUST07926,Daniel,Clark,45-54,Male,London,Bronze,2022-03-26,True,True
CUST07927,Priya,Brown,25-34,Female,London,Gold,2023-08-19,True,True
CUST07928,Oliver,Lewis,45-54,Male,North West,Gold,2023-10-07,True,True
CUST07929,Grace,Sharma,35-44,Female,East Midlands,Silver,2022-06-05,True,True
CUST07930,George,Watson,55-64,Male,West Midlands,Bronze,2023-06-25,False,True
CUST07931,Harry,Williams,65+,Prefer not to say,West Midlands,Platinum,2022-12-11,False,False
CUST07932,Noah,Kim,18-24,Female,London,Bronze,2022-05-21,True,True
CUST07933,Grace,Brown,55-64,Male,Scotland,Silver,2022-12-21,True,True
CUST07934,Ava,Davies,25-34,Prefer not to say,South East,Bronze,2024-05-25,True,True
CUST07935,Olivia,Clark,25-34,Male,Scotland,Silver,2022-03-12,True,True
CUST07936,Ava,Wilson,18-24,Female,Scotland,Gold,2022-06-20,True,True
CUST07937,Lily,Hussain,55-64,Prefer not to say,East of England,Silver,2024-06-12,True,True
CUST07938,Mia,Davies,65+,Male,London,Silver,2023-10-01,True,False
CUST07939,Aisha,Harris,25-34,Prefer not to say,London,Silver,2023-08-20,True,False
CUST07940,Alfie,Robinson,55-64,Female,West Midlands,Gold,2022-03-20,True,True
CUST07941,Jessica,Jackson,55-64,Male,South East,Platinum,2022-01-04,False,True
CUST07942,Amelia,Kim,25-34,Male,North West,Silver,2022-10-15,True,False
CUST07943,Michael,Taylor,45-54,Prefer not to say,North West,Silver,2022-04-14,True,True
CUST07944,Freddie,Watson,18-24,Male,London,Bronze,2023-08-08,True,True
CUST07945,Harry,Ahmed,25-34,Male,North East,Bronze,2023-03-02,False,False
CUST07946,Harry,Ahmed,45-54,Male,London,Platinum,2023-10-03,True,True
CUST07947,Jack,Clark,45-54,Female,North East,Bronze,2022-12-25,True,True
CUST07948,Thomas,Sharma,18-24,Female,London,Bronze,2022-06-03,False,True
CUST07949,Aisha,White,25-34,Prefer not to say,London,Silver,2022-08-28,False,True
CUST07950,Emily,Wilson,35-44,Prefer not to say,North East,Silver,2022-03-17,True,True
CUST07951,Amelia,Thompson,18-24,Male,North West,Silver,2023-08-14,True,True
CUST07952,Ella,Chen,55-64,Prefer not to say,East of England,Silver,2022-06-10,False,False
CUST07953,Jacob,Wilson,55-64,Female,East of England,Silver,2024-03-05,True,False
CUST07954,Olivia,Taylor,45-54,Male,South West,Gold,2024-05-17,False,True
CUST07955,Sarah,Wilson,55-64,Female,Wales,Bronze,2023-01-03,True,True
CUST07956,Sophia,Brown,65+,Male,East Midlands,Gold,2022-07-15,True,True
CUST07957,Mia,Hussain,25-34,Female,London,Gold,2023-05-24,True,True
CUST07958,Priya,Wood,18-24,Male,Yorkshire,Silver,2022-07-15,True,True
CUST07959,Oliver,Evans,25-34,Prefer not to say,North West,Silver,2022-02-17,True,True
CUST07960,Charlie,Robinson,65+,Male,London,Bronze,2023-03-19,True,False
CUST07961,David,Ahmed,65+,Male,London,Silver,2022-01-27,True,True
CUST07962,Sophia,Clark,65+,Prefer not to say,South East,Silver,2023-12-04,True,True
CUST07963,Mia,Harris,35-44,Male,South East,Bronze,2023-01-21,False,True
CUST07964,Emily,Ali,25-34,Male,North East,Silver,2022-04-27,True,True
CUST07965,Jessica,Wood,45-54,Male,East of England,Gold,2024-06-07,True,True
CUST07966,Harry,Brown,35-44,Male,West Midlands,Gold,2024-02-10,True,False
CUST07967,David,Sharma,55-64,Male,London,Bronze,2024-03-18,True,True
CUST07968,Lily,Khan,35-44,Female,Scotland,Bronze,2022-10-25,True,True
CUST07969,Alfie,Chen,45-54,Prefer not to say,East Midlands,Bronze,2022-02-14,True,True
CUST07970,George,Watson,55-64,Prefer not to say,Scotland,Bronze,2023-04-01,True,True
CUST07971,Charlie,Khan,35-44,Male,North West,Gold,2023-09-27,True,True
CUST07972,James,Brown,65+,Prefer not to say,North East,Silver,2022-09-15,False,True
CUST07973,Grace,Johnson,45-54,Male,South East,Bronze,2023-03-04,True,False
CUST07974,Freddie,Watson,18-24,Male,London,Platinum,2022-07-13,True,True
CUST07975,Grace,Walker,55-64,Female,London,Silver,2024-02-03,True,False
CUST07976,Jack,Roberts,65+,Male,East Midlands,Bronze,2022-04-20,True,True
CUST07977,Jack,Taylor,55-64,Female,London,Bronze,2023-08-27,False,False
CUST07978,Charlie,Lewis,55-64,Male,London,Silver,2022-09-24,True,True
CUST07979,Thomas,Kim,18-24,Prefer not to say,North West,Gold,2023-08-28,True,True
CUST07980,Mia,Harris,65+,Female,West Midlands,Gold,2023-03-01,False,True
CUST07981,Sarah,Watson,65+,Female,South West,Bronze,2023-09-15,True,True
CUST07982,Freddie,Wilson,65+,Female,North West,Bronze,2023-04-18,True,True
CUST07983,Oliver,Taylor,45-54,Prefer not to say,East of England,Bronze,2024-03-15,False,True
CUST07984,Michael,Thompson,35-44,Female,West Midlands,Platinum,2023-06-30,True,True
CUST07985,David,Walker,18-24,Male,London,Bronze,2023-01-10,True,True
CUST07986,Mohammed,Ali,45-54,Female,South East,Gold,2022-07-04,True,True
CUST07987,Jacob,Robinson,25-34,Prefer not to say,London,Silver,2022-08-18,False,True
CUST07988,Amelia,Wood,25-34,Prefer not to say,Yorkshire,Silver,2023-03-07,True,True
CUST07989,James,Jackson,45-54,Prefer not to say,Scotland,Bronze,2023-03-17,True,True
CUST07990,Grace,Williams,65+,Male,East of England,Silver,2022-05-17,False,True
CUST07991,Oliver,White,55-64,Male,South East,Silver,2023-05-15,True,True
CUST07992,Charlie,Brown,35-44,Prefer not to say,North East,Silver,2023-12-15,True,True
CUST07993,Ava,Lee,18-24,Male,London,Bronze,2024-01-21,False,False
CUST07994,Olivia,Johnson,25-34,Female,London,Silver,2024-03-04,True,True
CUST07995,David,Davies,18-24,Male,London,Silver,2023-12-30,False,True
CUST07996,Daniel,Ahmed,18-24,Prefer not to say,South West,Platinum,2024-03-28,False,True
CUST07997,Jessica,Brown,45-54,Male,South West,Silver,2023-09-01,True,True
CUST07998,Amelia,Chen,65+,Prefer not to say,South East,Silver,2024-03-25,True,True
CUST07999,Jacob,Thomas,45-54,Male,West Midlands,Gold,2022-06-15,True,True
CUST08000,Jessica,Jones,55-64,Female,Yorkshire,Silver,2022-05-07,True,True
