customer_id,recency,frequency,monetary,r_score,f_score,m_score,rfm_score,rfm_avg,segment,age_group,gender,region,loyalty_tier,is_active
CUST00001,13,7,380.45,4,3,2,432,3.0,Loyal,65+,Female,South East,Bronze,True
CUST00002,384,7,402.58,1,3,2,132,2.0,Lost,18-24,Male,London,Bronze,True
CUST00003,193,4,392.61,2,1,2,212,1.67,Needs Attention,45-54,Prefer not to say,South East,Gold,True
CUST00004,22,6,1156.92,4,2,4,424,3.33,Loyal,25-34,Female,London,Bronze,False
CUST00005,97,6,513.59,3,2,3,323,2.67,Loyal,65+,Female,East of England,Platinum,True
CUST00006,190,7,1902.8999999999999,2,3,4,234,3.0,At Risk,65+,Male,London,Bronze,False
CUST00007,369,4,187.57,1,1,1,111,1.0,Lost,45-54,Female,East of England,Gold,True
CUST00008,192,6,251.98,2,2,1,221,1.67,At Risk,55-64,Prefer not to say,London,Silver,True
CUST00009,156,3,115.78,2,1,1,211,1.33,Needs Attention,18-24,Male,North West,Gold,True
CUST00010,143,4,570.48,2,1,3,213,2.0,Needs Attention,65+,Female,South West,Gold,True
CUST00011,14,8,654.09,4,4,3,443,3.67,Champion,65+,Prefer not to say,South West,Silver,True
CUST00012,25,8,979.35,4,4,4,444,4.0,Champion,18-24,Male,London,Bronze,True
CUST00013,179,7,275.29999999999995,2,3,2,232,2.33,At Risk,55-64,Female,Wales,Gold,True
CUST00014,321,5,301.93,1,2,2,122,1.67,Lost,18-24,Female,South West,Silver,False
CUST00015,118,5,347.60999999999996,3,2,2,322,2.33,Loyal,65+,Female,North West,Silver,True
CUST00016,276,5,1411.97,1,2,4,124,2.33,Lost,55-64,Female,East of England,Bronze,False
CUST00017,73,10,1242.6599999999999,3,4,4,344,3.67,Champion,18-24,Male,North West,Platinum,True
CUST00018,513,4,239.76,1,1,1,111,1.0,Lost,25-34,Prefer not to say,East of England,Silver,True
CUST00019,106,7,1263.17,3,3,4,334,3.33,Champion,55-64,Prefer not to say,West Midlands,Silver,False
CUST00020,155,8,214.19,2,4,1,241,2.33,At Risk,55-64,Female,London,Bronze,True
CUST00021,160,10,2188.17,2,4,4,244,3.33,At Risk,18-24,Male,Yorkshire,Bronze,False
CUST00022,92,8,1057.99,3,4,4,344,3.67,Champion,55-64,Male,South East,Silver,True
CUST00023,76,7,1315.29,3,3,4,334,3.33,Champion,45-54,Female,London,Bronze,True
CUST00024,59,4,1709.0700000000002,3,1,4,314,2.67,New Customer,65+,Prefer not to say,Wales,Bronze,True
CUST00025,177,7,534.69,2,3,3,233,2.67,At Risk,25-34,Male,East of England,Bronze,True
CUST00026,278,5,194.23999999999998,1,2,1,121,1.33,Lost,55-64,Male,London,Platinum,False
CUST00027,21,8,1482.87,4,4,4,444,4.0,Champion,45-54,Female,East of England,Gold,True
CUST00028,72,8,470.08000000000004,3,4,2,342,3.0,Loyal,45-54,Female,South West,Platinum,True
CUST00029,121,8,1141.11,3,4,4,344,3.67,Champion,55-64,Prefer not to say,East Midlands,Silver,True
CUST00030,240,7,271.98,2,3,1,231,2.0,At Risk,55-64,Male,North West,Bronze,True
CUST00031,146,7,307.85,2,3,2,232,2.33,At Risk,55-64,Male,East Midlands,Bronze,True
CUST00032,733,4,345.71,1,1,2,112,1.33,Lost,25-34,Prefer not to say,Yorkshire,Bronze,True
CUST00033,289,3,78.64,1,1,1,111,1.0,Lost,35-44,Male,London,Silver,True
CUST00034,324,5,238.09,1,2,1,121,1.33,Lost,35-44,Male,North West,Bronze,True
CUST00035,486,5,176.5,1,2,1,121,1.33,Lost,65+,Prefer not to say,South East,Silver,True
CUST00036,205,8,298.42,2,4,2,242,2.67,At Risk,35-44,Prefer not to say,London,Bronze,True
CUST00037,62,8,534.99,3,4,3,343,3.33,Champion,65+,Female,North West,Bronze,True
CUST00038,21,3,241.85000000000002,4,1,1,411,2.0,New Customer,65+,Female,East Midlands,Bronze,True
CUST00039,166,6,407.93,2,2,2,222,2.0,At Risk,35-44,Prefer not to say,East Midlands,Bronze,True
CUST00040,107,6,676.19,3,2,3,323,2.67,Loyal,25-34,Prefer not to say,South East,Bronze,False
CUST00041,147,7,374.96,2,3,2,232,2.33,At Risk,25-34,Male,North East,Bronze,True
CUST00042,10,4,296.48,4,1,2,412,2.33,New Customer,25-34,Prefer not to say,London,Gold,True
CUST00043,88,6,575.27,3,2,3,323,2.67,Loyal,35-44,Male,South East,Silver,True
CUST00044,63,9,1083.75,3,4,4,344,3.67,Champion,35-44,Prefer not to say,East of England,Silver,False
CUST00045,73,7,482.56,3,3,2,332,2.67,Loyal,55-64,Female,London,Silver,True
CUST00046,103,7,961.8599999999999,3,3,4,334,3.33,Champion,45-54,Prefer not to say,London,Bronze,True
CUST00047,57,6,809.58,3,2,3,323,2.67,Loyal,45-54,Male,Scotland,Gold,True
CUST00048,262,3,122.74000000000001,1,1,1,111,1.0,Lost,65+,Female,South East,Silver,True
CUST00049,323,3,196.46,1,1,1,111,1.0,Lost,55-64,Prefer not to say,South East,Silver,True
CUST00050,330,2,158.48,1,1,1,111,1.0,Lost,45-54,Female,South West,Bronze,True
CUST00051,7,5,884.6899999999999,4,2,4,424,3.33,Loyal,35-44,Prefer not to say,West Midlands,Silver,True
CUST00052,109,7,639.1800000000001,3,3,3,333,3.0,Champion,25-34,Male,London,Bronze,True
CUST00053,94,8,968.3,3,4,4,344,3.67,Champion,45-54,Prefer not to say,East Midlands,Silver,True
CUST00054,118,3,150.34,3,1,1,311,1.67,New Customer,18-24,Female,London,Gold,True
CUST00055,300,5,359.34000000000003,1,2,2,122,1.67,Lost,25-34,Female,West Midlands,Platinum,False
CUST00056,158,6,239.89999999999998,2,2,1,221,1.67,At Risk,25-34,Prefer not to say,North West,Silver,False
CUST00057,900,2,233.1,1,1,1,111,1.0,Lost,35-44,Female,London,Bronze,True
CUST00058,67,6,293.05,3,2,2,322,2.33,Loyal,25-34,Male,South West,Bronze,True
CUST00059,76,4,243.26,3,1,1,311,1.67,New Customer,45-54,Male,London,Bronze,False
CUST00060,387,4,274.5,1,1,2,112,1.33,Lost,18-24,Female,South East,Bronze,True
CUST00061,133,7,566.5,2,3,3,233,2.67,At Risk,25-34,Female,South West,Bronze,True
CUST00062,150,7,462.91999999999996,2,3,2,232,2.33,At Risk,45-54,Male,Wales,Silver,True
CUST00063,151,1,73.53,2,1,1,211,1.33,Needs Attention,65+,Female,London,Silver,True
CUST00064,60,11,1549.18,3,4,4,344,3.67,Champion,35-44,Female,Yorkshire,Bronze,True
CUST00065,58,6,388.02,3,2,2,322,2.33,Loyal,65+,Prefer not to say,London,Platinum,True
CUST00066,11,2,30.43,4,1,1,411,2.0,New Customer,25-34,Male,North West,Silver,True
CUST00067,114,6,797.8399999999999,3,2,3,323,2.67,Loyal,45-54,Prefer not to say,South East,Bronze,True
CUST00068,172,6,255.45,2,2,1,221,1.67,At Risk,55-64,Male,Scotland,Silver,True
CUST00069,94,6,428.72,3,2,2,322,2.33,Loyal,55-64,Prefer not to say,North West,Bronze,False
CUST00070,176,3,243.58,2,1,1,211,1.33,Needs Attention,35-44,Prefer not to say,South West,Bronze,True
CUST00071,55,5,563.53,3,2,3,323,2.67,Loyal,45-54,Female,West Midlands,Gold,True
CUST00072,100,8,904.88,3,4,4,344,3.67,Champion,45-54,Female,North West,Silver,False
CUST00073,352,6,907.99,1,2,4,124,2.33,Lost,45-54,Male,Yorkshire,Silver,True
CUST00074,33,5,725.72,4,2,3,423,3.0,Loyal,45-54,Male,South East,Bronze,False
CUST00075,651,4,1693.43,1,1,4,114,2.0,Lost,55-64,Male,London,Silver,True
CUST00076,181,8,420.69,2,4,2,242,2.67,At Risk,45-54,Male,London,Bronze,True
CUST00077,28,7,668.49,4,3,3,433,3.33,Champion,55-64,Prefer not to say,South East,Platinum,True
CUST00078,101,7,618.92,3,3,3,333,3.0,Champion,35-44,Male,London,Bronze,True
CUST00079,90,7,919.32,3,3,4,334,3.33,Champion,25-34,Prefer not to say,East of England,Silver,False
CUST00080,18,6,354.87,4,2,2,422,2.67,Loyal,25-34,Female,London,Bronze,True
CUST00081,280,3,185.68,1,1,1,111,1.0,Lost,65+,Female,London,Bronze,True
CUST00082,175,11,600.87,2,4,3,243,3.0,At Risk,18-24,Female,Scotland,Silver,True
CUST00083,835,2,104.76,1,1,1,111,1.0,Lost,25-34,Prefer not to say,Scotland,Bronze,True
CUST00084,337,6,186.69,1,2,1,121,1.33,Lost,55-64,Female,East of England,Bronze,True
CUST00085,76,6,692.28,3,2,3,323,2.67,Loyal,25-34,Prefer not to say,London,Silver,True
CUST00086,361,5,206.45,1,2,1,121,1.33,Lost,18-24,Female,East of England,Silver,True
CUST00087,63,4,1048.61,3,1,4,314,2.67,New Customer,18-24,Prefer not to say,South East,Bronze,True
CUST00088,19,9,1065.91,4,4,4,444,4.0,Champion,35-44,Male,London,Bronze,True
CUST00089,156,7,313.86,2,3,2,232,2.33,At Risk,18-24,Female,West Midlands,Silver,True
CUST00090,421,3,633.91,1,1,3,113,1.67,Lost,55-64,Male,North East,Silver,True
CUST00091,156,6,594.6800000000001,2,2,3,223,2.33,At Risk,55-64,Male,Yorkshire,Bronze,False
CUST00092,26,7,502.49,4,3,2,432,3.0,Loyal,18-24,Female,South East,Bronze,False
CUST00093,55,5,262.08,3,2,1,321,2.0,Loyal,35-44,Prefer not to say,Scotland,Gold,True
CUST00094,212,5,1271.03,2,2,4,224,2.67,At Risk,18-24,Female,North West,Gold,True
CUST00095,424,3,284.52,1,1,2,112,1.33,Lost,18-24,Male,East of England,Silver,True
CUST00096,46,4,76.81,4,1,1,411,2.0,New Customer,35-44,Prefer not to say,London,Bronze,True
CUST00097,111,9,1616.17,3,4,4,344,3.67,Champion,35-44,Prefer not to say,London,Bronze,False
CUST00098,632,5,489.26,1,2,2,122,1.67,Lost,65+,Male,East of England,Silver,True
CUST00099,369,6,1956.91,1,2,4,124,2.33,Lost,45-54,Prefer not to say,London,Bronze,False
CUST00100,66,5,1422.09,3,2,4,324,3.0,Loyal,55-64,Female,North West,Bronze,False
CUST00101,341,3,313.91,1,1,2,112,1.33,Lost,45-54,Prefer not to say,East of England,Bronze,True
CUST00102,11,7,266.78999999999996,4,3,1,431,2.67,Loyal,55-64,Female,South East,Gold,True
CUST00103,372,3,95.11,1,1,1,111,1.0,Lost,65+,Prefer not to say,Wales,Silver,True
CUST00104,10,7,646.8199999999999,4,3,3,433,3.33,Champion,45-54,Male,East of England,Silver,True
CUST00105,308,7,789.8,1,3,3,133,2.33,Lost,45-54,Female,South East,Silver,False
CUST00106,70,8,1257.05,3,4,4,344,3.67,Champion,65+,Prefer not to say,North East,Silver,True
CUST00107,101,7,376.17,3,3,2,332,2.67,Loyal,65+,Male,South West,Bronze,True
CUST00108,65,4,1359.59,3,1,4,314,2.67,New Customer,18-24,Female,North West,Bronze,True
CUST00109,169,6,128.45,2,2,1,221,1.67,At Risk,25-34,Male,London,Gold,True
CUST00110,154,8,981.67,2,4,4,244,3.33,At Risk,45-54,Prefer not to say,South East,Bronze,False
CUST00111,16,7,1737.1000000000004,4,3,4,434,3.67,Champion,18-24,Female,Scotland,Platinum,True
CUST00112,263,6,1032.51,1,2,4,124,2.33,Lost,35-44,Male,Wales,Gold,True
CUST00113,172,8,1420.1299999999999,2,4,4,244,3.33,At Risk,65+,Female,London,Gold,True
CUST00114,89,8,781.5699999999999,3,4,3,343,3.33,Champion,35-44,Male,East Midlands,Bronze,True
CUST00115,69,10,1239.73,3,4,4,344,3.67,Champion,65+,Prefer not to say,London,Gold,True
CUST00116,704,1,98.16,1,1,1,111,1.0,Lost,35-44,Female,Yorkshire,Bronze,True
CUST00117,180,5,197.06,2,2,1,221,1.67,At Risk,25-34,Female,North East,Platinum,True
CUST00118,40,6,1285.3799999999999,4,2,4,424,3.33,Loyal,18-24,Male,Yorkshire,Bronze,False
CUST00119,423,3,164.64000000000001,1,1,1,111,1.0,Lost,45-54,Male,South East,Bronze,True
CUST00120,26,7,379.40000000000003,4,3,2,432,3.0,Loyal,65+,Female,London,Bronze,True
CUST00121,219,7,1848.39,2,3,4,234,3.0,At Risk,65+,Male,West Midlands,Silver,True
CUST00122,15,6,566.49,4,2,3,423,3.0,Loyal,18-24,Female,Wales,Bronze,False
CUST00123,239,8,2196.05,2,4,4,244,3.33,At Risk,35-44,Prefer not to say,Scotland,Silver,True
CUST00124,126,8,633.54,3,4,3,343,3.33,Champion,65+,Male,North West,Silver,True
CUST00125,31,6,532.25,4,2,3,423,3.0,Loyal,45-54,Male,North West,Bronze,True
CUST00126,373,4,259.60999999999996,1,1,1,111,1.0,Lost,45-54,Female,London,Bronze,True
CUST00127,91,8,1028.35,3,4,4,344,3.67,Champion,35-44,Male,Wales,Gold,True
CUST00128,117,8,1441.74,3,4,4,344,3.67,Champion,25-34,Female,Yorkshire,Gold,True
CUST00129,19,10,1685.58,4,4,4,444,4.0,Champion,25-34,Male,West Midlands,Bronze,True
CUST00130,100,9,580.08,3,4,3,343,3.33,Champion,18-24,Male,South East,Bronze,True
CUST00131,118,8,1241.13,3,4,4,344,3.67,Champion,45-54,Female,East of England,Bronze,False
CUST00132,283,6,842.85,1,2,3,123,2.0,Lost,65+,Male,London,Silver,True
CUST00133,45,11,235.19,4,4,1,441,3.0,Loyal,18-24,Male,South East,Bronze,True
CUST00134,339,5,462.72,1,2,2,122,1.67,Lost,55-64,Prefer not to say,South East,Silver,True
CUST00135,55,6,226.03,3,2,1,321,2.0,Loyal,45-54,Female,North East,Bronze,True
CUST00136,269,7,324.28999999999996,1,3,2,132,2.0,Lost,45-54,Female,West Midlands,Bronze,True
CUST00137,928,4,179.34,1,1,1,111,1.0,Lost,18-24,Male,South West,Silver,True
CUST00138,3,7,857.71,4,3,3,433,3.33,Champion,65+,Male,South West,Gold,False
CUST00139,17,5,762.8499999999999,4,2,3,423,3.0,Loyal,55-64,Female,South East,Silver,True
CUST00140,51,2,288.06,4,1,2,412,2.33,New Customer,35-44,Prefer not to say,South East,Gold,True
CUST00141,41,8,929.81,4,4,4,444,4.0,Champion,18-24,Male,South East,Gold,True
CUST00142,17,4,215.15,4,1,1,411,2.0,New Customer,18-24,Male,Yorkshire,Platinum,True
CUST00143,90,7,418.38,3,3,2,332,2.67,Loyal,45-54,Female,London,Bronze,True
CUST00144,206,7,506.57,2,3,2,232,2.33,At Risk,25-34,Male,Yorkshire,Bronze,True
CUST00145,376,5,259.02,1,2,1,121,1.33,Lost,55-64,Female,South West,Bronze,True
CUST00146,103,6,588.15,3,2,3,323,2.67,Loyal,55-64,Prefer not to say,South East,Bronze,True
CUST00147,157,7,1033.55,2,3,4,234,3.0,At Risk,35-44,Female,South East,Bronze,True
CUST00148,207,3,554.5,2,1,3,213,2.0,Needs Attention,18-24,Female,North West,Bronze,True
CUST00149,22,9,1061.35,4,4,4,444,4.0,Champion,55-64,Female,Yorkshire,Bronze,True
CUST00150,124,7,868.75,3,3,3,333,3.0,Champion,65+,Female,London,Gold,True
CUST00151,13,6,1607.33,4,2,4,424,3.33,Loyal,35-44,Prefer not to say,South East,Bronze,True
CUST00152,106,8,352.01,3,4,2,342,3.0,Loyal,35-44,Female,Yorkshire,Gold,True
CUST00153,21,3,323.48,4,1,2,412,2.33,New Customer,25-34,Prefer not to say,London,Gold,True
CUST00154,18,11,1120.99,4,4,4,444,4.0,Champion,55-64,Prefer not to say,South West,Gold,False
CUST00155,129,6,280.7,3,2,2,322,2.33,Loyal,45-54,Male,East of England,Silver,True
CUST00156,366,5,267.62,1,2,1,121,1.33,Lost,45-54,Female,London,Bronze,True
CUST00157,151,4,49.709999999999994,2,1,1,211,1.33,Needs Attention,45-54,Prefer not to say,East Midlands,Gold,True
CUST00158,54,4,1069.82,3,1,4,314,2.67,New Customer,55-64,Female,East of England,Platinum,True
CUST00159,38,4,1117.22,4,1,4,414,3.0,New Customer,55-64,Prefer not to say,London,Bronze,False
CUST00160,14,5,457.09,4,2,2,422,2.67,Loyal,35-44,Female,South West,Gold,True
CUST00161,59,7,861.7900000000001,3,3,3,333,3.0,Champion,35-44,Male,East Midlands,Bronze,True
CUST00162,166,10,1145.45,2,4,4,244,3.33,At Risk,18-24,Prefer not to say,West Midlands,Gold,False
CUST00163,106,9,489.76,3,4,2,342,3.0,Loyal,55-64,Prefer not to say,Scotland,Bronze,True
CUST00164,20,7,803.01,4,3,3,433,3.33,Champion,65+,Prefer not to say,South West,Bronze,True
CUST00165,180,7,607.06,2,3,3,233,2.67,At Risk,25-34,Male,Wales,Bronze,False
CUST00166,157,6,511.56,2,2,3,223,2.33,At Risk,55-64,Male,East Midlands,Bronze,False
CUST00167,243,3,234.25,2,1,1,211,1.33,Needs Attention,18-24,Female,South East,Silver,True
CUST00168,1,9,896.54,4,4,4,444,4.0,Champion,55-64,Male,South East,Gold,False
CUST00169,106,4,196.09,3,1,1,311,1.67,New Customer,45-54,Female,Yorkshire,Silver,False
CUST00170,507,3,139.0,1,1,1,111,1.0,Lost,35-44,Male,West Midlands,Gold,True
CUST00171,455,5,102.52000000000001,1,2,1,121,1.33,Lost,18-24,Male,South East,Gold,False
CUST00172,43,5,126.32,4,2,1,421,2.33,Loyal,35-44,Male,South West,Bronze,True
CUST00173,117,4,137.89,3,1,1,311,1.67,New Customer,18-24,Female,Scotland,Gold,True
CUST00174,279,7,557.05,1,3,3,133,2.33,Lost,45-54,Prefer not to say,North West,Gold,True
CUST00175,39,6,227.02,4,2,1,421,2.33,Loyal,35-44,Male,North West,Silver,True
CUST00176,108,8,729.27,3,4,3,343,3.33,Champion,18-24,Male,South East,Silver,True
CUST00177,523,4,726.1,1,1,3,113,1.67,Lost,65+,Prefer not to say,East Midlands,Silver,True
CUST00178,81,7,264.34000000000003,3,3,1,331,2.33,Loyal,55-64,Female,London,Silver,True
CUST00179,64,4,210.36,3,1,1,311,1.67,New Customer,45-54,Male,West Midlands,Platinum,True
CUST00180,242,5,1377.1000000000001,2,2,4,224,2.67,At Risk,25-34,Prefer not to say,West Midlands,Bronze,True
CUST00181,87,5,492.31,3,2,2,322,2.33,Loyal,65+,Female,Wales,Silver,True
CUST00182,389,2,476.2,1,1,2,112,1.33,Lost,35-44,Male,London,Bronze,True
CUST00183,12,8,864.52,4,4,3,443,3.67,Champion,35-44,Male,Yorkshire,Bronze,False
CUST00184,24,6,1949.77,4,2,4,424,3.33,Loyal,18-24,Female,South West,Bronze,False
CUST00185,126,5,396.67,3,2,2,322,2.33,Loyal,45-54,Prefer not to say,East of England,Gold,True
CUST00186,220,7,323.43,2,3,2,232,2.33,At Risk,45-54,Prefer not to say,Wales,Bronze,True
CUST00187,195,6,556.27,2,2,3,223,2.33,At Risk,35-44,Female,East Midlands,Bronze,True
CUST00188,26,8,892.99,4,4,4,444,4.0,Champion,35-44,Prefer not to say,Wales,Platinum,True
CUST00189,157,6,430.14,2,2,2,222,2.0,At Risk,18-24,Male,North West,Silver,True
CUST00190,2,6,1092.81,4,2,4,424,3.33,Loyal,35-44,Female,Scotland,Bronze,True
CUST00191,31,12,1255.12,4,4,4,444,4.0,Champion,18-24,Prefer not to say,London,Bronze,True
CUST00192,50,6,1137.1499999999999,4,2,4,424,3.33,Loyal,65+,Male,East of England,Bronze,True
CUST00193,165,1,37.37,2,1,1,211,1.33,Needs Attention,55-64,Female,West Midlands,Platinum,True
CUST00194,14,7,547.87,4,3,3,433,3.33,Champion,25-34,Prefer not to say,South West,Bronze,True
CUST00195,258,6,647.47,2,2,3,223,2.33,At Risk,35-44,Male,Yorkshire,Gold,True
CUST00196,71,7,1262.38,3,3,4,334,3.33,Champion,25-34,Male,South East,Silver,True
CUST00197,508,4,821.5500000000001,1,1,3,113,1.67,Lost,55-64,Male,London,Bronze,True
CUST00198,527,3,847.85,1,1,3,113,1.67,Lost,25-34,Female,West Midlands,Bronze,True
CUST00199,106,10,590.05,3,4,3,343,3.33,Champion,45-54,Prefer not to say,North East,Bronze,True
CUST00200,289,7,317.20000000000005,1,3,2,132,2.0,Lost,35-44,Prefer not to say,South East,Platinum,False
CUST00201,102,9,977.47,3,4,4,344,3.67,Champion,25-34,Prefer not to say,South East,Silver,True
CUST00202,163,3,305.51,2,1,2,212,1.67,Needs Attention,65+,Prefer not to say,Yorkshire,Silver,False
CUST00203,206,6,145.74,2,2,1,221,1.67,At Risk,65+,Prefer not to say,South East,Bronze,True
CUST00204,38,6,392.9,4,2,2,422,2.67,Loyal,65+,Female,East of England,Gold,True
CUST00205,238,3,52.370000000000005,2,1,1,211,1.33,Needs Attention,45-54,Female,East of England,Bronze,True
CUST00206,944,3,136.07999999999998,1,1,1,111,1.0,Lost,45-54,Male,Yorkshire,Silver,True
CUST00207,231,8,901.33,2,4,4,244,3.33,At Risk,45-54,Male,London,Bronze,False
CUST00208,200,5,656.2,2,2,3,223,2.33,At Risk,35-44,Prefer not to say,Yorkshire,Bronze,True
CUST00209,609,1,23.6,1,1,1,111,1.0,Lost,35-44,Female,London,Platinum,False
CUST00210,6,7,318.1,4,3,2,432,3.0,Loyal,18-24,Female,East of England,Gold,True
CUST00211,389,4,355.4,1,1,2,112,1.33,Lost,25-34,Female,Yorkshire,Gold,True
CUST00212,1,5,311.97,4,2,2,422,2.67,Loyal,55-64,Female,London,Silver,False
CUST00213,280,6,1521.8799999999999,1,2,4,124,2.33,Lost,18-24,Female,South West,Platinum,True
CUST00214,4,4,63.84,4,1,1,411,2.0,New Customer,18-24,Male,London,Bronze,True
CUST00215,423,2,120.19,1,1,1,111,1.0,Lost,55-64,Female,London,Platinum,True
CUST00216,116,4,547.5699999999999,3,1,3,313,2.33,New Customer,45-54,Male,South East,Silver,True
CUST00217,4,6,862.84,4,2,3,423,3.0,Loyal,35-44,Prefer not to say,North West,Gold,True
CUST00218,205,12,1549.03,2,4,4,244,3.33,At Risk,55-64,Prefer not to say,Yorkshire,Gold,True
CUST00219,26,5,640.31,4,2,3,423,3.0,Loyal,55-64,Prefer not to say,London,Bronze,True
CUST00221,15,12,941.61,4,4,4,444,4.0,Champion,65+,Female,East of England,Bronze,True
CUST00222,69,6,314.38,3,2,2,322,2.33,Loyal,65+,Prefer not to say,West Midlands,Gold,True
CUST00223,27,4,327.6,4,1,2,412,2.33,New Customer,55-64,Female,South East,Platinum,True
CUST00224,230,6,1262.64,2,2,4,224,2.67,At Risk,35-44,Female,South East,Platinum,True
CUST00225,457,4,261.49,1,1,1,111,1.0,Lost,35-44,Male,South East,Bronze,True
CUST00226,140,7,1283.4299999999998,2,3,4,234,3.0,At Risk,25-34,Male,North West,Bronze,True
CUST00227,254,10,3499.04,2,4,4,244,3.33,At Risk,18-24,Prefer not to say,North East,Bronze,True
CUST00228,247,7,536.96,2,3,3,233,2.67,At Risk,18-24,Prefer not to say,Yorkshire,Bronze,True
CUST00229,81,7,592.42,3,3,3,333,3.0,Champion,65+,Male,Yorkshire,Bronze,True
CUST00230,51,7,668.65,4,3,3,433,3.33,Champion,55-64,Prefer not to say,Yorkshire,Platinum,True
CUST00231,243,7,1202.76,2,3,4,234,3.0,At Risk,45-54,Female,London,Silver,False
CUST00232,84,5,336.34000000000003,3,2,2,322,2.33,Loyal,35-44,Female,East of England,Silver,False
CUST00233,34,8,771.15,4,4,3,443,3.67,Champion,25-34,Male,South East,Silver,True
CUST00234,230,6,192.59,2,2,1,221,1.67,At Risk,55-64,Prefer not to say,Yorkshire,Bronze,False
CUST00235,65,13,926.33,3,4,4,344,3.67,Champion,45-54,Prefer not to say,London,Platinum,True
CUST00236,296,5,657.78,1,2,3,123,2.0,Lost,45-54,Male,South West,Bronze,True
CUST00237,100,4,439.87,3,1,2,312,2.0,New Customer,65+,Female,West Midlands,Bronze,True
CUST00238,187,7,236.56,2,3,1,231,2.0,At Risk,65+,Male,West Midlands,Platinum,True
CUST00239,422,7,693.4100000000001,1,3,3,133,2.33,Lost,25-34,Female,Yorkshire,Silver,True
CUST00240,8,10,621.5799999999999,4,4,3,443,3.67,Champion,65+,Prefer not to say,North West,Bronze,True
CUST00241,5,8,911.1800000000001,4,4,4,444,4.0,Champion,18-24,Prefer not to say,North East,Bronze,True
CUST00242,298,5,384.03999999999996,1,2,2,122,1.67,Lost,65+,Male,Yorkshire,Silver,True
CUST00243,288,3,322.98,1,1,2,112,1.33,Lost,45-54,Prefer not to say,London,Silver,True
CUST00244,108,3,345.98,3,1,2,312,2.0,New Customer,65+,Male,East Midlands,Bronze,True
CUST00245,76,4,147.47,3,1,1,311,1.67,New Customer,45-54,Male,South East,Bronze,True
CUST00246,136,5,138.48,2,2,1,221,1.67,At Risk,45-54,Female,North West,Gold,True
CUST00247,83,5,461.01,3,2,2,322,2.33,Loyal,18-24,Male,Wales,Bronze,True
CUST00248,185,7,1179.33,2,3,4,234,3.0,At Risk,35-44,Female,West Midlands,Silver,False
CUST00249,241,5,752.48,2,2,3,223,2.33,At Risk,25-34,Female,London,Gold,True
CUST00250,110,3,198.64000000000001,3,1,1,311,1.67,New Customer,25-34,Male,London,Silver,True
CUST00251,65,3,212.76999999999998,3,1,1,311,1.67,New Customer,65+,Male,South West,Bronze,True
CUST00252,29,5,358.32,4,2,2,422,2.67,Loyal,55-64,Female,South East,Gold,True
CUST00253,350,5,1278.89,1,2,4,124,2.33,Lost,35-44,Male,Wales,Silver,True
CUST00254,52,6,499.89,4,2,2,422,2.67,Loyal,55-64,Female,London,Bronze,True
CUST00255,14,8,463.49,4,4,2,442,3.33,Loyal,25-34,Female,South West,Gold,True
CUST00256,153,5,250.78,2,2,1,221,1.67,At Risk,45-54,Male,East Midlands,Platinum,True
CUST00257,182,7,732.5,2,3,3,233,2.67,At Risk,65+,Male,Scotland,Gold,True
CUST00258,83,12,886.92,3,4,4,344,3.67,Champion,35-44,Female,West Midlands,Silver,True
CUST00259,73,5,495.77000000000004,3,2,2,322,2.33,Loyal,25-34,Female,South East,Gold,False
CUST00260,46,5,343.84,4,2,2,422,2.67,Loyal,25-34,Prefer not to say,East Midlands,Bronze,True
CUST00261,247,5,488.78,2,2,2,222,2.0,At Risk,45-54,Prefer not to say,West Midlands,Bronze,True
CUST00262,214,3,33.92,2,1,1,211,1.33,Needs Attention,65+,Female,Yorkshire,Bronze,True
CUST00263,633,5,420.17,1,2,2,122,1.67,Lost,65+,Male,London,Silver,True
CUST00264,51,4,652.1500000000001,4,1,3,413,2.67,New Customer,45-54,Prefer not to say,North West,Silver,True
CUST00265,288,7,1267.6000000000001,1,3,4,134,2.67,Lost,45-54,Male,Yorkshire,Bronze,True
CUST00266,226,6,1140.45,2,2,4,224,2.67,At Risk,55-64,Male,North West,Bronze,True
CUST00267,64,11,1744.36,3,4,4,344,3.67,Champion,18-24,Prefer not to say,London,Bronze,True
CUST00268,400,5,394.62,1,2,2,122,1.67,Lost,18-24,Male,East of England,Bronze,True
CUST00269,460,4,554.66,1,1,3,113,1.67,Lost,55-64,Prefer not to say,West Midlands,Gold,True
CUST00270,373,4,473.43,1,1,2,112,1.33,Lost,25-34,Prefer not to say,East of England,Gold,True
CUST00271,86,10,803.0500000000001,3,4,3,343,3.33,Champion,45-54,Prefer not to say,South East,Silver,True
CUST00272,146,8,266.82,2,4,1,241,2.33,At Risk,18-24,Female,South West,Silver,True
CUST00273,204,2,109.96000000000001,2,1,1,211,1.33,Needs Attention,45-54,Female,West Midlands,Bronze,False
CUST00274,37,14,1495.64,4,4,4,444,4.0,Champion,65+,Prefer not to say,East of England,Bronze,True
CUST00275,27,5,484.22,4,2,2,422,2.67,Loyal,35-44,Male,Scotland,Silver,False
CUST00276,91,11,2353.0,3,4,4,344,3.67,Champion,55-64,Female,West Midlands,Silver,True
CUST00277,192,9,553.5799999999999,2,4,3,243,3.0,At Risk,18-24,Male,South West,Gold,True
CUST00278,638,3,506.05,1,1,2,112,1.33,Lost,18-24,Prefer not to say,South East,Platinum,True
CUST00279,332,4,929.11,1,1,4,114,2.0,Lost,25-34,Prefer not to say,East Midlands,Bronze,True
CUST00280,217,5,344.21,2,2,2,222,2.0,At Risk,35-44,Male,South West,Gold,True
CUST00281,155,6,1464.92,2,2,4,224,2.67,At Risk,18-24,Male,Scotland,Bronze,True
CUST00282,130,6,388.95000000000005,3,2,2,322,2.33,Loyal,45-54,Prefer not to say,East Midlands,Bronze,True
CUST00283,121,8,1064.25,3,4,4,344,3.67,Champion,45-54,Male,South East,Bronze,True
CUST00284,5,5,452.15,4,2,2,422,2.67,Loyal,65+,Female,London,Bronze,True
CUST00285,177,5,1157.58,2,2,4,224,2.67,At Risk,35-44,Female,South East,Gold,True
CUST00286,75,6,785.13,3,2,3,323,2.67,Loyal,45-54,Male,London,Bronze,True
CUST00287,220,5,251.88,2,2,1,221,1.67,At Risk,45-54,Female,South West,Gold,True
CUST00288,732,2,325.25,1,1,2,112,1.33,Lost,35-44,Male,Scotland,Platinum,True
CUST00289,103,9,614.39,3,4,3,343,3.33,Champion,35-44,Female,South East,Gold,True
CUST00290,49,4,253.2,4,1,1,411,2.0,New Customer,65+,Prefer not to say,London,Silver,True
CUST00291,92,6,248.27,3,2,1,321,2.0,Loyal,65+,Female,London,Bronze,True
CUST00292,439,4,151.88,1,1,1,111,1.0,Lost,18-24,Female,Wales,Silver,True
CUST00293,81,6,660.28,3,2,3,323,2.67,Loyal,35-44,Prefer not to say,North East,Silver,True
CUST00294,215,7,858.84,2,3,3,233,2.67,At Risk,65+,Prefer not to say,London,Platinum,False
CUST00295,144,11,1072.42,2,4,4,244,3.33,At Risk,18-24,Male,South East,Silver,True
CUST00296,26,4,899.84,4,1,4,414,3.0,New Customer,35-44,Male,East of England,Bronze,True
CUST00297,631,7,870.59,1,3,3,133,2.33,Lost,35-44,Female,East of England,Bronze,True
CUST00298,84,11,1323.0,3,4,4,344,3.67,Champion,35-44,Male,South East,Gold,True
CUST00299,272,6,343.33,1,2,2,122,1.67,Lost,65+,Male,East of England,Silver,True
CUST00300,131,6,188.47,2,2,1,221,1.67,At Risk,65+,Male,London,Silver,True
CUST00301,73,4,84.36,3,1,1,311,1.67,New Customer,55-64,Female,South West,Silver,True
CUST00302,96,9,1754.35,3,4,4,344,3.67,Champion,55-64,Male,South East,Bronze,True
CUST00303,62,5,208.62,3,2,1,321,2.0,Loyal,55-64,Female,West Midlands,Silver,True
CUST00304,996,1,47.78,1,1,1,111,1.0,Lost,55-64,Prefer not to say,London,Bronze,True
CUST00305,2,11,1397.27,4,4,4,444,4.0,Champion,65+,Male,East of England,Bronze,True
CUST00306,125,7,1424.63,3,3,4,334,3.33,Champion,65+,Prefer not to say,West Midlands,Silver,True
CUST00307,35,7,550.84,4,3,3,433,3.33,Champion,25-34,Female,North West,Silver,False
CUST00308,402,8,809.6600000000001,1,4,3,143,2.67,Lost,45-54,Prefer not to say,East of England,Silver,True
CUST00309,105,5,244.23,3,2,1,321,2.0,Loyal,25-34,Male,East Midlands,Gold,True
CUST00310,70,5,345.15000000000003,3,2,2,322,2.33,Loyal,25-34,Female,East Midlands,Gold,True
CUST00311,488,4,139.55,1,1,1,111,1.0,Lost,55-64,Female,East Midlands,Gold,True
CUST00312,92,7,367.77,3,3,2,332,2.67,Loyal,35-44,Male,South West,Bronze,True
CUST00313,113,5,358.78999999999996,3,2,2,322,2.33,Loyal,65+,Prefer not to say,West Midlands,Gold,True
CUST00314,235,6,446.47999999999996,2,2,2,222,2.0,At Risk,18-24,Prefer not to say,South East,Bronze,True
CUST00315,566,4,791.7800000000001,1,1,3,113,1.67,Lost,55-64,Female,Scotland,Silver,True
CUST00316,119,2,85.36,3,1,1,311,1.67,New Customer,35-44,Prefer not to say,London,Gold,True
CUST00317,611,5,717.44,1,2,3,123,2.0,Lost,45-54,Male,East Midlands,Bronze,True
CUST00318,66,7,586.9,3,3,3,333,3.0,Champion,55-64,Prefer not to say,South East,Platinum,True
CUST00319,153,5,253.31,2,2,1,221,1.67,At Risk,65+,Male,Yorkshire,Silver,False
CUST00320,266,8,1059.51,1,4,4,144,3.0,Lost,45-54,Male,East of England,Bronze,True
CUST00321,296,5,255.99,1,2,1,121,1.33,Lost,35-44,Prefer not to say,Yorkshire,Bronze,True
CUST00322,67,11,1411.22,3,4,4,344,3.67,Champion,45-54,Male,Wales,Bronze,False
CUST00323,116,7,289.65999999999997,3,3,2,332,2.67,Loyal,18-24,Prefer not to say,South East,Bronze,True
CUST00324,348,7,644.83,1,3,3,133,2.33,Lost,45-54,Prefer not to say,London,Bronze,True
CUST00325,29,6,308.81,4,2,2,422,2.67,Loyal,18-24,Male,West Midlands,Gold,True
CUST00326,188,6,392.04,2,2,2,222,2.0,At Risk,45-54,Male,Yorkshire,Bronze,True
CUST00327,261,6,1624.12,1,2,4,124,2.33,Lost,25-34,Prefer not to say,Wales,Bronze,True
CUST00328,27,8,345.58,4,4,2,442,3.33,Loyal,65+,Male,West Midlands,Bronze,True
CUST00329,482,4,183.29,1,1,1,111,1.0,Lost,18-24,Male,Yorkshire,Silver,True
CUST00330,168,4,311.47,2,1,2,212,1.67,Needs Attention,25-34,Female,West Midlands,Bronze,True
CUST00331,393,4,321.02,1,1,2,112,1.33,Lost,25-34,Prefer not to say,East Midlands,Bronze,True
CUST00332,101,7,574.64,3,3,3,333,3.0,Champion,45-54,Male,South East,Silver,True
CUST00333,207,8,1597.23,2,4,4,244,3.33,At Risk,25-34,Female,North West,Silver,True
CUST00334,79,8,328.98,3,4,2,342,3.0,Loyal,18-24,Prefer not to say,London,Bronze,False
CUST00335,53,8,1283.12,4,4,4,444,4.0,Champion,65+,Prefer not to say,East of England,Bronze,True
CUST00336,57,7,339.16,3,3,2,332,2.67,Loyal,18-24,Female,London,Gold,True
CUST00337,20,8,1410.6200000000001,4,4,4,444,4.0,Champion,65+,Female,Yorkshire,Gold,True
CUST00338,194,2,103.46000000000001,2,1,1,211,1.33,Needs Attention,55-64,Prefer not to say,London,Silver,True
CUST00339,163,5,1125.7300000000002,2,2,4,224,2.67,At Risk,25-34,Female,Scotland,Silver,True
CUST00340,1036,1,34.9,1,1,1,111,1.0,Lost,18-24,Female,North West,Bronze,True
CUST00341,343,5,282.29,1,2,2,122,1.67,Lost,45-54,Prefer not to say,South East,Silver,True
CUST00342,231,2,168.62,2,1,1,211,1.33,Needs Attention,25-34,Prefer not to say,East of England,Bronze,True
CUST00343,84,9,369.27,3,4,2,342,3.0,Loyal,25-34,Male,Scotland,Gold,True
CUST00344,328,4,935.06,1,1,4,114,2.0,Lost,35-44,Male,East Midlands,Bronze,True
CUST00345,233,5,907.39,2,2,4,224,2.67,At Risk,18-24,Female,North West,Gold,True
CUST00346,178,5,1086.23,2,2,4,224,2.67,At Risk,35-44,Male,South East,Gold,True
CUST00347,162,7,456.03000000000003,2,3,2,232,2.33,At Risk,65+,Prefer not to say,Yorkshire,Bronze,False
CUST00348,9,5,428.1,4,2,2,422,2.67,Loyal,65+,Prefer not to say,North West,Platinum,True
CUST00349,44,6,972.15,4,2,4,424,3.33,Loyal,25-34,Prefer not to say,Wales,Bronze,False
CUST00350,53,6,1379.02,4,2,4,424,3.33,Loyal,18-24,Male,North East,Silver,True
CUST00351,54,8,2051.59,3,4,4,344,3.67,Champion,55-64,Male,West Midlands,Bronze,True
CUST00352,231,3,89.86,2,1,1,211,1.33,Needs Attention,35-44,Female,Scotland,Bronze,True
CUST00353,17,5,649.47,4,2,3,423,3.0,Loyal,25-34,Male,Yorkshire,Silver,True
CUST00354,41,8,1413.0,4,4,4,444,4.0,Champion,45-54,Male,East of England,Platinum,True
CUST00355,149,12,1369.94,2,4,4,244,3.33,At Risk,18-24,Male,North West,Bronze,True
CUST00356,75,6,210.75,3,2,1,321,2.0,Loyal,18-24,Prefer not to say,South East,Bronze,True
CUST00357,404,4,789.0,1,1,3,113,1.67,Lost,45-54,Female,East Midlands,Silver,True
CUST00358,384,6,1518.46,1,2,4,124,2.33,Lost,18-24,Male,North West,Platinum,True
CUST00359,67,7,954.23,3,3,4,334,3.33,Champion,55-64,Prefer not to say,South East,Gold,False
CUST00360,237,7,566.79,2,3,3,233,2.67,At Risk,18-24,Female,London,Platinum,True
CUST00361,21,6,1102.71,4,2,4,424,3.33,Loyal,45-54,Male,South West,Bronze,True
CUST00362,21,12,1189.1100000000001,4,4,4,444,4.0,Champion,45-54,Male,London,Silver,True
CUST00363,214,5,855.82,2,2,3,223,2.33,At Risk,18-24,Male,South East,Bronze,True
CUST00364,117,10,1902.17,3,4,4,344,3.67,Champion,45-54,Prefer not to say,South East,Silver,True
CUST00365,297,4,1269.18,1,1,4,114,2.0,Lost,35-44,Male,London,Silver,False
CUST00366,45,2,11.18,4,1,1,411,2.0,New Customer,45-54,Prefer not to say,South East,Silver,False
CUST00367,77,8,518.29,3,4,3,343,3.33,Champion,35-44,Prefer not to say,North West,Gold,True
CUST00368,205,5,179.07,2,2,1,221,1.67,At Risk,25-34,Male,South East,Bronze,False
CUST00369,210,3,814.8299999999999,2,1,3,213,2.0,Needs Attention,55-64,Male,North West,Gold,True
CUST00370,38,9,433.49,4,4,2,442,3.33,Loyal,18-24,Male,South East,Bronze,True
CUST00371,18,15,1429.12,4,4,4,444,4.0,Champion,35-44,Prefer not to say,London,Gold,True
CUST00372,29,6,324.46,4,2,2,422,2.67,Loyal,55-64,Female,Scotland,Bronze,True
CUST00373,11,7,1073.69,4,3,4,434,3.67,Champion,25-34,Male,Yorkshire,Bronze,True
CUST00374,403,3,326.57,1,1,2,112,1.33,Lost,65+,Prefer not to say,North West,Bronze,True
CUST00375,195,4,655.25,2,1,3,213,2.0,Needs Attention,55-64,Male,London,Bronze,True
CUST00376,128,7,340.17,3,3,2,332,2.67,Loyal,35-44,Prefer not to say,London,Bronze,True
CUST00377,133,5,83.46000000000001,2,2,1,221,1.67,At Risk,18-24,Female,London,Silver,True
CUST00378,7,4,451.5,4,1,2,412,2.33,New Customer,45-54,Female,Yorkshire,Platinum,True
CUST00379,260,6,376.07000000000005,1,2,2,122,1.67,Lost,18-24,Female,North West,Silver,True
CUST00380,69,5,527.16,3,2,3,323,2.67,Loyal,18-24,Female,South East,Bronze,True
CUST00381,289,2,39.370000000000005,1,1,1,111,1.0,Lost,55-64,Male,South East,Platinum,True
CUST00382,194,5,417.69999999999993,2,2,2,222,2.0,At Risk,25-34,Male,London,Bronze,True
CUST00383,113,6,498.55,3,2,2,322,2.33,Loyal,35-44,Male,London,Bronze,True
CUST00384,84,1,689.24,3,1,3,313,2.33,New Customer,18-24,Female,North West,Silver,True
CUST00385,156,6,567.95,2,2,3,223,2.33,At Risk,65+,Female,Wales,Silver,True
CUST00386,191,7,410.8,2,3,2,232,2.33,At Risk,65+,Female,London,Silver,True
CUST00387,170,5,512.28,2,2,3,223,2.33,At Risk,45-54,Male,South East,Silver,False
CUST00388,512,4,1027.75,1,1,4,114,2.0,Lost,65+,Prefer not to say,London,Silver,False
CUST00389,23,4,231.36,4,1,1,411,2.0,New Customer,45-54,Prefer not to say,South West,Silver,True
CUST00390,205,7,661.23,2,3,3,233,2.67,At Risk,18-24,Female,North East,Silver,True
CUST00391,51,8,1662.52,4,4,4,444,4.0,Champion,25-34,Male,North West,Bronze,True
CUST00392,32,6,279.94,4,2,2,422,2.67,Loyal,65+,Male,North West,Bronze,True
CUST00393,210,7,534.38,2,3,3,233,2.67,At Risk,35-44,Prefer not to say,East of England,Gold,True
CUST00394,157,7,852.15,2,3,3,233,2.67,At Risk,18-24,Prefer not to say,Yorkshire,Gold,False
CUST00395,265,8,770.23,1,4,3,143,2.67,Lost,55-64,Prefer not to say,East of England,Bronze,True
CUST00396,788,4,1556.69,1,1,4,114,2.0,Lost,45-54,Female,West Midlands,Bronze,False
CUST00397,430,4,541.21,1,1,3,113,1.67,Lost,35-44,Female,South East,Silver,False
CUST00398,74,9,748.51,3,4,3,343,3.33,Champion,65+,Female,Yorkshire,Bronze,True
CUST00399,468,4,229.98000000000002,1,1,1,111,1.0,Lost,25-34,Female,Yorkshire,Gold,False
CUST00400,11,11,2732.02,4,4,4,444,4.0,Champion,35-44,Prefer not to say,East of England,Bronze,True
CUST00401,421,6,361.38,1,2,2,122,1.67,Lost,25-34,Male,East of England,Gold,True
CUST00402,202,4,822.03,2,1,3,213,2.0,Needs Attention,65+,Male,West Midlands,Bronze,True
CUST00403,301,5,970.67,1,2,4,124,2.33,Lost,35-44,Male,North West,Bronze,True
CUST00404,558,7,284.02,1,3,2,132,2.0,Lost,55-64,Male,North West,Silver,True
CUST00405,207,8,531.62,2,4,3,243,3.0,At Risk,45-54,Male,West Midlands,Silver,True
CUST00406,10,8,462.38,4,4,2,442,3.33,Loyal,45-54,Female,North West,Silver,True
CUST00407,6,7,599.96,4,3,3,433,3.33,Champion,18-24,Prefer not to say,Wales,Platinum,True
CUST00408,206,9,232.24,2,4,1,241,2.33,At Risk,65+,Male,East of England,Bronze,True
CUST00409,219,7,522.69,2,3,3,233,2.67,At Risk,65+,Prefer not to say,Scotland,Silver,True
CUST00410,220,5,413.90000000000003,2,2,2,222,2.0,At Risk,55-64,Female,West Midlands,Silver,True
CUST00411,69,9,867.84,3,4,3,343,3.33,Champion,45-54,Female,Yorkshire,Silver,True
CUST00412,116,8,1270.6699999999998,3,4,4,344,3.67,Champion,65+,Female,East of England,Gold,True
CUST00413,42,8,1352.96,4,4,4,444,4.0,Champion,65+,Prefer not to say,Yorkshire,Bronze,True
CUST00414,240,6,972.64,2,2,4,224,2.67,At Risk,65+,Female,South West,Gold,True
CUST00415,128,8,643.73,3,4,3,343,3.33,Champion,45-54,Male,North West,Silver,True
CUST00416,63,8,564.9200000000001,3,4,3,343,3.33,Champion,55-64,Female,South West,Gold,True
CUST00417,248,5,427.66,2,2,2,222,2.0,At Risk,55-64,Female,London,Gold,True
CUST00418,300,4,135.01000000000002,1,1,1,111,1.0,Lost,35-44,Prefer not to say,London,Silver,True
CUST00419,51,12,1338.3,4,4,4,444,4.0,Champion,18-24,Male,West Midlands,Silver,True
CUST00420,182,5,380.57,2,2,2,222,2.0,At Risk,18-24,Prefer not to say,London,Bronze,False
CUST00421,126,10,1385.4700000000003,3,4,4,344,3.67,Champion,65+,Male,West Midlands,Bronze,True
CUST00422,227,4,227.09,2,1,1,211,1.33,Needs Attention,25-34,Male,North West,Bronze,True
CUST00423,590,3,638.75,1,1,3,113,1.67,Lost,65+,Male,South East,Gold,True
CUST00424,265,3,101.88,1,1,1,111,1.0,Lost,25-34,Male,Yorkshire,Bronze,True
CUST00425,32,7,659.02,4,3,3,433,3.33,Champion,65+,Prefer not to say,North West,Bronze,True
CUST00426,139,5,555.9499999999999,2,2,3,223,2.33,At Risk,65+,Male,West Midlands,Bronze,True
CUST00427,752,3,190.55,1,1,1,111,1.0,Lost,45-54,Prefer not to say,London,Silver,True
CUST00428,165,1,30.37,2,1,1,211,1.33,Needs Attention,55-64,Prefer not to say,Yorkshire,Bronze,True
CUST00429,418,4,965.17,1,1,4,114,2.0,Lost,18-24,Male,East of England,Silver,False
CUST00430,30,5,852.09,4,2,3,423,3.0,Loyal,35-44,Male,London,Silver,True
CUST00431,50,7,319.87,4,3,2,432,3.0,Loyal,18-24,Male,West Midlands,Gold,True
CUST00432,55,7,678.97,3,3,3,333,3.0,Champion,35-44,Prefer not to say,South East,Platinum,True
CUST00433,28,5,477.32,4,2,2,422,2.67,Loyal,18-24,Female,South East,Silver,True
CUST00434,194,10,548.5799999999999,2,4,3,243,3.0,At Risk,25-34,Prefer not to say,West Midlands,Bronze,False
CUST00435,816,3,155.42999999999998,1,1,1,111,1.0,Lost,35-44,Male,London,Bronze,True
CUST00436,412,4,693.1,1,1,3,113,1.67,Lost,65+,Male,London,Silver,False
CUST00437,80,6,652.01,3,2,3,323,2.67,Loyal,45-54,Prefer not to say,East of England,Silver,True
CUST00438,509,4,570.44,1,1,3,113,1.67,Lost,65+,Prefer not to say,Wales,Bronze,True
CUST00439,12,12,3263.71,4,4,4,444,4.0,Champion,18-24,Female,West Midlands,Bronze,False
CUST00440,78,3,122.91,3,1,1,311,1.67,New Customer,45-54,Prefer not to say,Yorkshire,Silver,True
CUST00441,155,10,421.93,2,4,2,242,2.67,At Risk,65+,Male,East of England,Silver,False
CUST00442,141,11,738.63,2,4,3,243,3.0,At Risk,25-34,Female,Wales,Bronze,True
CUST00443,39,12,1225.0,4,4,4,444,4.0,Champion,18-24,Female,South West,Silver,False
CUST00444,85,4,811.74,3,1,3,313,2.33,New Customer,45-54,Prefer not to say,West Midlands,Bronze,True
CUST00445,5,5,606.73,4,2,3,423,3.0,Loyal,55-64,Prefer not to say,West Midlands,Gold,True
CUST00446,215,3,30.78,2,1,1,211,1.33,Needs Attention,18-24,Male,North West,Bronze,True
CUST00447,30,6,762.41,4,2,3,423,3.0,Loyal,18-24,Prefer not to say,South East,Bronze,True
CUST00448,72,5,2657.5,3,2,4,324,3.0,Loyal,25-34,Female,London,Silver,True
CUST00449,38,4,583.99,4,1,3,413,2.67,New Customer,18-24,Female,London,Gold,True
CUST00450,170,3,65.22,2,1,1,211,1.33,Needs Attention,65+,Prefer not to say,East Midlands,Gold,True
CUST00451,78,10,1774.17,3,4,4,344,3.67,Champion,18-24,Prefer not to say,Yorkshire,Silver,False
CUST00452,215,5,436.24,2,2,2,222,2.0,At Risk,65+,Male,London,Silver,True
CUST00453,19,8,298.54,4,4,2,442,3.33,Loyal,35-44,Female,Scotland,Platinum,True
CUST00454,156,7,794.59,2,3,3,233,2.67,At Risk,65+,Prefer not to say,North West,Silver,True
CUST00455,41,11,583.9,4,4,3,443,3.67,Champion,65+,Male,Wales,Silver,True
CUST00456,27,4,840.6400000000001,4,1,3,413,2.67,New Customer,35-44,Prefer not to say,East of England,Silver,True
CUST00457,115,7,246.28,3,3,1,331,2.33,Loyal,18-24,Prefer not to say,London,Bronze,True
CUST00458,697,2,51.39,1,1,1,111,1.0,Lost,35-44,Prefer not to say,South East,Gold,True
CUST00459,63,8,822.49,3,4,3,343,3.33,Champion,45-54,Male,West Midlands,Silver,True
CUST00460,125,7,326.37,3,3,2,332,2.67,Loyal,55-64,Prefer not to say,South East,Silver,True
CUST00461,21,4,208.31,4,1,1,411,2.0,New Customer,18-24,Prefer not to say,South East,Silver,False
CUST00462,143,9,776.84,2,4,3,243,3.0,At Risk,65+,Male,South East,Bronze,True
CUST00463,1,8,1374.44,4,4,4,444,4.0,Champion,18-24,Female,South East,Bronze,True
CUST00464,76,10,742.24,3,4,3,343,3.33,Champion,45-54,Prefer not to say,Scotland,Bronze,True
CUST00465,56,8,409.64,3,4,2,342,3.0,Loyal,55-64,Prefer not to say,South East,Gold,True
CUST00466,36,5,672.43,4,2,3,423,3.0,Loyal,45-54,Prefer not to say,East of England,Bronze,False
CUST00467,156,5,556.28,2,2,3,223,2.33,At Risk,35-44,Female,London,Gold,False
CUST00468,88,4,592.73,3,1,3,313,2.33,New Customer,65+,Female,South West,Gold,False
CUST00469,239,5,502.22999999999996,2,2,2,222,2.0,At Risk,18-24,Female,South East,Silver,False
CUST00470,335,7,1030.46,1,3,4,134,2.67,Lost,45-54,Male,South East,Silver,True
CUST00471,290,4,423.47,1,1,2,112,1.33,Lost,65+,Male,London,Silver,False
CUST00472,323,5,326.97,1,2,2,122,1.67,Lost,55-64,Prefer not to say,North West,Silver,True
CUST00473,202,6,646.17,2,2,3,223,2.33,At Risk,45-54,Prefer not to say,South East,Bronze,True
CUST00474,209,4,95.22,2,1,1,211,1.33,Needs Attention,35-44,Female,South West,Silver,True
CUST00475,61,5,977.41,3,2,4,324,3.0,Loyal,65+,Prefer not to say,West Midlands,Gold,True
CUST00476,175,2,731.49,2,1,3,213,2.0,Needs Attention,35-44,Prefer not to say,South East,Bronze,True
CUST00477,48,6,543.51,4,2,3,423,3.0,Loyal,25-34,Prefer not to say,London,Silver,False
CUST00478,251,6,1319.21,2,2,4,224,2.67,At Risk,18-24,Prefer not to say,North West,Bronze,True
CUST00479,245,2,30.4,2,1,1,211,1.33,Needs Attention,35-44,Male,Yorkshire,Gold,True
CUST00480,32,9,691.4,4,4,3,443,3.67,Champion,25-34,Male,West Midlands,Bronze,True
CUST00481,315,8,714.38,1,4,3,143,2.67,Lost,65+,Prefer not to say,London,Silver,True
CUST00482,532,3,203.78,1,1,1,111,1.0,Lost,35-44,Male,West Midlands,Bronze,True
CUST00483,48,7,549.7,4,3,3,433,3.33,Champion,45-54,Female,West Midlands,Bronze,True
CUST00484,37,7,476.01,4,3,2,432,3.0,Loyal,25-34,Male,South East,Gold,True
CUST00485,128,3,50.74,3,1,1,311,1.67,New Customer,45-54,Female,South West,Gold,True
CUST00486,30,7,997.4100000000001,4,3,4,434,3.67,Champion,25-34,Prefer not to say,London,Silver,True
CUST00487,7,8,1576.03,4,4,4,444,4.0,Champion,55-64,Male,North East,Silver,True
CUST00488,153,8,1661.6299999999999,2,4,4,244,3.33,At Risk,25-34,Prefer not to say,Yorkshire,Bronze,True
CUST00489,29,9,1315.24,4,4,4,444,4.0,Champion,55-64,Male,West Midlands,Gold,True
CUST00490,88,10,2315.3900000000003,3,4,4,344,3.67,Champion,25-34,Prefer not to say,Scotland,Silver,True
CUST00491,303,7,472.96000000000004,1,3,2,132,2.0,Lost,25-34,Female,South East,Bronze,True
CUST00492,419,5,603.9200000000001,1,2,3,123,2.0,Lost,45-54,Female,North East,Bronze,True
CUST00493,166,5,171.36,2,2,1,221,1.67,At Risk,55-64,Prefer not to say,East Midlands,Bronze,True
CUST00494,361,5,448.12,1,2,2,122,1.67,Lost,45-54,Male,East of England,Bronze,True
CUST00495,291,4,190.91,1,1,1,111,1.0,Lost,45-54,Male,South East,Silver,True
CUST00496,166,3,62.57,2,1,1,211,1.33,Needs Attention,55-64,Prefer not to say,North West,Silver,True
CUST00497,230,3,391.86999999999995,2,1,2,212,1.67,Needs Attention,65+,Female,East of England,Silver,True
CUST00498,27,6,348.1,4,2,2,422,2.67,Loyal,25-34,Prefer not to say,East of England,Gold,True
CUST00499,210,5,300.5,2,2,2,222,2.0,At Risk,55-64,Prefer not to say,West Midlands,Gold,False
CUST00500,23,3,427.07,4,1,2,412,2.33,New Customer,45-54,Male,London,Bronze,True
CUST00501,53,4,311.83000000000004,4,1,2,412,2.33,New Customer,25-34,Prefer not to say,West Midlands,Gold,True
CUST00502,234,4,59.75,2,1,1,211,1.33,Needs Attention,18-24,Male,East of England,Gold,False
CUST00503,235,10,1791.28,2,4,4,244,3.33,At Risk,45-54,Prefer not to say,East Midlands,Gold,True
CUST00504,107,9,937.0699999999999,3,4,4,344,3.67,Champion,65+,Prefer not to say,South West,Bronze,True
CUST00505,27,7,480.78999999999996,4,3,2,432,3.0,Loyal,45-54,Female,East Midlands,Silver,True
CUST00506,213,4,1503.94,2,1,4,214,2.33,Needs Attention,18-24,Female,East Midlands,Silver,True
CUST00507,158,6,1218.85,2,2,4,224,2.67,At Risk,55-64,Male,South West,Bronze,True
CUST00508,50,8,375.91999999999996,4,4,2,442,3.33,Loyal,65+,Prefer not to say,South East,Gold,True
CUST00509,330,7,1830.15,1,3,4,134,2.67,Lost,25-34,Female,East Midlands,Silver,True
CUST00510,365,8,1334.09,1,4,4,144,3.0,Lost,35-44,Prefer not to say,South East,Silver,False
CUST00511,20,6,140.22,4,2,1,421,2.33,Loyal,45-54,Prefer not to say,Scotland,Bronze,True
CUST00512,28,5,571.14,4,2,3,423,3.0,Loyal,45-54,Prefer not to say,London,Bronze,True
CUST00513,266,10,1512.44,1,4,4,144,3.0,Lost,18-24,Female,South East,Bronze,True
CUST00514,878,2,356.90999999999997,1,1,2,112,1.33,Lost,25-34,Prefer not to say,East of England,Bronze,True
CUST00515,107,9,800.76,3,4,3,343,3.33,Champion,65+,Male,South East,Silver,True
CUST00516,11,14,640.02,4,4,3,443,3.67,Champion,65+,Female,South West,Bronze,True
CUST00517,473,3,414.26,1,1,2,112,1.33,Lost,65+,Prefer not to say,North East,Bronze,True
CUST00518,364,3,111.82,1,1,1,111,1.0,Lost,55-64,Male,South East,Bronze,True
CUST00519,298,7,439.58000000000004,1,3,2,132,2.0,Lost,18-24,Prefer not to say,Scotland,Gold,True
CUST00520,401,6,561.16,1,2,3,123,2.0,Lost,35-44,Female,West Midlands,Gold,True
CUST00521,19,7,177.95000000000002,4,3,1,431,2.67,Loyal,65+,Male,West Midlands,Bronze,True
CUST00522,7,5,1500.3799999999999,4,2,4,424,3.33,Loyal,25-34,Female,London,Silver,True
CUST00523,434,4,666.92,1,1,3,113,1.67,Lost,35-44,Male,North East,Bronze,True
CUST00524,90,4,523.46,3,1,3,313,2.33,New Customer,35-44,Male,South East,Gold,True
CUST00525,47,4,250.93000000000004,4,1,1,411,2.0,New Customer,65+,Prefer not to say,East of England,Bronze,False
CUST00526,198,2,26.01,2,1,1,211,1.33,Needs Attention,55-64,Female,East of England,Platinum,True
CUST00527,26,7,553.49,4,3,3,433,3.33,Champion,55-64,Female,East of England,Silver,True
CUST00528,60,7,497.37999999999994,3,3,2,332,2.67,Loyal,18-24,Prefer not to say,East of England,Bronze,True
CUST00529,378,8,709.24,1,4,3,143,2.67,Lost,35-44,Female,West Midlands,Bronze,True
CUST00530,31,6,234.77,4,2,1,421,2.33,Loyal,25-34,Female,South West,Bronze,True
CUST00531,48,4,761.6,4,1,3,413,2.67,New Customer,25-34,Prefer not to say,London,Silver,True
CUST00532,68,6,645.67,3,2,3,323,2.67,Loyal,55-64,Female,North West,Bronze,True
CUST00533,67,8,220.45,3,4,1,341,2.67,Loyal,45-54,Male,Wales,Gold,True
CUST00534,8,4,286.57,4,1,2,412,2.33,New Customer,45-54,Male,West Midlands,Bronze,True
CUST00535,122,4,373.78999999999996,3,1,2,312,2.0,New Customer,65+,Female,South East,Bronze,True
CUST00536,71,4,170.6,3,1,1,311,1.67,New Customer,65+,Prefer not to say,London,Silver,False
CUST00537,93,7,538.67,3,3,3,333,3.0,Champion,65+,Prefer not to say,East of England,Silver,True
CUST00538,152,7,1296.57,2,3,4,234,3.0,At Risk,25-34,Prefer not to say,North West,Bronze,False
CUST00539,40,6,863.95,4,2,3,423,3.0,Loyal,35-44,Male,South East,Silver,True
CUST00540,10,6,208.60000000000002,4,2,1,421,2.33,Loyal,35-44,Prefer not to say,East Midlands,Platinum,True
CUST00541,115,7,829.6300000000001,3,3,3,333,3.0,Champion,65+,Male,West Midlands,Platinum,True
CUST00542,320,3,92.12,1,1,1,111,1.0,Lost,18-24,Female,East Midlands,Bronze,True
CUST00543,134,9,332.22,2,4,2,242,2.67,At Risk,55-64,Male,London,Platinum,True
CUST00544,89,7,427.88,3,3,2,332,2.67,Loyal,65+,Male,London,Gold,True
CUST00545,140,4,553.24,2,1,3,213,2.0,Needs Attention,45-54,Prefer not to say,Scotland,Silver,False
CUST00546,12,6,93.34,4,2,1,421,2.33,Loyal,65+,Prefer not to say,West Midlands,Silver,False
CUST00547,381,6,112.63,1,2,1,121,1.33,Lost,45-54,Female,South East,Bronze,True
CUST00548,411,9,561.5600000000001,1,4,3,143,2.67,Lost,35-44,Female,East of England,Silver,False
CUST00549,23,7,2241.23,4,3,4,434,3.67,Champion,45-54,Female,East Midlands,Gold,True
CUST00550,75,6,572.07,3,2,3,323,2.67,Loyal,25-34,Male,Yorkshire,Silver,True
CUST00551,82,5,387.94,3,2,2,322,2.33,Loyal,55-64,Prefer not to say,North West,Silver,True
CUST00552,109,8,734.37,3,4,3,343,3.33,Champion,25-34,Male,London,Bronze,True
CUST00553,300,5,520.14,1,2,3,123,2.0,Lost,35-44,Male,London,Platinum,True
CUST00554,112,6,585.22,3,2,3,323,2.67,Loyal,25-34,Prefer not to say,South West,Bronze,True
CUST00555,360,3,198.57,1,1,1,111,1.0,Lost,45-54,Female,North West,Silver,True
CUST00556,45,5,509.38000000000005,4,2,3,423,3.0,Loyal,18-24,Male,London,Gold,True
CUST00557,132,13,1747.67,2,4,4,244,3.33,At Risk,45-54,Male,London,Gold,True
CUST00558,54,6,590.85,3,2,3,323,2.67,Loyal,25-34,Female,Yorkshire,Bronze,True
CUST00559,156,7,536.02,2,3,3,233,2.67,At Risk,25-34,Prefer not to say,Yorkshire,Silver,True
CUST00560,138,7,630.65,2,3,3,233,2.67,At Risk,35-44,Male,North West,Bronze,True
CUST00561,38,10,1981.26,4,4,4,444,4.0,Champion,25-34,Female,East Midlands,Bronze,True
CUST00562,223,6,468.92999999999995,2,2,2,222,2.0,At Risk,35-44,Male,South East,Silver,False
CUST00563,280,5,284.90000000000003,1,2,2,122,1.67,Lost,35-44,Prefer not to say,London,Silver,True
CUST00564,16,14,1748.32,4,4,4,444,4.0,Champion,45-54,Prefer not to say,London,Silver,True
CUST00565,170,7,1288.78,2,3,4,234,3.0,At Risk,65+,Female,East Midlands,Silver,True
CUST00566,134,6,275.65,2,2,2,222,2.0,At Risk,65+,Female,South East,Gold,True
CUST00567,51,6,316.0,4,2,2,422,2.67,Loyal,35-44,Prefer not to say,South East,Bronze,True
CUST00568,264,5,208.22,1,2,1,121,1.33,Lost,35-44,Prefer not to say,London,Platinum,True
CUST00569,207,6,1459.7,2,2,4,224,2.67,At Risk,55-64,Female,South East,Silver,True
CUST00570,106,9,2002.1899999999998,3,4,4,344,3.67,Champion,25-34,Male,North West,Bronze,True
CUST00571,27,5,224.84,4,2,1,421,2.33,Loyal,55-64,Prefer not to say,Yorkshire,Bronze,True
CUST00572,267,5,122.27,1,2,1,121,1.33,Lost,25-34,Prefer not to say,East of England,Gold,True
CUST00573,151,8,300.22,2,4,2,242,2.67,At Risk,55-64,Prefer not to say,Scotland,Bronze,True
CUST00574,328,7,1624.78,1,3,4,134,2.67,Lost,65+,Male,North West,Bronze,False
CUST00575,112,6,485.04,3,2,2,322,2.33,Loyal,55-64,Female,London,Silver,True
CUST00576,57,4,467.86,3,1,2,312,2.0,New Customer,65+,Prefer not to say,South East,Silver,False
CUST00577,27,5,508.48,4,2,2,422,2.67,Loyal,55-64,Female,West Midlands,Silver,False
CUST00578,2,4,98.67,4,1,1,411,2.0,New Customer,45-54,Prefer not to say,South West,Silver,True
CUST00579,61,9,840.79,3,4,3,343,3.33,Champion,35-44,Female,South West,Bronze,False
CUST00580,50,11,1078.09,4,4,4,444,4.0,Champion,35-44,Male,South East,Bronze,True
CUST00581,139,8,847.4200000000001,2,4,3,243,3.0,At Risk,18-24,Male,East of England,Bronze,True
CUST00582,291,8,589.5899999999999,1,4,3,143,2.67,Lost,35-44,Female,London,Bronze,True
CUST00583,11,6,508.96,4,2,3,423,3.0,Loyal,25-34,Female,North West,Silver,True
CUST00584,169,5,783.79,2,2,3,223,2.33,At Risk,18-24,Male,Scotland,Bronze,True
CUST00585,72,6,291.73,3,2,2,322,2.33,Loyal,65+,Prefer not to say,North West,Gold,True
CUST00586,313,6,640.0600000000001,1,2,3,123,2.0,Lost,55-64,Prefer not to say,London,Silver,True
CUST00587,63,5,639.3399999999999,3,2,3,323,2.67,Loyal,55-64,Prefer not to say,East of England,Bronze,True
CUST00588,472,4,900.38,1,1,4,114,2.0,Lost,18-24,Female,East Midlands,Bronze,True
CUST00589,523,4,125.9,1,1,1,111,1.0,Lost,25-34,Female,East Midlands,Silver,True
CUST00590,117,2,102.17,3,1,1,311,1.67,New Customer,18-24,Female,Yorkshire,Bronze,True
CUST00591,54,4,279.33,3,1,2,312,2.0,New Customer,35-44,Male,South East,Silver,True
CUST00592,22,10,735.85,4,4,3,443,3.67,Champion,55-64,Male,South West,Gold,True
CUST00593,124,7,2061.46,3,3,4,334,3.33,Champion,18-24,Prefer not to say,London,Platinum,False
CUST00594,38,9,1490.23,4,4,4,444,4.0,Champion,35-44,Prefer not to say,North West,Bronze,True
CUST00595,433,4,121.75,1,1,1,111,1.0,Lost,55-64,Prefer not to say,Yorkshire,Silver,True
CUST00596,413,6,583.4200000000001,1,2,3,123,2.0,Lost,55-64,Prefer not to say,East of England,Bronze,True
CUST00597,431,6,899.26,1,2,4,124,2.33,Lost,45-54,Prefer not to say,Scotland,Bronze,True
CUST00598,75,4,310.49,3,1,2,312,2.0,New Customer,18-24,Female,North West,Silver,False
CUST00599,46,5,109.32000000000001,4,2,1,421,2.33,Loyal,45-54,Prefer not to say,East of England,Bronze,True
CUST00600,275,7,333.26,1,3,2,132,2.0,Lost,25-34,Prefer not to say,South East,Silver,True
CUST00601,42,4,46.28,4,1,1,411,2.0,New Customer,65+,Female,South East,Platinum,True
CUST00602,62,9,1529.3899999999999,3,4,4,344,3.67,Champion,18-24,Prefer not to say,Scotland,Bronze,False
CUST00603,71,2,211.34,3,1,1,311,1.67,New Customer,65+,Female,East of England,Silver,True
CUST00604,403,4,402.4,1,1,2,112,1.33,Lost,35-44,Prefer not to say,South East,Silver,True
CUST00605,120,3,110.6,3,1,1,311,1.67,New Customer,35-44,Prefer not to say,Yorkshire,Silver,True
CUST00606,120,5,268.24,3,2,1,321,2.0,Loyal,35-44,Male,East Midlands,Platinum,True
CUST00607,164,9,486.33,2,4,2,242,2.67,At Risk,35-44,Female,Scotland,Bronze,True
CUST00608,177,9,1518.46,2,4,4,244,3.33,At Risk,25-34,Male,Yorkshire,Silver,True
CUST00609,401,5,195.51999999999998,1,2,1,121,1.33,Lost,25-34,Prefer not to say,London,Bronze,True
CUST00610,145,7,769.1700000000001,2,3,3,233,2.67,At Risk,25-34,Female,East of England,Bronze,True
CUST00611,70,9,1657.32,3,4,4,344,3.67,Champion,45-54,Male,Yorkshire,Platinum,True
CUST00612,313,7,1841.71,1,3,4,134,2.67,Lost,45-54,Male,South West,Gold,True
CUST00613,176,2,164.29999999999998,2,1,1,211,1.33,Needs Attention,45-54,Female,North West,Bronze,True
CUST00614,49,10,518.33,4,4,3,443,3.67,Champion,55-64,Prefer not to say,Scotland,Bronze,True
CUST00615,699,2,151.92000000000002,1,1,1,111,1.0,Lost,25-34,Female,South East,Gold,True
CUST00616,93,6,2043.12,3,2,4,324,3.0,Loyal,65+,Prefer not to say,London,Gold,True
CUST00617,217,6,442.8,2,2,2,222,2.0,At Risk,25-34,Female,East Midlands,Silver,False
CUST00618,135,3,152.55,2,1,1,211,1.33,Needs Attention,65+,Prefer not to say,North East,Gold,True
CUST00619,138,6,605.69,2,2,3,223,2.33,At Risk,18-24,Prefer not to say,Yorkshire,Silver,True
CUST00620,294,4,160.01,1,1,1,111,1.0,Lost,35-44,Prefer not to say,North West,Gold,False
CUST00621,222,5,320.0,2,2,2,222,2.0,At Risk,35-44,Female,Yorkshire,Platinum,True
CUST00622,170,6,582.14,2,2,3,223,2.33,At Risk,18-24,Prefer not to say,Yorkshire,Bronze,False
CUST00623,67,5,235.17000000000002,3,2,1,321,2.0,Loyal,25-34,Male,East Midlands,Silver,True
CUST00624,66,7,731.55,3,3,3,333,3.0,Champion,55-64,Female,West Midlands,Silver,True
CUST00625,75,3,269.67,3,1,1,311,1.67,New Customer,18-24,Male,North West,Silver,True
CUST00626,103,10,983.88,3,4,4,344,3.67,Champion,45-54,Male,London,Bronze,False
CUST00627,2,5,819.1899999999999,4,2,3,423,3.0,Loyal,18-24,Female,South East,Gold,True
CUST00628,189,5,257.32,2,2,1,221,1.67,At Risk,45-54,Male,London,Gold,True
CUST00629,146,6,455.21,2,2,2,222,2.0,At Risk,55-64,Male,London,Silver,True
CUST00630,126,7,572.31,3,3,3,333,3.0,Champion,55-64,Female,South East,Silver,False
CUST00631,204,5,149.92000000000002,2,2,1,221,1.67,At Risk,45-54,Male,North East,Bronze,False
CUST00632,183,4,306.3,2,1,2,212,1.67,Needs Attention,45-54,Prefer not to say,North West,Silver,True
CUST00633,210,6,481.06,2,2,2,222,2.0,At Risk,35-44,Female,East Midlands,Silver,True
CUST00634,394,6,1688.47,1,2,4,124,2.33,Lost,18-24,Female,South East,Silver,True
CUST00635,420,2,346.35,1,1,2,112,1.33,Lost,65+,Prefer not to say,West Midlands,Bronze,True
CUST00636,109,7,1458.25,3,3,4,334,3.33,Champion,45-54,Male,West Midlands,Silver,False
CUST00637,103,9,1976.06,3,4,4,344,3.67,Champion,45-54,Prefer not to say,London,Silver,True
CUST00638,804,6,1204.51,1,2,4,124,2.33,Lost,35-44,Male,Scotland,Bronze,True
CUST00639,25,8,349.73,4,4,2,442,3.33,Loyal,25-34,Prefer not to say,London,Gold,True
CUST00640,235,7,1137.03,2,3,4,234,3.0,At Risk,45-54,Male,East of England,Bronze,False
CUST00641,90,8,942.75,3,4,4,344,3.67,Champion,25-34,Male,South West,Bronze,False
CUST00642,84,10,1216.65,3,4,4,344,3.67,Champion,55-64,Male,London,Gold,True
CUST00643,141,7,1158.57,2,3,4,234,3.0,At Risk,25-34,Prefer not to say,London,Bronze,True
CUST00644,279,5,393.2,1,2,2,122,1.67,Lost,45-54,Male,London,Gold,True
CUST00645,7,8,495.08000000000004,4,4,2,442,3.33,Loyal,35-44,Male,London,Bronze,True
CUST00646,175,7,762.2800000000001,2,3,3,233,2.67,At Risk,25-34,Male,South East,Bronze,True
CUST00647,7,7,521.53,4,3,3,433,3.33,Champion,25-34,Prefer not to say,North West,Silver,True
CUST00648,138,8,1810.42,2,4,4,244,3.33,At Risk,18-24,Male,London,Gold,True
CUST00649,63,8,783.4000000000001,3,4,3,343,3.33,Champion,45-54,Male,Yorkshire,Gold,True
CUST00650,507,3,486.27000000000004,1,1,2,112,1.33,Lost,65+,Prefer not to say,North West,Bronze,True
CUST00651,53,11,997.12,4,4,4,444,4.0,Champion,45-54,Female,West Midlands,Silver,True
CUST00652,145,4,317.96999999999997,2,1,2,212,1.67,Needs Attention,35-44,Female,London,Gold,True
CUST00653,59,6,804.0,3,2,3,323,2.67,Loyal,18-24,Male,East of England,Bronze,False
CUST00654,128,5,1036.92,3,2,4,324,3.0,Loyal,55-64,Male,South West,Silver,True
CUST00655,640,7,714.42,1,3,3,133,2.33,Lost,55-64,Female,South West,Bronze,True
CUST00656,389,5,1340.6599999999999,1,2,4,124,2.33,Lost,35-44,Male,North West,Silver,True
CUST00657,42,11,926.3,4,4,4,444,4.0,Champion,65+,Prefer not to say,London,Platinum,True
CUST00658,664,3,115.79,1,1,1,111,1.0,Lost,55-64,Male,North West,Bronze,True
CUST00659,19,4,495.07,4,1,2,412,2.33,New Customer,45-54,Prefer not to say,West Midlands,Bronze,False
CUST00660,3,5,337.38,4,2,2,422,2.67,Loyal,65+,Male,East of England,Bronze,True
CUST00661,26,5,354.07,4,2,2,422,2.67,Loyal,55-64,Prefer not to say,South East,Platinum,True
CUST00662,92,10,758.73,3,4,3,343,3.33,Champion,55-64,Prefer not to say,South West,Bronze,True
CUST00663,223,6,1029.7,2,2,4,224,2.67,At Risk,65+,Prefer not to say,North West,Bronze,False
CUST00664,103,8,1979.6100000000001,3,4,4,344,3.67,Champion,65+,Female,Yorkshire,Bronze,True
CUST00665,20,5,1470.0400000000002,4,2,4,424,3.33,Loyal,25-34,Male,East Midlands,Gold,False
CUST00666,658,5,557.05,1,2,3,123,2.0,Lost,25-34,Male,London,Bronze,True
CUST00667,79,8,633.1,3,4,3,343,3.33,Champion,65+,Female,North West,Gold,True
CUST00668,128,5,249.79000000000002,3,2,1,321,2.0,Loyal,45-54,Female,South East,Bronze,True
CUST00669,152,4,1050.3799999999999,2,1,4,214,2.33,Needs Attention,45-54,Prefer not to say,East Midlands,Bronze,True
CUST00670,35,8,401.09,4,4,2,442,3.33,Loyal,55-64,Female,Scotland,Bronze,True
CUST00671,53,6,248.28,4,2,1,421,2.33,Loyal,45-54,Prefer not to say,Yorkshire,Platinum,True
CUST00672,100,3,145.4,3,1,1,311,1.67,New Customer,35-44,Prefer not to say,Yorkshire,Silver,True
CUST00673,23,9,614.85,4,4,3,443,3.67,Champion,35-44,Female,London,Silver,True
CUST00674,9,11,1291.05,4,4,4,444,4.0,Champion,65+,Female,East Midlands,Silver,True
CUST00675,167,4,766.59,2,1,3,213,2.0,Needs Attention,45-54,Male,London,Bronze,True
CUST00676,725,3,165.52,1,1,1,111,1.0,Lost,35-44,Male,Yorkshire,Silver,True
CUST00677,158,8,875.6800000000001,2,4,4,244,3.33,At Risk,65+,Male,East of England,Gold,True
CUST00678,346,6,434.38,1,2,2,122,1.67,Lost,45-54,Female,Yorkshire,Bronze,True
CUST00679,177,7,339.42,2,3,2,232,2.33,At Risk,18-24,Prefer not to say,South East,Gold,True
CUST00680,170,4,1410.3899999999999,2,1,4,214,2.33,Needs Attention,45-54,Prefer not to say,Scotland,Gold,True
CUST00681,8,6,135.21,4,2,1,421,2.33,Loyal,35-44,Male,East of England,Bronze,False
CUST00682,129,5,364.32000000000005,3,2,2,322,2.33,Loyal,55-64,Prefer not to say,Scotland,Bronze,False
CUST00683,136,3,112.73,2,1,1,211,1.33,Needs Attention,35-44,Female,North West,Bronze,True
CUST00684,119,5,272.32,3,2,2,322,2.33,Loyal,55-64,Female,West Midlands,Platinum,True
CUST00685,265,4,120.44,1,1,1,111,1.0,Lost,18-24,Female,London,Bronze,True
CUST00686,68,4,1597.94,3,1,4,314,2.67,New Customer,25-34,Male,London,Bronze,False
CUST00687,123,5,125.31,3,2,1,321,2.0,Loyal,18-24,Prefer not to say,London,Silver,False
CUST00688,194,10,995.15,2,4,4,244,3.33,At Risk,35-44,Female,West Midlands,Bronze,False
CUST00689,19,8,1426.84,4,4,4,444,4.0,Champion,35-44,Male,North West,Bronze,True
CUST00690,579,3,260.39,1,1,1,111,1.0,Lost,35-44,Male,South West,Silver,True
CUST00691,38,8,1027.54,4,4,4,444,4.0,Champion,25-34,Prefer not to say,Yorkshire,Bronze,False
CUST00692,2,7,862.45,4,3,3,433,3.33,Champion,18-24,Male,London,Silver,True
CUST00693,76,4,323.66999999999996,3,1,2,312,2.0,New Customer,18-24,Prefer not to say,South West,Bronze,False
CUST00694,197,10,646.61,2,4,3,243,3.0,At Risk,45-54,Female,South West,Silver,True
CUST00695,80,12,1075.02,3,4,4,344,3.67,Champion,18-24,Prefer not to say,East of England,Platinum,True
CUST00696,71,8,1044.3700000000001,3,4,4,344,3.67,Champion,35-44,Prefer not to say,North West,Bronze,True
CUST00697,332,5,1402.77,1,2,4,124,2.33,Lost,55-64,Male,Scotland,Silver,True
CUST00698,22,9,1093.31,4,4,4,444,4.0,Champion,18-24,Prefer not to say,South West,Bronze,True
CUST00699,696,4,766.4300000000001,1,1,3,113,1.67,Lost,45-54,Male,North West,Silver,True
CUST00700,46,9,750.97,4,4,3,443,3.67,Champion,18-24,Female,London,Gold,True
CUST00701,111,7,1000.02,3,3,4,334,3.33,Champion,65+,Prefer not to say,South East,Bronze,True
CUST00702,280,7,598.6899999999999,1,3,3,133,2.33,Lost,25-34,Prefer not to say,West Midlands,Bronze,False
CUST00703,443,7,388.36,1,3,2,132,2.0,Lost,55-64,Male,North West,Bronze,True
CUST00704,131,6,429.1,2,2,2,222,2.0,At Risk,25-34,Female,South East,Gold,True
CUST00705,20,10,554.7,4,4,3,443,3.67,Champion,25-34,Male,East Midlands,Bronze,True
CUST00706,118,8,560.24,3,4,3,343,3.33,Champion,65+,Female,East Midlands,Bronze,True
CUST00707,92,14,3092.01,3,4,4,344,3.67,Champion,18-24,Female,London,Bronze,True
CUST00708,92,4,656.94,3,1,3,313,2.33,New Customer,65+,Female,West Midlands,Bronze,True
CUST00709,74,3,415.08,3,1,2,312,2.0,New Customer,55-64,Prefer not to say,London,Bronze,True
CUST00710,140,5,496.79,2,2,2,222,2.0,At Risk,45-54,Male,East Midlands,Bronze,True
CUST00711,48,2,238.55,4,1,1,411,2.0,New Customer,65+,Prefer not to say,London,Bronze,True
CUST00712,280,6,1321.01,1,2,4,124,2.33,Lost,25-34,Male,West Midlands,Bronze,True
CUST00713,8,3,250.20000000000002,4,1,1,411,2.0,New Customer,55-64,Female,London,Silver,True
CUST00714,123,2,90.1,3,1,1,311,1.67,New Customer,18-24,Male,Yorkshire,Silver,True
CUST00715,746,1,28.64,1,1,1,111,1.0,Lost,18-24,Female,South East,Bronze,False
CUST00716,266,6,533.94,1,2,3,123,2.0,Lost,45-54,Prefer not to say,East of England,Gold,True
CUST00717,146,3,220.01,2,1,1,211,1.33,Needs Attention,45-54,Female,London,Silver,False
CUST00718,148,10,1522.21,2,4,4,244,3.33,At Risk,18-24,Prefer not to say,East Midlands,Bronze,False
CUST00719,83,6,131.48,3,2,1,321,2.0,Loyal,35-44,Male,North East,Silver,True
CUST00720,72,9,823.55,3,4,3,343,3.33,Champion,45-54,Prefer not to say,East of England,Platinum,False
CUST00721,199,6,485.56,2,2,2,222,2.0,At Risk,65+,Male,South East,Bronze,False
CUST00722,318,7,842.93,1,3,3,133,2.33,Lost,45-54,Male,London,Silver,True
CUST00723,61,6,1494.2400000000002,3,2,4,324,3.0,Loyal,45-54,Female,South East,Silver,True
CUST00724,127,6,1211.94,3,2,4,324,3.0,Loyal,35-44,Female,South East,Platinum,True
CUST00725,99,5,698.46,3,2,3,323,2.67,Loyal,55-64,Prefer not to say,East Midlands,Platinum,True
CUST00726,352,3,1947.15,1,1,4,114,2.0,Lost,35-44,Prefer not to say,East of England,Silver,True
CUST00727,483,6,817.6800000000001,1,2,3,123,2.0,Lost,35-44,Female,Yorkshire,Silver,True
CUST00728,148,4,223.56,2,1,1,211,1.33,Needs Attention,55-64,Prefer not to say,South East,Bronze,True
CUST00729,3,9,1225.87,4,4,4,444,4.0,Champion,35-44,Male,West Midlands,Silver,True
CUST00730,406,5,175.41,1,2,1,121,1.33,Lost,65+,Female,Yorkshire,Gold,True
CUST00731,124,3,161.29,3,1,1,311,1.67,New Customer,35-44,Female,East of England,Bronze,True
CUST00732,131,6,492.84000000000003,2,2,2,222,2.0,At Risk,55-64,Prefer not to say,North West,Silver,True
CUST00733,182,4,129.02,2,1,1,211,1.33,Needs Attention,45-54,Male,London,Gold,False
CUST00734,253,4,605.68,2,1,3,213,2.0,Needs Attention,35-44,Male,West Midlands,Silver,True
CUST00735,332,7,429.13,1,3,2,132,2.0,Lost,45-54,Prefer not to say,East Midlands,Bronze,True
CUST00736,331,5,210.71,1,2,1,121,1.33,Lost,25-34,Male,London,Gold,True
CUST00737,275,7,167.94,1,3,1,131,1.67,Lost,55-64,Prefer not to say,West Midlands,Gold,True
CUST00738,310,7,1066.27,1,3,4,134,2.67,Lost,25-34,Female,South East,Bronze,True
CUST00739,75,4,136.38,3,1,1,311,1.67,New Customer,35-44,Female,Scotland,Silver,True
CUST00740,53,7,793.12,4,3,3,433,3.33,Champion,65+,Prefer not to say,North East,Gold,True
CUST00741,135,3,71.03999999999999,2,1,1,211,1.33,Needs Attention,45-54,Female,South East,Bronze,True
CUST00742,142,6,881.0699999999999,2,2,4,224,2.67,At Risk,45-54,Prefer not to say,Wales,Silver,False
CUST00743,240,5,295.22,2,2,2,222,2.0,At Risk,45-54,Female,London,Platinum,True
CUST00744,12,10,772.46,4,4,3,443,3.67,Champion,55-64,Prefer not to say,London,Silver,True
CUST00745,231,6,356.59999999999997,2,2,2,222,2.0,At Risk,25-34,Prefer not to say,East Midlands,Bronze,True
CUST00746,207,7,470.61,2,3,2,232,2.33,At Risk,18-24,Female,London,Silver,True
CUST00747,158,4,166.96,2,1,1,211,1.33,Needs Attention,18-24,Male,East of England,Bronze,False
CUST00748,107,8,1027.75,3,4,4,344,3.67,Champion,35-44,Prefer not to say,East Midlands,Platinum,True
CUST00749,321,1,17.45,1,1,1,111,1.0,Lost,45-54,Female,London,Bronze,False
CUST00750,688,3,154.81,1,1,1,111,1.0,Lost,65+,Female,Yorkshire,Bronze,True
CUST00751,56,5,525.38,3,2,3,323,2.67,Loyal,25-34,Prefer not to say,East Midlands,Bronze,True
CUST00752,74,11,1518.3400000000001,3,4,4,344,3.67,Champion,55-64,Female,London,Bronze,True
CUST00753,118,7,728.34,3,3,3,333,3.0,Champion,25-34,Male,North West,Bronze,True
CUST00754,218,6,614.22,2,2,3,223,2.33,At Risk,45-54,Prefer not to say,Yorkshire,Bronze,True
CUST00755,791,2,231.94,1,1,1,111,1.0,Lost,65+,Prefer not to say,North East,Bronze,False
CUST00756,77,3,135.68,3,1,1,311,1.67,New Customer,18-24,Female,East of England,Platinum,True
CUST00757,75,5,867.22,3,2,3,323,2.67,Loyal,65+,Prefer not to say,East of England,Silver,True
CUST00758,99,3,153.0,3,1,1,311,1.67,New Customer,25-34,Prefer not to say,London,Bronze,True
CUST00759,219,10,775.9200000000001,2,4,3,243,3.0,At Risk,45-54,Prefer not to say,North East,Bronze,True
CUST00760,157,7,1710.44,2,3,4,234,3.0,At Risk,65+,Male,Yorkshire,Silver,True
CUST00761,419,5,157.83,1,2,1,121,1.33,Lost,35-44,Prefer not to say,West Midlands,Bronze,False
CUST00762,14,7,820.78,4,3,3,433,3.33,Champion,35-44,Female,South West,Gold,True
CUST00763,109,2,26.490000000000002,3,1,1,311,1.67,New Customer,55-64,Prefer not to say,West Midlands,Platinum,True
CUST00764,118,4,745.94,3,1,3,313,2.33,New Customer,18-24,Female,South East,Silver,True
CUST00765,220,4,227.67,2,1,1,211,1.33,Needs Attention,65+,Female,London,Gold,True
CUST00766,163,4,412.92,2,1,2,212,1.67,Needs Attention,35-44,Male,London,Platinum,True
CUST00767,206,6,775.0600000000001,2,2,3,223,2.33,At Risk,18-24,Female,Yorkshire,Bronze,True
CUST00768,683,6,1479.73,1,2,4,124,2.33,Lost,18-24,Female,London,Bronze,True
CUST00769,6,5,176.43,4,2,1,421,2.33,Loyal,55-64,Male,London,Bronze,True
CUST00770,472,2,60.45,1,1,1,111,1.0,Lost,35-44,Male,North West,Gold,True
CUST00771,57,7,745.4699999999999,3,3,3,333,3.0,Champion,55-64,Male,Yorkshire,Platinum,False
CUST00772,505,6,504.4,1,2,2,122,1.67,Lost,25-34,Prefer not to say,North West,Silver,True
CUST00773,81,5,222.75,3,2,1,321,2.0,Loyal,45-54,Female,London,Bronze,True
CUST00774,35,5,237.89000000000001,4,2,1,421,2.33,Loyal,18-24,Prefer not to say,London,Gold,True
CUST00775,120,6,199.26,3,2,1,321,2.0,Loyal,45-54,Male,South West,Silver,True
CUST00776,124,9,579.17,3,4,3,343,3.33,Champion,55-64,Female,South East,Gold,False
CUST00777,64,7,330.95,3,3,2,332,2.67,Loyal,25-34,Male,Wales,Silver,True
CUST00778,214,6,756.53,2,2,3,223,2.33,At Risk,25-34,Female,South West,Silver,True
CUST00779,56,4,854.3,3,1,3,313,2.33,New Customer,25-34,Female,London,Gold,True
CUST00780,126,10,1232.8600000000001,3,4,4,344,3.67,Champion,35-44,Prefer not to say,Yorkshire,Silver,True
CUST00781,215,5,322.08000000000004,2,2,2,222,2.0,At Risk,55-64,Female,London,Silver,True
CUST00782,482,5,637.8399999999999,1,2,3,123,2.0,Lost,18-24,Male,Yorkshire,Gold,True
CUST00783,4,4,839.3100000000001,4,1,3,413,2.67,New Customer,25-34,Female,West Midlands,Bronze,True
CUST00784,182,4,224.98000000000002,2,1,1,211,1.33,Needs Attention,25-34,Female,West Midlands,Silver,True
CUST00785,7,5,505.65999999999997,4,2,2,422,2.67,Loyal,45-54,Male,South West,Bronze,True
CUST00786,69,10,1025.87,3,4,4,344,3.67,Champion,55-64,Prefer not to say,North West,Bronze,True
CUST00787,553,9,1865.89,1,4,4,144,3.0,Lost,45-54,Male,East Midlands,Silver,True
CUST00788,127,6,647.03,3,2,3,323,2.67,Loyal,45-54,Female,East of England,Platinum,True
CUST00789,56,8,1606.3,3,4,4,344,3.67,Champion,18-24,Prefer not to say,London,Gold,True
CUST00790,124,2,227.82,3,1,1,311,1.67,New Customer,45-54,Male,South West,Platinum,True
CUST00791,525,2,65.32000000000001,1,1,1,111,1.0,Lost,25-34,Prefer not to say,South East,Bronze,False
CUST00792,35,5,394.29,4,2,2,422,2.67,Loyal,18-24,Prefer not to say,South East,Silver,True
CUST00793,130,7,431.14,3,3,2,332,2.67,Loyal,65+,Female,East Midlands,Platinum,True
CUST00794,83,6,278.5,3,2,2,322,2.33,Loyal,18-24,Prefer not to say,West Midlands,Bronze,True
CUST00795,129,4,123.13,3,1,1,311,1.67,New Customer,25-34,Female,West Midlands,Platinum,False
CUST00796,243,3,254.38,2,1,1,211,1.33,Needs Attention,35-44,Male,South East,Silver,True
CUST00797,83,10,1017.05,3,4,4,344,3.67,Champion,35-44,Male,East Midlands,Silver,True
CUST00798,4,5,930.4200000000001,4,2,4,424,3.33,Loyal,55-64,Female,South West,Silver,True
CUST00799,273,5,607.4300000000001,1,2,3,123,2.0,Lost,18-24,Prefer not to say,Yorkshire,Gold,True
CUST00800,31,10,1402.72,4,4,4,444,4.0,Champion,65+,Prefer not to say,North West,Gold,False
CUST00801,10,7,607.95,4,3,3,433,3.33,Champion,35-44,Female,London,Bronze,False
CUST00802,106,4,191.85,3,1,1,311,1.67,New Customer,65+,Male,North West,Bronze,True
CUST00803,138,6,366.21,2,2,2,222,2.0,At Risk,25-34,Male,London,Bronze,True
CUST00804,20,6,343.13,4,2,2,422,2.67,Loyal,65+,Male,London,Bronze,True
CUST00805,436,5,403.68,1,2,2,122,1.67,Lost,65+,Male,Scotland,Silver,True
CUST00806,684,3,831.22,1,1,3,113,1.67,Lost,18-24,Female,North East,Silver,True
CUST00807,208,8,578.17,2,4,3,243,3.0,At Risk,18-24,Prefer not to say,Yorkshire,Platinum,True
CUST00808,193,7,471.90000000000003,2,3,2,232,2.33,At Risk,35-44,Female,North West,Silver,False
CUST00809,118,6,454.07,3,2,2,322,2.33,Loyal,25-34,Male,Scotland,Bronze,False
CUST00810,497,2,44.67,1,1,1,111,1.0,Lost,65+,Male,South East,Bronze,False
CUST00811,85,5,1088.88,3,2,4,324,3.0,Loyal,45-54,Prefer not to say,South East,Bronze,False
CUST00812,214,7,500.05,2,3,2,232,2.33,At Risk,35-44,Prefer not to say,South West,Silver,False
CUST00813,383,4,464.99,1,1,2,112,1.33,Lost,45-54,Female,London,Platinum,True
CUST00814,127,6,745.11,3,2,3,323,2.67,Loyal,25-34,Male,North East,Silver,True
CUST00815,309,6,393.5,1,2,2,122,1.67,Lost,45-54,Prefer not to say,South West,Gold,False
CUST00816,69,4,635.0799999999999,3,1,3,313,2.33,New Customer,65+,Female,East of England,Bronze,True
CUST00817,99,5,681.93,3,2,3,323,2.67,Loyal,65+,Female,North West,Bronze,True
CUST00818,130,5,651.31,3,2,3,323,2.67,Loyal,18-24,Male,South East,Silver,False
CUST00819,70,6,1288.82,3,2,4,324,3.0,Loyal,45-54,Female,North West,Bronze,True
CUST00820,121,5,156.65,3,2,1,321,2.0,Loyal,25-34,Male,South West,Bronze,False
CUST00821,125,4,288.66,3,1,2,312,2.0,New Customer,18-24,Prefer not to say,West Midlands,Silver,False
CUST00822,85,7,1732.36,3,3,4,334,3.33,Champion,18-24,Female,West Midlands,Silver,True
CUST00823,101,1,9.19,3,1,1,311,1.67,New Customer,18-24,Prefer not to say,East of England,Gold,False
CUST00824,572,4,577.9300000000001,1,1,3,113,1.67,Lost,65+,Male,London,Gold,True
CUST00825,596,3,146.21,1,1,1,111,1.0,Lost,45-54,Male,East Midlands,Platinum,True
CUST00826,14,13,1080.1,4,4,4,444,4.0,Champion,45-54,Male,London,Platinum,True
CUST00827,33,4,386.02000000000004,4,1,2,412,2.33,New Customer,18-24,Male,East of England,Gold,True
CUST00828,285,3,592.88,1,1,3,113,1.67,Lost,65+,Prefer not to say,South East,Bronze,True
CUST00829,47,4,301.98,4,1,2,412,2.33,New Customer,55-64,Prefer not to say,Scotland,Silver,True
CUST00830,87,8,1571.94,3,4,4,344,3.67,Champion,45-54,Prefer not to say,South West,Platinum,True
CUST00832,39,7,273.65,4,3,2,432,3.0,Loyal,25-34,Female,North West,Gold,False
CUST00833,21,5,538.97,4,2,3,423,3.0,Loyal,55-64,Female,South West,Bronze,True
CUST00834,44,11,1682.93,4,4,4,444,4.0,Champion,25-34,Male,London,Bronze,True
CUST00835,81,8,359.06,3,4,2,342,3.0,Loyal,18-24,Female,London,Bronze,True
CUST00836,21,5,1589.8700000000001,4,2,4,424,3.33,Loyal,35-44,Male,London,Bronze,True
CUST00838,76,6,1479.1399999999999,3,2,4,324,3.0,Loyal,35-44,Male,South East,Platinum,True
CUST00839,18,5,519.98,4,2,3,423,3.0,Loyal,25-34,Male,London,Gold,True
CUST00840,168,8,1961.95,2,4,4,244,3.33,At Risk,18-24,Prefer not to say,West Midlands,Silver,True
CUST00841,369,5,701.69,1,2,3,123,2.0,Lost,18-24,Prefer not to say,London,Platinum,True
CUST00842,242,5,379.78,2,2,2,222,2.0,At Risk,45-54,Male,London,Bronze,True
CUST00843,32,6,232.57,4,2,1,421,2.33,Loyal,35-44,Female,North West,Silver,False
CUST00844,188,7,442.7,2,3,2,232,2.33,At Risk,65+,Male,North West,Silver,True
CUST00845,46,5,557.3199999999999,4,2,3,423,3.0,Loyal,55-64,Prefer not to say,South West,Gold,True
CUST00846,98,7,260.8,3,3,1,331,2.33,Loyal,18-24,Prefer not to say,South East,Silver,True
CUST00847,78,4,244.6,3,1,1,311,1.67,New Customer,55-64,Prefer not to say,West Midlands,Bronze,True
CUST00848,151,7,739.3100000000001,2,3,3,233,2.67,At Risk,25-34,Male,West Midlands,Bronze,True
CUST00849,95,7,1132.44,3,3,4,334,3.33,Champion,18-24,Prefer not to say,London,Bronze,True
CUST00850,100,5,467.1700000000001,3,2,2,322,2.33,Loyal,35-44,Prefer not to say,London,Silver,True
CUST00851,64,7,700.14,3,3,3,333,3.0,Champion,45-54,Male,London,Gold,True
CUST00852,112,10,500.78999999999996,3,4,2,342,3.0,Loyal,55-64,Female,South East,Gold,True
CUST00853,76,6,317.02,3,2,2,322,2.33,Loyal,45-54,Prefer not to say,London,Bronze,True
CUST00854,57,11,654.26,3,4,3,343,3.33,Champion,65+,Prefer not to say,East Midlands,Silver,True
CUST00855,200,5,470.43,2,2,2,222,2.0,At Risk,18-24,Male,London,Bronze,True
CUST00856,115,5,929.2599999999999,3,2,4,324,3.0,Loyal,45-54,Prefer not to say,London,Bronze,True
CUST00857,90,5,1239.6299999999999,3,2,4,324,3.0,Loyal,45-54,Female,London,Bronze,True
CUST00858,5,6,284.09,4,2,2,422,2.67,Loyal,18-24,Female,East Midlands,Bronze,True
CUST00859,62,9,1160.17,3,4,4,344,3.67,Champion,45-54,Female,Yorkshire,Silver,True
CUST00860,65,5,587.63,3,2,3,323,2.67,Loyal,25-34,Prefer not to say,London,Bronze,True
CUST00861,229,7,1380.3799999999999,2,3,4,234,3.0,At Risk,18-24,Female,West Midlands,Silver,True
CUST00862,95,4,930.98,3,1,4,314,2.67,New Customer,65+,Male,East of England,Bronze,True
CUST00863,94,9,1063.79,3,4,4,344,3.67,Champion,25-34,Female,Yorkshire,Bronze,False
CUST00864,164,3,74.96,2,1,1,211,1.33,Needs Attention,25-34,Prefer not to say,London,Silver,True
CUST00865,143,9,772.6,2,4,3,243,3.0,At Risk,25-34,Prefer not to say,East of England,Gold,True
CUST00866,183,2,150.11,2,1,1,211,1.33,Needs Attention,35-44,Female,South East,Bronze,True
CUST00867,39,6,1310.94,4,2,4,424,3.33,Loyal,55-64,Male,London,Bronze,False
CUST00868,81,2,52.04,3,1,1,311,1.67,New Customer,55-64,Female,North East,Gold,True
CUST00869,152,6,805.02,2,2,3,223,2.33,At Risk,18-24,Prefer not to say,East Midlands,Gold,False
CUST00870,26,5,830.1600000000001,4,2,3,423,3.0,Loyal,65+,Male,North West,Gold,True
CUST00871,37,6,267.5,4,2,1,421,2.33,Loyal,65+,Male,London,Bronze,True
CUST00872,109,4,709.31,3,1,3,313,2.33,New Customer,18-24,Male,North West,Silver,True
CUST00873,69,7,237.17000000000002,3,3,1,331,2.33,Loyal,65+,Female,South East,Silver,True
CUST00874,124,4,344.56000000000006,3,1,2,312,2.0,New Customer,25-34,Female,South West,Bronze,False
CUST00875,287,3,289.98,1,1,2,112,1.33,Lost,45-54,Male,Yorkshire,Silver,True
CUST00876,47,6,281.28,4,2,2,422,2.67,Loyal,45-54,Male,South West,Bronze,False
CUST00877,170,2,673.7900000000001,2,1,3,213,2.0,Needs Attention,45-54,Prefer not to say,Yorkshire,Gold,False
CUST00878,19,7,456.32,4,3,2,432,3.0,Loyal,65+,Female,South West,Bronze,True
CUST00879,57,7,462.08,3,3,2,332,2.67,Loyal,35-44,Male,London,Bronze,True
CUST00880,76,3,102.22,3,1,1,311,1.67,New Customer,18-24,Prefer not to say,East Midlands,Silver,True
CUST00881,28,9,946.51,4,4,4,444,4.0,Champion,35-44,Prefer not to say,South West,Silver,False
CUST00882,189,4,929.76,2,1,4,214,2.33,Needs Attention,18-24,Prefer not to say,Scotland,Bronze,True
CUST00883,139,4,1421.67,2,1,4,214,2.33,Needs Attention,35-44,Female,West Midlands,Gold,True
CUST00884,435,3,769.4100000000001,1,1,3,113,1.67,Lost,35-44,Prefer not to say,East Midlands,Gold,True
CUST00885,235,3,299.41,2,1,2,212,1.67,Needs Attention,18-24,Male,London,Gold,True
CUST00886,960,1,19.76,1,1,1,111,1.0,Lost,55-64,Prefer not to say,East of England,Bronze,True
CUST00887,350,6,620.13,1,2,3,123,2.0,Lost,65+,Female,Yorkshire,Bronze,True
CUST00888,280,7,1258.45,1,3,4,134,2.67,Lost,25-34,Prefer not to say,East of England,Silver,True
CUST00889,200,7,1713.32,2,3,4,234,3.0,At Risk,18-24,Prefer not to say,North West,Bronze,True
CUST00890,303,6,762.68,1,2,3,123,2.0,Lost,35-44,Female,Wales,Bronze,True
CUST00891,102,3,212.61,3,1,1,311,1.67,New Customer,18-24,Female,North East,Bronze,True
CUST00892,32,3,430.90999999999997,4,1,2,412,2.33,New Customer,18-24,Female,East of England,Bronze,False
CUST00893,298,4,1454.73,1,1,4,114,2.0,Lost,65+,Prefer not to say,London,Bronze,True
CUST00894,47,8,652.65,4,4,3,443,3.67,Champion,65+,Female,London,Silver,True
CUST00895,83,9,1060.79,3,4,4,344,3.67,Champion,65+,Female,Yorkshire,Silver,True
CUST00896,5,4,173.16,4,1,1,411,2.0,New Customer,65+,Prefer not to say,London,Platinum,False
CUST00897,176,7,273.58,2,3,2,232,2.33,At Risk,55-64,Male,London,Platinum,False
CUST00898,117,3,42.86,3,1,1,311,1.67,New Customer,65+,Prefer not to say,South West,Gold,True
CUST00899,124,5,333.14,3,2,2,322,2.33,Loyal,35-44,Female,London,Bronze,True
CUST00900,556,2,31.7,1,1,1,111,1.0,Lost,55-64,Male,South East,Bronze,True
CUST00901,202,10,1617.6999999999998,2,4,4,244,3.33,At Risk,55-64,Female,London,Silver,True
CUST00902,266,2,591.14,1,1,3,113,1.67,Lost,35-44,Female,South West,Gold,True
CUST00903,26,6,548.36,4,2,3,423,3.0,Loyal,55-64,Prefer not to say,South West,Bronze,True
CUST00904,84,9,1827.96,3,4,4,344,3.67,Champion,45-54,Male,South West,Bronze,True
CUST00905,421,5,627.74,1,2,3,123,2.0,Lost,55-64,Prefer not to say,North West,Bronze,True
CUST00906,1060,1,69.8,1,1,1,111,1.0,Lost,35-44,Prefer not to say,Wales,Gold,False
CUST00907,235,4,298.28,2,1,2,212,1.67,Needs Attention,18-24,Female,Scotland,Silver,True
CUST00908,6,5,241.07,4,2,1,421,2.33,Loyal,65+,Female,Wales,Gold,True
CUST00909,314,7,1099.19,1,3,4,134,2.67,Lost,25-34,Prefer not to say,East of England,Bronze,True
CUST00910,212,5,393.89,2,2,2,222,2.0,At Risk,45-54,Male,West Midlands,Platinum,False
CUST00911,50,4,114.02,4,1,1,411,2.0,New Customer,35-44,Male,West Midlands,Bronze,True
CUST00912,160,3,502.71999999999997,2,1,2,212,1.67,Needs Attention,65+,Male,West Midlands,Bronze,True
CUST00913,65,9,770.45,3,4,3,343,3.33,Champion,55-64,Prefer not to say,Yorkshire,Gold,True
CUST00914,94,6,173.42000000000002,3,2,1,321,2.0,Loyal,65+,Female,West Midlands,Bronze,False
CUST00915,31,7,530.46,4,3,3,433,3.33,Champion,65+,Male,London,Bronze,True
CUST00916,96,5,279.66999999999996,3,2,2,322,2.33,Loyal,65+,Prefer not to say,South East,Bronze,True
CUST00917,60,7,556.7900000000001,3,3,3,333,3.0,Champion,35-44,Male,South East,Gold,True
CUST00918,46,8,760.46,4,4,3,443,3.67,Champion,35-44,Prefer not to say,East of England,Bronze,True
CUST00919,576,3,192.12,1,1,1,111,1.0,Lost,55-64,Male,Yorkshire,Bronze,False
CUST00920,255,7,1155.6000000000001,2,3,4,234,3.0,At Risk,65+,Male,Wales,Silver,True
CUST00921,17,9,1899.25,4,4,4,444,4.0,Champion,65+,Prefer not to say,Scotland,Bronze,True
CUST00922,180,4,152.57999999999998,2,1,1,211,1.33,Needs Attention,65+,Prefer not to say,East of England,Bronze,False
CUST00923,118,2,51.050000000000004,3,1,1,311,1.67,New Customer,45-54,Prefer not to say,South West,Bronze,True
CUST00924,207,11,1017.95,2,4,4,244,3.33,At Risk,65+,Female,Scotland,Gold,True
CUST00925,144,2,335.34000000000003,2,1,2,212,1.67,Needs Attention,18-24,Female,South West,Bronze,False
CUST00926,126,8,460.77,3,4,2,342,3.0,Loyal,25-34,Female,North West,Gold,False
CUST00927,1,10,668.3,4,4,3,443,3.67,Champion,65+,Female,East Midlands,Bronze,False
CUST00928,55,6,1021.4,3,2,4,324,3.0,Loyal,25-34,Male,North East,Bronze,True
CUST00929,179,11,485.39,2,4,2,242,2.67,At Risk,65+,Male,East Midlands,Bronze,True
CUST00930,513,9,689.71,1,4,3,143,2.67,Lost,55-64,Prefer not to say,West Midlands,Silver,True
CUST00931,259,5,1033.3700000000001,1,2,4,124,2.33,Lost,65+,Prefer not to say,North West,Silver,True
CUST00932,293,4,129.79,1,1,1,111,1.0,Lost,55-64,Prefer not to say,London,Gold,False
CUST00933,81,7,1015.6500000000001,3,3,4,334,3.33,Champion,45-54,Female,Yorkshire,Bronze,True
CUST00934,71,6,490.57,3,2,2,322,2.33,Loyal,35-44,Prefer not to say,South West,Platinum,True
CUST00935,635,3,239.25,1,1,1,111,1.0,Lost,45-54,Female,East Midlands,Bronze,True
CUST00936,177,3,354.06,2,1,2,212,1.67,Needs Attention,25-34,Prefer not to say,North West,Silver,True
CUST00937,132,3,216.01999999999998,2,1,1,211,1.33,Needs Attention,18-24,Female,London,Silver,True
CUST00938,61,4,100.41,3,1,1,311,1.67,New Customer,45-54,Female,London,Silver,True
CUST00939,256,4,431.72,2,1,2,212,1.67,Needs Attention,45-54,Prefer not to say,London,Silver,True
CUST00940,435,3,56.5,1,1,1,111,1.0,Lost,25-34,Male,South East,Bronze,True
CUST00941,201,6,1247.4,2,2,4,224,2.67,At Risk,25-34,Prefer not to say,East Midlands,Gold,False
CUST00942,139,6,750.51,2,2,3,223,2.33,At Risk,25-34,Male,North East,Silver,False
CUST00943,60,7,379.56,3,3,2,332,2.67,Loyal,18-24,Male,North West,Gold,False
CUST00944,138,7,1416.52,2,3,4,234,3.0,At Risk,35-44,Male,South East,Bronze,True
CUST00945,294,9,583.8,1,4,3,143,2.67,Lost,18-24,Male,North East,Bronze,True
CUST00946,296,6,479.44000000000005,1,2,2,122,1.67,Lost,55-64,Female,Wales,Bronze,True
CUST00947,375,10,503.31,1,4,2,142,2.33,Lost,25-34,Female,South East,Silver,False
CUST00948,130,7,552.07,3,3,3,333,3.0,Champion,65+,Male,North West,Gold,True
CUST00949,303,7,983.09,1,3,4,134,2.67,Lost,55-64,Female,London,Silver,True
CUST00950,342,5,574.04,1,2,3,123,2.0,Lost,55-64,Female,West Midlands,Gold,True
CUST00951,100,7,407.08,3,3,2,332,2.67,Loyal,45-54,Male,South East,Gold,False
CUST00952,31,10,2835.5699999999997,4,4,4,444,4.0,Champion,25-34,Male,South East,Silver,True
CUST00953,101,7,941.1899999999999,3,3,4,334,3.33,Champion,45-54,Female,South West,Bronze,True
CUST00954,17,7,437.34999999999997,4,3,2,432,3.0,Loyal,45-54,Male,South East,Bronze,True
CUST00955,36,5,355.08,4,2,2,422,2.67,Loyal,25-34,Male,London,Bronze,True
CUST00956,439,4,367.97,1,1,2,112,1.33,Lost,35-44,Prefer not to say,North West,Silver,True
CUST00957,191,8,355.68,2,4,2,242,2.67,At Risk,18-24,Female,South East,Bronze,False
CUST00958,233,6,724.1700000000001,2,2,3,223,2.33,At Risk,65+,Prefer not to say,Wales,Platinum,True
CUST00959,288,6,575.94,1,2,3,123,2.0,Lost,25-34,Prefer not to say,East Midlands,Silver,True
CUST00960,213,4,263.77,2,1,1,211,1.33,Needs Attention,35-44,Male,South West,Platinum,True
CUST00961,18,8,1201.93,4,4,4,444,4.0,Champion,25-34,Prefer not to say,North West,Bronze,True
CUST00962,71,8,304.73,3,4,2,342,3.0,Loyal,25-34,Female,South West,Gold,True
CUST00963,113,5,454.2,3,2,2,322,2.33,Loyal,25-34,Female,East Midlands,Gold,False
CUST00964,14,9,333.5,4,4,2,442,3.33,Loyal,55-64,Female,London,Bronze,True
CUST00965,61,5,657.69,3,2,3,323,2.67,Loyal,18-24,Prefer not to say,East Midlands,Bronze,True
CUST00966,3,7,742.82,4,3,3,433,3.33,Champion,35-44,Male,South East,Silver,True
CUST00967,197,4,274.52,2,1,2,212,1.67,Needs Attention,35-44,Female,South West,Platinum,True
CUST00968,81,4,1529.23,3,1,4,314,2.67,New Customer,25-34,Male,North West,Bronze,True
CUST00969,65,9,757.6,3,4,3,343,3.33,Champion,55-64,Prefer not to say,West Midlands,Bronze,False
CUST00970,219,11,980.1800000000001,2,4,4,244,3.33,At Risk,55-64,Male,East of England,Gold,True
CUST00971,271,4,241.26,1,1,1,111,1.0,Lost,35-44,Prefer not to say,North East,Silver,True
CUST00972,385,7,893.0999999999999,1,3,4,134,2.67,Lost,25-34,Male,North East,Silver,True
CUST00973,486,2,204.39000000000001,1,1,1,111,1.0,Lost,45-54,Prefer not to say,Scotland,Bronze,True
CUST00974,119,3,2124.9,3,1,4,314,2.67,New Customer,65+,Prefer not to say,Yorkshire,Bronze,True
CUST00975,26,5,490.53999999999996,4,2,2,422,2.67,Loyal,18-24,Male,East of England,Gold,True
CUST00976,791,2,174.75,1,1,1,111,1.0,Lost,45-54,Male,London,Silver,True
CUST00977,473,6,487.74,1,2,2,122,1.67,Lost,45-54,Male,London,Bronze,True
CUST00978,86,2,65.22,3,1,1,311,1.67,New Customer,45-54,Male,London,Silver,True
CUST00979,98,2,258.61,3,1,1,311,1.67,New Customer,25-34,Male,East Midlands,Bronze,True
CUST00980,126,3,426.51,3,1,2,312,2.0,New Customer,65+,Male,West Midlands,Bronze,True
CUST00981,15,5,570.47,4,2,3,423,3.0,Loyal,45-54,Prefer not to say,London,Silver,True
CUST00982,166,11,845.72,2,4,3,243,3.0,At Risk,55-64,Male,London,Bronze,False
CUST00983,175,7,689.96,2,3,3,233,2.67,At Risk,18-24,Male,South West,Platinum,False
CUST00984,36,3,302.57000000000005,4,1,2,412,2.33,New Customer,18-24,Prefer not to say,London,Bronze,True
CUST00985,24,8,619.86,4,4,3,443,3.67,Champion,55-64,Prefer not to say,London,Bronze,False
CUST00986,327,5,525.79,1,2,3,123,2.0,Lost,18-24,Female,South East,Bronze,True
CUST00987,239,3,146.26000000000002,2,1,1,211,1.33,Needs Attention,18-24,Prefer not to say,North West,Silver,True
CUST00988,64,10,646.03,3,4,3,343,3.33,Champion,55-64,Female,Wales,Bronze,True
CUST00989,12,6,483.92,4,2,2,422,2.67,Loyal,65+,Prefer not to say,London,Bronze,False
CUST00990,218,6,286.89000000000004,2,2,2,222,2.0,At Risk,35-44,Male,East Midlands,Silver,True
CUST00991,66,9,848.9,3,4,3,343,3.33,Champion,25-34,Male,West Midlands,Gold,True
CUST00992,267,3,139.49,1,1,1,111,1.0,Lost,18-24,Male,South West,Bronze,True
CUST00993,13,11,2318.39,4,4,4,444,4.0,Champion,65+,Prefer not to say,Wales,Bronze,True
CUST00994,296,8,270.46,1,4,1,141,2.0,Lost,65+,Female,Yorkshire,Bronze,True
CUST00995,46,6,376.55,4,2,2,422,2.67,Loyal,65+,Prefer not to say,Yorkshire,Silver,True
CUST00996,19,1,36.83,4,1,1,411,2.0,New Customer,18-24,Female,London,Bronze,False
CUST00997,266,6,1010.74,1,2,4,124,2.33,Lost,55-64,Prefer not to say,North West,Platinum,True
CUST00998,427,2,31.2,1,1,1,111,1.0,Lost,25-34,Prefer not to say,London,Bronze,True
CUST00999,476,5,233.38,1,2,1,121,1.33,Lost,35-44,Female,London,Platinum,True
CUST01000,37,4,124.81,4,1,1,411,2.0,New Customer,55-64,Prefer not to say,Yorkshire,Gold,True
CUST01001,28,7,770.7800000000001,4,3,3,433,3.33,Champion,35-44,Prefer not to say,East of England,Silver,True
CUST01002,424,2,61.9,1,1,1,111,1.0,Lost,35-44,Female,East Midlands,Silver,True
CUST01003,132,9,860.76,2,4,3,243,3.0,At Risk,25-34,Male,London,Silver,True
CUST01004,5,5,102.6,4,2,1,421,2.33,Loyal,45-54,Female,South East,Platinum,True
CUST01005,137,8,501.56,2,4,2,242,2.67,At Risk,55-64,Male,London,Bronze,True
CUST01006,49,4,1288.65,4,1,4,414,3.0,New Customer,65+,Prefer not to say,South East,Bronze,False
CUST01007,190,5,1025.05,2,2,4,224,2.67,At Risk,45-54,Male,Scotland,Bronze,True
CUST01008,19,8,259.09,4,4,1,441,3.0,Loyal,55-64,Female,Scotland,Bronze,True
CUST01009,56,8,504.95,3,4,2,342,3.0,Loyal,18-24,Male,West Midlands,Gold,True
CUST01010,235,6,1124.49,2,2,4,224,2.67,At Risk,25-34,Female,South East,Bronze,True
CUST01011,68,10,591.04,3,4,3,343,3.33,Champion,18-24,Prefer not to say,East Midlands,Gold,True
CUST01012,213,8,1657.3899999999999,2,4,4,244,3.33,At Risk,18-24,Male,North West,Bronze,True
CUST01013,164,9,792.41,2,4,3,243,3.0,At Risk,65+,Female,London,Bronze,True
CUST01014,517,6,534.19,1,2,3,123,2.0,Lost,55-64,Male,London,Bronze,True
CUST01015,345,5,193.68,1,2,1,121,1.33,Lost,45-54,Prefer not to say,North East,Bronze,True
CUST01016,65,6,1272.33,3,2,4,324,3.0,Loyal,35-44,Male,South East,Silver,True
CUST01017,230,4,367.42999999999995,2,1,2,212,1.67,Needs Attention,18-24,Female,Yorkshire,Bronze,True
CUST01018,157,7,330.65,2,3,2,232,2.33,At Risk,55-64,Prefer not to say,Wales,Gold,True
CUST01019,33,7,332.88,4,3,2,432,3.0,Loyal,35-44,Prefer not to say,North East,Platinum,False
CUST01020,176,4,1048.46,2,1,4,214,2.33,Needs Attention,55-64,Male,Wales,Gold,True
CUST01021,19,3,187.06,4,1,1,411,2.0,New Customer,18-24,Prefer not to say,London,Silver,True
CUST01022,180,6,224.15,2,2,1,221,1.67,At Risk,65+,Male,London,Silver,True
CUST01023,65,5,831.59,3,2,3,323,2.67,Loyal,65+,Female,South East,Silver,True
CUST01024,293,7,1336.9599999999998,1,3,4,134,2.67,Lost,35-44,Prefer not to say,London,Bronze,True
CUST01025,309,6,171.49,1,2,1,121,1.33,Lost,65+,Prefer not to say,Wales,Silver,False
CUST01026,303,5,575.21,1,2,3,123,2.0,Lost,25-34,Male,Yorkshire,Silver,True
CUST01027,46,7,952.59,4,3,4,434,3.67,Champion,35-44,Female,Yorkshire,Bronze,True
CUST01028,409,5,420.71999999999997,1,2,2,122,1.67,Lost,55-64,Prefer not to say,Yorkshire,Bronze,False
CUST01029,114,7,856.72,3,3,3,333,3.0,Champion,45-54,Prefer not to say,Yorkshire,Silver,True
CUST01030,45,9,527.21,4,4,3,443,3.67,Champion,35-44,Male,London,Bronze,True
CUST01031,400,4,189.60000000000002,1,1,1,111,1.0,Lost,35-44,Female,East Midlands,Bronze,True
CUST01032,186,4,297.54,2,1,2,212,1.67,Needs Attention,35-44,Female,North West,Platinum,True
CUST01033,617,6,457.51,1,2,2,122,1.67,Lost,45-54,Male,East of England,Silver,True
CUST01034,2,5,760.1300000000001,4,2,3,423,3.0,Loyal,65+,Female,London,Bronze,True
CUST01035,651,3,196.79,1,1,1,111,1.0,Lost,65+,Prefer not to say,East of England,Gold,True
CUST01036,331,5,1200.6200000000001,1,2,4,124,2.33,Lost,25-34,Prefer not to say,London,Silver,True
CUST01037,510,3,189.52,1,1,1,111,1.0,Lost,65+,Female,South East,Gold,False
CUST01038,137,6,997.4200000000001,2,2,4,224,2.67,At Risk,45-54,Prefer not to say,East of England,Bronze,True
CUST01039,67,8,192.01,3,4,1,341,2.67,Loyal,65+,Male,Yorkshire,Silver,True
CUST01040,179,6,277.98,2,2,2,222,2.0,At Risk,45-54,Prefer not to say,London,Bronze,True
CUST01041,126,11,1311.2,3,4,4,344,3.67,Champion,65+,Male,Yorkshire,Bronze,True
CUST01042,128,4,582.9399999999999,3,1,3,313,2.33,New Customer,45-54,Prefer not to say,North West,Gold,True
CUST01043,332,7,987.3,1,3,4,134,2.67,Lost,18-24,Prefer not to say,West Midlands,Silver,True
CUST01044,306,4,316.03000000000003,1,1,2,112,1.33,Lost,18-24,Male,South West,Bronze,True
CUST01045,109,3,332.97,3,1,2,312,2.0,New Customer,65+,Female,South East,Silver,True
CUST01046,192,3,164.5,2,1,1,211,1.33,Needs Attention,45-54,Prefer not to say,West Midlands,Silver,True
CUST01047,83,9,642.33,3,4,3,343,3.33,Champion,65+,Prefer not to say,London,Silver,True
CUST01048,32,4,386.48,4,1,2,412,2.33,New Customer,55-64,Male,London,Bronze,True
CUST01049,167,8,1606.36,2,4,4,244,3.33,At Risk,55-64,Prefer not to say,North West,Silver,True
CUST01050,434,4,473.42999999999995,1,1,2,112,1.33,Lost,65+,Male,London,Silver,True
CUST01051,99,7,702.21,3,3,3,333,3.0,Champion,18-24,Male,East Midlands,Silver,True
CUST01052,297,3,87.73,1,1,1,111,1.0,Lost,18-24,Prefer not to say,South East,Platinum,True
CUST01053,86,9,1953.16,3,4,4,344,3.67,Champion,35-44,Male,Scotland,Silver,True
CUST01054,99,2,63.849999999999994,3,1,1,311,1.67,New Customer,65+,Female,East of England,Platinum,True
CUST01055,100,6,481.1499999999999,3,2,2,322,2.33,Loyal,65+,Male,South East,Bronze,False
CUST01056,77,4,76.19,3,1,1,311,1.67,New Customer,55-64,Female,South East,Silver,True
CUST01057,70,8,449.42,3,4,2,342,3.0,Loyal,65+,Male,South West,Bronze,True
CUST01058,45,7,979.66,4,3,4,434,3.67,Champion,18-24,Prefer not to say,Yorkshire,Platinum,True
CUST01059,94,6,383.24,3,2,2,322,2.33,Loyal,25-34,Female,Wales,Bronze,False
CUST01060,123,9,243.11,3,4,1,341,2.67,Loyal,18-24,Prefer not to say,London,Silver,True
CUST01061,84,5,254.81,3,2,1,321,2.0,Loyal,35-44,Male,North West,Bronze,True
CUST01062,356,11,1165.1299999999999,1,4,4,144,3.0,Lost,18-24,Male,East of England,Gold,True
CUST01063,30,6,200.1,4,2,1,421,2.33,Loyal,55-64,Male,North East,Bronze,True
CUST01064,201,2,154.51999999999998,2,1,1,211,1.33,Needs Attention,55-64,Male,South East,Silver,True
CUST01065,487,5,777.25,1,2,3,123,2.0,Lost,18-24,Prefer not to say,West Midlands,Bronze,True
CUST01066,252,7,665.39,2,3,3,233,2.67,At Risk,45-54,Female,North West,Silver,False
CUST01067,50,9,1785.22,4,4,4,444,4.0,Champion,65+,Male,Scotland,Bronze,False
CUST01068,42,4,104.5,4,1,1,411,2.0,New Customer,65+,Male,Scotland,Bronze,True
CUST01069,180,7,719.51,2,3,3,233,2.67,At Risk,45-54,Prefer not to say,East of England,Silver,True
CUST01070,159,4,998.79,2,1,4,214,2.33,Needs Attention,18-24,Prefer not to say,London,Gold,True
CUST01071,46,6,543.83,4,2,3,423,3.0,Loyal,65+,Prefer not to say,Scotland,Gold,True
CUST01072,126,4,1717.95,3,1,4,314,2.67,New Customer,18-24,Female,North West,Silver,True
CUST01073,792,1,70.01,1,1,1,111,1.0,Lost,18-24,Female,North East,Bronze,True
CUST01074,125,5,168.33,3,2,1,321,2.0,Loyal,25-34,Male,Yorkshire,Silver,False
CUST01075,151,6,1002.4500000000002,2,2,4,224,2.67,At Risk,55-64,Female,London,Bronze,True
CUST01076,359,6,992.13,1,2,4,124,2.33,Lost,35-44,Prefer not to say,London,Bronze,True
CUST01077,131,10,2004.87,2,4,4,244,3.33,At Risk,45-54,Male,North East,Bronze,True
CUST01078,47,4,594.77,4,1,3,413,2.67,New Customer,35-44,Female,North East,Silver,True
CUST01079,415,5,569.31,1,2,3,123,2.0,Lost,25-34,Female,Yorkshire,Bronze,True
CUST01080,285,6,234.31,1,2,1,121,1.33,Lost,45-54,Female,Yorkshire,Gold,True
CUST01081,449,2,54.34,1,1,1,111,1.0,Lost,45-54,Female,East Midlands,Gold,True
CUST01082,57,2,68.16,3,1,1,311,1.67,New Customer,25-34,Male,Scotland,Gold,True
CUST01083,37,5,524.36,4,2,3,423,3.0,Loyal,18-24,Prefer not to say,North West,Bronze,True
CUST01084,10,7,1455.4,4,3,4,434,3.67,Champion,18-24,Female,South East,Bronze,True
CUST01085,32,7,444.40999999999997,4,3,2,432,3.0,Loyal,65+,Male,West Midlands,Bronze,True
CUST01086,139,7,906.28,2,3,4,234,3.0,At Risk,25-34,Prefer not to say,West Midlands,Bronze,True
CUST01087,465,4,574.7,1,1,3,113,1.67,Lost,25-34,Female,London,Bronze,True
CUST01088,90,7,411.84000000000003,3,3,2,332,2.67,Loyal,25-34,Female,South West,Bronze,True
CUST01089,200,3,34.870000000000005,2,1,1,211,1.33,Needs Attention,35-44,Female,Scotland,Silver,True
CUST01090,46,10,656.47,4,4,3,443,3.67,Champion,18-24,Male,West Midlands,Bronze,True
CUST01091,200,11,2059.72,2,4,4,244,3.33,At Risk,25-34,Female,Scotland,Bronze,True
CUST01092,8,13,684.82,4,4,3,443,3.67,Champion,35-44,Female,Yorkshire,Bronze,True
CUST01093,55,4,612.39,3,1,3,313,2.33,New Customer,18-24,Male,London,Silver,True
CUST01094,383,5,343.03,1,2,2,122,1.67,Lost,65+,Female,Scotland,Bronze,True
CUST01095,161,4,600.33,2,1,3,213,2.0,Needs Attention,18-24,Male,London,Silver,False
CUST01096,466,4,801.4100000000001,1,1,3,113,1.67,Lost,45-54,Prefer not to say,Yorkshire,Gold,True
CUST01097,79,8,972.26,3,4,4,344,3.67,Champion,55-64,Female,West Midlands,Bronze,False
CUST01098,212,5,298.27,2,2,2,222,2.0,At Risk,45-54,Prefer not to say,East of England,Silver,True
CUST01099,417,6,384.03000000000003,1,2,2,122,1.67,Lost,45-54,Prefer not to say,South East,Bronze,True
CUST01100,59,3,58.69,3,1,1,311,1.67,New Customer,55-64,Prefer not to say,Yorkshire,Bronze,True
CUST01101,125,9,1055.35,3,4,4,344,3.67,Champion,25-34,Male,East of England,Bronze,False
CUST01102,581,2,159.64999999999998,1,1,1,111,1.0,Lost,18-24,Prefer not to say,Wales,Platinum,True
CUST01103,259,4,310.35,1,1,2,112,1.33,Lost,35-44,Male,Scotland,Gold,True
CUST01104,38,9,1907.58,4,4,4,444,4.0,Champion,18-24,Prefer not to say,North West,Gold,True
CUST01105,8,6,103.27,4,2,1,421,2.33,Loyal,18-24,Prefer not to say,West Midlands,Gold,True
CUST01106,117,4,631.6199999999999,3,1,3,313,2.33,New Customer,65+,Prefer not to say,East Midlands,Bronze,True
CUST01107,125,8,393.67,3,4,2,342,3.0,Loyal,25-34,Female,South East,Silver,True
CUST01108,282,1,19.7,1,1,1,111,1.0,Lost,25-34,Female,London,Gold,True
CUST01109,64,6,234.62,3,2,1,321,2.0,Loyal,18-24,Female,London,Bronze,True
CUST01110,480,3,836.37,1,1,3,113,1.67,Lost,18-24,Female,South East,Gold,True
CUST01111,85,8,214.4,3,4,1,341,2.67,Loyal,55-64,Male,South West,Bronze,True
CUST01112,141,3,65.81,2,1,1,211,1.33,Needs Attention,25-34,Male,South East,Platinum,True
CUST01113,228,3,101.52,2,1,1,211,1.33,Needs Attention,65+,Male,London,Silver,True
CUST01114,121,5,831.13,3,2,3,323,2.67,Loyal,25-34,Male,London,Silver,True
CUST01115,9,8,1252.73,4,4,4,444,4.0,Champion,18-24,Prefer not to say,North East,Bronze,False
CUST01116,573,5,503.57,1,2,2,122,1.67,Lost,45-54,Male,South East,Bronze,True
CUST01117,96,5,215.54,3,2,1,321,2.0,Loyal,25-34,Male,South East,Platinum,True
CUST01118,104,1,24.07,3,1,1,311,1.67,New Customer,35-44,Male,North East,Silver,True
CUST01119,317,10,927.74,1,4,4,144,3.0,Lost,25-34,Prefer not to say,West Midlands,Silver,True
CUST01120,159,5,143.19,2,2,1,221,1.67,At Risk,65+,Female,Scotland,Gold,True
CUST01121,353,2,103.13,1,1,1,111,1.0,Lost,35-44,Male,South West,Silver,True
CUST01122,85,9,414.37,3,4,2,342,3.0,Loyal,25-34,Male,South East,Bronze,True
CUST01123,23,10,675.09,4,4,3,443,3.67,Champion,65+,Female,East Midlands,Silver,True
CUST01124,143,7,314.2,2,3,2,232,2.33,At Risk,45-54,Prefer not to say,East of England,Silver,True
CUST01125,106,4,244.73000000000002,3,1,1,311,1.67,New Customer,65+,Male,South East,Bronze,True
CUST01126,185,6,955.72,2,2,4,224,2.67,At Risk,18-24,Female,South East,Gold,True
CUST01127,30,7,975.86,4,3,4,434,3.67,Champion,25-34,Male,London,Bronze,True
CUST01128,25,4,508.54,4,1,2,412,2.33,New Customer,18-24,Prefer not to say,London,Silver,False
CUST01129,223,7,867.74,2,3,3,233,2.67,At Risk,25-34,Female,London,Bronze,True
CUST01130,135,6,701.19,2,2,3,223,2.33,At Risk,25-34,Female,Yorkshire,Silver,True
CUST01131,28,8,501.19,4,4,2,442,3.33,Loyal,65+,Prefer not to say,London,Bronze,False
CUST01132,244,8,1106.05,2,4,4,244,3.33,At Risk,18-24,Female,North West,Silver,True
CUST01133,198,8,404.03000000000003,2,4,2,242,2.67,At Risk,65+,Male,South West,Bronze,True
CUST01134,167,6,1877.9899999999998,2,2,4,224,2.67,At Risk,55-64,Male,London,Bronze,True
CUST01135,279,8,553.18,1,4,3,143,2.67,Lost,65+,Prefer not to say,South West,Bronze,True
CUST01136,11,4,189.64000000000001,4,1,1,411,2.0,New Customer,35-44,Male,London,Bronze,True
CUST01137,13,8,662.29,4,4,3,443,3.67,Champion,18-24,Male,East Midlands,Gold,True
CUST01138,170,4,795.1300000000001,2,1,3,213,2.0,Needs Attention,35-44,Male,Wales,Silver,True
CUST01139,2,9,606.65,4,4,3,443,3.67,Champion,18-24,Female,Yorkshire,Platinum,True
CUST01140,525,5,675.94,1,2,3,123,2.0,Lost,65+,Prefer not to say,London,Bronze,True
CUST01141,416,4,138.57,1,1,1,111,1.0,Lost,55-64,Female,East of England,Gold,True
CUST01142,142,7,672.84,2,3,3,233,2.67,At Risk,65+,Male,Scotland,Bronze,True
CUST01143,16,11,902.7099999999999,4,4,4,444,4.0,Champion,55-64,Prefer not to say,Wales,Silver,True
CUST01144,731,1,25.29,1,1,1,111,1.0,Lost,35-44,Prefer not to say,North West,Bronze,True
CUST01145,97,7,1159.23,3,3,4,334,3.33,Champion,55-64,Prefer not to say,Wales,Bronze,True
CUST01146,16,8,2873.72,4,4,4,444,4.0,Champion,45-54,Male,East of England,Bronze,True
CUST01147,75,6,324.39,3,2,2,322,2.33,Loyal,18-24,Male,London,Gold,False
CUST01148,51,4,154.07,4,1,1,411,2.0,New Customer,18-24,Prefer not to say,East of England,Bronze,True
CUST01149,14,6,130.28,4,2,1,421,2.33,Loyal,35-44,Prefer not to say,North West,Platinum,True
CUST01150,182,8,483.89,2,4,2,242,2.67,At Risk,65+,Male,West Midlands,Silver,True
CUST01151,19,4,227.97,4,1,1,411,2.0,New Customer,18-24,Female,South West,Silver,True
CUST01152,175,9,1952.42,2,4,4,244,3.33,At Risk,35-44,Female,East of England,Silver,True
CUST01153,31,7,1731.2399999999998,4,3,4,434,3.67,Champion,45-54,Male,South West,Bronze,False
CUST01154,121,4,291.92,3,1,2,312,2.0,New Customer,18-24,Female,East of England,Silver,True
CUST01155,9,6,318.33,4,2,2,422,2.67,Loyal,55-64,Female,London,Gold,False
CUST01156,55,5,307.86,3,2,2,322,2.33,Loyal,18-24,Prefer not to say,South West,Bronze,True
CUST01157,134,5,3121.6600000000003,2,2,4,224,2.67,At Risk,18-24,Female,North West,Silver,True
CUST01158,263,7,919.5500000000001,1,3,4,134,2.67,Lost,18-24,Male,North East,Bronze,True
CUST01159,116,9,3244.93,3,4,4,344,3.67,Champion,45-54,Prefer not to say,West Midlands,Bronze,True
CUST01160,31,3,848.69,4,1,3,413,2.67,New Customer,55-64,Prefer not to say,London,Silver,True
CUST01161,262,4,138.91,1,1,1,111,1.0,Lost,25-34,Female,Scotland,Silver,True
CUST01162,6,6,614.45,4,2,3,423,3.0,Loyal,55-64,Prefer not to say,London,Silver,True
CUST01163,101,5,1750.72,3,2,4,324,3.0,Loyal,25-34,Prefer not to say,Wales,Bronze,True
CUST01164,237,6,640.4100000000001,2,2,3,223,2.33,At Risk,25-34,Prefer not to say,East Midlands,Bronze,True
CUST01165,308,7,600.5500000000001,1,3,3,133,2.33,Lost,65+,Female,South West,Bronze,True
CUST01166,1,9,1251.6599999999999,4,4,4,444,4.0,Champion,25-34,Female,South West,Bronze,True
CUST01167,183,7,1116.82,2,3,4,234,3.0,At Risk,65+,Female,Yorkshire,Platinum,False
CUST01168,1035,1,134.91,1,1,1,111,1.0,Lost,65+,Male,West Midlands,Bronze,True
CUST01169,917,2,49.730000000000004,1,1,1,111,1.0,Lost,55-64,Prefer not to say,North West,Silver,True
CUST01170,308,3,167.9,1,1,1,111,1.0,Lost,18-24,Male,North West,Platinum,False
CUST01171,146,8,1820.3400000000001,2,4,4,244,3.33,At Risk,18-24,Female,North West,Silver,False
CUST01172,221,8,940.3100000000001,2,4,4,244,3.33,At Risk,65+,Male,London,Gold,True
CUST01173,89,4,192.81,3,1,1,311,1.67,New Customer,35-44,Male,Scotland,Platinum,True
CUST01174,90,6,380.28,3,2,2,322,2.33,Loyal,18-24,Prefer not to say,South West,Platinum,False
CUST01175,35,5,825.5,4,2,3,423,3.0,Loyal,55-64,Male,South West,Bronze,True
CUST01176,911,1,163.41,1,1,1,111,1.0,Lost,55-64,Male,Scotland,Bronze,True
CUST01177,206,5,1848.5,2,2,4,224,2.67,At Risk,55-64,Prefer not to say,East Midlands,Platinum,True
CUST01178,294,3,44.06,1,1,1,111,1.0,Lost,65+,Prefer not to say,Yorkshire,Bronze,True
CUST01179,195,4,1806.3400000000001,2,1,4,214,2.33,Needs Attention,35-44,Prefer not to say,London,Bronze,True
CUST01180,73,7,1033.12,3,3,4,334,3.33,Champion,45-54,Prefer not to say,London,Bronze,False
CUST01181,34,5,904.79,4,2,4,424,3.33,Loyal,35-44,Male,South West,Silver,True
CUST01182,375,7,455.67999999999995,1,3,2,132,2.0,Lost,65+,Female,South West,Bronze,True
CUST01183,223,10,2548.88,2,4,4,244,3.33,At Risk,25-34,Prefer not to say,East Midlands,Silver,True
CUST01184,546,2,113.16,1,1,1,111,1.0,Lost,55-64,Prefer not to say,East Midlands,Bronze,False
CUST01185,44,3,190.77,4,1,1,411,2.0,New Customer,55-64,Prefer not to say,Yorkshire,Bronze,True
CUST01186,51,3,257.98,4,1,1,411,2.0,New Customer,25-34,Male,London,Silver,True
CUST01187,37,10,867.22,4,4,3,443,3.67,Champion,35-44,Prefer not to say,East Midlands,Bronze,True
CUST01188,119,7,725.0300000000001,3,3,3,333,3.0,Champion,25-34,Male,West Midlands,Gold,False
CUST01189,1025,1,52.78,1,1,1,111,1.0,Lost,25-34,Prefer not to say,East of England,Gold,True
CUST01190,570,1,57.7,1,1,1,111,1.0,Lost,55-64,Female,South West,Silver,False
CUST01191,640,4,503.01,1,1,2,112,1.33,Lost,25-34,Male,Scotland,Bronze,True
CUST01192,39,4,454.28,4,1,2,412,2.33,New Customer,18-24,Male,London,Bronze,True
CUST01193,500,2,48.78,1,1,1,111,1.0,Lost,35-44,Male,Yorkshire,Bronze,True
CUST01194,346,6,135.27,1,2,1,121,1.33,Lost,45-54,Prefer not to say,North West,Gold,True
CUST01195,5,4,963.19,4,1,4,414,3.0,New Customer,18-24,Prefer not to say,South East,Silver,True
CUST01196,164,9,962.6,2,4,4,244,3.33,At Risk,35-44,Female,London,Bronze,True
CUST01197,288,7,581.14,1,3,3,133,2.33,Lost,18-24,Female,London,Bronze,True
CUST01198,128,6,657.73,3,2,3,323,2.67,Loyal,65+,Prefer not to say,Wales,Gold,True
CUST01199,270,7,559.81,1,3,3,133,2.33,Lost,35-44,Prefer not to say,London,Silver,True
CUST01200,198,4,291.39,2,1,2,212,1.67,Needs Attention,45-54,Male,East Midlands,Bronze,True
CUST01201,2,8,798.85,4,4,3,443,3.67,Champion,65+,Male,North West,Platinum,True
CUST01202,23,7,1408.97,4,3,4,434,3.67,Champion,18-24,Female,North West,Silver,True
CUST01203,291,4,661.9100000000001,1,1,3,113,1.67,Lost,65+,Male,South East,Gold,True
CUST01204,190,9,871.27,2,4,4,244,3.33,At Risk,35-44,Prefer not to say,West Midlands,Gold,True
CUST01205,5,12,904.57,4,4,4,444,4.0,Champion,25-34,Female,North West,Gold,True
CUST01206,308,11,961.15,1,4,4,144,3.0,Lost,55-64,Female,West Midlands,Platinum,True
CUST01207,307,1,77.56,1,1,1,111,1.0,Lost,35-44,Female,Yorkshire,Bronze,True
CUST01208,78,7,1117.21,3,3,4,334,3.33,Champion,18-24,Female,London,Bronze,True
CUST01209,248,5,1186.96,2,2,4,224,2.67,At Risk,18-24,Female,London,Silver,True
CUST01210,221,3,129.36,2,1,1,211,1.33,Needs Attention,55-64,Male,North East,Bronze,True
CUST01211,188,2,146.73,2,1,1,211,1.33,Needs Attention,25-34,Male,South East,Bronze,False
CUST01212,137,8,1216.3500000000001,2,4,4,244,3.33,At Risk,45-54,Male,Yorkshire,Bronze,True
CUST01213,457,4,71.47,1,1,1,111,1.0,Lost,35-44,Female,London,Silver,True
CUST01214,30,8,526.09,4,4,3,443,3.67,Champion,55-64,Female,London,Bronze,True
CUST01215,107,4,90.18,3,1,1,311,1.67,New Customer,35-44,Male,South West,Silver,True
CUST01216,106,9,621.5600000000001,3,4,3,343,3.33,Champion,18-24,Male,London,Gold,True
CUST01217,298,3,120.07,1,1,1,111,1.0,Lost,25-34,Prefer not to say,West Midlands,Bronze,True
CUST01218,284,3,131.2,1,1,1,111,1.0,Lost,25-34,Male,North West,Bronze,True
CUST01219,100,5,488.4,3,2,2,322,2.33,Loyal,25-34,Prefer not to say,North East,Silver,False
CUST01220,20,5,679.54,4,2,3,423,3.0,Loyal,35-44,Prefer not to say,London,Bronze,True
CUST01221,86,9,915.19,3,4,4,344,3.67,Champion,35-44,Male,London,Bronze,True
CUST01222,215,6,429.87,2,2,2,222,2.0,At Risk,45-54,Prefer not to say,London,Gold,True
CUST01223,82,6,351.86,3,2,2,322,2.33,Loyal,25-34,Prefer not to say,East of England,Gold,True
CUST01224,22,7,936.75,4,3,4,434,3.67,Champion,45-54,Prefer not to say,South East,Silver,True
CUST01225,839,1,33.55,1,1,1,111,1.0,Lost,35-44,Prefer not to say,South East,Silver,True
CUST01226,296,4,495.75,1,1,2,112,1.33,Lost,45-54,Male,West Midlands,Bronze,True
CUST01227,429,3,738.36,1,1,3,113,1.67,Lost,25-34,Prefer not to say,London,Gold,True
CUST01228,165,5,698.59,2,2,3,223,2.33,At Risk,35-44,Prefer not to say,South East,Bronze,False
CUST01229,153,7,818.8000000000001,2,3,3,233,2.67,At Risk,18-24,Prefer not to say,East of England,Bronze,True
CUST01230,30,8,509.11,4,4,3,443,3.67,Champion,18-24,Male,East of England,Silver,True
CUST01231,996,2,12.370000000000001,1,1,1,111,1.0,Lost,35-44,Female,South East,Gold,True
CUST01232,140,3,385.85,2,1,2,212,1.67,Needs Attention,18-24,Female,South East,Bronze,True
CUST01233,204,6,605.27,2,2,3,223,2.33,At Risk,55-64,Prefer not to say,Scotland,Silver,True
CUST01234,133,7,550.37,2,3,3,233,2.67,At Risk,55-64,Male,South East,Bronze,True
CUST01235,361,5,1088.94,1,2,4,124,2.33,Lost,45-54,Male,North East,Gold,True
CUST01236,362,7,1061.3400000000001,1,3,4,134,2.67,Lost,65+,Male,South East,Bronze,True
CUST01237,217,6,280.18,2,2,2,222,2.0,At Risk,55-64,Male,South West,Gold,True
CUST01238,371,2,39.019999999999996,1,1,1,111,1.0,Lost,55-64,Prefer not to say,Yorkshire,Silver,True
CUST01239,108,5,403.97,3,2,2,322,2.33,Loyal,55-64,Male,Scotland,Bronze,True
CUST01240,30,12,1192.73,4,4,4,444,4.0,Champion,25-34,Prefer not to say,East Midlands,Silver,True
CUST01241,195,2,113.39,2,1,1,211,1.33,Needs Attention,45-54,Prefer not to say,London,Gold,False
CUST01242,116,6,168.28,3,2,1,321,2.0,Loyal,65+,Male,South East,Bronze,True
CUST01243,96,5,654.5899999999999,3,2,3,323,2.67,Loyal,18-24,Prefer not to say,East Midlands,Silver,True
CUST01244,218,7,918.91,2,3,4,234,3.0,At Risk,25-34,Male,North East,Silver,True
CUST01245,206,10,1181.27,2,4,4,244,3.33,At Risk,55-64,Prefer not to say,London,Bronze,True
CUST01246,129,8,638.6,3,4,3,343,3.33,Champion,25-34,Male,East of England,Gold,True
CUST01247,270,3,412.19,1,1,2,112,1.33,Lost,45-54,Male,North West,Gold,False
CUST01248,22,7,539.99,4,3,3,433,3.33,Champion,45-54,Male,West Midlands,Bronze,True
CUST01249,269,6,1004.98,1,2,4,124,2.33,Lost,45-54,Female,South East,Bronze,True
CUST01250,282,6,565.58,1,2,3,123,2.0,Lost,65+,Male,East of England,Gold,True
CUST01251,55,4,380.59,3,1,2,312,2.0,New Customer,18-24,Prefer not to say,South East,Silver,True
CUST01252,15,6,1785.6999999999998,4,2,4,424,3.33,Loyal,65+,Female,South East,Platinum,True
CUST01253,379,3,112.86,1,1,1,111,1.0,Lost,65+,Prefer not to say,South West,Bronze,True
CUST01254,22,7,658.7,4,3,3,433,3.33,Champion,65+,Male,South East,Gold,False
CUST01255,100,8,310.11,3,4,2,342,3.0,Loyal,45-54,Prefer not to say,West Midlands,Silver,True
CUST01256,166,7,445.58,2,3,2,232,2.33,At Risk,18-24,Male,London,Silver,True
CUST01257,200,4,841.4,2,1,3,213,2.0,Needs Attention,35-44,Male,Wales,Gold,True
CUST01258,158,5,1094.82,2,2,4,224,2.67,At Risk,18-24,Male,West Midlands,Bronze,True
CUST01259,594,3,235.04999999999998,1,1,1,111,1.0,Lost,35-44,Male,West Midlands,Bronze,True
CUST01260,524,7,610.29,1,3,3,133,2.33,Lost,25-34,Male,Yorkshire,Bronze,True
CUST01261,482,5,147.91,1,2,1,121,1.33,Lost,18-24,Male,North East,Bronze,True
CUST01262,422,5,647.32,1,2,3,123,2.0,Lost,25-34,Prefer not to say,Yorkshire,Gold,True
CUST01263,71,8,491.21,3,4,2,342,3.0,Loyal,35-44,Prefer not to say,North East,Gold,True
CUST01264,195,6,295.61,2,2,2,222,2.0,At Risk,55-64,Male,London,Silver,True
CUST01265,58,5,401.32,3,2,2,322,2.33,Loyal,18-24,Male,North West,Bronze,True
CUST01266,190,7,245.3,2,3,1,231,2.0,At Risk,35-44,Male,East of England,Bronze,True
CUST01267,333,4,289.86,1,1,2,112,1.33,Lost,35-44,Prefer not to say,London,Bronze,True
CUST01268,96,6,789.62,3,2,3,323,2.67,Loyal,25-34,Prefer not to say,North West,Bronze,True
CUST01269,81,6,813.8699999999999,3,2,3,323,2.67,Loyal,18-24,Female,East Midlands,Silver,False
CUST01270,143,7,225.3,2,3,1,231,2.0,At Risk,65+,Male,London,Silver,True
CUST01271,312,8,852.47,1,4,3,143,2.67,Lost,25-34,Male,Scotland,Bronze,True
CUST01272,978,2,19.53,1,1,1,111,1.0,Lost,55-64,Female,London,Gold,True
CUST01273,138,3,110.47999999999999,2,1,1,211,1.33,Needs Attention,45-54,Male,North East,Platinum,True
CUST01274,41,11,2646.89,4,4,4,444,4.0,Champion,25-34,Male,London,Bronze,True
CUST01275,621,3,82.54,1,1,1,111,1.0,Lost,65+,Male,North West,Bronze,True
CUST01276,170,3,255.12,2,1,1,211,1.33,Needs Attention,35-44,Prefer not to say,West Midlands,Bronze,True
CUST01277,862,3,38.31,1,1,1,111,1.0,Lost,65+,Male,London,Platinum,True
CUST01278,301,3,85.49000000000001,1,1,1,111,1.0,Lost,45-54,Prefer not to say,South East,Bronze,False
CUST01279,21,8,927.42,4,4,4,444,4.0,Champion,65+,Prefer not to say,East of England,Bronze,True
CUST01280,178,5,730.84,2,2,3,223,2.33,At Risk,18-24,Male,North East,Gold,True
CUST01281,338,5,603.3199999999999,1,2,3,123,2.0,Lost,35-44,Prefer not to say,North West,Bronze,True
CUST01282,55,5,737.01,3,2,3,323,2.67,Loyal,18-24,Female,North West,Bronze,True
CUST01283,113,8,616.0699999999999,3,4,3,343,3.33,Champion,55-64,Female,East of England,Gold,True
CUST01284,81,6,482.28000000000003,3,2,2,322,2.33,Loyal,25-34,Prefer not to say,South West,Bronze,True
CUST01285,543,6,771.64,1,2,3,123,2.0,Lost,55-64,Female,Scotland,Gold,True
CUST01286,7,6,319.54,4,2,2,422,2.67,Loyal,65+,Prefer not to say,Yorkshire,Gold,False
CUST01287,298,5,1336.31,1,2,4,124,2.33,Lost,45-54,Prefer not to say,Yorkshire,Gold,True
CUST01288,137,5,417.14,2,2,2,222,2.0,At Risk,25-34,Male,South East,Silver,True
CUST01289,105,9,2029.43,3,4,4,344,3.67,Champion,55-64,Female,London,Bronze,True
CUST01290,343,5,130.89,1,2,1,121,1.33,Lost,35-44,Prefer not to say,West Midlands,Gold,True
CUST01291,893,2,31.85,1,1,1,111,1.0,Lost,45-54,Male,Scotland,Silver,True
CUST01292,88,3,498.19,3,1,2,312,2.0,New Customer,55-64,Prefer not to say,South East,Bronze,True
CUST01293,64,8,443.08,3,4,2,342,3.0,Loyal,45-54,Male,South East,Bronze,True
CUST01294,60,10,1637.9,3,4,4,344,3.67,Champion,65+,Prefer not to say,North West,Silver,True
CUST01295,274,4,93.17,1,1,1,111,1.0,Lost,35-44,Male,West Midlands,Gold,True
CUST01296,569,5,390.09,1,2,2,122,1.67,Lost,18-24,Male,East of England,Bronze,True
CUST01297,36,9,1063.53,4,4,4,444,4.0,Champion,18-24,Prefer not to say,South West,Bronze,True
CUST01298,335,4,289.23,1,1,2,112,1.33,Lost,45-54,Prefer not to say,South West,Platinum,True
CUST01299,206,6,564.76,2,2,3,223,2.33,At Risk,35-44,Male,North East,Bronze,True
CUST01300,301,5,412.88,1,2,2,122,1.67,Lost,45-54,Prefer not to say,London,Silver,True
CUST01301,92,2,141.85,3,1,1,311,1.67,New Customer,25-34,Prefer not to say,East of England,Silver,True
CUST01302,191,8,622.24,2,4,3,243,3.0,At Risk,65+,Prefer not to say,East of England,Bronze,False
CUST01303,6,7,493.16,4,3,2,432,3.0,Loyal,25-34,Female,South East,Bronze,True
CUST01304,169,4,61.74,2,1,1,211,1.33,Needs Attention,18-24,Female,East Midlands,Bronze,True
CUST01305,277,9,699.0799999999999,1,4,3,143,2.67,Lost,45-54,Male,East Midlands,Gold,False
CUST01306,561,3,1637.8,1,1,4,114,2.0,Lost,55-64,Female,North West,Bronze,True
CUST01307,387,4,130.46,1,1,1,111,1.0,Lost,65+,Male,North East,Gold,True
CUST01308,639,3,303.3,1,1,2,112,1.33,Lost,65+,Male,London,Bronze,True
CUST01309,970,2,49.05,1,1,1,111,1.0,Lost,55-64,Prefer not to say,North East,Gold,True
CUST01310,91,9,807.88,3,4,3,343,3.33,Champion,18-24,Female,North East,Gold,False
CUST01311,195,4,871.1700000000001,2,1,4,214,2.33,Needs Attention,45-54,Female,West Midlands,Silver,True
CUST01312,60,4,664.52,3,1,3,313,2.33,New Customer,65+,Prefer not to say,North East,Platinum,True
CUST01313,20,7,564.51,4,3,3,433,3.33,Champion,45-54,Female,South West,Silver,False
CUST01314,245,8,455.21,2,4,2,242,2.67,At Risk,45-54,Female,London,Silver,True
CUST01315,406,5,760.72,1,2,3,123,2.0,Lost,25-34,Male,North West,Silver,True
CUST01316,3,8,1347.6599999999999,4,4,4,444,4.0,Champion,35-44,Female,London,Bronze,True
CUST01317,35,10,1243.42,4,4,4,444,4.0,Champion,55-64,Male,Scotland,Silver,True
CUST01318,285,6,570.67,1,2,3,123,2.0,Lost,55-64,Male,Scotland,Silver,True
CUST01319,308,5,2296.5299999999997,1,2,4,124,2.33,Lost,25-34,Female,Scotland,Silver,True
CUST01320,464,5,362.11,1,2,2,122,1.67,Lost,18-24,Prefer not to say,Yorkshire,Gold,False
CUST01321,57,8,1643.76,3,4,4,344,3.67,Champion,25-34,Female,Yorkshire,Bronze,True
CUST01322,108,7,719.7099999999999,3,3,3,333,3.0,Champion,35-44,Male,East of England,Bronze,True
CUST01323,15,9,1186.78,4,4,4,444,4.0,Champion,18-24,Prefer not to say,North West,Bronze,False
CUST01324,314,7,835.54,1,3,3,133,2.33,Lost,25-34,Prefer not to say,South West,Platinum,True
CUST01325,283,2,75.88,1,1,1,111,1.0,Lost,65+,Female,South East,Bronze,False
CUST01326,75,9,973.69,3,4,4,344,3.67,Champion,45-54,Male,East of England,Silver,True
CUST01327,703,3,1034.92,1,1,4,114,2.0,Lost,65+,Prefer not to say,South East,Bronze,False
CUST01328,142,7,903.34,2,3,4,234,3.0,At Risk,65+,Female,East of England,Silver,True
CUST01329,214,5,795.1,2,2,3,223,2.33,At Risk,18-24,Female,South West,Bronze,True
CUST01330,2,6,889.24,4,2,4,424,3.33,Loyal,35-44,Prefer not to say,London,Silver,True
CUST01331,157,8,1435.44,2,4,4,244,3.33,At Risk,65+,Male,London,Bronze,False
CUST01332,219,7,482.39,2,3,2,232,2.33,At Risk,55-64,Female,South East,Bronze,True
CUST01333,60,10,689.37,3,4,3,343,3.33,Champion,18-24,Female,East of England,Bronze,True
CUST01334,30,4,336.21000000000004,4,1,2,412,2.33,New Customer,55-64,Male,Yorkshire,Bronze,True
CUST01335,364,3,127.41999999999999,1,1,1,111,1.0,Lost,45-54,Male,North West,Bronze,True
CUST01336,30,7,1268.28,4,3,4,434,3.67,Champion,55-64,Male,South East,Bronze,False
CUST01337,233,3,394.0,2,1,2,212,1.67,Needs Attention,25-34,Female,South East,Bronze,False
CUST01338,106,2,280.04999999999995,3,1,2,312,2.0,New Customer,55-64,Female,North West,Bronze,True
CUST01339,246,4,236.32999999999998,2,1,1,211,1.33,Needs Attention,35-44,Prefer not to say,London,Gold,True
CUST01340,130,6,516.37,3,2,3,323,2.67,Loyal,18-24,Male,East of England,Silver,True
CUST01341,503,2,96.95,1,1,1,111,1.0,Lost,65+,Prefer not to say,North West,Bronze,True
CUST01342,53,10,629.98,4,4,3,443,3.67,Champion,35-44,Female,London,Bronze,True
CUST01343,248,4,103.45,2,1,1,211,1.33,Needs Attention,45-54,Prefer not to say,South East,Bronze,True
CUST01344,218,4,973.6800000000001,2,1,4,214,2.33,Needs Attention,55-64,Prefer not to say,London,Bronze,True
CUST01345,366,5,391.53999999999996,1,2,2,122,1.67,Lost,45-54,Prefer not to say,London,Bronze,True
CUST01346,40,13,1349.44,4,4,4,444,4.0,Champion,25-34,Female,East Midlands,Bronze,True
CUST01347,43,9,705.82,4,4,3,443,3.67,Champion,45-54,Female,South West,Silver,True
CUST01348,17,3,78.44,4,1,1,411,2.0,New Customer,35-44,Prefer not to say,London,Silver,True
CUST01349,2,6,301.96999999999997,4,2,2,422,2.67,Loyal,45-54,Prefer not to say,East of England,Silver,False
CUST01350,34,5,352.66999999999996,4,2,2,422,2.67,Loyal,25-34,Male,London,Silver,True
CUST01351,173,7,255.12,2,3,1,231,2.0,At Risk,45-54,Female,London,Gold,True
CUST01352,679,2,54.309999999999995,1,1,1,111,1.0,Lost,18-24,Female,London,Platinum,True
CUST01353,197,4,299.7,2,1,2,212,1.67,Needs Attention,25-34,Female,East of England,Bronze,True
CUST01354,307,6,1030.5,1,2,4,124,2.33,Lost,25-34,Female,Scotland,Silver,True
CUST01355,174,11,1245.64,2,4,4,244,3.33,At Risk,35-44,Female,London,Silver,True
CUST01356,141,6,343.81,2,2,2,222,2.0,At Risk,55-64,Female,South East,Bronze,True
CUST01357,66,11,1521.38,3,4,4,344,3.67,Champion,35-44,Prefer not to say,London,Bronze,False
CUST01358,2,7,1569.87,4,3,4,434,3.67,Champion,35-44,Prefer not to say,Yorkshire,Platinum,True
CUST01359,116,7,751.76,3,3,3,333,3.0,Champion,35-44,Male,South East,Bronze,True
CUST01360,120,6,488.67,3,2,2,322,2.33,Loyal,25-34,Male,London,Bronze,True
CUST01361,84,3,94.57,3,1,1,311,1.67,New Customer,25-34,Female,North West,Bronze,True
CUST01362,180,11,990.4399999999999,2,4,4,244,3.33,At Risk,65+,Female,South East,Silver,True
CUST01363,365,6,927.5799999999999,1,2,4,124,2.33,Lost,65+,Female,South East,Gold,True
CUST01364,355,3,77.97999999999999,1,1,1,111,1.0,Lost,65+,Female,Yorkshire,Gold,True
CUST01365,59,9,553.48,3,4,3,343,3.33,Champion,55-64,Female,West Midlands,Bronze,False
CUST01366,76,5,479.62,3,2,2,322,2.33,Loyal,25-34,Prefer not to say,East Midlands,Platinum,True
CUST01367,107,6,470.15999999999997,3,2,2,322,2.33,Loyal,45-54,Female,East of England,Bronze,True
CUST01368,118,6,357.76,3,2,2,322,2.33,Loyal,55-64,Female,London,Bronze,True
CUST01369,35,4,259.88,4,1,1,411,2.0,New Customer,65+,Male,Wales,Gold,False
CUST01370,122,6,650.51,3,2,3,323,2.67,Loyal,25-34,Female,Yorkshire,Silver,True
CUST01371,53,3,85.96000000000001,4,1,1,411,2.0,New Customer,25-34,Male,South West,Gold,True
CUST01372,406,3,49.269999999999996,1,1,1,111,1.0,Lost,18-24,Prefer not to say,South East,Gold,True
CUST01373,239,5,303.02,2,2,2,222,2.0,At Risk,55-64,Prefer not to say,Scotland,Silver,True
CUST01374,195,6,181.68,2,2,1,221,1.67,At Risk,25-34,Prefer not to say,London,Bronze,True
CUST01375,156,7,572.91,2,3,3,233,2.67,At Risk,25-34,Prefer not to say,Yorkshire,Gold,True
CUST01376,80,2,86.71000000000001,3,1,1,311,1.67,New Customer,35-44,Female,East Midlands,Silver,True
CUST01377,95,7,320.07,3,3,2,332,2.67,Loyal,25-34,Female,East Midlands,Platinum,True
CUST01378,565,2,98.2,1,1,1,111,1.0,Lost,18-24,Prefer not to say,Scotland,Bronze,True
CUST01379,18,3,59.300000000000004,4,1,1,411,2.0,New Customer,18-24,Female,Yorkshire,Bronze,True
CUST01380,219,4,263.12,2,1,1,211,1.33,Needs Attention,35-44,Male,London,Bronze,True
CUST01381,176,6,336.96,2,2,2,222,2.0,At Risk,35-44,Prefer not to say,East of England,Gold,True
CUST01382,28,3,208.49,4,1,1,411,2.0,New Customer,55-64,Prefer not to say,London,Silver,True
CUST01383,35,2,53.11,4,1,1,411,2.0,New Customer,35-44,Prefer not to say,Scotland,Silver,True
CUST01384,162,4,89.34,2,1,1,211,1.33,Needs Attention,25-34,Female,South East,Gold,True
CUST01385,323,7,205.85999999999999,1,3,1,131,1.67,Lost,55-64,Female,West Midlands,Gold,True
CUST01386,81,4,585.4000000000001,3,1,3,313,2.33,New Customer,25-34,Female,East of England,Bronze,True
CUST01387,24,10,1720.45,4,4,4,444,4.0,Champion,45-54,Prefer not to say,London,Bronze,True
CUST01388,174,5,922.9200000000001,2,2,4,224,2.67,At Risk,45-54,Male,South East,Bronze,True
CUST01389,165,9,920.0300000000001,2,4,4,244,3.33,At Risk,25-34,Prefer not to say,London,Bronze,False
CUST01390,176,3,78.25,2,1,1,211,1.33,Needs Attention,55-64,Male,Scotland,Gold,False
CUST01391,136,6,772.21,2,2,3,223,2.33,At Risk,65+,Female,North West,Bronze,True
CUST01392,5,9,641.97,4,4,3,443,3.67,Champion,45-54,Female,London,Bronze,True
CUST01393,58,4,1132.32,3,1,4,314,2.67,New Customer,18-24,Male,South East,Bronze,True
CUST01394,5,4,242.51,4,1,1,411,2.0,New Customer,45-54,Male,South East,Silver,True
CUST01395,243,8,609.37,2,4,3,243,3.0,At Risk,65+,Male,Yorkshire,Bronze,True
CUST01396,31,7,1242.8899999999999,4,3,4,434,3.67,Champion,35-44,Prefer not to say,Yorkshire,Bronze,True
CUST01397,402,4,298.22,1,1,2,112,1.33,Lost,25-34,Prefer not to say,London,Bronze,True
CUST01398,30,8,1129.13,4,4,4,444,4.0,Champion,18-24,Prefer not to say,South East,Silver,True
CUST01399,522,4,145.82,1,1,1,111,1.0,Lost,45-54,Prefer not to say,London,Bronze,True
CUST01400,156,9,2962.27,2,4,4,244,3.33,At Risk,35-44,Female,London,Bronze,True
CUST01402,350,9,713.1600000000001,1,4,3,143,2.67,Lost,18-24,Female,West Midlands,Silver,True
CUST01403,41,5,358.73,4,2,2,422,2.67,Loyal,65+,Prefer not to say,London,Gold,True
CUST01404,55,4,452.34,3,1,2,312,2.0,New Customer,55-64,Female,London,Bronze,True
CUST01405,417,3,83.7,1,1,1,111,1.0,Lost,18-24,Female,Scotland,Silver,True
CUST01406,274,2,54.66,1,1,1,111,1.0,Lost,18-24,Female,South East,Bronze,True
CUST01407,18,4,628.13,4,1,3,413,2.67,New Customer,45-54,Female,West Midlands,Gold,True
CUST01408,7,7,954.1500000000001,4,3,4,434,3.67,Champion,45-54,Male,South West,Bronze,True
CUST01409,112,12,836.13,3,4,3,343,3.33,Champion,25-34,Male,London,Bronze,True
CUST01410,2,4,518.0,4,1,3,413,2.67,New Customer,45-54,Prefer not to say,West Midlands,Gold,True
CUST01411,228,11,395.05,2,4,2,242,2.67,At Risk,25-34,Prefer not to say,Wales,Silver,True
CUST01412,110,4,103.3,3,1,1,311,1.67,New Customer,65+,Prefer not to say,South East,Bronze,False
CUST01413,479,8,348.52000000000004,1,4,2,142,2.33,Lost,18-24,Male,East Midlands,Platinum,True
CUST01414,397,3,40.07,1,1,1,111,1.0,Lost,25-34,Female,South East,Silver,True
CUST01415,230,5,483.14,2,2,2,222,2.0,At Risk,25-34,Prefer not to say,South East,Bronze,True
CUST01416,184,4,142.9,2,1,1,211,1.33,Needs Attention,35-44,Female,East Midlands,Platinum,True
CUST01417,238,7,1189.0900000000001,2,3,4,234,3.0,At Risk,25-34,Male,West Midlands,Silver,True
CUST01418,73,9,576.45,3,4,3,343,3.33,Champion,45-54,Prefer not to say,London,Bronze,False
CUST01419,126,9,1671.8,3,4,4,344,3.67,Champion,25-34,Prefer not to say,West Midlands,Silver,True
CUST01420,127,3,55.160000000000004,3,1,1,311,1.67,New Customer,55-64,Female,London,Silver,True
CUST01421,98,3,495.28,3,1,2,312,2.0,New Customer,65+,Female,London,Silver,True
CUST01422,52,5,1551.54,4,2,4,424,3.33,Loyal,18-24,Female,East Midlands,Silver,True
CUST01423,4,4,368.45000000000005,4,1,2,412,2.33,New Customer,55-64,Male,London,Bronze,True
CUST01424,146,5,679.8,2,2,3,223,2.33,At Risk,55-64,Female,South East,Bronze,True
CUST01425,12,3,106.16,4,1,1,411,2.0,New Customer,55-64,Prefer not to say,East of England,Bronze,True
CUST01426,15,4,462.55,4,1,2,412,2.33,New Customer,25-34,Male,South West,Bronze,True
CUST01427,26,4,40.91,4,1,1,411,2.0,New Customer,45-54,Prefer not to say,West Midlands,Platinum,True
CUST01428,458,3,369.65999999999997,1,1,2,112,1.33,Lost,55-64,Prefer not to say,East of England,Bronze,False
CUST01429,145,4,2055.84,2,1,4,214,2.33,Needs Attention,55-64,Prefer not to say,East of England,Bronze,True
CUST01430,508,6,1109.48,1,2,4,124,2.33,Lost,25-34,Female,South East,Gold,True
CUST01431,552,4,227.01,1,1,1,111,1.0,Lost,25-34,Female,London,Bronze,True
CUST01432,209,9,627.18,2,4,3,243,3.0,At Risk,25-34,Female,East of England,Bronze,False
CUST01433,65,7,203.16,3,3,1,331,2.33,Loyal,65+,Male,London,Bronze,False
CUST01434,303,4,597.67,1,1,3,113,1.67,Lost,45-54,Female,North East,Silver,True
CUST01435,86,6,350.47,3,2,2,322,2.33,Loyal,45-54,Prefer not to say,Yorkshire,Bronze,True
CUST01436,16,9,962.76,4,4,4,444,4.0,Champion,35-44,Prefer not to say,Yorkshire,Bronze,True
CUST01437,129,5,538.3399999999999,3,2,3,323,2.67,Loyal,25-34,Female,London,Bronze,True
CUST01438,61,6,267.51,3,2,1,321,2.0,Loyal,35-44,Female,South East,Bronze,True
CUST01439,513,2,329.03000000000003,1,1,2,112,1.33,Lost,25-34,Male,East of England,Bronze,True
CUST01440,65,4,525.71,3,1,3,313,2.33,New Customer,65+,Male,East Midlands,Bronze,True
CUST01441,485,4,284.93,1,1,2,112,1.33,Lost,55-64,Female,North West,Bronze,True
CUST01442,131,8,543.46,2,4,3,243,3.0,At Risk,55-64,Male,South East,Silver,True
CUST01443,99,5,173.4,3,2,1,321,2.0,Loyal,55-64,Prefer not to say,South East,Bronze,True
CUST01444,265,4,257.40000000000003,1,1,1,111,1.0,Lost,45-54,Female,London,Platinum,True
CUST01445,371,6,255.89999999999998,1,2,1,121,1.33,Lost,35-44,Prefer not to say,Yorkshire,Gold,True
CUST01446,146,7,605.44,2,3,3,233,2.67,At Risk,65+,Male,South East,Bronze,False
CUST01447,54,7,1132.92,3,3,4,334,3.33,Champion,55-64,Prefer not to say,North West,Silver,False
CUST01448,781,2,284.92,1,1,2,112,1.33,Lost,25-34,Female,North West,Bronze,True
CUST01449,7,5,1734.31,4,2,4,424,3.33,Loyal,18-24,Prefer not to say,South East,Bronze,True
CUST01450,226,2,170.59,2,1,1,211,1.33,Needs Attention,18-24,Male,South East,Silver,True
CUST01451,21,4,285.52000000000004,4,1,2,412,2.33,New Customer,65+,Male,London,Bronze,True
CUST01452,147,3,83.1,2,1,1,211,1.33,Needs Attention,35-44,Prefer not to say,London,Bronze,True
CUST01453,79,8,1271.77,3,4,4,344,3.67,Champion,18-24,Female,Yorkshire,Silver,True
CUST01454,77,6,213.15,3,2,1,321,2.0,Loyal,65+,Female,South East,Silver,True
CUST01455,384,5,183.17000000000002,1,2,1,121,1.33,Lost,18-24,Male,East of England,Bronze,True
CUST01456,118,6,310.96999999999997,3,2,2,322,2.33,Loyal,65+,Female,London,Gold,True
CUST01457,8,8,1337.91,4,4,4,444,4.0,Champion,18-24,Male,London,Silver,True
CUST01458,338,4,111.53999999999999,1,1,1,111,1.0,Lost,55-64,Male,East Midlands,Bronze,True
CUST01459,181,9,1256.24,2,4,4,244,3.33,At Risk,55-64,Prefer not to say,London,Platinum,True
CUST01460,297,6,162.59,1,2,1,121,1.33,Lost,25-34,Female,East of England,Gold,True
CUST01461,355,5,610.19,1,2,3,123,2.0,Lost,65+,Female,South West,Bronze,True
CUST01462,93,6,979.89,3,2,4,324,3.0,Loyal,45-54,Female,West Midlands,Bronze,True
CUST01463,99,3,105.86,3,1,1,311,1.67,New Customer,65+,Prefer not to say,South East,Gold,True
CUST01464,272,6,475.03999999999996,1,2,2,122,1.67,Lost,55-64,Prefer not to say,Yorkshire,Gold,False
CUST01465,47,9,1128.03,4,4,4,444,4.0,Champion,25-34,Female,Yorkshire,Platinum,False
CUST01466,29,6,1397.7099999999998,4,2,4,424,3.33,Loyal,25-34,Female,Wales,Silver,True
CUST01467,105,13,1005.64,3,4,4,344,3.67,Champion,55-64,Female,South West,Bronze,True
CUST01468,15,4,463.47,4,1,2,412,2.33,New Customer,65+,Female,North West,Gold,True
CUST01469,394,4,84.04,1,1,1,111,1.0,Lost,25-34,Female,East Midlands,Gold,True
CUST01470,38,5,250.43,4,2,1,421,2.33,Loyal,25-34,Male,North West,Silver,False
CUST01471,367,5,241.29000000000002,1,2,1,121,1.33,Lost,25-34,Female,East of England,Silver,True
CUST01472,158,5,111.07000000000001,2,2,1,221,1.67,At Risk,55-64,Prefer not to say,Scotland,Bronze,True
CUST01473,16,9,988.2,4,4,4,444,4.0,Champion,55-64,Male,North East,Silver,True
CUST01474,44,8,301.63,4,4,2,442,3.33,Loyal,35-44,Prefer not to say,South East,Bronze,True
CUST01475,81,10,541.35,3,4,3,343,3.33,Champion,55-64,Male,East Midlands,Silver,True
CUST01476,254,8,229.0,2,4,1,241,2.33,At Risk,45-54,Female,North East,Platinum,True
CUST01477,245,4,297.33000000000004,2,1,2,212,1.67,Needs Attention,45-54,Prefer not to say,North West,Silver,False
CUST01478,160,5,216.45,2,2,1,221,1.67,At Risk,55-64,Female,London,Bronze,True
CUST01479,907,1,490.23,1,1,2,112,1.33,Lost,55-64,Female,West Midlands,Bronze,False
CUST01480,140,6,689.24,2,2,3,223,2.33,At Risk,25-34,Male,South East,Bronze,True
CUST01481,100,7,1359.65,3,3,4,334,3.33,Champion,35-44,Female,Scotland,Silver,True
CUST01482,120,11,1439.19,3,4,4,344,3.67,Champion,25-34,Female,London,Gold,True
CUST01483,264,5,330.75,1,2,2,122,1.67,Lost,65+,Prefer not to say,London,Bronze,True
CUST01484,38,6,107.87,4,2,1,421,2.33,Loyal,18-24,Male,East of England,Silver,True
CUST01485,302,6,493.28,1,2,2,122,1.67,Lost,65+,Prefer not to say,South East,Platinum,True
CUST01486,134,6,494.09999999999997,2,2,2,222,2.0,At Risk,35-44,Prefer not to say,London,Silver,True
CUST01487,464,4,224.72,1,1,1,111,1.0,Lost,35-44,Female,Scotland,Gold,False
CUST01488,16,5,79.59,4,2,1,421,2.33,Loyal,65+,Male,West Midlands,Gold,True
CUST01489,213,5,1177.79,2,2,4,224,2.67,At Risk,25-34,Male,London,Bronze,True
CUST01490,162,9,225.59,2,4,1,241,2.33,At Risk,55-64,Male,North West,Silver,True
CUST01491,164,6,1845.9,2,2,4,224,2.67,At Risk,25-34,Male,Scotland,Platinum,True
CUST01492,3,8,363.92,4,4,2,442,3.33,Loyal,45-54,Male,South East,Silver,True
CUST01493,393,2,15.86,1,1,1,111,1.0,Lost,18-24,Female,London,Gold,True
CUST01494,295,4,542.26,1,1,3,113,1.67,Lost,18-24,Male,South East,Bronze,False
CUST01495,204,4,1643.8600000000001,2,1,4,214,2.33,Needs Attention,45-54,Prefer not to say,South West,Gold,True
CUST01496,41,6,548.66,4,2,3,423,3.0,Loyal,35-44,Prefer not to say,East of England,Platinum,True
CUST01497,15,8,348.44,4,4,2,442,3.33,Loyal,25-34,Prefer not to say,London,Platinum,True
CUST01498,154,5,882.86,2,2,4,224,2.67,At Risk,35-44,Prefer not to say,London,Bronze,True
CUST01499,173,6,453.43,2,2,2,222,2.0,At Risk,65+,Prefer not to say,East of England,Silver,True
CUST01500,6,7,1269.24,4,3,4,434,3.67,Champion,35-44,Prefer not to say,London,Silver,True
CUST01501,142,5,526.87,2,2,3,223,2.33,At Risk,25-34,Male,London,Silver,True
CUST01502,19,6,1171.99,4,2,4,424,3.33,Loyal,45-54,Female,London,Gold,True
CUST01503,52,3,475.23,4,1,2,412,2.33,New Customer,55-64,Female,London,Bronze,True
CUST01504,43,6,615.54,4,2,3,423,3.0,Loyal,45-54,Prefer not to say,East of England,Bronze,True
CUST01505,116,5,491.29,3,2,2,322,2.33,Loyal,45-54,Prefer not to say,London,Silver,True
CUST01506,98,5,997.75,3,2,4,324,3.0,Loyal,55-64,Prefer not to say,South East,Gold,True
CUST01507,117,7,298.98,3,3,2,332,2.67,Loyal,45-54,Prefer not to say,London,Gold,True
CUST01508,267,5,655.37,1,2,3,123,2.0,Lost,55-64,Prefer not to say,East of England,Gold,True
CUST01509,339,7,215.70000000000002,1,3,1,131,1.67,Lost,25-34,Male,West Midlands,Silver,False
CUST01510,29,4,385.55,4,1,2,412,2.33,New Customer,25-34,Female,London,Platinum,True
CUST01511,218,6,331.1,2,2,2,222,2.0,At Risk,45-54,Female,London,Platinum,True
CUST01512,158,4,625.28,2,1,3,213,2.0,Needs Attention,65+,Prefer not to say,East Midlands,Bronze,True
CUST01513,91,8,1382.44,3,4,4,344,3.67,Champion,45-54,Male,West Midlands,Bronze,True
CUST01515,16,7,1162.94,4,3,4,434,3.67,Champion,18-24,Prefer not to say,London,Bronze,True
CUST01516,154,4,1515.16,2,1,4,214,2.33,Needs Attention,65+,Female,South East,Bronze,True
CUST01517,25,5,777.65,4,2,3,423,3.0,Loyal,18-24,Female,North West,Bronze,True
CUST01518,304,5,716.86,1,2,3,123,2.0,Lost,25-34,Prefer not to say,London,Platinum,True
CUST01519,2,8,375.38,4,4,2,442,3.33,Loyal,45-54,Male,West Midlands,Gold,False
CUST01520,595,2,25.53,1,1,1,111,1.0,Lost,65+,Prefer not to say,South East,Silver,False
CUST01521,81,5,421.86,3,2,2,322,2.33,Loyal,65+,Female,South East,Silver,True
CUST01522,24,11,1295.94,4,4,4,444,4.0,Champion,55-64,Prefer not to say,North West,Silver,True
CUST01523,212,6,1101.95,2,2,4,224,2.67,At Risk,18-24,Male,South East,Silver,True
CUST01524,39,5,810.4599999999999,4,2,3,423,3.0,Loyal,65+,Female,North West,Silver,False
CUST01525,1030,1,83.66,1,1,1,111,1.0,Lost,25-34,Prefer not to say,London,Silver,True
CUST01526,567,8,488.64,1,4,2,142,2.33,Lost,35-44,Female,North West,Bronze,True
CUST01527,88,4,499.04999999999995,3,1,2,312,2.0,New Customer,45-54,Prefer not to say,Wales,Bronze,True
CUST01528,74,6,685.99,3,2,3,323,2.67,Loyal,35-44,Male,North West,Gold,True
CUST01529,98,5,882.1600000000001,3,2,4,324,3.0,Loyal,35-44,Male,North East,Bronze,True
CUST01530,490,10,1526.07,1,4,4,144,3.0,Lost,25-34,Female,North West,Silver,True
CUST01531,55,6,151.64,3,2,1,321,2.0,Loyal,35-44,Male,London,Silver,True
CUST01532,55,6,1445.13,3,2,4,324,3.0,Loyal,55-64,Prefer not to say,London,Bronze,False
CUST01533,142,5,304.05,2,2,2,222,2.0,At Risk,45-54,Male,Scotland,Bronze,True
CUST01534,8,6,891.9000000000001,4,2,4,424,3.33,Loyal,45-54,Male,South East,Bronze,True
CUST01535,177,5,514.8399999999999,2,2,3,223,2.33,At Risk,25-34,Female,West Midlands,Bronze,True
CUST01536,179,6,154.07999999999998,2,2,1,221,1.67,At Risk,45-54,Prefer not to say,East Midlands,Silver,True
CUST01537,41,7,378.35,4,3,2,432,3.0,Loyal,65+,Female,Yorkshire,Platinum,True
CUST01538,283,5,592.25,1,2,3,123,2.0,Lost,55-64,Female,London,Silver,False
CUST01539,139,2,58.620000000000005,2,1,1,211,1.33,Needs Attention,18-24,Prefer not to say,Yorkshire,Silver,True
CUST01540,34,8,330.40999999999997,4,4,2,442,3.33,Loyal,65+,Prefer not to say,West Midlands,Silver,True
CUST01541,113,5,240.4,3,2,1,321,2.0,Loyal,55-64,Female,East of England,Bronze,True
CUST01542,60,5,1519.1200000000001,3,2,4,324,3.0,Loyal,45-54,Prefer not to say,London,Silver,False
CUST01543,34,10,815.77,4,4,3,443,3.67,Champion,65+,Prefer not to say,East of England,Silver,False
CUST01544,82,7,416.63,3,3,2,332,2.67,Loyal,55-64,Prefer not to say,West Midlands,Bronze,True
CUST01545,67,6,342.17,3,2,2,322,2.33,Loyal,55-64,Male,Yorkshire,Bronze,True
CUST01546,119,6,601.64,3,2,3,323,2.67,Loyal,65+,Male,Yorkshire,Bronze,False
CUST01547,162,4,424.18,2,1,2,212,1.67,Needs Attention,35-44,Male,London,Bronze,True
CUST01548,298,6,1760.74,1,2,4,124,2.33,Lost,35-44,Male,London,Bronze,False
CUST01549,163,12,2052.96,2,4,4,244,3.33,At Risk,35-44,Female,London,Bronze,True
CUST01550,271,6,666.7,1,2,3,123,2.0,Lost,18-24,Prefer not to say,London,Silver,True
CUST01551,278,7,589.62,1,3,3,133,2.33,Lost,35-44,Female,South East,Gold,False
CUST01552,7,10,925.42,4,4,4,444,4.0,Champion,25-34,Prefer not to say,London,Bronze,True
CUST01553,254,5,332.63,2,2,2,222,2.0,At Risk,65+,Male,East of England,Gold,True
CUST01554,177,5,416.46000000000004,2,2,2,222,2.0,At Risk,35-44,Male,South East,Bronze,False
CUST01555,90,10,1818.12,3,4,4,344,3.67,Champion,55-64,Female,Scotland,Gold,True
CUST01556,504,3,130.06,1,1,1,111,1.0,Lost,25-34,Female,London,Platinum,True
CUST01557,101,7,277.95,3,3,2,332,2.67,Loyal,18-24,Female,North West,Gold,False
CUST01558,40,7,323.9,4,3,2,432,3.0,Loyal,55-64,Prefer not to say,London,Bronze,True
CUST01559,294,3,175.94,1,1,1,111,1.0,Lost,45-54,Female,London,Bronze,True
CUST01560,365,6,564.65,1,2,3,123,2.0,Lost,45-54,Female,Yorkshire,Silver,True
CUST01561,158,6,1128.3899999999999,2,2,4,224,2.67,At Risk,65+,Female,Yorkshire,Silver,False
CUST01562,27,3,323.12,4,1,2,412,2.33,New Customer,55-64,Male,North West,Silver,True
CUST01563,238,4,222.22,2,1,1,211,1.33,Needs Attention,65+,Prefer not to say,London,Bronze,False
CUST01564,100,4,194.69,3,1,1,311,1.67,New Customer,65+,Male,East of England,Silver,True
CUST01565,36,10,853.92,4,4,3,443,3.67,Champion,35-44,Male,North East,Silver,False
CUST01566,62,7,421.46999999999997,3,3,2,332,2.67,Loyal,45-54,Male,London,Silver,False
CUST01567,286,7,380.51,1,3,2,132,2.0,Lost,65+,Prefer not to say,North East,Bronze,True
CUST01568,282,5,635.61,1,2,3,123,2.0,Lost,25-34,Female,South East,Bronze,True
CUST01569,211,9,768.45,2,4,3,243,3.0,At Risk,65+,Prefer not to say,South East,Silver,True
CUST01570,768,3,468.21,1,1,2,112,1.33,Lost,25-34,Prefer not to say,South East,Platinum,False
CUST01571,197,7,1081.46,2,3,4,234,3.0,At Risk,55-64,Female,South East,Silver,True
CUST01572,212,4,447.24,2,1,2,212,1.67,Needs Attention,55-64,Female,London,Silver,True
CUST01573,117,10,939.91,3,4,4,344,3.67,Champion,18-24,Female,London,Gold,True
CUST01574,73,6,523.45,3,2,3,323,2.67,Loyal,65+,Male,South West,Gold,True
CUST01575,199,8,1880.5900000000001,2,4,4,244,3.33,At Risk,55-64,Male,Scotland,Bronze,False
CUST01576,15,8,2040.15,4,4,4,444,4.0,Champion,65+,Male,South West,Bronze,True
CUST01577,123,8,1855.6499999999999,3,4,4,344,3.67,Champion,35-44,Prefer not to say,Yorkshire,Bronze,True
CUST01578,270,6,453.84000000000003,1,2,2,122,1.67,Lost,25-34,Prefer not to say,Scotland,Bronze,True
CUST01579,190,6,1579.82,2,2,4,224,2.67,At Risk,65+,Female,South West,Bronze,True
CUST01580,28,3,675.21,4,1,3,413,2.67,New Customer,55-64,Male,North West,Gold,False
CUST01581,184,5,434.32,2,2,2,222,2.0,At Risk,18-24,Prefer not to say,North West,Silver,True
CUST01582,411,4,936.83,1,1,4,114,2.0,Lost,65+,Male,West Midlands,Silver,False
CUST01583,6,11,1000.71,4,4,4,444,4.0,Champion,25-34,Female,East of England,Bronze,True
CUST01584,50,4,446.87,4,1,2,412,2.33,New Customer,35-44,Male,South East,Bronze,True
CUST01585,30,10,993.6500000000001,4,4,4,444,4.0,Champion,45-54,Male,North West,Bronze,True
CUST01586,646,5,317.08000000000004,1,2,2,122,1.67,Lost,45-54,Female,East of England,Bronze,True
CUST01587,33,10,801.66,4,4,3,443,3.67,Champion,25-34,Prefer not to say,London,Bronze,False
CUST01588,180,5,462.46999999999997,2,2,2,222,2.0,At Risk,65+,Female,London,Bronze,True
CUST01589,411,6,350.95000000000005,1,2,2,122,1.67,Lost,18-24,Male,London,Silver,True
CUST01590,20,6,140.32,4,2,1,421,2.33,Loyal,45-54,Male,West Midlands,Bronze,True
CUST01591,229,3,72.73,2,1,1,211,1.33,Needs Attention,55-64,Male,London,Bronze,False
CUST01592,320,6,215.69,1,2,1,121,1.33,Lost,55-64,Prefer not to say,East of England,Silver,True
CUST01593,247,5,1736.16,2,2,4,224,2.67,At Risk,18-24,Male,Scotland,Gold,False
CUST01594,1,7,925.85,4,3,4,434,3.67,Champion,65+,Male,Scotland,Bronze,True
CUST01595,93,4,257.21,3,1,1,311,1.67,New Customer,35-44,Prefer not to say,London,Bronze,False
CUST01596,80,3,306.34,3,1,2,312,2.0,New Customer,18-24,Prefer not to say,North East,Bronze,True
CUST01597,167,6,631.85,2,2,3,223,2.33,At Risk,65+,Male,North East,Bronze,True
CUST01598,192,5,644.42,2,2,3,223,2.33,At Risk,45-54,Male,Yorkshire,Silver,False
CUST01599,131,4,167.96,2,1,1,211,1.33,Needs Attention,18-24,Female,Scotland,Silver,False
CUST01600,51,8,482.91999999999996,4,4,2,442,3.33,Loyal,25-34,Prefer not to say,South East,Bronze,True
CUST01601,132,2,156.5,2,1,1,211,1.33,Needs Attention,35-44,Prefer not to say,North West,Gold,True
CUST01602,38,4,623.36,4,1,3,413,2.67,New Customer,55-64,Prefer not to say,South West,Bronze,True
CUST01603,13,7,406.57,4,3,2,432,3.0,Loyal,35-44,Male,London,Bronze,True
CUST01604,16,2,74.43,4,1,1,411,2.0,New Customer,35-44,Prefer not to say,Wales,Silver,True
CUST01605,5,8,514.54,4,4,3,443,3.67,Champion,65+,Prefer not to say,London,Bronze,True
CUST01606,2,10,590.15,4,4,3,443,3.67,Champion,35-44,Female,North West,Gold,True
CUST01607,34,8,1316.49,4,4,4,444,4.0,Champion,65+,Female,East Midlands,Silver,True
CUST01608,120,4,99.59,3,1,1,311,1.67,New Customer,55-64,Male,London,Bronze,True
CUST01609,13,4,118.00999999999999,4,1,1,411,2.0,New Customer,25-34,Prefer not to say,North West,Gold,True
CUST01610,496,8,823.29,1,4,3,143,2.67,Lost,25-34,Prefer not to say,West Midlands,Gold,True
CUST01611,480,4,140.19,1,1,1,111,1.0,Lost,18-24,Prefer not to say,London,Gold,True
CUST01612,356,4,275.0,1,1,2,112,1.33,Lost,45-54,Prefer not to say,South East,Bronze,True
CUST01613,8,6,393.59,4,2,2,422,2.67,Loyal,25-34,Prefer not to say,Wales,Silver,True
CUST01614,117,8,662.1800000000001,3,4,3,343,3.33,Champion,25-34,Prefer not to say,London,Bronze,True
CUST01615,223,4,81.18,2,1,1,211,1.33,Needs Attention,65+,Male,London,Gold,True
CUST01616,293,7,646.04,1,3,3,133,2.33,Lost,55-64,Prefer not to say,South East,Bronze,True
CUST01617,87,4,1163.76,3,1,4,314,2.67,New Customer,35-44,Male,London,Bronze,False
CUST01618,16,4,32.55,4,1,1,411,2.0,New Customer,65+,Prefer not to say,South West,Platinum,True
CUST01619,66,8,1413.82,3,4,4,344,3.67,Champion,55-64,Female,Yorkshire,Bronze,True
CUST01620,2,8,816.55,4,4,3,443,3.67,Champion,35-44,Female,South East,Platinum,True
CUST01621,136,6,782.28,2,2,3,223,2.33,At Risk,45-54,Female,North West,Bronze,True
CUST01622,317,3,1187.33,1,1,4,114,2.0,Lost,25-34,Prefer not to say,Yorkshire,Bronze,False
CUST01623,79,7,717.81,3,3,3,333,3.0,Champion,65+,Male,South West,Bronze,True
CUST01624,159,5,263.08,2,2,1,221,1.67,At Risk,18-24,Female,East of England,Bronze,True
CUST01625,102,4,177.02,3,1,1,311,1.67,New Customer,55-64,Female,South East,Silver,True
CUST01626,33,7,783.79,4,3,3,433,3.33,Champion,65+,Male,South East,Bronze,True
CUST01627,398,4,783.71,1,1,3,113,1.67,Lost,25-34,Prefer not to say,Scotland,Gold,True
CUST01628,48,4,429.64000000000004,4,1,2,412,2.33,New Customer,65+,Female,West Midlands,Bronze,True
CUST01629,334,4,837.21,1,1,3,113,1.67,Lost,65+,Female,North West,Gold,True
CUST01630,51,7,1172.61,4,3,4,434,3.67,Champion,45-54,Female,South West,Bronze,True
CUST01631,91,7,455.4,3,3,2,332,2.67,Loyal,35-44,Prefer not to say,South East,Gold,False
CUST01632,56,5,164.35,3,2,1,321,2.0,Loyal,25-34,Female,East Midlands,Gold,True
CUST01633,355,6,381.11,1,2,2,122,1.67,Lost,55-64,Female,London,Silver,True
CUST01634,72,4,139.76999999999998,3,1,1,311,1.67,New Customer,65+,Male,South East,Gold,True
CUST01635,47,6,454.15,4,3,2,432,3.0,Loyal,35-44,Prefer not to say,East of England,Bronze,False
CUST01636,142,7,844.05,2,3,3,233,2.67,At Risk,65+,Male,Scotland,Silver,True
CUST01637,98,7,556.12,3,3,3,333,3.0,Champion,25-34,Female,South West,Gold,True
CUST01638,220,1,31.79,2,1,1,211,1.33,Needs Attention,18-24,Male,West Midlands,Gold,True
CUST01639,99,5,746.48,3,2,3,323,2.67,Loyal,65+,Female,East Midlands,Silver,True
CUST01640,177,3,160.17,2,1,1,211,1.33,Needs Attention,25-34,Prefer not to say,East Midlands,Bronze,True
CUST01641,41,7,577.85,4,3,3,433,3.33,Champion,35-44,Prefer not to say,East of England,Bronze,True
CUST01642,227,7,481.98,2,3,2,232,2.33,At Risk,45-54,Male,South East,Gold,True
CUST01643,353,2,268.1,1,1,1,111,1.0,Lost,65+,Prefer not to say,Yorkshire,Silver,True
CUST01644,21,11,1256.77,4,4,4,444,4.0,Champion,18-24,Female,Wales,Bronze,True
CUST01645,666,2,65.14,1,1,1,111,1.0,Lost,55-64,Male,East of England,Silver,True
CUST01646,156,6,383.11,2,3,2,232,2.33,At Risk,45-54,Male,London,Gold,True
CUST01647,456,2,11.94,1,1,1,111,1.0,Lost,65+,Prefer not to say,South East,Bronze,True
CUST01648,140,8,2351.91,2,4,4,244,3.33,At Risk,35-44,Female,Yorkshire,Silver,True
CUST01649,1009,1,36.84,1,1,1,111,1.0,Lost,65+,Prefer not to say,West Midlands,Silver,True
CUST01650,214,4,379.56000000000006,2,1,2,212,1.67,Needs Attention,55-64,Female,London,Silver,True
CUST01651,69,3,395.3,3,1,2,312,2.0,New Customer,25-34,Male,East of England,Gold,True
CUST01652,185,6,178.13,2,3,1,231,2.0,At Risk,25-34,Prefer not to say,South East,Bronze,True
CUST01653,40,6,687.9100000000001,4,3,3,433,3.33,Champion,18-24,Female,East Midlands,Silver,True
CUST01654,137,10,1214.4,2,4,4,244,3.33,At Risk,18-24,Prefer not to say,Scotland,Bronze,False
CUST01655,74,6,1768.31,3,3,4,334,3.33,Champion,35-44,Female,London,Silver,True
CUST01656,114,14,698.32,3,4,3,343,3.33,Champion,25-34,Male,North West,Bronze,True
CUST01657,93,10,1396.84,3,4,4,344,3.67,Champion,45-54,Female,East Midlands,Bronze,True
CUST01658,225,4,178.75,2,1,1,211,1.33,Needs Attention,55-64,Male,North West,Platinum,True
CUST01659,21,7,670.0,4,3,3,433,3.33,Champion,18-24,Female,London,Bronze,True
CUST01660,243,2,66.31,2,1,1,211,1.33,Needs Attention,45-54,Prefer not to say,London,Gold,True
CUST01661,94,7,297.64,3,3,2,332,2.67,Loyal,18-24,Prefer not to say,Yorkshire,Silver,False
CUST01662,110,5,55.25,3,2,1,321,2.0,Loyal,18-24,Male,Yorkshire,Silver,True
CUST01663,237,3,411.19,2,1,2,212,1.67,Needs Attention,65+,Prefer not to say,London,Bronze,True
CUST01664,127,12,2170.49,3,4,4,344,3.67,Champion,45-54,Male,Wales,Silver,True
CUST01665,108,6,388.22,3,3,2,332,2.67,Loyal,65+,Female,London,Bronze,False
CUST01666,59,2,159.82,3,1,1,311,1.67,New Customer,18-24,Prefer not to say,London,Silver,True
CUST01667,427,4,759.3,1,1,3,113,1.67,Lost,65+,Prefer not to say,London,Bronze,True
CUST01668,2,6,442.69,4,3,2,432,3.0,Loyal,65+,Female,Yorkshire,Silver,True
CUST01669,135,5,577.26,2,2,3,223,2.33,At Risk,55-64,Female,South West,Platinum,True
CUST01670,49,10,1162.66,4,4,4,444,4.0,Champion,35-44,Female,London,Bronze,True
CUST01671,203,6,1556.29,2,3,4,234,3.0,At Risk,55-64,Prefer not to say,London,Bronze,True
CUST01672,105,12,1592.67,3,4,4,344,3.67,Champion,25-34,Prefer not to say,South West,Gold,False
CUST01673,324,6,153.1,1,3,1,131,1.67,Lost,55-64,Male,South East,Silver,True
CUST01674,53,9,503.57,4,4,2,442,3.33,Loyal,18-24,Female,Yorkshire,Gold,True
CUST01675,274,3,21.44,1,1,1,111,1.0,Lost,55-64,Female,Yorkshire,Silver,True
CUST01676,57,6,612.91,3,3,3,333,3.0,Champion,65+,Male,Yorkshire,Gold,True
CUST01677,116,6,526.04,3,3,3,333,3.0,Champion,45-54,Female,North West,Silver,False
CUST01678,21,9,274.37,4,4,2,442,3.33,Loyal,18-24,Female,London,Bronze,True
CUST01679,257,7,563.0,2,3,3,233,2.67,At Risk,35-44,Prefer not to say,South West,Silver,True
CUST01680,83,11,1175.09,3,4,4,344,3.67,Champion,45-54,Prefer not to say,East Midlands,Silver,True
CUST01681,417,4,340.25,1,1,2,112,1.33,Lost,35-44,Male,South East,Silver,True
CUST01682,106,4,102.36,3,1,1,311,1.67,New Customer,65+,Prefer not to say,West Midlands,Bronze,False
CUST01683,59,6,710.63,3,3,3,333,3.0,Champion,18-24,Female,South East,Bronze,True
CUST01684,676,3,150.49,1,1,1,111,1.0,Lost,45-54,Prefer not to say,South East,Silver,True
CUST01685,59,3,598.79,3,1,3,313,2.33,New Customer,55-64,Female,London,Silver,False
CUST01686,131,7,870.88,2,3,3,233,2.67,At Risk,45-54,Female,West Midlands,Bronze,True
CUST01687,60,3,524.56,3,1,3,313,2.33,New Customer,45-54,Female,North West,Bronze,True
CUST01688,21,7,911.69,4,3,4,434,3.67,Champion,25-34,Female,East of England,Bronze,True
CUST01689,364,5,675.39,1,2,3,123,2.0,Lost,25-34,Female,North West,Silver,True
CUST01690,4,10,1155.23,4,4,4,444,4.0,Champion,25-34,Male,London,Platinum,True
CUST01691,280,6,951.4300000000001,1,3,4,134,2.67,Lost,65+,Prefer not to say,North East,Bronze,True
CUST01692,81,5,472.59,3,2,2,322,2.33,Loyal,55-64,Prefer not to say,South West,Bronze,False
CUST01693,181,5,1103.75,2,2,4,224,2.67,At Risk,45-54,Prefer not to say,North East,Gold,True
CUST01694,16,6,260.15,4,3,1,431,2.67,Loyal,65+,Male,South West,Platinum,True
CUST01695,330,4,863.86,1,1,3,113,1.67,Lost,55-64,Female,London,Bronze,True
CUST01696,174,4,156.51,2,1,1,211,1.33,Needs Attention,35-44,Male,East of England,Bronze,True
CUST01697,67,5,809.13,3,2,3,323,2.67,Loyal,35-44,Male,North West,Gold,True
CUST01698,53,4,886.17,4,1,4,414,3.0,New Customer,18-24,Male,South West,Silver,True
CUST01699,101,10,618.76,3,4,3,343,3.33,Champion,45-54,Prefer not to say,Wales,Bronze,True
CUST01700,124,3,65.56,3,1,1,311,1.67,New Customer,25-34,Female,South West,Gold,False
CUST01701,283,5,232.54,1,2,1,121,1.33,Lost,25-34,Prefer not to say,Yorkshire,Bronze,True
CUST01702,345,8,1146.67,1,4,4,144,3.0,Lost,45-54,Prefer not to say,Scotland,Silver,True
CUST01703,8,7,732.54,4,3,3,433,3.33,Champion,55-64,Prefer not to say,South East,Gold,True
CUST01704,7,4,1075.15,4,1,4,414,3.0,New Customer,65+,Male,Yorkshire,Bronze,True
CUST01705,45,7,509.49,4,3,3,433,3.33,Champion,55-64,Prefer not to say,South East,Bronze,True
CUST01706,15,8,1549.99,4,4,4,444,4.0,Champion,35-44,Male,West Midlands,Platinum,True
CUST01707,289,8,393.44,1,4,2,142,2.33,Lost,55-64,Prefer not to say,South East,Gold,False
CUST01708,206,4,198.16,2,1,1,211,1.33,Needs Attention,35-44,Male,North West,Silver,True
CUST01709,139,5,475.21,2,2,2,222,2.0,At Risk,55-64,Male,North West,Silver,True
CUST01710,26,4,354.89,4,1,2,412,2.33,New Customer,45-54,Prefer not to say,East of England,Bronze,True
CUST01711,156,12,2679.3599999999997,2,4,4,244,3.33,At Risk,65+,Female,South West,Bronze,False
CUST01712,66,8,637.12,3,4,3,343,3.33,Champion,35-44,Prefer not to say,London,Bronze,True
CUST01713,123,10,614.6600000000001,3,4,3,343,3.33,Champion,25-34,Female,Scotland,Silver,True
CUST01714,44,8,475.71999999999997,4,4,2,442,3.33,Loyal,18-24,Female,West Midlands,Silver,True
CUST01715,297,9,746.37,1,4,3,143,2.67,Lost,25-34,Male,London,Gold,True
CUST01716,90,6,336.90000000000003,3,3,2,332,2.67,Loyal,55-64,Prefer not to say,South East,Gold,True
CUST01717,423,3,324.63,1,1,2,112,1.33,Lost,18-24,Female,Wales,Silver,True
CUST01718,139,6,1569.4199999999998,2,3,4,234,3.0,At Risk,55-64,Female,North West,Bronze,True
CUST01719,262,5,83.84,1,2,1,121,1.33,Lost,55-64,Prefer not to say,London,Bronze,True
CUST01720,28,3,93.27,4,1,1,411,2.0,New Customer,45-54,Male,South East,Silver,False
CUST01721,48,4,183.69,4,1,1,411,2.0,New Customer,25-34,Prefer not to say,South East,Silver,True
CUST01722,337,3,249.05,1,1,1,111,1.0,Lost,45-54,Prefer not to say,South West,Bronze,False
CUST01723,177,5,308.3,2,2,2,222,2.0,At Risk,55-64,Female,London,Silver,True
CUST01724,343,5,399.74,1,2,2,122,1.67,Lost,18-24,Female,East of England,Bronze,True
CUST01725,132,7,532.13,2,3,3,233,2.67,At Risk,55-64,Prefer not to say,West Midlands,Bronze,True
CUST01726,99,7,391.52,3,3,2,332,2.67,Loyal,35-44,Male,Yorkshire,Gold,True
CUST01727,90,5,624.65,3,2,3,323,2.67,Loyal,65+,Prefer not to say,London,Silver,True
CUST01728,184,10,1546.05,2,4,4,244,3.33,At Risk,18-24,Female,South West,Bronze,True
CUST01729,152,4,102.54,2,1,1,211,1.33,Needs Attention,35-44,Female,North East,Bronze,True
CUST01730,267,4,749.1600000000001,1,1,3,113,1.67,Lost,45-54,Female,London,Bronze,True
CUST01731,82,3,96.5,3,1,1,311,1.67,New Customer,18-24,Prefer not to say,Scotland,Silver,True
CUST01732,293,6,560.62,1,3,3,133,2.33,Lost,25-34,Female,South East,Silver,False
CUST01733,433,2,98.4,1,1,1,111,1.0,Lost,35-44,Prefer not to say,East of England,Bronze,True
CUST01734,124,4,465.53999999999996,3,1,2,312,2.0,New Customer,18-24,Male,South East,Gold,True
CUST01735,269,5,834.15,1,2,3,123,2.0,Lost,25-34,Prefer not to say,Scotland,Bronze,True
CUST01736,112,6,276.03,3,3,2,332,2.67,Loyal,55-64,Prefer not to say,North East,Bronze,True
CUST01737,207,4,177.60999999999999,2,1,1,211,1.33,Needs Attention,55-64,Female,East Midlands,Bronze,True
CUST01738,37,7,827.73,4,3,3,433,3.33,Champion,25-34,Prefer not to say,East Midlands,Bronze,True
CUST01739,173,6,1008.1400000000001,2,3,4,234,3.0,At Risk,65+,Female,East Midlands,Silver,False
CUST01740,272,7,575.0,1,3,3,133,2.33,Lost,35-44,Prefer not to say,Scotland,Bronze,True
CUST01741,60,10,1305.54,3,4,4,344,3.67,Champion,55-64,Female,North West,Bronze,True
CUST01742,46,8,952.59,4,4,4,444,4.0,Champion,35-44,Female,London,Bronze,True
CUST01743,378,8,512.0600000000001,1,4,3,143,2.67,Lost,55-64,Prefer not to say,London,Gold,True
CUST01744,25,8,885.6400000000001,4,4,4,444,4.0,Champion,35-44,Female,South West,Silver,False
CUST01745,297,4,275.1,1,1,2,112,1.33,Lost,18-24,Male,Scotland,Gold,True
CUST01746,30,4,897.22,4,1,4,414,3.0,New Customer,45-54,Prefer not to say,North West,Bronze,True
CUST01747,297,5,388.68,1,2,2,122,1.67,Lost,45-54,Male,South East,Bronze,True
CUST01748,95,9,577.73,3,4,3,343,3.33,Champion,18-24,Male,East of England,Silver,True
CUST01749,2,5,271.43,4,2,1,421,2.33,Loyal,35-44,Prefer not to say,South East,Bronze,False
CUST01750,294,3,305.91,1,1,2,112,1.33,Lost,55-64,Male,West Midlands,Silver,False
CUST01751,451,3,490.77,1,1,2,112,1.33,Lost,65+,Prefer not to say,South West,Silver,True
CUST01752,95,4,179.9,3,1,1,311,1.67,New Customer,55-64,Female,South East,Bronze,True
CUST01753,158,8,474.93,2,4,2,242,2.67,At Risk,55-64,Male,South West,Gold,True
CUST01754,172,3,771.5,2,1,3,213,2.0,Needs Attention,18-24,Male,London,Bronze,True
CUST01755,53,10,2140.09,4,4,4,444,4.0,Champion,65+,Female,London,Silver,True
CUST01756,53,5,316.91,4,2,2,422,2.67,Loyal,55-64,Prefer not to say,East Midlands,Gold,True
CUST01757,93,5,345.43,3,2,2,322,2.33,Loyal,55-64,Male,South East,Bronze,True
CUST01758,322,4,329.46999999999997,1,1,2,112,1.33,Lost,65+,Female,London,Silver,True
CUST01759,43,7,447.63,4,3,2,432,3.0,Loyal,25-34,Female,North East,Gold,True
CUST01760,501,4,140.71,1,1,1,111,1.0,Lost,35-44,Male,South East,Silver,True
CUST01761,416,3,181.26,1,1,1,111,1.0,Lost,45-54,Male,South West,Platinum,False
CUST01762,400,5,431.47,1,2,2,122,1.67,Lost,45-54,Female,Scotland,Bronze,True
CUST01763,610,6,270.06,1,3,1,131,1.67,Lost,25-34,Prefer not to say,North West,Bronze,True
CUST01764,358,4,116.50999999999999,1,1,1,111,1.0,Lost,18-24,Male,North West,Bronze,True
CUST01765,184,6,463.13,2,3,2,232,2.33,At Risk,18-24,Female,London,Bronze,True
CUST01766,22,5,805.1800000000001,4,2,3,423,3.0,Loyal,18-24,Male,North East,Bronze,False
CUST01767,34,10,259.79,4,4,1,441,3.0,Loyal,25-34,Male,North East,Gold,True
CUST01768,12,4,528.38,4,1,3,413,2.67,New Customer,55-64,Female,London,Silver,True
CUST01769,34,8,669.2,4,4,3,443,3.67,Champion,55-64,Male,West Midlands,Bronze,True
CUST01770,140,6,588.64,2,3,3,233,2.67,At Risk,35-44,Prefer not to say,South East,Silver,True
CUST01771,411,5,177.93,1,2,1,121,1.33,Lost,25-34,Male,East of England,Silver,True
CUST01772,5,8,659.9,4,4,3,443,3.67,Champion,18-24,Female,London,Silver,True
CUST01773,98,3,737.39,3,1,3,313,2.33,New Customer,65+,Female,South West,Bronze,False
CUST01774,36,5,215.35000000000002,4,2,1,421,2.33,Loyal,35-44,Male,South West,Bronze,True
CUST01775,258,3,56.05,2,1,1,211,1.33,Needs Attention,25-34,Female,East of England,Platinum,True
CUST01776,375,6,1304.43,1,3,4,134,2.67,Lost,65+,Female,Scotland,Gold,True
CUST01777,95,4,183.64999999999998,3,1,1,311,1.67,New Customer,45-54,Male,East of England,Platinum,True
CUST01778,96,9,1167.73,3,4,4,344,3.67,Champion,35-44,Male,Yorkshire,Bronze,True
CUST01779,26,4,1067.99,4,1,4,414,3.0,New Customer,35-44,Male,London,Gold,True
CUST01780,125,7,870.98,3,3,3,333,3.0,Champion,55-64,Prefer not to say,West Midlands,Silver,True
CUST01781,29,2,267.70000000000005,4,1,1,411,2.0,New Customer,65+,Prefer not to say,East Midlands,Silver,True
CUST01782,29,5,799.5,4,2,3,423,3.0,Loyal,55-64,Prefer not to say,Scotland,Bronze,False
CUST01783,144,6,3341.16,2,3,4,234,3.0,At Risk,55-64,Male,South West,Bronze,True
CUST01784,207,3,187.67000000000002,2,1,1,211,1.33,Needs Attention,35-44,Male,East of England,Bronze,True
CUST01785,342,7,445.91999999999996,1,3,2,132,2.0,Lost,18-24,Female,East of England,Gold,True
CUST01786,156,5,995.6899999999999,2,2,4,224,2.67,At Risk,45-54,Prefer not to say,London,Silver,True
CUST01787,128,8,1029.3,3,4,4,344,3.67,Champion,55-64,Prefer not to say,South East,Silver,True
CUST01788,261,5,332.59000000000003,1,2,2,122,1.67,Lost,65+,Male,Scotland,Bronze,False
CUST01789,259,3,331.38,1,1,2,112,1.33,Lost,65+,Female,West Midlands,Bronze,True
CUST01790,12,5,115.41999999999999,4,2,1,421,2.33,Loyal,35-44,Female,Wales,Silver,True
CUST01791,384,4,284.62,1,1,2,112,1.33,Lost,25-34,Male,Yorkshire,Gold,False
CUST01792,164,6,558.39,2,3,3,233,2.67,At Risk,18-24,Prefer not to say,Yorkshire,Gold,True
CUST01793,3,6,709.67,4,3,3,433,3.33,Champion,35-44,Male,South East,Bronze,True
CUST01794,36,12,1624.22,4,4,4,444,4.0,Champion,18-24,Male,London,Bronze,True
CUST01795,53,9,965.07,4,4,4,444,4.0,Champion,35-44,Female,North West,Bronze,True
CUST01796,58,6,290.46,3,3,2,332,2.67,Loyal,65+,Male,North West,Platinum,True
CUST01797,467,6,723.29,1,3,3,133,2.33,Lost,65+,Female,London,Bronze,True
CUST01798,127,7,402.91999999999996,3,3,2,332,2.67,Loyal,65+,Female,West Midlands,Bronze,False
CUST01799,600,5,538.91,1,2,3,123,2.0,Lost,25-34,Male,East Midlands,Silver,True
CUST01800,347,4,664.38,1,1,3,113,1.67,Lost,18-24,Prefer not to say,North West,Gold,True
CUST01801,86,7,786.15,3,3,3,333,3.0,Champion,18-24,Male,London,Bronze,True
CUST01802,71,9,1181.79,3,4,4,344,3.67,Champion,35-44,Female,North West,Platinum,True
CUST01803,97,3,190.39,3,1,1,311,1.67,New Customer,18-24,Male,Wales,Bronze,False
CUST01804,23,4,433.33,4,1,2,412,2.33,New Customer,18-24,Male,Wales,Gold,False
CUST01805,1,4,496.17,4,1,2,412,2.33,New Customer,25-34,Male,South East,Gold,True
CUST01806,352,5,93.99000000000001,1,2,1,121,1.33,Lost,18-24,Female,Yorkshire,Bronze,True
CUST01807,154,7,375.16999999999996,2,3,2,232,2.33,At Risk,25-34,Male,London,Platinum,True
CUST01808,108,8,716.75,3,4,3,343,3.33,Champion,35-44,Female,East Midlands,Bronze,True
CUST01809,327,5,917.75,1,2,4,124,2.33,Lost,65+,Male,East of England,Silver,True
CUST01810,311,6,544.93,1,3,3,133,2.33,Lost,18-24,Prefer not to say,East of England,Bronze,True
CUST01811,470,6,348.41,1,3,2,132,2.0,Lost,25-34,Prefer not to say,West Midlands,Bronze,True
CUST01812,510,4,265.32,1,1,1,111,1.0,Lost,35-44,Male,West Midlands,Gold,True
CUST01813,20,7,1465.46,4,3,4,434,3.67,Champion,18-24,Female,East Midlands,Silver,True
CUST01814,125,10,1228.02,3,4,4,344,3.67,Champion,25-34,Prefer not to say,London,Platinum,True
CUST01815,92,4,364.51,3,1,2,312,2.0,New Customer,25-34,Female,Scotland,Silver,True
CUST01816,296,9,1258.47,1,4,4,144,3.0,Lost,18-24,Female,London,Bronze,False
CUST01817,322,4,586.3,1,1,3,113,1.67,Lost,65+,Prefer not to say,West Midlands,Bronze,False
CUST01818,63,5,346.94,3,2,2,322,2.33,Loyal,35-44,Male,North West,Gold,True
CUST01819,126,7,456.14,3,3,2,332,2.67,Loyal,35-44,Male,South West,Bronze,True
CUST01820,162,5,722.48,2,2,3,223,2.33,At Risk,45-54,Male,North East,Bronze,True
CUST01821,704,3,99.11,1,1,1,111,1.0,Lost,55-64,Male,East Midlands,Bronze,True
CUST01822,317,4,196.8,1,1,1,111,1.0,Lost,45-54,Female,London,Bronze,True
CUST01823,117,9,998.22,3,4,4,344,3.67,Champion,25-34,Prefer not to say,East of England,Platinum,True
CUST01824,13,8,1091.42,4,4,4,444,4.0,Champion,35-44,Prefer not to say,East of England,Bronze,True
CUST01825,163,2,57.150000000000006,2,1,1,211,1.33,Needs Attention,35-44,Female,North West,Gold,True
CUST01826,32,8,768.85,4,4,3,443,3.67,Champion,18-24,Female,Yorkshire,Gold,True
CUST01827,250,5,687.3000000000001,2,2,3,223,2.33,At Risk,25-34,Male,Yorkshire,Silver,True
CUST01828,200,6,718.68,2,3,3,233,2.67,At Risk,65+,Female,West Midlands,Platinum,True
CUST01829,565,4,2271.5099999999998,1,1,4,114,2.0,Lost,35-44,Male,North West,Bronze,True
CUST01830,752,2,266.96000000000004,1,1,1,111,1.0,Lost,55-64,Male,West Midlands,Bronze,True
CUST01831,15,8,1222.0,4,4,4,444,4.0,Champion,45-54,Female,East of England,Silver,True
CUST01832,216,4,465.29,2,1,2,212,1.67,Needs Attention,25-34,Prefer not to say,London,Bronze,True
CUST01833,123,6,604.25,3,3,3,333,3.0,Champion,35-44,Prefer not to say,East Midlands,Bronze,True
CUST01834,424,6,93.24,1,3,1,131,1.67,Lost,35-44,Prefer not to say,East of England,Silver,True
CUST01835,122,6,121.61,3,3,1,331,2.33,Loyal,65+,Prefer not to say,Yorkshire,Gold,True
CUST01836,32,12,3255.66,4,4,4,444,4.0,Champion,18-24,Male,East of England,Bronze,True
CUST01837,150,6,1351.25,2,3,4,234,3.0,At Risk,45-54,Prefer not to say,West Midlands,Bronze,False
CUST01838,438,3,318.33,1,1,2,112,1.33,Lost,25-34,Male,North West,Bronze,True
CUST01839,220,3,213.97,2,1,1,211,1.33,Needs Attention,25-34,Female,East of England,Silver,True
CUST01840,81,4,557.4000000000001,3,1,3,313,2.33,New Customer,35-44,Prefer not to say,Yorkshire,Gold,True
CUST01841,344,6,1001.8199999999999,1,3,4,134,2.67,Lost,45-54,Male,London,Bronze,True
CUST01842,450,2,151.21,1,1,1,111,1.0,Lost,25-34,Male,London,Bronze,True
CUST01843,140,5,100.27,2,2,1,221,1.67,At Risk,65+,Prefer not to say,Yorkshire,Gold,False
CUST01844,121,4,368.23,3,1,2,312,2.0,New Customer,45-54,Male,West Midlands,Gold,True
CUST01845,300,6,823.9399999999999,1,3,3,133,2.33,Lost,25-34,Female,South East,Gold,False
CUST01846,114,8,315.55,3,4,2,342,3.0,Loyal,18-24,Male,Yorkshire,Silver,True
CUST01847,162,11,1716.23,2,4,4,244,3.33,At Risk,55-64,Male,East of England,Bronze,True
CUST01848,123,6,331.94,3,3,2,332,2.67,Loyal,55-64,Prefer not to say,London,Silver,True
CUST01849,89,6,400.45,3,3,2,332,2.67,Loyal,18-24,Female,East of England,Gold,True
CUST01850,120,7,847.26,3,3,3,333,3.0,Champion,55-64,Female,London,Silver,True
CUST01851,154,9,3177.71,2,4,4,244,3.33,At Risk,65+,Female,Wales,Bronze,True
CUST01852,16,8,432.57,4,4,2,442,3.33,Loyal,65+,Male,London,Bronze,True
CUST01853,31,8,589.35,4,4,3,443,3.67,Champion,45-54,Prefer not to say,West Midlands,Bronze,True
CUST01854,24,5,846.97,4,2,3,423,3.0,Loyal,65+,Male,North West,Silver,True
CUST01855,65,9,398.51,3,4,2,342,3.0,Loyal,55-64,Male,East Midlands,Silver,True
CUST01856,176,4,323.86,2,1,2,212,1.67,Needs Attention,25-34,Female,East of England,Gold,True
CUST01857,13,4,108.13,4,1,1,411,2.0,New Customer,18-24,Male,East Midlands,Bronze,False
CUST01858,122,8,611.97,3,4,3,343,3.33,Champion,18-24,Female,Yorkshire,Bronze,True
CUST01859,117,8,857.22,3,4,3,343,3.33,Champion,45-54,Male,North West,Silver,True
CUST01860,362,4,97.97,1,1,1,111,1.0,Lost,25-34,Prefer not to say,South West,Bronze,True
CUST01861,36,3,147.32,4,1,1,411,2.0,New Customer,25-34,Female,East Midlands,Silver,True
CUST01862,223,4,93.81,2,1,1,211,1.33,Needs Attention,25-34,Male,London,Gold,False
CUST01863,58,3,167.65,3,1,1,311,1.67,New Customer,35-44,Prefer not to say,Yorkshire,Platinum,True
CUST01864,112,6,540.56,3,3,3,333,3.0,Champion,55-64,Male,South West,Gold,True
CUST01865,222,6,1420.77,2,3,4,234,3.0,At Risk,25-34,Prefer not to say,South West,Silver,True
CUST01866,328,10,1582.2599999999998,1,4,4,144,3.0,Lost,35-44,Male,London,Gold,True
CUST01867,339,5,172.29,1,2,1,121,1.33,Lost,18-24,Female,Scotland,Bronze,False
CUST01868,184,3,277.84,2,1,2,212,1.67,Needs Attention,65+,Female,London,Platinum,True
CUST01869,397,6,363.47,1,3,2,132,2.0,Lost,45-54,Male,Yorkshire,Bronze,True
CUST01870,302,5,167.68,1,2,1,121,1.33,Lost,45-54,Female,South East,Gold,True
CUST01871,270,6,402.05,1,3,2,132,2.0,Lost,65+,Male,South East,Silver,False
CUST01872,10,6,773.69,4,3,3,433,3.33,Champion,45-54,Prefer not to say,North West,Bronze,True
CUST01873,56,5,525.67,3,2,3,323,2.67,Loyal,25-34,Male,North East,Bronze,True
CUST01874,265,5,209.73000000000002,1,2,1,121,1.33,Lost,65+,Male,South West,Bronze,True
CUST01875,260,6,1886.63,1,3,4,134,2.67,Lost,55-64,Female,Yorkshire,Gold,True
CUST01876,96,9,469.49,3,4,2,342,3.0,Loyal,65+,Prefer not to say,London,Bronze,True
CUST01877,10,7,518.15,4,3,3,433,3.33,Champion,18-24,Prefer not to say,London,Bronze,True
CUST01878,31,8,1786.47,4,4,4,444,4.0,Champion,45-54,Prefer not to say,North West,Gold,True
CUST01879,27,9,2051.1299999999997,4,4,4,444,4.0,Champion,18-24,Prefer not to say,London,Gold,True
CUST01880,600,6,1779.2599999999998,1,3,4,134,2.67,Lost,65+,Female,South East,Silver,True
CUST01881,1064,1,19.76,1,1,1,111,1.0,Lost,18-24,Prefer not to say,West Midlands,Bronze,True
CUST01882,310,4,265.15,1,1,1,111,1.0,Lost,55-64,Male,North West,Gold,True
CUST01883,716,4,707.76,1,1,3,113,1.67,Lost,45-54,Prefer not to say,East of England,Gold,True
CUST01884,188,9,681.68,2,4,3,243,3.0,At Risk,65+,Male,Scotland,Silver,True
CUST01885,188,9,388.78999999999996,2,4,2,242,2.67,At Risk,35-44,Female,London,Bronze,True
CUST01886,110,7,1007.04,3,3,4,334,3.33,Champion,55-64,Prefer not to say,South West,Silver,True
CUST01887,209,4,160.75,2,1,1,211,1.33,Needs Attention,45-54,Female,South West,Platinum,True
CUST01888,265,7,1996.68,1,3,4,134,2.67,Lost,45-54,Male,Scotland,Platinum,True
CUST01889,127,8,289.71,3,4,2,342,3.0,Loyal,45-54,Prefer not to say,London,Gold,True
CUST01890,360,7,224.27,1,3,1,131,1.67,Lost,35-44,Prefer not to say,London,Platinum,True
CUST01891,82,5,224.86,3,2,1,321,2.0,Loyal,45-54,Prefer not to say,East Midlands,Bronze,True
CUST01892,113,7,1824.56,3,3,4,334,3.33,Champion,55-64,Prefer not to say,North East,Silver,True
CUST01893,85,9,1096.91,3,4,4,344,3.67,Champion,35-44,Prefer not to say,London,Silver,True
CUST01894,109,5,556.77,3,2,3,323,2.67,Loyal,45-54,Prefer not to say,North East,Silver,True
CUST01895,572,2,103.75999999999999,1,1,1,111,1.0,Lost,55-64,Prefer not to say,London,Bronze,True
CUST01896,98,15,4826.3099999999995,3,4,4,344,3.67,Champion,55-64,Female,Wales,Silver,True
CUST01897,409,4,80.1,1,1,1,111,1.0,Lost,65+,Female,Wales,Silver,True
CUST01898,35,5,159.42000000000002,4,2,1,421,2.33,Loyal,65+,Female,North West,Silver,True
CUST01899,314,3,95.87,1,1,1,111,1.0,Lost,55-64,Female,East Midlands,Silver,True
CUST01900,35,5,837.28,4,2,3,423,3.0,Loyal,18-24,Prefer not to say,North East,Silver,False
CUST01901,119,5,406.21000000000004,3,2,2,322,2.33,Loyal,25-34,Female,North West,Gold,True
CUST01902,85,7,754.36,3,3,3,333,3.0,Champion,55-64,Prefer not to say,London,Silver,True
CUST01903,554,2,193.89999999999998,1,1,1,111,1.0,Lost,18-24,Prefer not to say,South West,Silver,True
CUST01904,329,2,124.03,1,1,1,111,1.0,Lost,35-44,Prefer not to say,West Midlands,Gold,False
CUST01905,86,8,1043.25,3,4,4,344,3.67,Champion,35-44,Male,North East,Platinum,False
CUST01906,108,14,1199.46,3,4,4,344,3.67,Champion,18-24,Prefer not to say,North West,Gold,True
CUST01907,87,7,506.76,3,3,2,332,2.67,Loyal,65+,Female,London,Silver,True
CUST01908,86,4,385.03,3,1,2,312,2.0,New Customer,18-24,Prefer not to say,East of England,Bronze,True
CUST01909,63,2,74.31,3,1,1,311,1.67,New Customer,18-24,Female,North West,Gold,True
CUST01910,150,7,1327.6999999999998,2,3,4,234,3.0,At Risk,65+,Male,North West,Gold,True
CUST01911,355,7,436.83000000000004,1,3,2,132,2.0,Lost,65+,Prefer not to say,South West,Bronze,True
CUST01912,43,5,960.99,4,2,4,424,3.33,Loyal,55-64,Male,London,Silver,False
CUST01913,244,7,1013.29,2,3,4,234,3.0,At Risk,18-24,Female,East of England,Silver,True
CUST01914,3,6,652.58,4,3,3,433,3.33,Champion,18-24,Female,South West,Bronze,False
CUST01915,340,4,334.71000000000004,1,1,2,112,1.33,Lost,18-24,Prefer not to say,South East,Silver,True
CUST01916,197,4,249.64000000000001,2,1,1,211,1.33,Needs Attention,55-64,Female,South West,Bronze,False
CUST01917,63,7,598.23,3,3,3,333,3.0,Champion,65+,Male,East Midlands,Bronze,True
CUST01918,12,5,227.57,4,2,1,421,2.33,Loyal,18-24,Male,East Midlands,Platinum,True
CUST01919,184,8,1762.0,2,4,4,244,3.33,At Risk,55-64,Prefer not to say,East of England,Bronze,True
CUST01920,365,3,360.18,1,1,2,112,1.33,Lost,25-34,Female,South East,Platinum,True
CUST01921,338,3,587.25,1,1,3,113,1.67,Lost,55-64,Male,East of England,Bronze,True
CUST01922,236,5,105.27000000000001,2,2,1,221,1.67,At Risk,45-54,Male,London,Bronze,True
CUST01923,33,6,1905.3,4,3,4,434,3.67,Champion,18-24,Male,London,Bronze,True
CUST01924,62,3,188.89000000000001,3,1,1,311,1.67,New Customer,55-64,Female,London,Gold,True
CUST01925,32,6,1221.31,4,3,4,434,3.67,Champion,35-44,Female,Wales,Bronze,True
CUST01926,24,7,437.56,4,3,2,432,3.0,Loyal,45-54,Prefer not to say,London,Bronze,True
CUST01927,608,5,1116.97,1,2,4,124,2.33,Lost,18-24,Male,North West,Silver,False
CUST01928,77,5,386.69,3,2,2,322,2.33,Loyal,65+,Male,South East,Platinum,True
CUST01929,487,3,302.19,1,1,2,112,1.33,Lost,65+,Prefer not to say,East Midlands,Bronze,False
CUST01930,58,8,1292.14,3,4,4,344,3.67,Champion,55-64,Male,East Midlands,Platinum,True
CUST01931,76,5,416.03999999999996,3,2,2,322,2.33,Loyal,45-54,Prefer not to say,East Midlands,Silver,True
CUST01932,314,5,498.71,1,2,2,122,1.67,Lost,65+,Male,South West,Platinum,False
CUST01933,164,13,1426.95,2,4,4,244,3.33,At Risk,35-44,Male,South West,Bronze,True
CUST01934,80,9,962.29,3,4,4,344,3.67,Champion,65+,Male,London,Bronze,True
CUST01935,202,4,143.4,2,1,1,211,1.33,Needs Attention,65+,Female,South West,Bronze,True
CUST01936,261,6,429.06,1,3,2,132,2.0,Lost,55-64,Male,South East,Bronze,True
CUST01937,259,7,1002.2700000000001,1,3,4,134,2.67,Lost,45-54,Prefer not to say,East Midlands,Bronze,False
CUST01938,35,7,548.03,4,3,3,433,3.33,Champion,18-24,Prefer not to say,West Midlands,Bronze,False
CUST01939,537,4,173.96,1,1,1,111,1.0,Lost,65+,Male,South East,Silver,True
CUST01940,893,1,5.12,1,1,1,111,1.0,Lost,65+,Prefer not to say,East of England,Platinum,True
CUST01941,21,10,925.1,4,4,4,444,4.0,Champion,25-34,Male,North East,Bronze,True
CUST01942,89,8,906.71,3,4,4,344,3.67,Champion,55-64,Female,South East,Gold,True
CUST01943,155,7,231.97,2,3,1,231,2.0,At Risk,55-64,Prefer not to say,East of England,Silver,True
CUST01944,478,3,806.94,1,1,3,113,1.67,Lost,35-44,Prefer not to say,East Midlands,Silver,True
CUST01945,84,10,1321.92,3,4,4,344,3.67,Champion,45-54,Prefer not to say,London,Silver,True
CUST01946,86,5,173.08,3,2,1,321,2.0,Loyal,65+,Female,Yorkshire,Bronze,True
CUST01947,105,7,804.8199999999999,3,3,3,333,3.0,Champion,65+,Male,London,Gold,True
CUST01948,730,4,1088.03,1,1,4,114,2.0,Lost,35-44,Male,Scotland,Bronze,True
CUST01949,363,5,393.32,1,2,2,122,1.67,Lost,65+,Male,West Midlands,Bronze,True
CUST01950,345,3,82.7,1,1,1,111,1.0,Lost,55-64,Prefer not to say,Scotland,Bronze,True
CUST01951,377,6,1246.92,1,3,4,134,2.67,Lost,55-64,Female,Yorkshire,Platinum,False
CUST01952,660,2,394.96000000000004,1,1,2,112,1.33,Lost,55-64,Male,South West,Silver,True
CUST01953,137,7,432.32,2,3,2,232,2.33,At Risk,25-34,Prefer not to say,London,Silver,True
CUST01954,6,10,1748.1200000000001,4,4,4,444,4.0,Champion,45-54,Prefer not to say,South East,Silver,True
CUST01955,180,3,430.17,2,1,2,212,1.67,Needs Attention,18-24,Male,South East,Silver,False
CUST01956,262,6,821.1999999999999,1,3,3,133,2.33,Lost,25-34,Male,London,Gold,True
CUST01957,171,5,85.95,2,2,1,221,1.67,At Risk,35-44,Male,South West,Bronze,True
CUST01958,77,10,936.67,3,4,4,344,3.67,Champion,18-24,Male,Yorkshire,Bronze,True
CUST01959,173,8,354.19,2,4,2,242,2.67,At Risk,45-54,Female,North West,Bronze,False
CUST01960,12,5,687.75,4,2,3,423,3.0,Loyal,18-24,Male,Yorkshire,Bronze,True
CUST01961,103,6,317.84000000000003,3,3,2,332,2.67,Loyal,55-64,Prefer not to say,North West,Gold,True
CUST01962,49,7,1753.93,4,3,4,434,3.67,Champion,45-54,Male,North East,Platinum,True
CUST01963,792,2,16.43,1,1,1,111,1.0,Lost,55-64,Female,South East,Gold,True
CUST01964,116,3,108.27,3,1,1,311,1.67,New Customer,55-64,Prefer not to say,South East,Silver,True
CUST01965,188,4,754.9200000000001,2,1,3,213,2.0,Needs Attention,55-64,Male,South East,Silver,False
CUST01966,175,6,1014.5899999999999,2,3,4,234,3.0,At Risk,18-24,Male,Scotland,Bronze,True
CUST01967,91,5,999.38,3,2,4,324,3.0,Loyal,65+,Male,East Midlands,Gold,False
CUST01968,34,3,256.19,4,1,1,411,2.0,New Customer,35-44,Male,London,Bronze,True
CUST01969,97,6,611.83,3,3,3,333,3.0,Champion,65+,Male,South East,Bronze,True
CUST01970,191,4,497.34,2,1,2,212,1.67,Needs Attention,45-54,Prefer not to say,Wales,Bronze,False
CUST01971,356,3,518.63,1,1,3,113,1.67,Lost,65+,Female,London,Bronze,False
CUST01972,453,3,293.13,1,1,2,112,1.33,Lost,35-44,Male,Scotland,Bronze,True
CUST01973,118,7,414.91,3,3,2,332,2.67,Loyal,25-34,Male,London,Silver,True
CUST01974,40,7,923.98,4,3,4,434,3.67,Champion,45-54,Prefer not to say,London,Bronze,True
CUST01975,276,8,1428.8899999999999,1,4,4,144,3.0,Lost,65+,Prefer not to say,East of England,Bronze,True
CUST01976,50,6,433.9,4,3,2,432,3.0,Loyal,25-34,Male,North East,Silver,True
CUST01977,361,3,317.19,1,1,2,112,1.33,Lost,25-34,Female,London,Silver,True
CUST01978,67,9,1133.16,3,4,4,344,3.67,Champion,45-54,Prefer not to say,East Midlands,Silver,True
CUST01979,293,4,150.87,1,1,1,111,1.0,Lost,18-24,Prefer not to say,East of England,Bronze,True
CUST01980,108,4,205.14000000000001,3,1,1,311,1.67,New Customer,18-24,Female,London,Bronze,True
CUST01981,90,6,480.88,3,3,2,332,2.67,Loyal,35-44,Prefer not to say,North West,Bronze,True
CUST01982,83,8,1746.5,3,4,4,344,3.67,Champion,25-34,Female,West Midlands,Silver,True
CUST01983,224,4,560.1,2,1,3,213,2.0,Needs Attention,55-64,Female,South East,Bronze,True
CUST01984,107,5,527.22,3,2,3,323,2.67,Loyal,45-54,Female,South East,Bronze,True
CUST01985,60,2,160.36,3,1,1,311,1.67,New Customer,25-34,Female,East Midlands,Gold,True
CUST01986,4,6,1871.24,4,3,4,434,3.67,Champion,18-24,Male,London,Bronze,True
CUST01987,142,4,376.89,2,1,2,212,1.67,Needs Attention,45-54,Prefer not to say,North East,Bronze,True
CUST01988,88,11,1172.18,3,4,4,344,3.67,Champion,35-44,Female,Yorkshire,Silver,True
CUST01989,109,13,1080.82,3,4,4,344,3.67,Champion,35-44,Prefer not to say,East of England,Gold,True
CUST01990,190,8,937.8999999999999,2,4,4,244,3.33,At Risk,65+,Male,West Midlands,Silver,True
CUST01991,192,5,472.86,2,2,2,222,2.0,At Risk,65+,Prefer not to say,South West,Bronze,True
CUST01992,104,6,465.76,3,3,2,332,2.67,Loyal,45-54,Prefer not to say,London,Silver,True
CUST01993,51,9,1073.69,4,4,4,444,4.0,Champion,25-34,Prefer not to say,East Midlands,Gold,True
CUST01994,307,5,783.31,1,2,3,123,2.0,Lost,65+,Male,London,Bronze,True
CUST01995,87,3,292.45,3,1,2,312,2.0,New Customer,55-64,Male,North East,Silver,True
CUST01996,577,3,172.98000000000002,1,1,1,111,1.0,Lost,55-64,Male,London,Bronze,True
CUST01997,34,1,9.0,4,1,1,411,2.0,New Customer,18-24,Prefer not to say,Scotland,Platinum,True
CUST01998,376,9,1521.3799999999999,1,4,4,144,3.0,Lost,18-24,Prefer not to say,Yorkshire,Silver,True
CUST01999,64,8,464.6,3,4,2,342,3.0,Loyal,25-34,Male,London,Silver,True
CUST02000,203,6,694.89,2,3,3,233,2.67,At Risk,25-34,Prefer not to say,Yorkshire,Bronze,True
CUST02001,183,8,637.0,2,4,3,243,3.0,At Risk,25-34,Prefer not to say,London,Bronze,True
CUST02002,27,1,11.63,4,1,1,411,2.0,New Customer,25-34,Male,London,Bronze,True
CUST02003,168,9,1516.52,2,4,4,244,3.33,At Risk,55-64,Prefer not to say,South East,Bronze,True
CUST02004,30,7,145.58,4,3,1,431,2.67,Loyal,35-44,Prefer not to say,South West,Gold,True
CUST02005,10,7,749.9000000000001,4,3,3,433,3.33,Champion,65+,Prefer not to say,East of England,Bronze,True
CUST02006,521,1,11.14,1,1,1,111,1.0,Lost,35-44,Male,South West,Bronze,True
CUST02007,35,6,468.46999999999997,4,3,2,432,3.0,Loyal,25-34,Male,South East,Bronze,True
CUST02008,206,7,793.8000000000001,2,3,3,233,2.67,At Risk,18-24,Female,West Midlands,Silver,True
CUST02009,148,10,1120.95,2,4,4,244,3.33,At Risk,65+,Prefer not to say,Scotland,Bronze,True
CUST02010,192,4,531.98,2,1,3,213,2.0,Needs Attention,55-64,Prefer not to say,Scotland,Bronze,True
CUST02011,36,5,183.71,4,2,1,421,2.33,Loyal,25-34,Prefer not to say,Yorkshire,Bronze,True
CUST02012,62,7,872.95,3,3,4,334,3.33,Champion,45-54,Prefer not to say,North East,Silver,True
CUST02013,25,4,135.9,4,1,1,411,2.0,New Customer,35-44,Female,East Midlands,Gold,True
CUST02014,41,7,940.9799999999999,4,3,4,434,3.67,Champion,35-44,Female,North West,Bronze,True
CUST02015,155,5,311.34000000000003,2,2,2,222,2.0,At Risk,55-64,Male,Yorkshire,Gold,True
CUST02016,349,7,614.4300000000001,1,3,3,133,2.33,Lost,18-24,Female,South West,Gold,True
CUST02017,3,10,1382.19,4,4,4,444,4.0,Champion,55-64,Male,North West,Silver,True
CUST02018,564,4,810.3299999999999,1,1,3,113,1.67,Lost,35-44,Prefer not to say,London,Bronze,True
CUST02019,222,6,1291.43,2,3,4,234,3.0,At Risk,45-54,Prefer not to say,South East,Bronze,True
CUST02020,54,4,858.5999999999999,3,1,3,313,2.33,New Customer,45-54,Female,London,Bronze,True
CUST02021,183,7,535.04,2,3,3,233,2.67,At Risk,25-34,Female,East of England,Silver,True
CUST02022,752,3,51.120000000000005,1,1,1,111,1.0,Lost,45-54,Male,London,Silver,True
CUST02023,50,5,797.3299999999999,4,2,3,423,3.0,Loyal,25-34,Female,Scotland,Gold,True
CUST02024,169,6,269.71999999999997,2,3,1,231,2.0,At Risk,55-64,Male,East of England,Gold,True
CUST02025,123,11,642.61,3,4,3,343,3.33,Champion,45-54,Female,London,Platinum,True
CUST02026,134,6,860.1899999999999,2,3,3,233,2.67,At Risk,45-54,Prefer not to say,East of England,Silver,True
CUST02027,16,8,650.2,4,4,3,443,3.67,Champion,55-64,Prefer not to say,London,Silver,True
CUST02028,11,7,653.0600000000001,4,3,3,433,3.33,Champion,35-44,Male,London,Silver,True
CUST02029,79,8,842.3,3,4,3,343,3.33,Champion,55-64,Prefer not to say,Wales,Silver,True
CUST02030,68,8,1418.5,3,4,4,344,3.67,Champion,45-54,Female,East Midlands,Silver,True
CUST02031,339,8,646.72,1,4,3,143,2.67,Lost,25-34,Female,South East,Bronze,True
CUST02032,221,5,1149.88,2,2,4,224,2.67,At Risk,35-44,Female,London,Silver,True
CUST02033,75,4,488.28,3,1,2,312,2.0,New Customer,18-24,Prefer not to say,North West,Bronze,False
CUST02034,202,7,296.89,2,3,2,232,2.33,At Risk,25-34,Female,London,Silver,True
CUST02035,190,4,363.87,2,1,2,212,1.67,Needs Attention,65+,Prefer not to say,West Midlands,Silver,True
CUST02036,298,4,1219.15,1,1,4,114,2.0,Lost,35-44,Prefer not to say,Yorkshire,Silver,False
CUST02037,63,7,1539.95,3,3,4,334,3.33,Champion,18-24,Prefer not to say,North West,Silver,False
CUST02038,34,8,723.01,4,4,3,443,3.67,Champion,55-64,Female,North East,Bronze,True
CUST02039,114,6,101.39,3,3,1,331,2.33,Loyal,55-64,Prefer not to say,Yorkshire,Bronze,False
CUST02040,13,10,733.28,4,4,3,443,3.67,Champion,55-64,Male,London,Bronze,True
CUST02041,381,3,122.38999999999999,1,1,1,111,1.0,Lost,25-34,Male,South West,Bronze,True
CUST02042,90,10,935.86,3,4,4,344,3.67,Champion,55-64,Female,West Midlands,Silver,True
CUST02043,151,6,245.07999999999998,2,3,1,231,2.0,At Risk,65+,Female,East Midlands,Platinum,True
CUST02044,254,4,586.8199999999999,2,1,3,213,2.0,Needs Attention,55-64,Female,South East,Bronze,True
CUST02045,120,2,469.67,3,1,2,312,2.0,New Customer,45-54,Male,East of England,Silver,True
CUST02046,11,5,2359.02,4,2,4,424,3.33,Loyal,65+,Female,South East,Gold,True
CUST02047,7,10,1340.0,4,4,4,444,4.0,Champion,35-44,Prefer not to say,London,Silver,True
CUST02048,635,3,84.89,1,1,1,111,1.0,Lost,55-64,Male,Yorkshire,Platinum,True
CUST02049,86,4,201.44,3,1,1,311,1.67,New Customer,18-24,Female,London,Silver,True
CUST02050,412,4,228.3,1,1,1,111,1.0,Lost,65+,Female,South East,Silver,True
CUST02051,143,8,934.3599999999999,2,4,4,244,3.33,At Risk,55-64,Female,East of England,Silver,False
CUST02052,165,12,2013.01,2,4,4,244,3.33,At Risk,45-54,Male,Wales,Gold,True
CUST02053,146,4,981.91,2,1,4,214,2.33,Needs Attention,55-64,Male,London,Bronze,True
CUST02054,205,5,362.5,2,2,2,222,2.0,At Risk,65+,Prefer not to say,West Midlands,Bronze,True
CUST02055,12,6,88.62,4,3,1,431,2.67,Loyal,45-54,Prefer not to say,South West,Bronze,False
CUST02056,62,5,1048.99,3,2,4,324,3.0,Loyal,55-64,Prefer not to say,London,Bronze,False
CUST02057,3,7,224.95,4,3,1,431,2.67,Loyal,45-54,Male,South East,Silver,True
CUST02058,44,4,548.19,4,1,3,413,2.67,New Customer,35-44,Male,North West,Bronze,True
CUST02059,130,6,644.97,3,3,3,333,3.0,Champion,55-64,Male,Yorkshire,Silver,True
CUST02060,303,8,511.58,1,4,3,143,2.67,Lost,45-54,Prefer not to say,London,Bronze,True
CUST02061,9,7,314.65999999999997,4,3,2,432,3.0,Loyal,35-44,Prefer not to say,London,Bronze,False
CUST02062,159,11,1221.21,2,4,4,244,3.33,At Risk,65+,Prefer not to say,South West,Silver,True
CUST02063,65,7,1009.1,3,3,4,334,3.33,Champion,65+,Male,South East,Silver,True
CUST02064,103,4,299.68,3,1,2,312,2.0,New Customer,55-64,Male,Yorkshire,Silver,False
CUST02065,137,5,340.11,2,2,2,222,2.0,At Risk,25-34,Prefer not to say,Scotland,Gold,True
CUST02066,199,5,180.11,2,2,1,221,1.67,At Risk,45-54,Prefer not to say,Yorkshire,Bronze,True
CUST02067,69,2,263.16,3,1,1,311,1.67,New Customer,65+,Prefer not to say,London,Silver,True
CUST02068,52,4,799.27,4,1,3,413,2.67,New Customer,45-54,Male,London,Silver,True
CUST02069,10,4,870.75,4,1,3,413,2.67,New Customer,18-24,Female,Scotland,Platinum,True
CUST02070,203,6,225.96,2,3,1,231,2.0,At Risk,45-54,Female,London,Gold,True
CUST02071,32,10,375.76,4,4,2,442,3.33,Loyal,45-54,Female,East of England,Bronze,True
CUST02072,159,7,432.84,2,3,2,232,2.33,At Risk,25-34,Male,North West,Gold,True
CUST02073,12,12,928.06,4,4,4,444,4.0,Champion,45-54,Female,North West,Gold,True
CUST02074,131,4,875.79,2,1,4,214,2.33,Needs Attention,18-24,Female,West Midlands,Silver,True
CUST02075,61,12,1305.28,3,4,4,344,3.67,Champion,25-34,Male,London,Bronze,False
CUST02076,450,7,372.86,1,3,2,132,2.0,Lost,45-54,Prefer not to say,West Midlands,Bronze,True
CUST02077,41,3,66.42,4,1,1,411,2.0,New Customer,18-24,Male,London,Bronze,True
CUST02078,279,4,59.42999999999999,1,1,1,111,1.0,Lost,18-24,Male,Yorkshire,Platinum,True
CUST02079,741,1,7.02,1,1,1,111,1.0,Lost,65+,Female,Wales,Bronze,True
CUST02080,219,6,359.09,2,3,2,232,2.33,At Risk,18-24,Female,South West,Platinum,True
CUST02081,39,6,879.61,4,3,4,434,3.67,Champion,18-24,Male,Yorkshire,Gold,True
CUST02082,324,7,445.85,1,3,2,132,2.0,Lost,35-44,Male,South West,Silver,False
CUST02083,16,8,1750.51,4,4,4,444,4.0,Champion,55-64,Female,Wales,Silver,False
CUST02084,587,5,596.37,1,2,3,123,2.0,Lost,25-34,Male,West Midlands,Silver,True
CUST02085,3,4,477.32,4,1,2,412,2.33,New Customer,35-44,Male,London,Platinum,True
CUST02086,601,3,104.21000000000001,1,1,1,111,1.0,Lost,35-44,Prefer not to say,London,Bronze,True
CUST02087,527,2,73.63,1,1,1,111,1.0,Lost,35-44,Prefer not to say,West Midlands,Silver,True
CUST02088,107,6,580.81,3,3,3,333,3.0,Champion,45-54,Female,Yorkshire,Bronze,True
CUST02089,156,3,217.44,2,1,1,211,1.33,Needs Attention,25-34,Male,London,Gold,True
CUST02090,26,8,1450.48,4,4,4,444,4.0,Champion,35-44,Prefer not to say,London,Silver,True
CUST02091,155,5,489.02,2,2,2,222,2.0,At Risk,35-44,Female,Yorkshire,Bronze,True
CUST02092,16,6,941.5699999999999,4,3,4,434,3.67,Champion,65+,Prefer not to say,East of England,Bronze,True
CUST02093,130,3,210.75,3,1,1,311,1.67,New Customer,18-24,Prefer not to say,North West,Silver,True
CUST02094,296,4,1578.8200000000002,1,1,4,114,2.0,Lost,55-64,Female,East of England,Bronze,True
CUST02095,108,5,1007.49,3,2,4,324,3.0,Loyal,35-44,Prefer not to say,Scotland,Bronze,True
CUST02096,11,11,2484.67,4,4,4,444,4.0,Champion,65+,Male,East of England,Silver,True
CUST02097,69,4,245.06,3,1,1,311,1.67,New Customer,65+,Prefer not to say,West Midlands,Gold,True
CUST02098,306,5,1068.01,1,2,4,124,2.33,Lost,55-64,Female,Scotland,Silver,False
CUST02099,45,9,509.49,4,4,3,443,3.67,Champion,55-64,Prefer not to say,East of England,Bronze,True
CUST02100,247,5,603.03,2,2,3,223,2.33,At Risk,45-54,Male,South East,Bronze,True
CUST02101,34,7,188.72,4,3,1,431,2.67,Loyal,65+,Prefer not to say,East Midlands,Platinum,True
CUST02102,204,8,600.9300000000001,2,4,3,243,3.0,At Risk,55-64,Female,London,Bronze,True
CUST02103,11,7,601.98,4,3,3,433,3.33,Champion,45-54,Male,Scotland,Silver,True
CUST02104,17,3,597.53,4,1,3,413,2.67,New Customer,25-34,Male,London,Gold,True
CUST02105,16,7,814.06,4,3,3,433,3.33,Champion,18-24,Prefer not to say,East of England,Silver,True
CUST02106,3,15,1812.04,4,4,4,444,4.0,Champion,18-24,Male,East Midlands,Gold,True
CUST02107,303,5,455.65999999999997,1,2,2,122,1.67,Lost,18-24,Prefer not to say,South East,Silver,True
CUST02108,86,4,1648.27,3,1,4,314,2.67,New Customer,45-54,Female,South West,Gold,True
CUST02109,72,6,874.6999999999999,3,3,4,334,3.33,Champion,65+,Male,London,Bronze,True
CUST02110,237,3,153.34,2,1,1,211,1.33,Needs Attention,18-24,Female,North West,Bronze,False
CUST02111,1,9,367.59000000000003,4,4,2,442,3.33,Loyal,18-24,Female,London,Silver,True
CUST02112,426,5,389.47999999999996,1,2,2,122,1.67,Lost,35-44,Male,London,Gold,False
CUST02113,34,6,827.5,4,3,3,433,3.33,Champion,65+,Male,Wales,Bronze,True
CUST02114,483,4,334.18,1,1,2,112,1.33,Lost,55-64,Female,London,Silver,True
CUST02115,41,5,1487.0900000000001,4,2,4,424,3.33,Loyal,45-54,Prefer not to say,London,Silver,True
CUST02116,78,6,305.88,3,3,2,332,2.67,Loyal,45-54,Prefer not to say,East of England,Bronze,True
CUST02117,70,5,1178.83,3,2,4,324,3.0,Loyal,55-64,Prefer not to say,West Midlands,Silver,True
CUST02118,792,1,98.87,1,1,1,111,1.0,Lost,35-44,Female,North West,Silver,True
CUST02119,50,3,723.8399999999999,4,1,3,413,2.67,New Customer,18-24,Male,London,Gold,True
CUST02120,69,8,457.13,3,4,2,342,3.0,Loyal,18-24,Female,Wales,Silver,True
CUST02121,314,2,48.58,1,1,1,111,1.0,Lost,18-24,Female,South East,Silver,True
CUST02122,647,2,130.65,1,1,1,111,1.0,Lost,65+,Prefer not to say,London,Bronze,True
CUST02123,175,4,625.82,2,1,3,213,2.0,Needs Attention,18-24,Prefer not to say,Yorkshire,Bronze,True
CUST02124,15,4,295.90999999999997,4,1,2,412,2.33,New Customer,55-64,Female,South East,Silver,True
CUST02125,193,3,423.27,2,1,2,212,1.67,Needs Attention,35-44,Male,London,Silver,True
CUST02126,112,6,469.66999999999996,3,3,2,332,2.67,Loyal,45-54,Prefer not to say,London,Gold,True
CUST02127,248,6,281.61,2,3,2,232,2.33,At Risk,18-24,Prefer not to say,East Midlands,Platinum,True
CUST02128,7,8,580.06,4,4,3,443,3.67,Champion,45-54,Female,Scotland,Silver,False
CUST02129,75,5,355.84000000000003,3,2,2,322,2.33,Loyal,55-64,Male,North East,Silver,True
CUST02130,475,5,451.04999999999995,1,2,2,122,1.67,Lost,25-34,Prefer not to say,South East,Silver,True
CUST02131,138,13,1125.19,2,4,4,244,3.33,At Risk,55-64,Female,London,Bronze,False
CUST02132,203,5,1171.99,2,2,4,224,2.67,At Risk,18-24,Prefer not to say,South West,Bronze,False
CUST02133,252,4,457.58,2,1,2,212,1.67,Needs Attention,35-44,Male,South West,Silver,True
CUST02134,502,5,234.66,1,2,1,121,1.33,Lost,55-64,Male,London,Bronze,True
CUST02135,123,11,1768.3000000000002,3,4,4,344,3.67,Champion,18-24,Female,South East,Silver,False
CUST02136,71,2,61.61,3,1,1,311,1.67,New Customer,65+,Female,South East,Silver,True
CUST02137,621,2,136.42,1,1,1,111,1.0,Lost,35-44,Male,East Midlands,Bronze,True
CUST02138,105,8,498.71,3,4,2,342,3.0,Loyal,45-54,Male,North West,Gold,True
CUST02139,176,7,370.0,2,3,2,232,2.33,At Risk,35-44,Female,London,Bronze,True
CUST02140,126,9,1331.38,3,4,4,344,3.67,Champion,35-44,Male,Wales,Gold,True
CUST02141,114,8,887.49,3,4,4,344,3.67,Champion,25-34,Female,East of England,Bronze,False
CUST02142,80,5,777.4399999999999,3,2,3,323,2.67,Loyal,45-54,Male,East Midlands,Bronze,False
CUST02143,224,6,866.15,2,3,3,233,2.67,At Risk,25-34,Female,North West,Bronze,True
CUST02144,459,6,739.49,1,3,3,133,2.33,Lost,35-44,Male,South West,Bronze,True
CUST02145,117,4,172.31,3,1,1,311,1.67,New Customer,55-64,Female,South East,Bronze,True
CUST02146,118,4,379.48,3,1,2,312,2.0,New Customer,55-64,Male,East Midlands,Bronze,True
CUST02147,300,6,934.11,1,3,4,134,2.67,Lost,65+,Prefer not to say,London,Bronze,False
CUST02148,103,5,223.19,3,2,1,321,2.0,Loyal,55-64,Prefer not to say,London,Bronze,True
CUST02149,80,4,474.73,3,1,2,312,2.0,New Customer,65+,Prefer not to say,London,Silver,True
CUST02150,265,3,59.269999999999996,1,1,1,111,1.0,Lost,35-44,Prefer not to say,Scotland,Silver,False
CUST02151,632,5,104.02000000000001,1,2,1,121,1.33,Lost,45-54,Female,North West,Gold,False
CUST02152,132,8,266.34,2,4,1,241,2.33,At Risk,45-54,Prefer not to say,North East,Bronze,True
CUST02153,136,2,332.58000000000004,2,1,2,212,1.67,Needs Attention,65+,Prefer not to say,West Midlands,Bronze,True
CUST02154,173,7,409.35,2,3,2,232,2.33,At Risk,18-24,Female,Yorkshire,Gold,True
CUST02155,75,9,370.76,3,4,2,342,3.0,Loyal,65+,Male,North East,Silver,True
CUST02156,93,5,549.7,3,2,3,323,2.67,Loyal,35-44,Prefer not to say,London,Silver,True
CUST02157,12,5,882.88,4,2,4,424,3.33,Loyal,25-34,Female,London,Silver,True
CUST02158,89,4,325.37,3,1,2,312,2.0,New Customer,25-34,Prefer not to say,South East,Silver,False
CUST02159,14,12,633.62,4,4,3,443,3.67,Champion,35-44,Prefer not to say,East Midlands,Bronze,True
CUST02160,94,6,590.3100000000001,3,3,3,333,3.0,Champion,45-54,Prefer not to say,Scotland,Bronze,True
CUST02161,115,8,539.14,3,4,3,343,3.33,Champion,55-64,Female,Yorkshire,Silver,True
CUST02162,59,7,189.07999999999998,3,3,1,331,2.33,Loyal,65+,Prefer not to say,London,Gold,True
CUST02163,932,1,60.42,1,1,1,111,1.0,Lost,55-64,Prefer not to say,Scotland,Bronze,True
CUST02164,440,5,314.96,1,2,2,122,1.67,Lost,45-54,Male,South East,Bronze,True
CUST02165,113,5,1020.0500000000001,3,2,4,324,3.0,Loyal,45-54,Male,Wales,Bronze,False
CUST02166,160,3,508.41999999999996,2,1,2,212,1.67,Needs Attention,45-54,Prefer not to say,South East,Silver,True
CUST02167,28,8,557.09,4,4,3,443,3.67,Champion,25-34,Female,South East,Bronze,True
CUST02168,96,9,643.36,3,4,3,343,3.33,Champion,65+,Male,South East,Bronze,True
CUST02170,55,3,516.66,3,1,3,313,2.33,New Customer,45-54,Female,Yorkshire,Platinum,True
CUST02171,89,9,1410.64,3,4,4,344,3.67,Champion,25-34,Prefer not to say,Yorkshire,Gold,True
CUST02172,35,7,671.3199999999999,4,3,3,433,3.33,Champion,45-54,Prefer not to say,North West,Bronze,False
CUST02173,432,6,547.1800000000001,1,3,3,133,2.33,Lost,35-44,Prefer not to say,London,Bronze,False
CUST02174,216,5,684.7900000000001,2,2,3,223,2.33,At Risk,45-54,Male,London,Bronze,True
CUST02175,89,6,492.15999999999997,3,3,2,332,2.67,Loyal,25-34,Female,Yorkshire,Bronze,True
CUST02176,88,7,2351.2000000000003,3,3,4,334,3.33,Champion,65+,Male,West Midlands,Silver,True
CUST02177,41,2,276.72,4,1,2,412,2.33,New Customer,55-64,Female,South East,Silver,True
CUST02178,15,4,167.14,4,1,1,411,2.0,New Customer,65+,Prefer not to say,London,Silver,True
CUST02179,96,5,278.05,3,2,2,322,2.33,Loyal,45-54,Prefer not to say,Yorkshire,Silver,True
CUST02180,472,2,79.83,1,1,1,111,1.0,Lost,25-34,Prefer not to say,South East,Platinum,False
CUST02181,19,6,473.44,4,3,2,432,3.0,Loyal,25-34,Prefer not to say,Yorkshire,Bronze,True
CUST02182,180,7,463.92999999999995,2,3,2,232,2.33,At Risk,65+,Male,London,Platinum,True
CUST02183,54,4,920.8600000000001,3,1,4,314,2.67,New Customer,35-44,Prefer not to say,London,Bronze,True
CUST02184,113,7,1339.82,3,3,4,334,3.33,Champion,65+,Male,Yorkshire,Silver,True
CUST02185,275,4,820.36,1,1,3,113,1.67,Lost,65+,Prefer not to say,London,Gold,True
CUST02186,432,3,102.19,1,1,1,111,1.0,Lost,65+,Male,South East,Silver,False
CUST02187,136,4,475.98999999999995,2,1,2,212,1.67,Needs Attention,45-54,Female,North East,Bronze,True
CUST02188,48,10,817.23,4,4,3,443,3.67,Champion,65+,Prefer not to say,South East,Gold,True
CUST02189,386,2,939.35,1,1,4,114,2.0,Lost,25-34,Male,West Midlands,Silver,True
CUST02190,122,7,750.52,3,3,3,333,3.0,Champion,35-44,Female,North West,Bronze,True
CUST02191,546,3,90.9,1,1,1,111,1.0,Lost,18-24,Female,South East,Platinum,True
CUST02192,222,2,53.03,2,1,1,211,1.33,Needs Attention,25-34,Prefer not to say,London,Gold,True
CUST02193,364,5,826.94,1,2,3,123,2.0,Lost,45-54,Prefer not to say,North East,Platinum,False
CUST02194,336,4,1897.3400000000001,1,1,4,114,2.0,Lost,45-54,Male,Yorkshire,Gold,True
CUST02195,48,8,337.52,4,4,2,442,3.33,Loyal,35-44,Male,South East,Bronze,True
CUST02196,20,4,131.17,4,1,1,411,2.0,New Customer,45-54,Male,West Midlands,Silver,True
CUST02197,39,4,91.65,4,1,1,411,2.0,New Customer,18-24,Female,West Midlands,Bronze,True
CUST02198,160,5,1042.51,2,2,4,224,2.67,At Risk,25-34,Female,North East,Bronze,False
CUST02199,352,2,31.49,1,1,1,111,1.0,Lost,65+,Male,North East,Silver,True
CUST02200,192,4,286.91999999999996,2,1,2,212,1.67,Needs Attention,55-64,Prefer not to say,East of England,Platinum,True
CUST02201,105,8,487.46999999999997,3,4,2,342,3.0,Loyal,65+,Female,North East,Silver,True
CUST02202,17,6,362.33000000000004,4,3,2,432,3.0,Loyal,25-34,Prefer not to say,Scotland,Platinum,False
CUST02203,263,8,1933.15,1,4,4,144,3.0,Lost,35-44,Prefer not to say,South East,Bronze,False
CUST02204,59,5,1755.83,3,2,4,324,3.0,Loyal,18-24,Prefer not to say,North West,Gold,True
CUST02205,40,4,330.38,4,1,2,412,2.33,New Customer,45-54,Prefer not to say,South West,Silver,True
CUST02206,826,2,72.28999999999999,1,1,1,111,1.0,Lost,55-64,Prefer not to say,North East,Gold,True
CUST02207,219,6,466.79999999999995,2,3,2,232,2.33,At Risk,35-44,Male,South West,Silver,True
CUST02208,545,2,51.69,1,1,1,111,1.0,Lost,45-54,Male,North East,Bronze,True
CUST02209,193,6,303.74,2,3,2,232,2.33,At Risk,55-64,Female,Scotland,Platinum,True
CUST02210,416,6,371.92,1,3,2,132,2.0,Lost,45-54,Prefer not to say,London,Gold,True
CUST02211,29,4,818.52,4,1,3,413,2.67,New Customer,25-34,Male,North West,Bronze,False
CUST02212,389,7,1455.19,1,3,4,134,2.67,Lost,35-44,Prefer not to say,East Midlands,Bronze,True
CUST02213,192,11,426.46000000000004,2,4,2,242,2.67,At Risk,65+,Female,West Midlands,Silver,True
CUST02214,236,4,84.98,2,1,1,211,1.33,Needs Attention,35-44,Female,North East,Bronze,True
CUST02215,48,7,915.85,4,3,4,434,3.67,Champion,25-34,Male,Scotland,Silver,True
CUST02216,19,12,765.3100000000001,4,4,3,443,3.67,Champion,55-64,Female,North East,Bronze,True
CUST02217,68,8,1549.07,3,4,4,344,3.67,Champion,55-64,Female,South East,Bronze,True
CUST02218,326,3,1018.54,1,1,4,114,2.0,Lost,35-44,Female,North West,Silver,True
CUST02219,138,11,823.06,2,4,3,243,3.0,At Risk,65+,Prefer not to say,London,Silver,False
CUST02220,140,3,100.72999999999999,2,1,1,211,1.33,Needs Attention,45-54,Female,East of England,Silver,True
CUST02221,637,5,1332.9,1,2,4,124,2.33,Lost,45-54,Male,London,Gold,False
CUST02222,14,5,908.8299999999999,4,2,4,424,3.33,Loyal,45-54,Prefer not to say,London,Gold,True
CUST02223,41,8,634.25,4,4,3,443,3.67,Champion,18-24,Male,East of England,Silver,True
CUST02224,86,6,799.33,3,3,3,333,3.0,Champion,65+,Male,London,Bronze,True
CUST02225,112,9,1513.42,3,4,4,344,3.67,Champion,45-54,Prefer not to say,North West,Silver,False
CUST02226,274,5,1069.35,1,2,4,124,2.33,Lost,25-34,Female,West Midlands,Bronze,True
CUST02227,104,7,386.90999999999997,3,3,2,332,2.67,Loyal,55-64,Prefer not to say,London,Silver,True
CUST02228,15,6,505.5,4,3,2,432,3.0,Loyal,55-64,Female,North West,Gold,False
CUST02229,721,2,158.89,1,1,1,111,1.0,Lost,65+,Prefer not to say,Yorkshire,Bronze,False
CUST02230,401,5,556.68,1,2,3,123,2.0,Lost,35-44,Female,North West,Silver,True
CUST02231,434,8,611.69,1,4,3,143,2.67,Lost,45-54,Female,London,Bronze,True
CUST02232,68,6,1137.3700000000001,3,3,4,334,3.33,Champion,18-24,Prefer not to say,London,Silver,True
CUST02233,145,4,310.76,2,1,2,212,1.67,Needs Attention,45-54,Male,London,Silver,True
CUST02234,111,6,1123.6499999999999,3,3,4,334,3.33,Champion,65+,Male,Scotland,Silver,False
CUST02235,224,4,135.0,2,1,1,211,1.33,Needs Attention,45-54,Female,London,Bronze,True
CUST02236,392,5,240.65,1,2,1,121,1.33,Lost,25-34,Male,North East,Silver,True
CUST02237,224,3,68.89,2,1,1,211,1.33,Needs Attention,35-44,Prefer not to say,Wales,Gold,True
CUST02238,93,2,62.32,3,1,1,311,1.67,New Customer,65+,Female,South West,Bronze,True
CUST02239,137,5,558.4200000000001,2,2,3,223,2.33,At Risk,25-34,Prefer not to say,North West,Silver,True
CUST02240,100,6,744.38,3,3,3,333,3.0,Champion,35-44,Female,West Midlands,Silver,False
CUST02241,432,4,359.22,1,1,2,112,1.33,Lost,25-34,Prefer not to say,Scotland,Gold,True
CUST02242,616,3,112.0,1,1,1,111,1.0,Lost,45-54,Male,South West,Bronze,True
CUST02243,35,10,779.4399999999999,4,4,3,443,3.67,Champion,45-54,Male,South East,Bronze,True
CUST02244,141,3,870.68,2,1,3,213,2.0,Needs Attention,25-34,Prefer not to say,West Midlands,Bronze,False
CUST02245,16,6,726.6400000000001,4,3,3,433,3.33,Champion,55-64,Prefer not to say,South East,Bronze,True
CUST02246,129,6,690.63,3,3,3,333,3.0,Champion,55-64,Male,East Midlands,Silver,True
CUST02247,115,6,70.45,3,3,1,331,2.33,Loyal,18-24,Male,London,Bronze,True
CUST02248,519,6,656.7,1,3,3,133,2.33,Lost,25-34,Prefer not to say,West Midlands,Bronze,False
CUST02249,43,3,362.23,4,1,2,412,2.33,New Customer,55-64,Female,East of England,Silver,True
CUST02250,15,10,1108.45,4,4,4,444,4.0,Champion,18-24,Male,South West,Gold,True
CUST02251,128,5,435.9,3,2,2,322,2.33,Loyal,45-54,Prefer not to say,South West,Gold,False
CUST02252,32,6,430.46000000000004,4,3,2,432,3.0,Loyal,35-44,Male,North West,Platinum,True
CUST02253,196,7,422.81,2,3,2,232,2.33,At Risk,35-44,Female,London,Platinum,True
CUST02254,127,8,827.11,3,4,3,343,3.33,Champion,25-34,Male,East Midlands,Bronze,True
CUST02255,407,4,259.96000000000004,1,1,1,111,1.0,Lost,35-44,Prefer not to say,West Midlands,Gold,True
CUST02256,149,4,494.48,2,1,2,212,1.67,Needs Attention,25-34,Female,Scotland,Silver,True
CUST02257,158,6,448.40000000000003,2,3,2,232,2.33,At Risk,45-54,Female,East Midlands,Silver,False
CUST02258,135,3,295.38,2,1,2,212,1.67,Needs Attention,45-54,Female,South West,Platinum,False
CUST02259,109,6,633.42,3,3,3,333,3.0,Champion,25-34,Female,South East,Bronze,True
CUST02260,3,5,270.0,4,2,1,421,2.33,Loyal,55-64,Female,West Midlands,Platinum,True
CUST02261,25,7,482.77,4,3,2,432,3.0,Loyal,55-64,Prefer not to say,South West,Bronze,True
CUST02262,120,5,838.78,3,2,3,323,2.67,Loyal,25-34,Female,South East,Bronze,True
CUST02263,598,5,150.04,1,2,1,121,1.33,Lost,35-44,Male,Wales,Gold,False
CUST02264,781,4,568.69,1,1,3,113,1.67,Lost,35-44,Female,South West,Bronze,False
CUST02265,48,6,703.3,4,3,3,433,3.33,Champion,65+,Male,South East,Bronze,True
CUST02266,241,5,618.23,2,2,3,223,2.33,At Risk,55-64,Prefer not to say,East Midlands,Gold,False
CUST02267,165,7,235.17,2,3,1,231,2.0,At Risk,55-64,Female,South East,Silver,False
CUST02268,620,3,179.47,1,1,1,111,1.0,Lost,25-34,Male,London,Bronze,True
CUST02269,152,5,753.64,2,2,3,223,2.33,At Risk,55-64,Prefer not to say,North West,Silver,True
CUST02270,354,7,285.43,1,3,2,132,2.0,Lost,55-64,Female,London,Silver,False
CUST02271,198,7,2298.95,2,3,4,234,3.0,At Risk,35-44,Female,North East,Silver,True
CUST02272,217,5,253.06,2,2,1,221,1.67,At Risk,35-44,Female,North West,Bronze,True
CUST02273,81,4,103.86,3,1,1,311,1.67,New Customer,35-44,Prefer not to say,South West,Bronze,True
CUST02274,202,5,637.5999999999999,2,2,3,223,2.33,At Risk,18-24,Male,North East,Gold,True
CUST02275,182,3,143.48,2,1,1,211,1.33,Needs Attention,35-44,Female,North West,Silver,True
CUST02276,35,4,411.87,4,1,2,412,2.33,New Customer,18-24,Prefer not to say,Scotland,Platinum,False
CUST02277,233,4,134.09,2,1,1,211,1.33,Needs Attention,35-44,Prefer not to say,South East,Bronze,True
CUST02278,183,7,272.64,2,3,2,232,2.33,At Risk,18-24,Male,South East,Silver,True
CUST02279,3,9,567.96,4,4,3,443,3.67,Champion,25-34,Female,London,Silver,True
CUST02280,336,3,347.13,1,1,2,112,1.33,Lost,45-54,Female,London,Bronze,True
CUST02281,227,5,359.31,2,2,2,222,2.0,At Risk,55-64,Prefer not to say,West Midlands,Gold,True
CUST02282,537,2,194.27,1,1,1,111,1.0,Lost,55-64,Prefer not to say,South East,Silver,True
CUST02283,282,3,878.04,1,1,4,114,2.0,Lost,25-34,Prefer not to say,London,Silver,True
CUST02284,8,10,854.37,4,4,3,443,3.67,Champion,35-44,Male,Wales,Bronze,True
CUST02285,128,11,729.69,3,4,3,343,3.33,Champion,25-34,Male,North West,Silver,True
CUST02286,367,5,1091.11,1,2,4,124,2.33,Lost,35-44,Prefer not to say,North West,Gold,True
CUST02287,387,5,1398.49,1,2,4,124,2.33,Lost,18-24,Male,London,Bronze,True
CUST02288,192,5,217.26,2,2,1,221,1.67,At Risk,18-24,Male,London,Bronze,True
CUST02289,99,8,919.22,3,4,4,344,3.67,Champion,45-54,Female,Scotland,Bronze,True
CUST02290,470,4,445.72,1,1,2,112,1.33,Lost,25-34,Prefer not to say,London,Bronze,True
CUST02291,310,6,146.1,1,3,1,131,1.67,Lost,65+,Prefer not to say,East Midlands,Bronze,True
CUST02292,364,9,1476.43,1,4,4,144,3.0,Lost,65+,Male,London,Silver,True
CUST02293,53,7,638.57,4,3,3,433,3.33,Champion,45-54,Prefer not to say,London,Bronze,True
CUST02294,29,9,982.0100000000001,4,4,4,444,4.0,Champion,65+,Female,North East,Bronze,True
CUST02295,218,6,413.03,2,3,2,232,2.33,At Risk,35-44,Female,South West,Silver,False
CUST02296,116,8,467.56,3,4,2,342,3.0,Loyal,65+,Prefer not to say,South East,Gold,True
CUST02297,113,13,878.55,3,4,4,344,3.67,Champion,35-44,Prefer not to say,North West,Bronze,True
CUST02298,301,8,1384.71,1,4,4,144,3.0,Lost,45-54,Prefer not to say,South East,Bronze,False
CUST02299,29,7,955.52,4,3,4,434,3.67,Champion,45-54,Prefer not to say,Yorkshire,Bronze,True
CUST02300,19,6,267.03,4,3,1,431,2.67,Loyal,18-24,Prefer not to say,East of England,Silver,True
CUST02301,70,7,569.73,3,3,3,333,3.0,Champion,65+,Male,East of England,Bronze,True
CUST02302,303,6,524.07,1,3,3,133,2.33,Lost,35-44,Male,East Midlands,Silver,True
CUST02303,629,5,469.19,1,2,2,122,1.67,Lost,45-54,Male,London,Bronze,False
CUST02304,40,4,297.23,4,1,2,412,2.33,New Customer,25-34,Prefer not to say,East of England,Bronze,False
CUST02305,105,5,517.63,3,2,3,323,2.67,Loyal,45-54,Male,South West,Bronze,True
CUST02306,28,9,630.54,4,4,3,443,3.67,Champion,25-34,Prefer not to say,Yorkshire,Silver,True
CUST02307,130,8,337.93,3,4,2,342,3.0,Loyal,45-54,Male,South East,Gold,True
CUST02308,96,3,263.78000000000003,3,1,1,311,1.67,New Customer,35-44,Female,London,Bronze,True
CUST02309,7,5,217.26999999999998,4,2,1,421,2.33,Loyal,55-64,Female,London,Silver,True
CUST02310,7,7,763.28,4,3,3,433,3.33,Champion,45-54,Prefer not to say,West Midlands,Bronze,True
CUST02311,266,9,1629.79,1,4,4,144,3.0,Lost,45-54,Female,South East,Bronze,True
CUST02312,399,3,537.19,1,1,3,113,1.67,Lost,45-54,Female,East Midlands,Bronze,True
CUST02313,145,3,211.54999999999998,2,1,1,211,1.33,Needs Attention,55-64,Female,London,Bronze,True
CUST02314,120,12,682.84,3,4,3,343,3.33,Champion,65+,Prefer not to say,East Midlands,Bronze,True
CUST02315,706,2,10.84,1,1,1,111,1.0,Lost,25-34,Prefer not to say,Yorkshire,Silver,True
CUST02316,46,7,531.72,4,3,3,433,3.33,Champion,65+,Female,West Midlands,Bronze,True
CUST02317,4,7,1188.32,4,3,4,434,3.67,Champion,65+,Prefer not to say,Yorkshire,Bronze,True
CUST02318,473,3,228.91,1,1,1,111,1.0,Lost,18-24,Prefer not to say,London,Gold,False
CUST02319,390,4,826.94,1,1,3,113,1.67,Lost,65+,Female,East of England,Gold,True
CUST02320,105,5,474.66,3,2,2,322,2.33,Loyal,55-64,Female,East of England,Platinum,False
CUST02321,192,8,574.0999999999999,2,4,3,243,3.0,At Risk,35-44,Prefer not to say,East of England,Bronze,True
CUST02322,91,7,353.77,3,3,2,332,2.67,Loyal,45-54,Male,East Midlands,Silver,True
CUST02323,55,5,281.46000000000004,3,2,2,322,2.33,Loyal,35-44,Prefer not to say,South East,Silver,True
CUST02324,122,11,926.4100000000001,3,4,4,344,3.67,Champion,65+,Male,East Midlands,Silver,True
CUST02325,69,6,202.25,3,3,1,331,2.33,Loyal,65+,Female,North West,Bronze,True
CUST02326,231,3,74.48,2,1,1,211,1.33,Needs Attention,35-44,Male,West Midlands,Silver,True
CUST02327,243,2,20.5,2,1,1,211,1.33,Needs Attention,45-54,Prefer not to say,South West,Gold,True
CUST02328,96,5,185.42000000000002,3,2,1,321,2.0,Loyal,65+,Male,East of England,Bronze,True
CUST02329,4,7,873.37,4,3,4,434,3.67,Champion,45-54,Male,Yorkshire,Silver,True
CUST02330,31,5,441.75,4,2,2,422,2.67,Loyal,55-64,Female,London,Bronze,True
CUST02331,289,6,233.32999999999998,1,3,1,131,1.67,Lost,25-34,Female,South East,Silver,True
CUST02332,52,5,725.72,4,2,3,423,3.0,Loyal,45-54,Prefer not to say,London,Gold,True
CUST02333,320,6,584.84,1,3,3,133,2.33,Lost,45-54,Female,Scotland,Gold,False
CUST02334,15,11,2636.2200000000003,4,4,4,444,4.0,Champion,25-34,Female,South West,Silver,True
CUST02335,1,9,1558.14,4,4,4,444,4.0,Champion,45-54,Female,London,Bronze,False
CUST02336,267,1,1.79,1,1,1,111,1.0,Lost,25-34,Male,West Midlands,Gold,False
CUST02337,175,3,63.629999999999995,2,1,1,211,1.33,Needs Attention,65+,Prefer not to say,North West,Silver,True
CUST02338,54,4,304.44,3,1,2,312,2.0,New Customer,55-64,Female,South East,Platinum,True
CUST02339,64,8,255.67,3,4,1,341,2.67,Loyal,18-24,Prefer not to say,London,Gold,False
CUST02340,15,3,272.25,4,1,2,412,2.33,New Customer,65+,Female,South East,Bronze,True
CUST02341,59,8,456.67,3,4,2,342,3.0,Loyal,45-54,Prefer not to say,West Midlands,Bronze,True
CUST02342,50,7,804.54,4,3,3,433,3.33,Champion,35-44,Prefer not to say,East of England,Silver,False
CUST02343,140,4,194.7,2,1,1,211,1.33,Needs Attention,45-54,Female,West Midlands,Gold,True
CUST02344,108,3,664.06,3,1,3,313,2.33,New Customer,25-34,Female,South West,Bronze,True
CUST02345,505,4,1437.0,1,1,4,114,2.0,Lost,65+,Prefer not to say,London,Bronze,False
CUST02346,80,3,77.7,3,1,1,311,1.67,New Customer,35-44,Prefer not to say,East of England,Gold,True
CUST02347,615,4,99.84,1,1,1,111,1.0,Lost,55-64,Prefer not to say,South West,Bronze,True
CUST02348,22,7,633.34,4,3,3,433,3.33,Champion,65+,Prefer not to say,East of England,Silver,True
CUST02349,36,10,698.53,4,4,3,443,3.67,Champion,18-24,Female,East of England,Bronze,True
CUST02350,215,7,685.31,2,3,3,233,2.67,At Risk,45-54,Prefer not to say,East Midlands,Gold,False
CUST02351,427,5,257.31,1,2,1,121,1.33,Lost,35-44,Female,London,Silver,False
CUST02352,220,5,399.39,2,2,2,222,2.0,At Risk,18-24,Male,South West,Platinum,True
CUST02353,238,7,395.21999999999997,2,3,2,232,2.33,At Risk,55-64,Male,South East,Gold,True
CUST02354,210,3,133.47,2,1,1,211,1.33,Needs Attention,55-64,Prefer not to say,East Midlands,Bronze,True
CUST02355,60,8,684.6,3,4,3,343,3.33,Champion,35-44,Prefer not to say,Wales,Silver,False
CUST02356,70,9,1378.35,3,4,4,344,3.67,Champion,45-54,Female,North East,Bronze,True
CUST02357,300,3,181.09,1,1,1,111,1.0,Lost,18-24,Prefer not to say,North East,Gold,True
CUST02358,78,6,539.36,3,3,3,333,3.0,Champion,35-44,Male,East Midlands,Gold,False
CUST02359,410,2,197.54,1,1,1,111,1.0,Lost,45-54,Prefer not to say,London,Gold,True
CUST02360,92,10,1806.45,3,4,4,344,3.67,Champion,45-54,Prefer not to say,North West,Bronze,True
CUST02361,209,5,311.76,2,2,2,222,2.0,At Risk,25-34,Female,North East,Bronze,True
CUST02362,164,5,285.2,2,2,2,222,2.0,At Risk,45-54,Female,West Midlands,Platinum,True
CUST02363,25,8,434.69,4,4,2,442,3.33,Loyal,18-24,Female,London,Gold,True
CUST02364,183,5,653.29,2,2,3,223,2.33,At Risk,25-34,Female,Scotland,Gold,False
CUST02365,97,7,817.59,3,3,3,333,3.0,Champion,35-44,Male,London,Silver,True
CUST02366,34,5,471.82,4,2,2,422,2.67,Loyal,35-44,Female,North East,Bronze,True
CUST02367,245,7,595.12,2,3,3,233,2.67,At Risk,55-64,Female,South East,Bronze,True
CUST02368,196,4,441.81999999999994,2,1,2,212,1.67,Needs Attention,18-24,Male,South East,Silver,True
CUST02369,71,8,898.29,3,4,4,344,3.67,Champion,65+,Male,South West,Silver,False
CUST02370,69,6,301.98,3,3,2,332,2.67,Loyal,65+,Male,West Midlands,Silver,True
CUST02371,113,4,396.45000000000005,3,1,2,312,2.0,New Customer,55-64,Female,Yorkshire,Bronze,True
CUST02372,34,5,1236.0500000000002,4,2,4,424,3.33,Loyal,65+,Female,London,Gold,True
CUST02373,175,5,671.5899999999999,2,2,3,223,2.33,At Risk,35-44,Prefer not to say,London,Bronze,False
CUST02374,69,6,377.8,3,3,2,332,2.67,Loyal,35-44,Prefer not to say,London,Bronze,True
CUST02375,136,6,1660.27,2,3,4,234,3.0,At Risk,35-44,Male,South East,Gold,True
CUST02376,430,2,43.410000000000004,1,1,1,111,1.0,Lost,35-44,Prefer not to say,South East,Gold,True
CUST02377,359,4,208.65,1,1,1,111,1.0,Lost,35-44,Male,East of England,Silver,True
CUST02378,192,10,1356.47,2,4,4,244,3.33,At Risk,18-24,Male,West Midlands,Bronze,True
CUST02379,228,6,1771.52,2,3,4,234,3.0,At Risk,55-64,Male,South East,Bronze,True
CUST02380,11,4,344.47,4,1,2,412,2.33,New Customer,35-44,Prefer not to say,London,Bronze,True
CUST02381,237,8,733.5,2,4,3,243,3.0,At Risk,35-44,Prefer not to say,South East,Gold,True
CUST02382,281,7,318.08,1,3,2,132,2.0,Lost,45-54,Prefer not to say,East of England,Bronze,True
CUST02383,142,9,663.57,2,4,3,243,3.0,At Risk,65+,Female,Scotland,Silver,True
CUST02384,23,3,283.53999999999996,4,1,2,412,2.33,New Customer,25-34,Female,London,Silver,False
CUST02386,71,5,375.34,3,2,2,322,2.33,Loyal,45-54,Male,East Midlands,Silver,False
CUST02387,22,8,1318.2,4,4,4,444,4.0,Champion,18-24,Prefer not to say,London,Silver,False
CUST02388,82,4,648.61,3,1,3,313,2.33,New Customer,35-44,Prefer not to say,Scotland,Gold,True
CUST02389,191,8,302.01,2,4,2,242,2.67,At Risk,45-54,Male,East Midlands,Gold,True
CUST02390,159,3,187.5,2,1,1,211,1.33,Needs Attention,55-64,Prefer not to say,London,Silver,True
CUST02391,15,9,569.73,4,4,3,443,3.67,Champion,25-34,Female,East of England,Bronze,False
CUST02392,391,4,67.02000000000001,1,1,1,111,1.0,Lost,55-64,Prefer not to say,South East,Platinum,True
CUST02393,106,5,777.05,3,2,3,323,2.67,Loyal,45-54,Female,Yorkshire,Bronze,False
CUST02394,259,4,1513.1399999999999,1,1,4,114,2.0,Lost,65+,Male,West Midlands,Bronze,True
CUST02395,535,6,528.23,1,3,3,133,2.33,Lost,55-64,Male,East Midlands,Platinum,True
CUST02396,158,4,731.99,2,1,3,213,2.0,Needs Attention,65+,Prefer not to say,West Midlands,Gold,False
CUST02397,124,6,175.76999999999998,3,3,1,331,2.33,Loyal,35-44,Female,London,Gold,True
CUST02398,22,9,727.29,4,4,3,443,3.67,Champion,65+,Prefer not to say,South East,Silver,True
CUST02399,65,7,1046.81,3,3,4,334,3.33,Champion,25-34,Male,West Midlands,Bronze,True
CUST02400,391,5,194.56,1,2,1,121,1.33,Lost,25-34,Prefer not to say,London,Silver,True
CUST02401,667,3,155.95999999999998,1,1,1,111,1.0,Lost,18-24,Male,Yorkshire,Bronze,True
CUST02402,207,2,275.21000000000004,2,1,2,212,1.67,Needs Attention,18-24,Female,South East,Gold,True
CUST02403,152,7,335.34999999999997,2,3,2,232,2.33,At Risk,18-24,Female,Scotland,Gold,True
CUST02404,1039,1,28.56,1,1,1,111,1.0,Lost,45-54,Male,London,Bronze,True
CUST02405,263,6,906.4200000000001,1,3,4,134,2.67,Lost,55-64,Male,Yorkshire,Silver,False
CUST02406,201,4,126.47,2,1,1,211,1.33,Needs Attention,35-44,Prefer not to say,Scotland,Silver,True
CUST02407,22,9,1062.8700000000001,4,4,4,444,4.0,Champion,25-34,Prefer not to say,East of England,Bronze,True
CUST02408,22,4,801.17,4,1,3,413,2.67,New Customer,35-44,Male,South West,Silver,True
CUST02409,21,9,1270.67,4,4,4,444,4.0,Champion,45-54,Male,East of England,Gold,False
CUST02410,36,13,1637.1299999999999,4,4,4,444,4.0,Champion,18-24,Female,North East,Bronze,True
CUST02411,59,7,317.94,3,3,2,332,2.67,Loyal,65+,Prefer not to say,South West,Bronze,True
CUST02412,141,3,1163.92,2,1,4,214,2.33,Needs Attention,65+,Male,South East,Gold,True
CUST02413,14,5,489.78,4,2,2,422,2.67,Loyal,18-24,Male,London,Silver,True
CUST02414,9,4,1238.69,4,1,4,414,3.0,New Customer,25-34,Female,South West,Bronze,True
CUST02415,130,5,608.3299999999999,3,2,3,323,2.67,Loyal,18-24,Prefer not to say,Yorkshire,Bronze,True
CUST02416,133,3,285.46000000000004,2,1,2,212,1.67,Needs Attention,45-54,Female,South West,Silver,True
CUST02417,518,7,293.55,1,3,2,132,2.0,Lost,35-44,Female,Yorkshire,Bronze,False
CUST02418,494,4,648.2,1,1,3,113,1.67,Lost,25-34,Female,London,Bronze,True
CUST02419,130,3,672.23,3,1,3,313,2.33,New Customer,45-54,Female,Yorkshire,Gold,True
CUST02420,217,7,611.11,2,3,3,233,2.67,At Risk,25-34,Prefer not to say,East of England,Silver,False
CUST02421,67,8,626.2,3,4,3,343,3.33,Champion,45-54,Female,Yorkshire,Bronze,True
CUST02422,43,9,848.6800000000001,4,4,3,443,3.67,Champion,55-64,Male,Scotland,Bronze,False
CUST02423,40,6,584.64,4,3,3,433,3.33,Champion,25-34,Female,South East,Bronze,False
CUST02424,252,5,719.75,2,2,3,223,2.33,At Risk,18-24,Prefer not to say,London,Silver,True
CUST02425,179,7,794.27,2,3,3,233,2.67,At Risk,18-24,Male,London,Silver,True
CUST02426,127,7,658.17,3,3,3,333,3.0,Champion,35-44,Male,North West,Silver,True
CUST02427,22,9,1767.43,4,4,4,444,4.0,Champion,65+,Male,London,Bronze,True
CUST02428,305,5,108.94,1,2,1,121,1.33,Lost,65+,Female,Wales,Gold,True
CUST02429,341,4,223.29,1,1,1,111,1.0,Lost,45-54,Female,North West,Bronze,True
CUST02430,436,4,388.78,1,1,2,112,1.33,Lost,45-54,Male,London,Gold,True
CUST02431,117,7,2142.83,3,3,4,334,3.33,Champion,18-24,Prefer not to say,South West,Bronze,True
CUST02432,15,4,710.09,4,1,3,413,2.67,New Customer,18-24,Male,Yorkshire,Bronze,True
CUST02433,69,7,398.28999999999996,3,3,2,332,2.67,Loyal,65+,Male,London,Bronze,False
CUST02434,126,8,532.92,3,4,3,343,3.33,Champion,35-44,Female,East of England,Bronze,True
CUST02435,95,6,450.92,3,3,2,332,2.67,Loyal,55-64,Male,London,Silver,True
CUST02436,217,6,677.36,2,3,3,233,2.67,At Risk,25-34,Male,London,Bronze,True
CUST02437,184,10,1351.05,2,4,4,244,3.33,At Risk,65+,Female,East of England,Bronze,True
CUST02438,146,4,327.21000000000004,2,1,2,212,1.67,Needs Attention,65+,Female,North West,Platinum,True
CUST02439,370,8,806.25,1,4,3,143,2.67,Lost,18-24,Female,South East,Bronze,False
CUST02440,1,7,1567.93,4,3,4,434,3.67,Champion,35-44,Male,London,Bronze,True
CUST02441,35,10,882.66,4,4,4,444,4.0,Champion,55-64,Female,Yorkshire,Bronze,True
CUST02442,208,4,548.9399999999999,2,1,3,213,2.0,Needs Attention,25-34,Female,West Midlands,Bronze,True
CUST02443,335,3,444.82,1,1,2,112,1.33,Lost,18-24,Male,Scotland,Silver,True
CUST02444,47,7,928.7700000000001,4,3,4,434,3.67,Champion,65+,Male,South East,Bronze,True
CUST02445,407,7,736.27,1,3,3,133,2.33,Lost,18-24,Male,London,Silver,True
CUST02446,196,3,249.08999999999997,2,1,1,211,1.33,Needs Attention,45-54,Prefer not to say,North East,Platinum,True
CUST02447,495,3,60.940000000000005,1,1,1,111,1.0,Lost,45-54,Prefer not to say,South West,Gold,True
CUST02448,201,6,469.17999999999995,2,3,2,232,2.33,At Risk,18-24,Prefer not to say,East of England,Bronze,True
CUST02449,261,7,329.17,1,3,2,132,2.0,Lost,65+,Prefer not to say,Wales,Platinum,True
CUST02450,195,7,949.33,2,3,4,234,3.0,At Risk,18-24,Female,South East,Bronze,True
CUST02451,74,9,568.45,3,4,3,343,3.33,Champion,35-44,Male,South East,Bronze,True
CUST02452,165,3,193.12,2,1,1,211,1.33,Needs Attention,25-34,Prefer not to say,Scotland,Bronze,True
CUST02453,128,9,2056.28,3,4,4,344,3.67,Champion,18-24,Male,London,Silver,False
CUST02454,79,13,1253.8600000000001,3,4,4,344,3.67,Champion,25-34,Male,London,Bronze,True
CUST02455,137,7,1590.29,2,3,4,234,3.0,At Risk,25-34,Prefer not to say,London,Bronze,True
CUST02456,342,2,379.41999999999996,1,1,2,112,1.33,Lost,18-24,Prefer not to say,Scotland,Gold,True
CUST02457,19,9,1467.1,4,4,4,444,4.0,Champion,25-34,Prefer not to say,East of England,Platinum,True
CUST02458,97,7,1740.62,3,3,4,334,3.33,Champion,18-24,Prefer not to say,North West,Bronze,False
CUST02459,121,6,547.32,3,3,3,333,3.0,Champion,35-44,Female,South East,Bronze,True
CUST02460,19,7,892.3499999999999,4,3,4,434,3.67,Champion,18-24,Prefer not to say,North West,Platinum,False
CUST02461,66,5,1168.63,3,2,4,324,3.0,Loyal,18-24,Prefer not to say,East Midlands,Silver,True
CUST02462,20,5,607.17,4,2,3,423,3.0,Loyal,18-24,Male,West Midlands,Gold,True
CUST02463,70,4,257.95,3,1,1,311,1.67,New Customer,35-44,Female,South West,Bronze,False
CUST02464,290,4,112.55,1,1,1,111,1.0,Lost,55-64,Prefer not to say,South East,Bronze,True
CUST02465,414,7,264.98,1,3,1,131,1.67,Lost,55-64,Male,South East,Silver,True
CUST02466,175,7,693.01,2,3,3,233,2.67,At Risk,25-34,Prefer not to say,South East,Bronze,False
CUST02467,43,2,169.93,4,1,1,411,2.0,New Customer,18-24,Prefer not to say,South East,Gold,True
CUST02468,223,7,708.89,2,3,3,233,2.67,At Risk,25-34,Female,West Midlands,Bronze,True
CUST02469,108,7,264.88,3,3,1,331,2.33,Loyal,18-24,Male,South East,Bronze,False
CUST02470,57,6,424.94,3,3,2,332,2.67,Loyal,18-24,Prefer not to say,London,Bronze,True
CUST02471,63,4,252.45999999999998,3,1,1,311,1.67,New Customer,55-64,Male,South East,Gold,True
CUST02472,406,5,325.11,1,2,2,122,1.67,Lost,55-64,Male,London,Bronze,True
CUST02473,271,3,2003.01,1,1,4,114,2.0,Lost,55-64,Male,East of England,Bronze,True
CUST02474,185,4,450.96999999999997,2,1,2,212,1.67,Needs Attention,35-44,Male,London,Silver,False
CUST02475,46,6,260.8,4,3,1,431,2.67,Loyal,45-54,Prefer not to say,South West,Gold,False
CUST02476,85,9,1294.67,3,4,4,344,3.67,Champion,45-54,Prefer not to say,London,Gold,False
CUST02477,384,4,40.55,1,1,1,111,1.0,Lost,65+,Female,South West,Platinum,True
CUST02478,84,3,233.85,3,1,1,311,1.67,New Customer,35-44,Female,Yorkshire,Gold,False
CUST02479,49,5,136.56,4,2,1,421,2.33,Loyal,35-44,Male,South East,Platinum,True
CUST02480,86,5,517.28,3,2,3,323,2.67,Loyal,35-44,Male,Yorkshire,Bronze,True
CUST02481,52,8,435.18,4,4,2,442,3.33,Loyal,18-24,Prefer not to say,South West,Bronze,False
CUST02482,71,2,156.91,3,1,1,311,1.67,New Customer,25-34,Female,Wales,Platinum,False
CUST02483,292,3,117.1,1,1,1,111,1.0,Lost,55-64,Female,East of England,Gold,True
CUST02484,23,7,432.06,4,3,2,432,3.0,Loyal,18-24,Male,South West,Platinum,True
CUST02485,20,9,1002.49,4,4,4,444,4.0,Champion,25-34,Male,South East,Bronze,True
CUST02486,25,7,672.61,4,3,3,433,3.33,Champion,55-64,Male,Scotland,Bronze,True
CUST02487,85,8,629.24,3,4,3,343,3.33,Champion,25-34,Female,South East,Gold,False
CUST02488,190,5,200.47,2,2,1,221,1.67,At Risk,65+,Male,Yorkshire,Bronze,True
CUST02489,190,6,766.36,2,3,3,233,2.67,At Risk,45-54,Male,London,Silver,True
CUST02490,145,7,1949.92,2,3,4,234,3.0,At Risk,65+,Male,East of England,Bronze,True
CUST02491,953,2,58.06,1,1,1,111,1.0,Lost,18-24,Female,North West,Gold,True
CUST02492,419,7,1063.6499999999999,1,3,4,134,2.67,Lost,25-34,Prefer not to say,Yorkshire,Bronze,True
CUST02493,3,9,407.95000000000005,4,4,2,442,3.33,Loyal,18-24,Female,West Midlands,Platinum,True
CUST02494,157,7,1447.3799999999999,2,3,4,234,3.0,At Risk,18-24,Prefer not to say,Yorkshire,Gold,True
CUST02495,1,13,936.1800000000001,4,4,4,444,4.0,Champion,18-24,Prefer not to say,London,Silver,True
CUST02496,22,7,257.07,4,3,1,431,2.67,Loyal,18-24,Male,South East,Platinum,True
CUST02497,134,7,917.05,2,3,4,234,3.0,At Risk,55-64,Female,Yorkshire,Silver,True
CUST02498,308,5,1024.96,1,2,4,124,2.33,Lost,35-44,Prefer not to say,Yorkshire,Platinum,True
CUST02499,139,7,578.83,2,3,3,233,2.67,At Risk,65+,Female,North West,Bronze,False
CUST02500,28,7,797.75,4,3,3,433,3.33,Champion,25-34,Female,South East,Bronze,True
CUST02501,197,7,807.25,2,3,3,233,2.67,At Risk,55-64,Prefer not to say,West Midlands,Gold,True
CUST02502,127,4,290.09000000000003,3,1,2,312,2.0,New Customer,65+,Male,East of England,Platinum,True
CUST02503,154,4,449.15999999999997,2,1,2,212,1.67,Needs Attention,25-34,Male,North East,Silver,True
CUST02504,8,6,302.88,4,3,2,432,3.0,Loyal,45-54,Female,North West,Bronze,True
CUST02505,416,6,556.0799999999999,1,3,3,133,2.33,Lost,35-44,Prefer not to say,London,Silver,True
CUST02506,396,3,241.59,1,1,1,111,1.0,Lost,25-34,Prefer not to say,South East,Gold,True
CUST02507,11,5,419.61999999999995,4,2,2,422,2.67,Loyal,25-34,Male,Wales,Bronze,True
CUST02508,529,3,59.69,1,1,1,111,1.0,Lost,45-54,Female,South West,Silver,True
CUST02509,478,4,1147.4899999999998,1,1,4,114,2.0,Lost,45-54,Prefer not to say,West Midlands,Bronze,True
CUST02510,293,4,376.69000000000005,1,1,2,112,1.33,Lost,35-44,Male,Yorkshire,Gold,False
CUST02511,270,6,406.06999999999994,1,3,2,132,2.0,Lost,45-54,Male,London,Bronze,False
CUST02512,753,2,217.09,1,1,1,111,1.0,Lost,65+,Prefer not to say,West Midlands,Silver,True
CUST02513,54,5,175.01,3,2,1,321,2.0,Loyal,25-34,Male,London,Gold,True
CUST02514,109,6,311.63,3,3,2,332,2.67,Loyal,35-44,Male,London,Bronze,True
CUST02515,91,9,409.67,3,4,2,342,3.0,Loyal,65+,Female,South West,Gold,True
CUST02516,92,1,38.78,3,1,1,311,1.67,New Customer,35-44,Prefer not to say,London,Bronze,False
CUST02517,839,2,407.03,1,1,2,112,1.33,Lost,45-54,Female,Yorkshire,Bronze,False
CUST02518,41,6,579.77,4,3,3,433,3.33,Champion,25-34,Prefer not to say,South East,Silver,True
CUST02519,367,6,303.38,1,3,2,132,2.0,Lost,45-54,Female,North West,Bronze,True
CUST02520,10,7,1409.9299999999998,4,3,4,434,3.67,Champion,35-44,Female,London,Gold,True
CUST02521,244,5,276.22,2,2,2,222,2.0,At Risk,25-34,Prefer not to say,South West,Bronze,True
CUST02522,159,5,747.66,2,2,3,223,2.33,At Risk,45-54,Female,East of England,Bronze,True
CUST02523,105,11,932.0,3,4,4,344,3.67,Champion,18-24,Prefer not to say,East of England,Bronze,True
CUST02524,369,6,321.76,1,3,2,132,2.0,Lost,65+,Prefer not to say,London,Bronze,True
CUST02525,458,9,557.62,1,4,3,143,2.67,Lost,45-54,Female,North West,Gold,True
CUST02526,23,5,266.99,4,2,1,421,2.33,Loyal,18-24,Male,East Midlands,Bronze,True
CUST02527,185,6,1729.36,2,3,4,234,3.0,At Risk,25-34,Prefer not to say,East of England,Bronze,True
CUST02528,20,4,1558.65,4,1,4,414,3.0,New Customer,18-24,Female,West Midlands,Bronze,True
CUST02529,162,7,149.16,2,3,1,231,2.0,At Risk,25-34,Prefer not to say,East Midlands,Gold,True
CUST02530,479,4,252.77,1,1,1,111,1.0,Lost,25-34,Prefer not to say,South West,Silver,True
CUST02531,249,4,342.72,2,1,2,212,1.67,Needs Attention,55-64,Prefer not to say,Wales,Silver,True
CUST02532,101,4,153.71,3,1,1,311,1.67,New Customer,25-34,Female,London,Gold,True
CUST02533,72,7,669.8199999999999,3,3,3,333,3.0,Champion,35-44,Prefer not to say,North West,Bronze,True
CUST02534,364,5,1586.19,1,2,4,124,2.33,Lost,45-54,Female,London,Silver,True
CUST02535,272,5,698.15,1,2,3,123,2.0,Lost,25-34,Female,North West,Silver,True
CUST02536,193,4,276.99,2,1,2,212,1.67,Needs Attention,25-34,Female,London,Bronze,True
CUST02537,75,6,897.0100000000001,3,3,4,334,3.33,Champion,65+,Male,London,Silver,True
CUST02538,45,7,828.12,4,3,3,433,3.33,Champion,35-44,Prefer not to say,North East,Bronze,False
CUST02539,748,2,126.67,1,1,1,111,1.0,Lost,18-24,Female,London,Gold,True
CUST02540,36,3,124.68,4,1,1,411,2.0,New Customer,18-24,Female,London,Bronze,False
CUST02541,30,9,1016.4300000000001,4,4,4,444,4.0,Champion,25-34,Male,North East,Silver,True
CUST02542,25,11,1998.83,4,4,4,444,4.0,Champion,35-44,Female,North West,Bronze,False
CUST02543,174,3,179.23000000000002,2,1,1,211,1.33,Needs Attention,25-34,Male,South West,Bronze,False
CUST02544,207,5,352.08,2,2,2,222,2.0,At Risk,35-44,Prefer not to say,London,Bronze,True
CUST02545,574,4,149.65,1,1,1,111,1.0,Lost,18-24,Female,London,Bronze,True
CUST02546,110,5,798.3299999999999,3,2,3,323,2.67,Loyal,55-64,Male,Yorkshire,Gold,True
CUST02547,445,2,97.03,1,1,1,111,1.0,Lost,18-24,Prefer not to say,East Midlands,Silver,True
CUST02548,58,5,462.80999999999995,3,2,2,322,2.33,Loyal,25-34,Prefer not to say,North West,Bronze,False
CUST02549,16,5,1039.26,4,2,4,424,3.33,Loyal,35-44,Prefer not to say,North West,Bronze,True
CUST02550,42,5,231.32,4,2,1,421,2.33,Loyal,25-34,Female,North West,Silver,True
CUST02551,13,8,1036.1100000000001,4,4,4,444,4.0,Champion,55-64,Prefer not to say,West Midlands,Bronze,True
CUST02552,134,3,498.44,2,1,2,212,1.67,Needs Attention,18-24,Female,Yorkshire,Platinum,False
CUST02553,148,5,434.0,2,2,2,222,2.0,At Risk,55-64,Male,West Midlands,Gold,True
CUST02554,155,4,279.18,2,1,2,212,1.67,Needs Attention,35-44,Female,North East,Bronze,True
CUST02555,316,6,512.94,1,3,3,133,2.33,Lost,25-34,Male,South East,Bronze,True
CUST02556,143,6,227.22000000000003,2,3,1,231,2.0,At Risk,18-24,Male,London,Bronze,True
CUST02557,79,6,562.65,3,3,3,333,3.0,Champion,35-44,Female,South East,Silver,True
CUST02558,43,5,983.62,4,2,4,424,3.33,Loyal,55-64,Male,Yorkshire,Bronze,True
CUST02559,31,6,2159.57,4,3,4,434,3.67,Champion,55-64,Female,London,Gold,True
CUST02560,490,4,116.1,1,1,1,111,1.0,Lost,25-34,Female,Yorkshire,Bronze,True
CUST02561,235,7,210.96,2,3,1,231,2.0,At Risk,55-64,Prefer not to say,West Midlands,Platinum,True
CUST02562,42,2,78.18,4,1,1,411,2.0,New Customer,18-24,Female,East of England,Silver,True
CUST02563,232,4,431.85,2,1,2,212,1.67,Needs Attention,55-64,Female,West Midlands,Silver,True
CUST02564,26,16,1922.3400000000001,4,4,4,444,4.0,Champion,25-34,Female,South West,Silver,True
CUST02565,135,9,1485.94,2,4,4,244,3.33,At Risk,45-54,Female,East of England,Bronze,True
CUST02566,32,11,1447.83,4,4,4,444,4.0,Champion,55-64,Female,London,Gold,True
CUST02567,71,9,523.65,3,4,3,343,3.33,Champion,35-44,Male,South East,Bronze,True
CUST02568,73,7,391.05,3,3,2,332,2.67,Loyal,35-44,Male,South East,Bronze,True
CUST02569,171,6,1967.14,2,3,4,234,3.0,At Risk,25-34,Prefer not to say,North West,Silver,True
CUST02570,302,6,251.24,1,3,1,131,1.67,Lost,35-44,Female,East Midlands,Bronze,False
CUST02571,52,1,77.52,4,1,1,411,2.0,New Customer,65+,Female,West Midlands,Silver,True
CUST02572,20,6,197.48,4,3,1,431,2.67,Loyal,55-64,Female,East of England,Bronze,False
CUST02573,7,5,1941.52,4,2,4,424,3.33,Loyal,25-34,Prefer not to say,East Midlands,Silver,True
CUST02574,1025,1,36.84,1,1,1,111,1.0,Lost,35-44,Female,Yorkshire,Silver,True
CUST02575,31,5,639.79,4,2,3,423,3.0,Loyal,65+,Prefer not to say,East of England,Gold,False
CUST02576,379,5,350.55,1,2,2,122,1.67,Lost,25-34,Female,North West,Bronze,True
CUST02577,287,4,394.87,1,1,2,112,1.33,Lost,35-44,Male,North West,Silver,True
CUST02578,177,9,456.45,2,4,2,242,2.67,At Risk,55-64,Male,London,Gold,True
CUST02579,141,4,425.78000000000003,2,1,2,212,1.67,Needs Attention,65+,Prefer not to say,Scotland,Bronze,True
CUST02580,84,6,826.63,3,3,3,333,3.0,Champion,55-64,Female,North East,Silver,False
CUST02581,46,8,175.76,4,4,1,441,3.0,Loyal,35-44,Male,South East,Silver,True
CUST02582,8,9,460.82,4,4,2,442,3.33,Loyal,25-34,Prefer not to say,South West,Bronze,True
CUST02583,51,2,12.86,4,1,1,411,2.0,New Customer,55-64,Female,South West,Bronze,False
CUST02584,30,8,1166.28,4,4,4,444,4.0,Champion,65+,Male,West Midlands,Bronze,True
CUST02585,38,4,907.6899999999999,4,1,4,414,3.0,New Customer,55-64,Prefer not to say,London,Bronze,True
CUST02586,156,7,696.6200000000001,2,3,3,233,2.67,At Risk,18-24,Prefer not to say,London,Platinum,True
CUST02587,698,1,10.84,1,1,1,111,1.0,Lost,45-54,Female,South West,Gold,False
CUST02588,139,2,223.16000000000003,2,1,1,211,1.33,Needs Attention,25-34,Female,South East,Silver,True
CUST02589,96,9,1071.77,3,4,4,344,3.67,Champion,45-54,Male,London,Bronze,False
CUST02590,38,3,44.25,4,1,1,411,2.0,New Customer,65+,Male,London,Gold,True
CUST02591,499,2,63.169999999999995,1,1,1,111,1.0,Lost,35-44,Prefer not to say,London,Bronze,False
CUST02592,188,11,933.3000000000001,2,4,4,244,3.33,At Risk,35-44,Female,North East,Bronze,True
CUST02593,97,3,157.96,3,1,1,311,1.67,New Customer,55-64,Female,East of England,Bronze,True
CUST02594,943,1,16.62,1,1,1,111,1.0,Lost,55-64,Female,London,Platinum,False
CUST02595,376,5,642.6,1,2,3,123,2.0,Lost,35-44,Female,London,Silver,False
CUST02596,103,9,754.96,3,4,3,343,3.33,Champion,25-34,Female,West Midlands,Bronze,True
CUST02597,4,8,1131.43,4,4,4,444,4.0,Champion,35-44,Female,London,Silver,True
CUST02598,310,3,506.87,1,1,2,112,1.33,Lost,55-64,Female,East Midlands,Bronze,True
CUST02599,50,8,386.01,4,4,2,442,3.33,Loyal,65+,Male,South West,Gold,True
CUST02600,221,7,499.7,2,3,2,232,2.33,At Risk,25-34,Male,East of England,Silver,True
CUST02601,364,7,318.59000000000003,1,3,2,132,2.0,Lost,25-34,Prefer not to say,North West,Silver,True
CUST02602,35,7,776.02,4,3,3,433,3.33,Champion,45-54,Prefer not to say,South East,Bronze,False
CUST02603,88,4,194.27,3,1,1,311,1.67,New Customer,55-64,Male,South East,Bronze,True
CUST02604,67,7,508.78000000000003,3,3,2,332,2.67,Loyal,35-44,Male,East of England,Platinum,True
CUST02605,126,6,728.9300000000001,3,3,3,333,3.0,Champion,65+,Female,London,Gold,False
CUST02606,699,1,22.81,1,1,1,111,1.0,Lost,25-34,Prefer not to say,North West,Gold,True
CUST02607,261,7,1170.46,1,3,4,134,2.67,Lost,65+,Female,North East,Bronze,True
CUST02608,310,5,817.49,1,2,3,123,2.0,Lost,25-34,Female,East of England,Silver,True
CUST02609,130,9,440.9,3,4,2,342,3.0,Loyal,18-24,Prefer not to say,East of England,Gold,True
CUST02610,11,5,143.92000000000002,4,2,1,421,2.33,Loyal,45-54,Male,South East,Bronze,True
CUST02611,47,9,452.82,4,4,2,442,3.33,Loyal,18-24,Female,East of England,Bronze,True
CUST02612,91,12,842.87,3,4,3,343,3.33,Champion,55-64,Male,London,Bronze,False
CUST02613,11,9,622.16,4,4,3,443,3.67,Champion,55-64,Male,Yorkshire,Silver,True
CUST02614,518,2,84.97,1,1,1,111,1.0,Lost,45-54,Female,Yorkshire,Silver,True
CUST02615,52,6,311.56,4,3,2,432,3.0,Loyal,45-54,Male,Yorkshire,Bronze,False
CUST02616,14,4,1796.1499999999999,4,1,4,414,3.0,New Customer,25-34,Male,West Midlands,Bronze,True
CUST02617,48,9,169.65,4,4,1,441,3.0,Loyal,65+,Prefer not to say,South West,Bronze,True
CUST02618,140,7,271.35,2,3,1,231,2.0,At Risk,25-34,Prefer not to say,Scotland,Silver,True
CUST02619,144,7,243.12,2,3,1,231,2.0,At Risk,65+,Prefer not to say,North West,Platinum,True
CUST02620,108,10,427.02,3,4,2,342,3.0,Loyal,25-34,Male,East of England,Silver,True
CUST02621,14,7,1146.13,4,3,4,434,3.67,Champion,25-34,Female,East Midlands,Bronze,True
CUST02622,476,1,88.08,1,1,1,111,1.0,Lost,65+,Male,Scotland,Bronze,True
CUST02623,75,3,377.92,3,1,2,312,2.0,New Customer,18-24,Female,East Midlands,Bronze,True
CUST02624,136,6,344.77,2,3,2,232,2.33,At Risk,35-44,Female,Wales,Silver,True
CUST02625,73,6,123.65,3,3,1,331,2.33,Loyal,18-24,Prefer not to say,London,Gold,True
CUST02626,36,6,743.6,4,3,3,433,3.33,Champion,45-54,Prefer not to say,North West,Bronze,False
CUST02627,124,4,766.1999999999999,3,1,3,313,2.33,New Customer,35-44,Prefer not to say,East of England,Gold,True
CUST02628,60,7,579.62,3,3,3,333,3.0,Champion,65+,Prefer not to say,London,Bronze,True
CUST02629,292,6,1126.31,1,3,4,134,2.67,Lost,55-64,Male,South West,Bronze,False
CUST02630,629,4,646.2099999999999,1,1,3,113,1.67,Lost,55-64,Prefer not to say,North East,Platinum,True
CUST02631,372,5,241.97,1,2,1,121,1.33,Lost,55-64,Female,East Midlands,Silver,False
CUST02632,356,3,132.63,1,1,1,111,1.0,Lost,65+,Male,East of England,Silver,False
CUST02633,323,9,1092.6100000000001,1,4,4,144,3.0,Lost,18-24,Male,South West,Bronze,True
CUST02634,10,8,1330.3700000000001,4,4,4,444,4.0,Champion,45-54,Female,South West,Bronze,True
CUST02635,112,6,207.69,3,3,1,331,2.33,Loyal,55-64,Male,East of England,Silver,False
CUST02636,4,10,586.33,4,4,3,443,3.67,Champion,35-44,Female,London,Gold,True
CUST02637,487,7,947.55,1,3,4,134,2.67,Lost,55-64,Prefer not to say,North West,Silver,True
CUST02638,82,6,425.33,3,3,2,332,2.67,Loyal,35-44,Male,West Midlands,Bronze,True
CUST02639,229,3,1046.99,2,1,4,214,2.33,Needs Attention,25-34,Female,South East,Bronze,True
CUST02640,67,8,2480.2200000000003,3,4,4,344,3.67,Champion,55-64,Female,West Midlands,Bronze,False
CUST02641,651,8,517.04,1,4,3,143,2.67,Lost,35-44,Male,North West,Gold,True
CUST02642,282,2,228.64000000000001,1,1,1,111,1.0,Lost,35-44,Prefer not to say,Yorkshire,Silver,True
CUST02643,389,2,124.25999999999999,1,1,1,111,1.0,Lost,25-34,Female,North West,Bronze,True
CUST02644,521,3,644.49,1,1,3,113,1.67,Lost,25-34,Prefer not to say,South East,Platinum,True
CUST02645,638,1,237.6,1,1,1,111,1.0,Lost,45-54,Male,South West,Gold,True
CUST02646,79,8,1084.8,3,4,4,344,3.67,Champion,55-64,Female,East Midlands,Silver,True
CUST02647,23,7,1057.97,4,3,4,434,3.67,Champion,55-64,Prefer not to say,South West,Bronze,True
CUST02648,98,5,180.93,3,2,1,321,2.0,Loyal,45-54,Female,London,Silver,True
CUST02649,12,3,120.59,4,1,1,411,2.0,New Customer,55-64,Prefer not to say,East Midlands,Platinum,True
CUST02650,411,4,449.40999999999997,1,1,2,112,1.33,Lost,55-64,Prefer not to say,East of England,Silver,True
CUST02651,15,3,129.89,4,1,1,411,2.0,New Customer,35-44,Male,South East,Silver,True
CUST02652,195,6,487.28999999999996,2,3,2,232,2.33,At Risk,18-24,Female,London,Silver,False
CUST02653,114,4,165.46,3,1,1,311,1.67,New Customer,25-34,Female,London,Bronze,True
CUST02654,85,7,1082.2800000000002,3,3,4,334,3.33,Champion,25-34,Prefer not to say,Yorkshire,Platinum,True
CUST02655,84,6,356.53000000000003,3,3,2,332,2.67,Loyal,35-44,Prefer not to say,Scotland,Bronze,True
CUST02656,59,8,863.5799999999999,3,4,3,343,3.33,Champion,25-34,Prefer not to say,North West,Silver,True
CUST02657,248,4,494.84,2,1,2,212,1.67,Needs Attention,65+,Female,South East,Silver,True
CUST02658,71,4,245.69,3,1,1,311,1.67,New Customer,18-24,Prefer not to say,London,Bronze,True
CUST02659,461,4,471.47,1,1,2,112,1.33,Lost,55-64,Male,West Midlands,Bronze,True
CUST02660,616,4,265.48,1,1,1,111,1.0,Lost,45-54,Prefer not to say,London,Bronze,True
CUST02661,16,12,1677.88,4,4,4,444,4.0,Champion,55-64,Female,South West,Platinum,True
CUST02662,19,10,658.95,4,4,3,443,3.67,Champion,18-24,Female,South East,Platinum,True
CUST02663,68,4,209.31,3,1,1,311,1.67,New Customer,25-34,Male,West Midlands,Silver,False
CUST02664,47,3,698.21,4,1,3,413,2.67,New Customer,45-54,Female,East of England,Silver,True
CUST02665,866,3,120.8,1,1,1,111,1.0,Lost,45-54,Male,Yorkshire,Gold,False
CUST02666,374,4,273.35,1,1,2,112,1.33,Lost,55-64,Male,East of England,Bronze,True
CUST02667,380,2,104.48,1,1,1,111,1.0,Lost,35-44,Female,North West,Bronze,True
CUST02668,33,5,793.08,4,2,3,423,3.0,Loyal,45-54,Prefer not to say,Scotland,Bronze,True
CUST02669,322,4,100.02999999999999,1,1,1,111,1.0,Lost,65+,Female,South West,Bronze,True
CUST02670,353,4,524.9300000000001,1,1,3,113,1.67,Lost,18-24,Female,West Midlands,Platinum,False
CUST02671,4,6,750.61,4,3,3,433,3.33,Champion,35-44,Female,South West,Platinum,True
CUST02672,167,7,188.13,2,3,1,231,2.0,At Risk,35-44,Female,East Midlands,Bronze,True
CUST02673,83,4,1905.6399999999999,3,1,4,314,2.67,New Customer,35-44,Prefer not to say,North West,Bronze,True
CUST02674,120,7,823.5500000000001,3,3,3,333,3.0,Champion,18-24,Prefer not to say,East of England,Silver,True
CUST02675,174,4,617.48,2,1,3,213,2.0,Needs Attention,65+,Female,South East,Bronze,False
CUST02676,110,5,177.88,3,2,1,321,2.0,Loyal,25-34,Male,North West,Bronze,True
CUST02677,45,7,1274.77,4,3,4,434,3.67,Champion,25-34,Prefer not to say,South West,Gold,True
CUST02678,27,7,953.43,4,3,4,434,3.67,Champion,55-64,Prefer not to say,London,Bronze,True
CUST02679,412,7,995.9,1,3,4,134,2.67,Lost,35-44,Prefer not to say,South West,Silver,True
CUST02680,273,10,391.36,1,4,2,142,2.33,Lost,25-34,Male,Scotland,Silver,True
CUST02681,474,8,498.88,1,4,2,142,2.33,Lost,45-54,Female,London,Silver,False
CUST02682,34,9,604.8299999999999,4,4,3,443,3.67,Champion,65+,Prefer not to say,London,Silver,True
CUST02683,11,4,339.32,4,1,2,412,2.33,New Customer,18-24,Male,London,Gold,True
CUST02684,113,4,439.15999999999997,3,1,2,312,2.0,New Customer,35-44,Prefer not to say,South East,Bronze,True
CUST02685,585,3,792.78,1,1,3,113,1.67,Lost,25-34,Prefer not to say,London,Silver,True
CUST02686,529,2,159.25,1,1,1,111,1.0,Lost,18-24,Female,South East,Gold,True
CUST02687,227,5,936.48,2,2,4,224,2.67,At Risk,35-44,Female,Yorkshire,Platinum,False
CUST02688,168,4,468.82000000000005,2,1,2,212,1.67,Needs Attention,18-24,Female,Yorkshire,Bronze,False
CUST02689,140,5,229.28,2,2,1,221,1.67,At Risk,55-64,Female,South West,Gold,False
CUST02690,546,2,97.92,1,1,1,111,1.0,Lost,25-34,Female,Yorkshire,Silver,True
CUST02691,139,8,663.68,2,4,3,243,3.0,At Risk,18-24,Prefer not to say,East of England,Bronze,True
CUST02692,164,4,703.29,2,1,3,213,2.0,Needs Attention,25-34,Female,East of England,Bronze,True
CUST02693,395,6,886.77,1,3,4,134,2.67,Lost,25-34,Female,North West,Bronze,True
CUST02694,205,8,363.98,2,4,2,242,2.67,At Risk,35-44,Male,West Midlands,Silver,False
CUST02695,37,8,527.1,4,4,3,443,3.67,Champion,25-34,Male,North West,Bronze,True
CUST02696,161,4,484.59000000000003,2,1,2,212,1.67,Needs Attention,35-44,Male,West Midlands,Gold,True
CUST02697,370,8,310.03,1,4,2,142,2.33,Lost,25-34,Male,East Midlands,Gold,True
CUST02698,441,3,176.72,1,1,1,111,1.0,Lost,25-34,Female,South East,Gold,False
CUST02699,22,5,488.56,4,2,2,422,2.67,Loyal,35-44,Prefer not to say,East Midlands,Bronze,True
CUST02700,278,11,1115.54,1,4,4,144,3.0,Lost,35-44,Male,East of England,Bronze,True
CUST02701,279,4,133.72,1,1,1,111,1.0,Lost,65+,Female,East of England,Bronze,True
CUST02702,396,6,679.95,1,3,3,133,2.33,Lost,25-34,Prefer not to say,North West,Bronze,True
CUST02703,64,10,801.34,3,4,3,343,3.33,Champion,65+,Female,South West,Bronze,True
CUST02704,300,11,1023.1299999999999,1,4,4,144,3.0,Lost,55-64,Female,London,Bronze,False
CUST02705,97,6,373.24,3,3,2,332,2.67,Loyal,18-24,Male,London,Gold,True
CUST02706,98,6,242.91000000000003,3,3,1,331,2.33,Loyal,35-44,Male,West Midlands,Bronze,True
CUST02707,145,4,479.88000000000005,2,1,2,212,1.67,Needs Attention,45-54,Male,South East,Bronze,True
CUST02708,328,4,369.23,1,1,2,112,1.33,Lost,35-44,Female,London,Bronze,True
CUST02709,442,6,560.1800000000001,1,3,3,133,2.33,Lost,65+,Female,Scotland,Silver,True
CUST02710,99,10,1107.14,3,4,4,344,3.67,Champion,55-64,Male,South East,Silver,True
CUST02711,13,12,2071.9900000000002,4,4,4,444,4.0,Champion,65+,Female,North West,Bronze,True
CUST02712,249,3,583.45,2,1,3,213,2.0,Needs Attention,25-34,Female,Yorkshire,Silver,True
CUST02713,206,5,226.81,2,2,1,221,1.67,At Risk,18-24,Male,Wales,Platinum,False
CUST02714,305,5,244.09,1,2,1,121,1.33,Lost,25-34,Male,North West,Bronze,True
CUST02715,437,4,1493.51,1,1,4,114,2.0,Lost,45-54,Male,London,Gold,True
CUST02716,137,3,85.96,2,1,1,211,1.33,Needs Attention,65+,Male,London,Platinum,True
CUST02717,175,7,389.71000000000004,2,3,2,232,2.33,At Risk,35-44,Male,Yorkshire,Gold,True
CUST02718,488,3,496.6,1,1,2,112,1.33,Lost,25-34,Female,East of England,Bronze,True
CUST02719,28,5,975.24,4,2,4,424,3.33,Loyal,18-24,Male,South East,Bronze,True
CUST02720,203,10,2076.62,2,4,4,244,3.33,At Risk,55-64,Male,South East,Gold,True
CUST02721,542,2,16.82,1,1,1,111,1.0,Lost,65+,Male,East Midlands,Silver,True
CUST02722,284,4,735.5,1,1,3,113,1.67,Lost,18-24,Female,North West,Silver,False
CUST02723,85,6,1154.62,3,3,4,334,3.33,Champion,45-54,Prefer not to say,West Midlands,Silver,True
CUST02724,88,7,228.32,3,3,1,331,2.33,Loyal,18-24,Prefer not to say,North West,Gold,True
CUST02725,119,9,821.49,3,4,3,343,3.33,Champion,65+,Prefer not to say,Yorkshire,Gold,True
CUST02726,104,2,47.78,3,1,1,311,1.67,New Customer,18-24,Female,North East,Silver,False
CUST02727,197,6,322.53,2,3,2,232,2.33,At Risk,18-24,Female,London,Silver,True
CUST02728,3,5,637.87,4,2,3,423,3.0,Loyal,55-64,Female,London,Silver,True
CUST02729,176,11,795.94,2,4,3,243,3.0,At Risk,65+,Female,North West,Bronze,True
CUST02730,369,4,368.19,1,1,2,112,1.33,Lost,65+,Prefer not to say,North West,Silver,True
CUST02731,925,2,530.45,1,1,3,113,1.67,Lost,25-34,Female,East Midlands,Bronze,False
CUST02732,120,7,838.58,3,3,3,333,3.0,Champion,65+,Female,London,Silver,True
CUST02733,131,4,106.58,2,1,1,211,1.33,Needs Attention,45-54,Prefer not to say,London,Silver,True
CUST02734,21,5,137.0,4,2,1,421,2.33,Loyal,55-64,Male,Wales,Silver,True
CUST02735,598,4,95.50999999999999,1,1,1,111,1.0,Lost,35-44,Prefer not to say,North East,Silver,True
CUST02736,443,4,124.07000000000001,1,1,1,111,1.0,Lost,18-24,Female,East Midlands,Gold,True
CUST02737,217,4,1031.0,2,1,4,214,2.33,Needs Attention,25-34,Male,London,Bronze,False
CUST02738,4,7,726.8299999999999,4,3,3,433,3.33,Champion,25-34,Prefer not to say,East Midlands,Silver,True
CUST02739,145,4,520.94,2,1,3,213,2.0,Needs Attention,55-64,Female,South East,Bronze,True
CUST02740,80,7,1392.37,3,3,4,334,3.33,Champion,25-34,Male,North West,Platinum,False
CUST02741,81,5,1164.23,3,2,4,324,3.0,Loyal,35-44,Female,Yorkshire,Silver,True
CUST02742,253,5,659.67,2,2,3,223,2.33,At Risk,25-34,Female,East of England,Silver,True
CUST02743,166,7,574.27,2,3,3,233,2.67,At Risk,45-54,Prefer not to say,London,Silver,True
CUST02744,163,2,389.15999999999997,2,1,2,212,1.67,Needs Attention,35-44,Female,Yorkshire,Silver,True
CUST02745,327,6,616.25,1,3,3,133,2.33,Lost,65+,Female,West Midlands,Silver,True
CUST02746,199,7,976.52,2,3,4,234,3.0,At Risk,55-64,Female,London,Bronze,True
CUST02747,138,5,364.25,2,2,2,222,2.0,At Risk,45-54,Male,South West,Bronze,True
CUST02748,76,4,69.13,3,1,1,311,1.67,New Customer,65+,Prefer not to say,South West,Bronze,True
CUST02749,371,9,693.04,1,4,3,143,2.67,Lost,35-44,Female,North East,Bronze,True
CUST02750,20,9,929.27,4,4,4,444,4.0,Champion,18-24,Male,South West,Bronze,True
CUST02751,90,6,541.2,3,3,3,333,3.0,Champion,65+,Male,South East,Bronze,True
CUST02752,266,2,124.84,1,1,1,111,1.0,Lost,35-44,Female,South East,Gold,False
CUST02753,608,1,203.35,1,1,1,111,1.0,Lost,25-34,Prefer not to say,South West,Silver,True
CUST02754,1,6,369.82000000000005,4,3,2,432,3.0,Loyal,45-54,Male,Yorkshire,Silver,True
CUST02755,845,3,864.1700000000001,1,1,3,113,1.67,Lost,25-34,Male,East of England,Bronze,True
CUST02756,17,5,718.2199999999999,4,2,3,423,3.0,Loyal,55-64,Prefer not to say,Yorkshire,Bronze,True
CUST02757,50,6,838.8700000000001,4,3,3,433,3.33,Champion,55-64,Female,West Midlands,Gold,True
CUST02758,193,6,705.8800000000001,2,3,3,233,2.67,At Risk,35-44,Female,Wales,Silver,True
CUST02759,87,9,484.96000000000004,3,4,2,342,3.0,Loyal,35-44,Female,North East,Silver,True
CUST02760,920,2,116.33000000000001,1,1,1,111,1.0,Lost,55-64,Male,East Midlands,Silver,True
CUST02761,51,6,949.8,4,3,4,434,3.67,Champion,55-64,Prefer not to say,Yorkshire,Bronze,True
CUST02762,85,5,755.5199999999999,3,2,3,323,2.67,Loyal,25-34,Prefer not to say,North West,Gold,False
CUST02763,8,5,1167.73,4,2,4,424,3.33,Loyal,55-64,Female,West Midlands,Gold,True
CUST02764,507,5,325.78,1,2,2,122,1.67,Lost,25-34,Male,East Midlands,Bronze,True
CUST02765,30,7,399.6,4,3,2,432,3.0,Loyal,35-44,Prefer not to say,South East,Platinum,True
CUST02766,2,10,958.9100000000001,4,4,4,444,4.0,Champion,25-34,Male,East of England,Gold,False
CUST02767,31,5,755.95,4,2,3,423,3.0,Loyal,18-24,Prefer not to say,South West,Bronze,True
CUST02768,18,6,163.16,4,3,1,431,2.67,Loyal,65+,Prefer not to say,South West,Silver,True
CUST02769,82,4,259.46,3,1,1,311,1.67,New Customer,55-64,Male,London,Platinum,True
CUST02770,4,6,1337.66,4,3,4,434,3.67,Champion,55-64,Male,West Midlands,Silver,True
CUST02771,196,6,422.19,2,3,2,232,2.33,At Risk,55-64,Prefer not to say,London,Gold,False
CUST02772,16,11,778.45,4,4,3,443,3.67,Champion,45-54,Prefer not to say,East Midlands,Gold,False
CUST02773,88,5,323.31,3,2,2,322,2.33,Loyal,65+,Male,South East,Silver,True
CUST02774,127,6,1102.33,3,3,4,334,3.33,Champion,25-34,Male,East of England,Gold,True
CUST02775,7,6,485.89000000000004,4,3,2,432,3.0,Loyal,35-44,Prefer not to say,East Midlands,Silver,True
CUST02776,781,2,186.04999999999998,1,1,1,111,1.0,Lost,45-54,Prefer not to say,South East,Bronze,True
CUST02777,154,8,2009.65,2,4,4,244,3.33,At Risk,55-64,Prefer not to say,London,Gold,False
CUST02778,384,3,233.88,1,1,1,111,1.0,Lost,55-64,Male,South East,Bronze,True
CUST02779,70,5,681.51,3,2,3,323,2.67,Loyal,55-64,Prefer not to say,Yorkshire,Silver,True
CUST02780,257,5,278.75,2,2,2,222,2.0,At Risk,55-64,Prefer not to say,South West,Bronze,False
CUST02781,26,5,637.18,4,2,3,423,3.0,Loyal,18-24,Male,South East,Bronze,True
CUST02782,69,7,203.25000000000003,3,3,1,331,2.33,Loyal,65+,Male,East Midlands,Gold,True
CUST02783,101,12,795.63,3,4,3,343,3.33,Champion,55-64,Male,North West,Bronze,True
CUST02784,78,7,160.92,3,3,1,331,2.33,Loyal,18-24,Male,East of England,Bronze,True
CUST02785,180,4,75.83,2,1,1,211,1.33,Needs Attention,55-64,Prefer not to say,North East,Bronze,True
CUST02786,187,7,532.77,2,3,3,233,2.67,At Risk,25-34,Prefer not to say,South East,Bronze,True
CUST02787,292,6,1399.9299999999998,1,3,4,134,2.67,Lost,25-34,Female,South East,Bronze,True
CUST02788,64,3,116.15,3,1,1,311,1.67,New Customer,65+,Male,London,Bronze,True
CUST02789,172,8,1126.03,2,4,4,244,3.33,At Risk,65+,Male,South East,Silver,True
CUST02790,57,10,1573.79,3,4,4,344,3.67,Champion,65+,Female,South East,Bronze,True
CUST02791,18,4,575.8599999999999,4,1,3,413,2.67,New Customer,35-44,Female,Scotland,Silver,True
CUST02792,330,6,346.95,1,3,2,132,2.0,Lost,25-34,Female,East of England,Bronze,True
CUST02793,223,3,405.85,2,1,2,212,1.67,Needs Attention,55-64,Prefer not to say,South West,Gold,True
CUST02794,182,1,1.89,2,1,1,211,1.33,Needs Attention,65+,Female,North West,Silver,True
CUST02795,116,8,505.61999999999995,3,4,2,342,3.0,Loyal,45-54,Prefer not to say,North West,Bronze,True
CUST02796,143,7,225.85000000000002,2,3,1,231,2.0,At Risk,18-24,Male,South West,Platinum,True
CUST02797,184,6,227.79000000000002,2,3,1,231,2.0,At Risk,18-24,Female,East Midlands,Silver,True
CUST02798,35,6,217.68,4,3,1,431,2.67,Loyal,25-34,Male,East of England,Platinum,True
CUST02799,78,4,223.31,3,1,1,311,1.67,New Customer,55-64,Female,Scotland,Silver,False
CUST02800,471,4,606.8100000000001,1,1,3,113,1.67,Lost,35-44,Male,South West,Platinum,True
CUST02801,298,6,406.37,1,3,2,132,2.0,Lost,55-64,Female,North West,Bronze,False
CUST02802,221,7,353.43,2,3,2,232,2.33,At Risk,45-54,Prefer not to say,South East,Bronze,True
CUST02803,85,2,106.32,3,1,1,311,1.67,New Customer,65+,Male,Scotland,Silver,True
CUST02804,309,4,60.12,1,1,1,111,1.0,Lost,18-24,Male,North East,Bronze,True
CUST02805,106,8,1638.19,3,4,4,344,3.67,Champion,18-24,Male,North West,Bronze,True
CUST02806,25,5,756.77,4,2,3,423,3.0,Loyal,55-64,Male,West Midlands,Gold,True
CUST02807,25,7,1612.0,4,3,4,434,3.67,Champion,35-44,Prefer not to say,West Midlands,Bronze,True
CUST02808,9,6,754.33,4,3,3,433,3.33,Champion,65+,Female,Scotland,Silver,True
CUST02809,102,5,373.93,3,2,2,322,2.33,Loyal,45-54,Female,East of England,Bronze,False
CUST02810,123,9,925.83,3,4,4,344,3.67,Champion,18-24,Male,Wales,Silver,True
CUST02811,122,9,761.19,3,4,3,343,3.33,Champion,25-34,Male,West Midlands,Platinum,True
CUST02812,105,6,165.0,3,3,1,331,2.33,Loyal,25-34,Prefer not to say,South West,Bronze,False
CUST02813,120,6,480.72,3,3,2,332,2.67,Loyal,18-24,Female,North West,Silver,True
CUST02814,62,10,1284.6,3,4,4,344,3.67,Champion,18-24,Female,South East,Silver,True
CUST02815,410,2,226.27999999999997,1,1,1,111,1.0,Lost,45-54,Female,North West,Gold,False
CUST02816,46,4,90.25,4,1,1,411,2.0,New Customer,18-24,Prefer not to say,South West,Silver,True
CUST02817,149,11,677.5200000000001,2,4,3,243,3.0,At Risk,55-64,Prefer not to say,South East,Silver,True
CUST02818,82,2,263.29,3,1,1,311,1.67,New Customer,35-44,Male,South East,Bronze,False
CUST02819,60,9,818.9200000000001,3,4,3,343,3.33,Champion,25-34,Prefer not to say,North West,Bronze,False
CUST02820,70,1,9.95,3,1,1,311,1.67,New Customer,65+,Female,North West,Bronze,True
CUST02821,174,7,641.3,2,3,3,233,2.67,At Risk,35-44,Female,Yorkshire,Platinum,True
CUST02822,39,9,757.12,4,4,3,443,3.67,Champion,65+,Prefer not to say,West Midlands,Bronze,True
CUST02823,172,3,84.62,2,1,1,211,1.33,Needs Attention,35-44,Male,London,Silver,True
CUST02824,227,8,855.48,2,4,3,243,3.0,At Risk,18-24,Male,North West,Bronze,True
CUST02825,203,6,334.12,2,3,2,232,2.33,At Risk,45-54,Prefer not to say,South West,Bronze,True
CUST02826,17,6,191.01,4,3,1,431,2.67,Loyal,18-24,Male,Yorkshire,Silver,True
CUST02827,188,8,276.23,2,4,2,242,2.67,At Risk,18-24,Male,South East,Bronze,True
CUST02828,4,6,211.5,4,3,1,431,2.67,Loyal,55-64,Male,East Midlands,Bronze,True
CUST02829,132,4,295.24,2,1,2,212,1.67,Needs Attention,25-34,Female,Yorkshire,Gold,True
CUST02830,67,6,201.66,3,3,1,331,2.33,Loyal,45-54,Prefer not to say,West Midlands,Bronze,True
CUST02831,173,9,1149.53,2,4,4,244,3.33,At Risk,18-24,Female,London,Bronze,True
CUST02832,175,8,695.8,2,4,3,243,3.0,At Risk,65+,Prefer not to say,Scotland,Gold,True
CUST02833,36,10,1534.3,4,4,4,444,4.0,Champion,35-44,Prefer not to say,London,Bronze,True
CUST02834,67,6,1252.7,3,3,4,334,3.33,Champion,18-24,Female,London,Bronze,True
CUST02835,159,4,765.88,2,1,3,213,2.0,Needs Attention,25-34,Male,North West,Silver,True
CUST02836,86,7,731.47,3,3,3,333,3.0,Champion,18-24,Female,South East,Platinum,True
CUST02837,37,9,592.22,4,4,3,443,3.67,Champion,45-54,Male,West Midlands,Bronze,False
CUST02838,420,3,132.02,1,1,1,111,1.0,Lost,55-64,Female,London,Silver,True
CUST02839,15,5,399.34999999999997,4,2,2,422,2.67,Loyal,55-64,Female,Scotland,Bronze,True
CUST02840,284,4,116.45000000000002,1,1,1,111,1.0,Lost,45-54,Prefer not to say,South East,Bronze,True
CUST02841,447,3,995.6300000000001,1,1,4,114,2.0,Lost,55-64,Female,South West,Bronze,True
CUST02842,65,4,366.83,3,1,2,312,2.0,New Customer,35-44,Male,Yorkshire,Silver,True
CUST02843,2,9,1596.42,4,4,4,444,4.0,Champion,65+,Male,South East,Silver,True
CUST02844,580,5,260.99,1,2,1,121,1.33,Lost,45-54,Male,South East,Bronze,False
CUST02845,72,4,184.82,3,1,1,311,1.67,New Customer,55-64,Male,South East,Gold,False
CUST02846,99,4,28.6,3,1,1,311,1.67,New Customer,55-64,Female,South West,Bronze,True
CUST02847,32,9,629.5500000000001,4,4,3,443,3.67,Champion,45-54,Prefer not to say,West Midlands,Bronze,True
CUST02848,713,4,214.92000000000002,1,1,1,111,1.0,Lost,65+,Female,West Midlands,Bronze,True
CUST02849,349,4,273.99,1,1,2,112,1.33,Lost,25-34,Female,London,Gold,True
CUST02850,121,9,504.53000000000003,3,4,2,342,3.0,Loyal,18-24,Female,East of England,Bronze,False
CUST02851,90,7,1103.6299999999999,3,3,4,334,3.33,Champion,65+,Prefer not to say,East Midlands,Bronze,True
CUST02852,104,7,485.65000000000003,3,3,2,332,2.67,Loyal,55-64,Female,East of England,Bronze,True
CUST02853,451,6,763.45,1,3,3,133,2.33,Lost,35-44,Prefer not to say,East of England,Silver,True
CUST02854,96,7,795.75,3,3,3,333,3.0,Champion,18-24,Female,North East,Silver,True
CUST02855,4,4,406.3,4,1,2,412,2.33,New Customer,18-24,Female,North West,Silver,True
CUST02856,598,2,17.47,1,1,1,111,1.0,Lost,18-24,Female,East of England,Bronze,False
CUST02857,250,3,778.69,2,1,3,213,2.0,Needs Attention,45-54,Prefer not to say,South East,Bronze,False
CUST02858,67,5,891.64,3,2,4,324,3.0,Loyal,55-64,Female,North West,Bronze,True
CUST02859,305,4,151.44,1,1,1,111,1.0,Lost,45-54,Prefer not to say,South East,Gold,False
CUST02860,368,8,542.06,1,4,3,143,2.67,Lost,25-34,Prefer not to say,Scotland,Gold,True
CUST02861,29,4,202.24,4,1,1,411,2.0,New Customer,65+,Male,London,Bronze,True
CUST02862,99,6,530.94,3,3,3,333,3.0,Champion,55-64,Female,East of England,Silver,True
CUST02863,307,5,939.11,1,2,4,124,2.33,Lost,35-44,Male,East Midlands,Bronze,True
CUST02865,113,4,151.59,3,1,1,311,1.67,New Customer,25-34,Female,Wales,Bronze,False
CUST02866,27,5,303.95,4,2,2,422,2.67,Loyal,55-64,Male,South East,Gold,True
CUST02867,448,7,518.43,1,3,3,133,2.33,Lost,45-54,Prefer not to say,London,Bronze,False
CUST02868,17,6,254.85999999999999,4,3,1,431,2.67,Loyal,18-24,Female,East Midlands,Silver,True
CUST02869,134,8,800.71,2,4,3,243,3.0,At Risk,18-24,Male,East of England,Gold,False
CUST02870,189,3,269.73,2,1,1,211,1.33,Needs Attention,65+,Male,North West,Silver,True
CUST02871,278,3,170.56,1,1,1,111,1.0,Lost,55-64,Prefer not to say,Scotland,Bronze,False
CUST02872,71,8,254.54,3,4,1,341,2.67,Loyal,25-34,Male,South West,Silver,True
CUST02873,21,5,265.53,4,2,1,421,2.33,Loyal,55-64,Female,London,Bronze,True
CUST02874,46,14,2133.04,4,4,4,444,4.0,Champion,18-24,Male,North West,Gold,True
CUST02875,107,8,513.18,3,4,3,343,3.33,Champion,35-44,Female,West Midlands,Bronze,True
CUST02876,83,9,299.51,3,4,2,342,3.0,Loyal,65+,Female,South East,Gold,True
CUST02877,117,7,321.91,3,3,2,332,2.67,Loyal,45-54,Prefer not to say,South East,Bronze,True
CUST02878,83,6,675.2,3,3,3,333,3.0,Champion,18-24,Prefer not to say,East of England,Silver,True
CUST02879,183,5,659.28,2,2,3,223,2.33,At Risk,25-34,Male,West Midlands,Bronze,False
CUST02880,248,4,162.37,2,1,1,211,1.33,Needs Attention,35-44,Male,South East,Bronze,False
CUST02881,3,5,127.51,4,2,1,421,2.33,Loyal,45-54,Prefer not to say,South East,Bronze,False
CUST02882,182,8,915.72,2,4,4,244,3.33,At Risk,18-24,Male,London,Bronze,True
CUST02883,40,7,149.84,4,3,1,431,2.67,Loyal,55-64,Prefer not to say,North East,Bronze,True
CUST02884,801,2,165.57,1,1,1,111,1.0,Lost,18-24,Female,London,Platinum,True
CUST02885,7,9,1118.17,4,4,4,444,4.0,Champion,35-44,Female,Yorkshire,Bronze,False
CUST02886,39,10,317.90999999999997,4,4,2,442,3.33,Loyal,45-54,Male,South West,Bronze,True
CUST02887,160,7,501.23,2,3,2,232,2.33,At Risk,18-24,Female,London,Bronze,False
CUST02888,7,7,473.99,4,3,2,432,3.0,Loyal,25-34,Male,Wales,Bronze,False
CUST02889,584,3,163.59,1,1,1,111,1.0,Lost,18-24,Male,London,Silver,True
CUST02890,93,7,445.59000000000003,3,3,2,332,2.67,Loyal,18-24,Female,London,Bronze,True
CUST02891,1,5,217.22,4,2,1,421,2.33,Loyal,35-44,Prefer not to say,London,Bronze,True
CUST02892,198,12,1237.45,2,4,4,244,3.33,At Risk,18-24,Prefer not to say,South East,Bronze,True
CUST02893,7,7,1444.58,4,3,4,434,3.67,Champion,18-24,Female,London,Silver,True
CUST02894,113,6,311.53000000000003,3,3,2,332,2.67,Loyal,35-44,Male,Yorkshire,Platinum,True
CUST02895,83,10,776.11,3,4,3,343,3.33,Champion,35-44,Female,Scotland,Bronze,False
CUST02896,343,6,1421.5900000000001,1,3,4,134,2.67,Lost,18-24,Prefer not to say,Yorkshire,Silver,True
CUST02897,29,10,663.07,4,4,3,443,3.67,Champion,18-24,Male,Scotland,Bronze,True
CUST02898,68,3,788.01,3,1,3,313,2.33,New Customer,65+,Female,South East,Bronze,False
CUST02899,457,5,476.59000000000003,1,2,2,122,1.67,Lost,35-44,Female,East Midlands,Gold,True
CUST02900,47,9,948.9899999999999,4,4,4,444,4.0,Champion,25-34,Male,West Midlands,Silver,True
CUST02901,11,7,204.57,4,3,1,431,2.67,Loyal,55-64,Prefer not to say,Yorkshire,Bronze,True
CUST02902,8,8,1227.29,4,4,4,444,4.0,Champion,18-24,Male,North West,Silver,True
CUST02903,60,5,240.53,3,2,1,321,2.0,Loyal,35-44,Female,East Midlands,Platinum,True
CUST02904,490,4,321.54,1,1,2,112,1.33,Lost,55-64,Female,London,Gold,False
CUST02905,254,4,492.59,2,1,2,212,1.67,Needs Attention,65+,Female,South East,Bronze,True
CUST02906,16,5,318.7,4,2,2,422,2.67,Loyal,35-44,Female,East of England,Bronze,True
CUST02907,14,6,491.03000000000003,4,3,2,432,3.0,Loyal,35-44,Male,South West,Bronze,True
CUST02908,12,8,370.16999999999996,4,4,2,442,3.33,Loyal,55-64,Prefer not to say,London,Bronze,True
CUST02909,581,4,304.01,1,1,2,112,1.33,Lost,55-64,Prefer not to say,London,Silver,True
CUST02910,757,5,49.97,1,2,1,121,1.33,Lost,25-34,Female,North West,Gold,True
CUST02911,13,8,554.81,4,4,3,443,3.67,Champion,25-34,Male,South East,Bronze,True
CUST02912,27,4,280.54,4,1,2,412,2.33,New Customer,18-24,Prefer not to say,South East,Bronze,True
CUST02913,622,2,97.19,1,1,1,111,1.0,Lost,45-54,Female,North West,Silver,True
CUST02914,31,7,382.33,4,3,2,432,3.0,Loyal,18-24,Male,South East,Bronze,True
CUST02915,41,6,1235.16,4,3,4,434,3.67,Champion,65+,Male,West Midlands,Bronze,True
CUST02916,292,11,1647.09,1,4,4,144,3.0,Lost,65+,Prefer not to say,Scotland,Bronze,True
CUST02918,150,7,329.58000000000004,2,3,2,232,2.33,At Risk,25-34,Prefer not to say,London,Bronze,True
CUST02919,149,11,960.07,2,4,4,244,3.33,At Risk,35-44,Prefer not to say,South East,Bronze,True
CUST02920,194,8,380.14,2,4,2,242,2.67,At Risk,45-54,Male,Wales,Gold,False
CUST02921,14,6,731.78,4,3,3,433,3.33,Champion,55-64,Male,South East,Gold,True
CUST02922,19,6,628.11,4,3,3,433,3.33,Champion,18-24,Prefer not to say,East Midlands,Bronze,True
CUST02923,115,7,415.41,3,3,2,332,2.67,Loyal,45-54,Prefer not to say,East of England,Silver,True
CUST02924,147,6,903.91,2,3,4,234,3.0,At Risk,45-54,Male,South West,Bronze,True
CUST02925,115,7,1668.91,3,3,4,334,3.33,Champion,18-24,Prefer not to say,Yorkshire,Bronze,True
CUST02926,180,4,947.6299999999999,2,1,4,214,2.33,Needs Attention,18-24,Female,North West,Bronze,True
CUST02927,342,8,797.27,1,4,3,143,2.67,Lost,65+,Prefer not to say,East of England,Gold,True
CUST02928,1047,3,56.019999999999996,1,1,1,111,1.0,Lost,65+,Female,North West,Bronze,True
CUST02929,143,12,1855.8899999999999,2,4,4,244,3.33,At Risk,65+,Prefer not to say,West Midlands,Bronze,True
CUST02930,200,5,646.66,2,2,3,223,2.33,At Risk,65+,Female,South East,Bronze,True
CUST02931,164,8,733.76,2,4,3,243,3.0,At Risk,25-34,Male,North West,Bronze,False
CUST02932,209,5,555.32,2,2,3,223,2.33,At Risk,55-64,Male,South West,Bronze,True
CUST02933,30,11,492.79,4,4,2,442,3.33,Loyal,45-54,Female,West Midlands,Silver,True
CUST02934,80,5,1051.43,3,2,4,324,3.0,Loyal,25-34,Female,South East,Bronze,True
CUST02935,133,9,494.32,2,4,2,242,2.67,At Risk,25-34,Female,North West,Silver,True
CUST02936,219,4,211.1,2,1,1,211,1.33,Needs Attention,45-54,Male,London,Gold,True
CUST02937,9,7,453.85,4,3,2,432,3.0,Loyal,45-54,Female,Yorkshire,Bronze,False
CUST02938,6,6,502.83000000000004,4,3,2,432,3.0,Loyal,25-34,Female,South West,Silver,True
CUST02939,89,7,980.14,3,3,4,334,3.33,Champion,55-64,Prefer not to say,South East,Silver,True
CUST02940,214,4,453.96999999999997,2,1,2,212,1.67,Needs Attention,55-64,Male,North East,Bronze,False
CUST02941,63,5,329.69,3,2,2,322,2.33,Loyal,18-24,Female,West Midlands,Bronze,True
CUST02942,104,2,72.30000000000001,3,1,1,311,1.67,New Customer,35-44,Male,South West,Gold,False
CUST02943,30,7,1634.9399999999998,4,3,4,434,3.67,Champion,45-54,Male,Wales,Bronze,True
CUST02944,82,5,326.39,3,2,2,322,2.33,Loyal,35-44,Prefer not to say,South West,Platinum,True
CUST02945,1,9,482.23,4,4,2,442,3.33,Loyal,55-64,Female,East Midlands,Bronze,True
CUST02946,31,9,833.85,4,4,3,443,3.67,Champion,18-24,Male,South East,Silver,True
CUST02947,20,5,1440.8000000000002,4,2,4,424,3.33,Loyal,35-44,Female,East of England,Bronze,True
CUST02948,166,4,703.89,2,1,3,213,2.0,Needs Attention,25-34,Female,North West,Silver,True
CUST02949,139,6,514.15,2,3,3,233,2.67,At Risk,55-64,Female,East Midlands,Bronze,False
CUST02950,383,6,872.8399999999999,1,3,4,134,2.67,Lost,35-44,Female,North West,Silver,True
CUST02951,112,8,978.45,3,4,4,344,3.67,Champion,45-54,Female,East Midlands,Gold,True
CUST02952,266,7,421.51,1,3,2,132,2.0,Lost,25-34,Female,London,Silver,True
CUST02953,17,4,254.61,4,1,1,411,2.0,New Customer,18-24,Female,East of England,Silver,True
CUST02954,257,6,619.36,2,3,3,233,2.67,At Risk,65+,Male,Scotland,Silver,True
CUST02955,80,7,527.27,3,3,3,333,3.0,Champion,45-54,Prefer not to say,South West,Bronze,True
CUST02956,141,4,422.75,2,1,2,212,1.67,Needs Attention,25-34,Male,London,Platinum,True
CUST02957,22,5,738.14,4,2,3,423,3.0,Loyal,55-64,Female,London,Gold,True
CUST02958,379,3,413.8,1,1,2,112,1.33,Lost,45-54,Prefer not to say,East Midlands,Bronze,False
CUST02960,16,7,498.96000000000004,4,3,2,432,3.0,Loyal,45-54,Prefer not to say,London,Silver,False
CUST02961,78,4,223.12,3,1,1,311,1.67,New Customer,25-34,Male,South East,Bronze,False
CUST02962,210,8,660.81,2,4,3,243,3.0,At Risk,65+,Male,London,Gold,True
CUST02963,40,7,906.44,4,3,4,434,3.67,Champion,55-64,Male,London,Silver,True
CUST02964,139,9,1237.05,2,4,4,244,3.33,At Risk,35-44,Male,South East,Bronze,True
CUST02965,219,6,213.85000000000002,2,3,1,231,2.0,At Risk,65+,Male,North West,Bronze,True
CUST02966,216,6,349.0,2,3,2,232,2.33,At Risk,35-44,Female,South East,Silver,True
CUST02967,38,7,1281.04,4,3,4,434,3.67,Champion,45-54,Prefer not to say,Scotland,Bronze,True
CUST02968,139,9,377.60999999999996,2,4,2,242,2.67,At Risk,18-24,Male,Scotland,Silver,False
CUST02969,702,3,386.51,1,1,2,112,1.33,Lost,55-64,Prefer not to say,West Midlands,Silver,True
CUST02970,20,3,52.64,4,1,1,411,2.0,New Customer,18-24,Female,East of England,Bronze,True
CUST02971,47,6,662.78,4,3,3,433,3.33,Champion,45-54,Female,East Midlands,Silver,True
CUST02972,191,3,311.12,2,1,2,212,1.67,Needs Attention,45-54,Male,Yorkshire,Gold,False
CUST02973,201,6,493.28999999999996,2,3,2,232,2.33,At Risk,25-34,Female,South East,Silver,True
CUST02974,117,7,504.5,3,3,2,332,2.67,Loyal,25-34,Female,Scotland,Platinum,True
CUST02975,80,8,1780.81,3,4,4,344,3.67,Champion,18-24,Female,North East,Silver,True
CUST02976,362,3,32.480000000000004,1,1,1,111,1.0,Lost,45-54,Female,East Midlands,Silver,True
CUST02977,48,9,960.19,4,4,4,444,4.0,Champion,25-34,Prefer not to say,South East,Bronze,True
CUST02978,169,8,1358.53,2,4,4,244,3.33,At Risk,55-64,Prefer not to say,North West,Bronze,True
CUST02979,35,9,567.33,4,4,3,443,3.67,Champion,35-44,Male,North West,Bronze,True
CUST02980,60,6,229.85,3,3,1,331,2.33,Loyal,25-34,Male,East of England,Silver,True
CUST02981,74,8,281.59,3,4,2,342,3.0,Loyal,25-34,Prefer not to say,North West,Gold,True
CUST02982,35,7,1821.72,4,3,4,434,3.67,Champion,18-24,Prefer not to say,South East,Bronze,True
CUST02983,12,8,210.96,4,4,1,441,3.0,Loyal,55-64,Male,London,Gold,True
CUST02984,24,7,1157.42,4,3,4,434,3.67,Champion,25-34,Male,South East,Bronze,False
CUST02985,469,5,512.89,1,2,3,123,2.0,Lost,65+,Prefer not to say,South West,Silver,False
CUST02986,142,5,774.85,2,2,3,223,2.33,At Risk,45-54,Female,Yorkshire,Bronze,True
CUST02987,630,4,607.3,1,1,3,113,1.67,Lost,18-24,Prefer not to say,East Midlands,Silver,True
CUST02988,136,9,430.66999999999996,2,4,2,242,2.67,At Risk,18-24,Prefer not to say,Yorkshire,Bronze,False
CUST02989,56,5,604.15,3,2,3,323,2.67,Loyal,25-34,Female,West Midlands,Platinum,True
CUST02990,91,6,493.28,3,3,2,332,2.67,Loyal,25-34,Prefer not to say,Yorkshire,Silver,True
CUST02991,311,5,322.6,1,2,2,122,1.67,Lost,18-24,Male,South East,Gold,True
CUST02992,76,4,572.31,3,1,3,313,2.33,New Customer,18-24,Male,South West,Gold,True
CUST02993,197,4,427.37,2,1,2,212,1.67,Needs Attention,45-54,Female,East Midlands,Silver,False
CUST02994,148,9,704.54,2,4,3,243,3.0,At Risk,25-34,Female,South East,Silver,True
CUST02995,192,4,317.84,2,1,2,212,1.67,Needs Attention,35-44,Prefer not to say,South West,Silver,True
CUST02996,380,2,165.64,1,1,1,111,1.0,Lost,35-44,Prefer not to say,North West,Gold,False
CUST02997,46,9,508.82,4,4,3,443,3.67,Champion,65+,Female,South West,Bronze,True
CUST02998,368,5,175.0,1,2,1,121,1.33,Lost,55-64,Male,Wales,Silver,True
CUST02999,270,7,1153.1799999999998,1,3,4,134,2.67,Lost,18-24,Prefer not to say,South West,Bronze,True
CUST03000,36,7,1328.58,4,3,4,434,3.67,Champion,18-24,Prefer not to say,London,Gold,True
CUST03001,154,5,543.5300000000001,2,2,3,223,2.33,At Risk,45-54,Prefer not to say,London,Bronze,False
CUST03002,42,5,285.04,4,2,2,422,2.67,Loyal,45-54,Prefer not to say,Yorkshire,Gold,True
CUST03003,27,7,150.29,4,3,1,431,2.67,Loyal,65+,Male,East Midlands,Silver,True
CUST03004,690,2,7.96,1,1,1,111,1.0,Lost,35-44,Prefer not to say,Scotland,Bronze,True
CUST03005,38,4,324.46000000000004,4,1,2,412,2.33,New Customer,55-64,Prefer not to say,Yorkshire,Silver,True
CUST03006,395,5,572.22,1,2,3,123,2.0,Lost,65+,Male,West Midlands,Bronze,True
CUST03007,68,6,549.28,3,3,3,333,3.0,Champion,55-64,Prefer not to say,London,Gold,True
CUST03008,119,7,643.97,3,3,3,333,3.0,Champion,35-44,Prefer not to say,South East,Silver,True
CUST03009,33,7,1028.63,4,3,4,434,3.67,Champion,65+,Male,London,Gold,True
CUST03010,191,6,358.76,2,3,2,232,2.33,At Risk,18-24,Prefer not to say,South West,Gold,True
CUST03011,263,8,1345.72,1,4,4,144,3.0,Lost,55-64,Prefer not to say,Wales,Silver,True
CUST03012,65,14,1060.6,3,4,4,344,3.67,Champion,45-54,Prefer not to say,North West,Silver,True
CUST03013,244,7,596.0400000000001,2,3,3,233,2.67,At Risk,65+,Male,East of England,Silver,True
CUST03014,18,9,1546.17,4,4,4,444,4.0,Champion,25-34,Female,East Midlands,Gold,True
CUST03015,74,6,443.96999999999997,3,3,2,332,2.67,Loyal,45-54,Female,London,Bronze,True
CUST03016,216,5,1276.0,2,2,4,224,2.67,At Risk,45-54,Prefer not to say,South West,Platinum,True
CUST03017,94,8,510.85999999999996,3,4,3,343,3.33,Champion,35-44,Prefer not to say,East Midlands,Gold,True
CUST03018,201,5,175.63,2,2,1,221,1.67,At Risk,45-54,Male,South West,Platinum,True
CUST03019,3,6,369.19000000000005,4,3,2,432,3.0,Loyal,65+,Prefer not to say,London,Bronze,False
CUST03020,79,10,1037.42,3,4,4,344,3.67,Champion,18-24,Female,South East,Silver,True
CUST03021,442,5,434.87,1,2,2,122,1.67,Lost,45-54,Female,North West,Silver,True
CUST03022,34,2,21.73,4,1,1,411,2.0,New Customer,18-24,Male,North West,Bronze,True
CUST03023,143,4,510.78000000000003,2,1,3,213,2.0,Needs Attention,35-44,Prefer not to say,Yorkshire,Bronze,True
CUST03024,245,3,230.58,2,1,1,211,1.33,Needs Attention,18-24,Prefer not to say,South East,Bronze,True
CUST03025,177,5,1803.3,2,2,4,224,2.67,At Risk,65+,Male,South East,Bronze,False
CUST03026,425,9,1058.25,1,4,4,144,3.0,Lost,25-34,Prefer not to say,Yorkshire,Bronze,True
CUST03027,633,3,87.06,1,1,1,111,1.0,Lost,25-34,Female,East Midlands,Gold,True
CUST03028,13,5,915.29,4,2,4,424,3.33,Loyal,65+,Male,London,Bronze,True
CUST03029,344,4,462.67,1,1,2,112,1.33,Lost,35-44,Prefer not to say,North West,Silver,True
CUST03030,61,9,573.0,3,4,3,343,3.33,Champion,65+,Female,East of England,Gold,True
CUST03031,82,2,148.36,3,1,1,311,1.67,New Customer,45-54,Prefer not to say,Scotland,Bronze,True
CUST03032,155,11,1155.66,2,4,4,244,3.33,At Risk,65+,Female,East Midlands,Silver,True
CUST03033,1,2,112.55,4,1,1,411,2.0,New Customer,25-34,Female,South East,Bronze,True
CUST03034,45,6,294.98,4,3,2,432,3.0,Loyal,55-64,Male,West Midlands,Gold,True
CUST03035,248,5,313.17,2,2,2,222,2.0,At Risk,65+,Prefer not to say,Scotland,Silver,False
CUST03036,208,5,377.96,2,2,2,222,2.0,At Risk,35-44,Prefer not to say,South East,Bronze,True
CUST03037,760,2,14.27,1,1,1,111,1.0,Lost,55-64,Prefer not to say,South East,Bronze,True
CUST03038,9,6,1248.1499999999999,4,3,4,434,3.67,Champion,35-44,Male,North West,Silver,False
CUST03039,238,6,961.45,2,3,4,234,3.0,At Risk,65+,Female,South East,Bronze,True
CUST03040,686,2,225.17000000000002,1,1,1,111,1.0,Lost,45-54,Male,Yorkshire,Bronze,True
CUST03041,230,3,272.23,2,1,2,212,1.67,Needs Attention,65+,Female,South West,Gold,False
CUST03042,141,9,2043.96,2,4,4,244,3.33,At Risk,65+,Female,West Midlands,Platinum,True
CUST03043,81,9,1744.67,3,4,4,344,3.67,Champion,25-34,Female,East Midlands,Bronze,True
CUST03044,186,4,77.61,2,1,1,211,1.33,Needs Attention,35-44,Male,West Midlands,Platinum,True
CUST03045,5,5,318.19,4,2,2,422,2.67,Loyal,25-34,Female,East Midlands,Gold,False
CUST03046,530,6,634.21,1,3,3,133,2.33,Lost,25-34,Male,North West,Silver,True
CUST03047,132,8,847.3,2,4,3,243,3.0,At Risk,35-44,Male,South West,Bronze,True
CUST03048,184,8,642.87,2,4,3,243,3.0,At Risk,25-34,Prefer not to say,South East,Silver,True
CUST03049,80,5,498.43,3,2,2,322,2.33,Loyal,35-44,Female,South East,Bronze,False
CUST03050,82,5,76.63,3,2,1,321,2.0,Loyal,35-44,Male,London,Silver,True
CUST03051,21,7,425.79,4,3,2,432,3.0,Loyal,65+,Female,West Midlands,Gold,True
CUST03052,316,7,705.94,1,3,3,133,2.33,Lost,45-54,Male,South East,Bronze,False
CUST03053,16,9,685.77,4,4,3,443,3.67,Champion,45-54,Female,Scotland,Silver,True
CUST03054,441,2,63.73,1,1,1,111,1.0,Lost,45-54,Male,East of England,Silver,True
CUST03055,363,7,304.83,1,3,2,132,2.0,Lost,55-64,Male,London,Gold,True
CUST03056,414,4,321.19,1,1,2,112,1.33,Lost,18-24,Female,Yorkshire,Platinum,True
CUST03057,69,3,95.92,3,1,1,311,1.67,New Customer,25-34,Prefer not to say,Yorkshire,Bronze,True
CUST03058,122,10,2112.1800000000003,3,4,4,344,3.67,Champion,35-44,Male,North West,Silver,True
CUST03059,33,8,746.96,4,4,3,443,3.67,Champion,65+,Male,London,Bronze,True
CUST03060,60,4,956.17,3,1,4,314,2.67,New Customer,55-64,Male,North West,Bronze,True
CUST03061,56,6,1123.73,3,3,4,334,3.33,Champion,45-54,Female,East of England,Silver,True
CUST03062,135,8,1189.72,2,4,4,244,3.33,At Risk,65+,Female,West Midlands,Bronze,True
CUST03063,110,5,238.16000000000003,3,2,1,321,2.0,Loyal,25-34,Female,North East,Bronze,False
CUST03064,206,6,685.73,2,3,3,233,2.67,At Risk,45-54,Male,West Midlands,Bronze,True
CUST03065,101,8,604.59,3,4,3,343,3.33,Champion,55-64,Male,South West,Gold,True
CUST03066,198,5,1315.86,2,2,4,224,2.67,At Risk,55-64,Male,North West,Bronze,True
CUST03067,149,2,33.01,2,1,1,211,1.33,Needs Attention,55-64,Male,London,Silver,True
CUST03068,256,3,248.01,2,1,1,211,1.33,Needs Attention,25-34,Prefer not to say,East of England,Gold,True
CUST03069,204,7,1050.2,2,3,4,234,3.0,At Risk,45-54,Male,South West,Bronze,True
CUST03070,66,5,267.43,3,2,1,321,2.0,Loyal,35-44,Female,London,Gold,True
CUST03071,113,9,900.85,3,4,4,344,3.67,Champion,55-64,Female,East Midlands,Bronze,True
CUST03072,298,6,777.1,1,3,3,133,2.33,Lost,25-34,Prefer not to say,South East,Bronze,True
CUST03073,316,5,695.98,1,2,3,123,2.0,Lost,18-24,Prefer not to say,North West,Gold,True
CUST03074,158,4,333.01,2,1,2,212,1.67,Needs Attention,35-44,Prefer not to say,London,Silver,True
CUST03075,30,8,1750.4399999999998,4,4,4,444,4.0,Champion,18-24,Male,North West,Silver,True
CUST03076,89,8,511.15,3,4,3,343,3.33,Champion,25-34,Male,South East,Bronze,True
CUST03077,140,5,253.79999999999998,2,2,1,221,1.67,At Risk,55-64,Prefer not to say,East Midlands,Bronze,True
CUST03078,59,4,142.12,3,1,1,311,1.67,New Customer,65+,Female,East of England,Silver,True
CUST03079,84,8,1101.3,3,4,4,344,3.67,Champion,55-64,Prefer not to say,West Midlands,Silver,False
CUST03080,318,3,146.15,1,1,1,111,1.0,Lost,45-54,Prefer not to say,East of England,Silver,True
CUST03081,179,4,565.13,2,1,3,213,2.0,Needs Attention,18-24,Female,London,Bronze,True
CUST03082,8,9,1674.32,4,4,4,444,4.0,Champion,18-24,Female,South East,Silver,True
CUST03083,191,1,54.26,2,1,1,211,1.33,Needs Attention,25-34,Male,East of England,Silver,True
CUST03084,146,2,59.99,2,1,1,211,1.33,Needs Attention,65+,Female,South East,Platinum,True
CUST03085,329,3,147.66,1,1,1,111,1.0,Lost,35-44,Female,North West,Silver,True
CUST03086,262,6,224.44,1,3,1,131,1.67,Lost,45-54,Prefer not to say,West Midlands,Bronze,True
CUST03087,115,4,272.78,3,1,2,312,2.0,New Customer,55-64,Female,South West,Bronze,True
CUST03088,178,5,467.65,2,2,2,222,2.0,At Risk,18-24,Female,South East,Bronze,True
CUST03089,112,4,597.6700000000001,3,1,3,313,2.33,New Customer,18-24,Male,Yorkshire,Bronze,True
CUST03090,114,11,635.1899999999999,3,4,3,343,3.33,Champion,45-54,Female,London,Bronze,True
CUST03091,151,7,254.45,2,3,1,231,2.0,At Risk,45-54,Female,Yorkshire,Silver,True
CUST03092,7,14,1813.01,4,4,4,444,4.0,Champion,35-44,Prefer not to say,South East,Silver,True
CUST03093,23,5,468.27000000000004,4,2,2,422,2.67,Loyal,18-24,Female,South West,Bronze,True
CUST03094,18,4,373.61,4,1,2,412,2.33,New Customer,45-54,Prefer not to say,East Midlands,Platinum,True
CUST03095,355,4,84.83,1,1,1,111,1.0,Lost,65+,Prefer not to say,Scotland,Bronze,True
CUST03096,8,6,185.79999999999998,4,3,1,431,2.67,Loyal,65+,Male,Yorkshire,Silver,True
CUST03097,78,3,386.22,3,1,2,312,2.0,New Customer,45-54,Female,East Midlands,Bronze,False
CUST03098,87,7,505.4,3,3,2,332,2.67,Loyal,55-64,Male,London,Silver,True
CUST03099,22,5,311.68,4,2,2,422,2.67,Loyal,55-64,Male,London,Silver,True
CUST03100,585,2,76.18,1,1,1,111,1.0,Lost,45-54,Female,West Midlands,Silver,False
CUST03101,180,8,522.2,2,4,3,243,3.0,At Risk,55-64,Prefer not to say,London,Bronze,True
CUST03102,20,4,389.73,4,1,2,412,2.33,New Customer,55-64,Female,North West,Platinum,True
CUST03103,162,5,152.65,2,2,1,221,1.67,At Risk,45-54,Male,East of England,Silver,True
CUST03104,266,2,82.59,1,1,1,111,1.0,Lost,25-34,Male,London,Silver,False
CUST03105,172,8,482.75,2,4,2,242,2.67,At Risk,18-24,Female,East Midlands,Silver,True
CUST03106,25,12,814.34,4,4,3,443,3.67,Champion,55-64,Male,East of England,Silver,True
CUST03107,31,8,1122.61,4,4,4,444,4.0,Champion,25-34,Prefer not to say,North West,Silver,False
CUST03108,258,2,65.77,2,1,1,211,1.33,Needs Attention,18-24,Female,South East,Platinum,True
CUST03109,280,6,572.49,1,3,3,133,2.33,Lost,45-54,Prefer not to say,North West,Bronze,True
CUST03110,533,4,388.57,1,1,2,112,1.33,Lost,25-34,Female,West Midlands,Silver,True
CUST03111,423,4,86.92,1,1,1,111,1.0,Lost,35-44,Prefer not to say,South West,Platinum,True
CUST03112,140,3,97.92999999999999,2,1,1,211,1.33,Needs Attention,45-54,Female,Wales,Bronze,True
CUST03113,617,5,359.35,1,2,2,122,1.67,Lost,45-54,Female,London,Silver,True
CUST03114,100,7,992.65,3,3,4,334,3.33,Champion,45-54,Female,North East,Gold,True
CUST03115,104,5,343.21,3,2,2,322,2.33,Loyal,18-24,Male,West Midlands,Bronze,True
CUST03116,33,8,449.21000000000004,4,4,2,442,3.33,Loyal,35-44,Male,London,Bronze,True
CUST03117,65,2,105.07,3,1,1,311,1.67,New Customer,55-64,Prefer not to say,Yorkshire,Gold,True
CUST03118,293,6,1105.9099999999999,1,3,4,134,2.67,Lost,55-64,Prefer not to say,East of England,Silver,True
CUST03119,53,10,1091.52,4,4,4,444,4.0,Champion,45-54,Female,West Midlands,Gold,True
CUST03120,632,3,319.28999999999996,1,1,2,112,1.33,Lost,45-54,Prefer not to say,London,Gold,False
CUST03121,69,6,1441.1000000000001,3,3,4,334,3.33,Champion,45-54,Male,East of England,Bronze,True
CUST03122,98,6,1057.14,3,3,4,334,3.33,Champion,65+,Male,South East,Silver,True
CUST03123,32,10,820.51,4,4,3,443,3.67,Champion,18-24,Female,West Midlands,Bronze,True
CUST03124,261,4,378.7,1,1,2,112,1.33,Lost,55-64,Male,West Midlands,Bronze,True
CUST03125,9,3,321.27,4,1,2,412,2.33,New Customer,65+,Prefer not to say,London,Silver,True
CUST03126,25,4,906.98,4,1,4,414,3.0,New Customer,65+,Prefer not to say,South East,Bronze,True
CUST03127,40,6,345.71,4,3,2,432,3.0,Loyal,35-44,Female,Wales,Bronze,True
CUST03128,79,9,702.48,3,4,3,343,3.33,Champion,55-64,Prefer not to say,West Midlands,Bronze,True
CUST03129,74,4,179.93,3,1,1,311,1.67,New Customer,35-44,Female,Wales,Silver,True
CUST03130,208,3,615.04,2,1,3,213,2.0,Needs Attention,18-24,Prefer not to say,North East,Gold,True
CUST03131,20,7,630.8199999999999,4,3,3,433,3.33,Champion,55-64,Female,London,Silver,True
CUST03132,790,2,91.71000000000001,1,1,1,111,1.0,Lost,45-54,Prefer not to say,South West,Silver,True
CUST03133,111,6,769.57,3,3,3,333,3.0,Champion,25-34,Male,East of England,Bronze,True
CUST03134,294,9,1389.3700000000001,1,4,4,144,3.0,Lost,55-64,Male,North West,Bronze,True
CUST03135,65,3,173.42000000000002,3,1,1,311,1.67,New Customer,18-24,Female,South West,Bronze,True
CUST03136,64,2,56.32,3,1,1,311,1.67,New Customer,65+,Prefer not to say,East of England,Bronze,True
CUST03137,179,4,67.72,2,1,1,211,1.33,Needs Attention,65+,Prefer not to say,South West,Gold,True
CUST03138,64,7,1080.24,3,3,4,334,3.33,Champion,35-44,Male,South East,Silver,True
CUST03139,26,6,868.64,4,3,3,433,3.33,Champion,35-44,Male,South West,Bronze,True
CUST03140,213,3,59.940000000000005,2,1,1,211,1.33,Needs Attention,55-64,Female,North West,Gold,True
CUST03141,99,9,1787.06,3,4,4,344,3.67,Champion,35-44,Male,South East,Bronze,True
CUST03142,246,3,167.76999999999998,2,1,1,211,1.33,Needs Attention,18-24,Prefer not to say,East of England,Bronze,True
CUST03143,407,2,317.99,1,1,2,112,1.33,Lost,35-44,Female,Yorkshire,Silver,True
CUST03144,170,13,1561.3600000000001,2,4,4,244,3.33,At Risk,45-54,Prefer not to say,East of England,Silver,True
CUST03145,263,5,369.82,1,2,2,122,1.67,Lost,65+,Prefer not to say,London,Gold,True
CUST03146,293,3,146.54,1,1,1,111,1.0,Lost,18-24,Male,London,Gold,True
CUST03147,325,2,34.38,1,1,1,111,1.0,Lost,35-44,Female,East of England,Bronze,True
CUST03148,159,4,886.59,2,1,4,214,2.33,Needs Attention,55-64,Prefer not to say,East of England,Platinum,True
CUST03149,149,11,1632.47,2,4,4,244,3.33,At Risk,55-64,Prefer not to say,West Midlands,Bronze,False
CUST03150,279,3,264.02,1,1,1,111,1.0,Lost,18-24,Female,South East,Gold,True
CUST03151,2,4,577.68,4,1,3,413,2.67,New Customer,35-44,Female,London,Gold,False
CUST03152,116,3,666.89,3,1,3,313,2.33,New Customer,45-54,Prefer not to say,East of England,Bronze,True
CUST03153,38,4,307.14,4,1,2,412,2.33,New Customer,25-34,Female,London,Gold,True
CUST03154,147,6,337.07000000000005,2,3,2,232,2.33,At Risk,65+,Male,Yorkshire,Gold,True
CUST03155,114,2,86.62,3,1,1,311,1.67,New Customer,25-34,Prefer not to say,West Midlands,Silver,False
CUST03156,140,6,1702.38,2,3,4,234,3.0,At Risk,25-34,Female,East of England,Bronze,True
CUST03157,128,5,139.23000000000002,3,2,1,321,2.0,Loyal,55-64,Prefer not to say,South West,Bronze,True
CUST03158,73,6,593.9200000000001,3,3,3,333,3.0,Champion,65+,Female,East of England,Silver,True
CUST03159,10,12,1046.88,4,4,4,444,4.0,Champion,45-54,Male,London,Bronze,True
CUST03160,114,5,309.12,3,2,2,322,2.33,Loyal,65+,Prefer not to say,South East,Silver,True
CUST03161,9,4,129.89,4,1,1,411,2.0,New Customer,18-24,Prefer not to say,London,Platinum,True
CUST03162,379,1,2.04,1,1,1,111,1.0,Lost,45-54,Prefer not to say,North West,Gold,False
CUST03163,66,9,2238.51,3,4,4,344,3.67,Champion,35-44,Female,North West,Silver,True
CUST03164,206,3,117.59,2,1,1,211,1.33,Needs Attention,25-34,Female,South West,Bronze,True
CUST03165,405,8,520.71,1,4,3,143,2.67,Lost,35-44,Female,Scotland,Gold,True
CUST03166,530,10,835.57,1,4,3,143,2.67,Lost,55-64,Prefer not to say,South East,Silver,True
CUST03167,188,8,1274.4699999999998,2,4,4,244,3.33,At Risk,25-34,Female,South West,Bronze,True
CUST03168,373,5,1455.46,1,2,4,124,2.33,Lost,45-54,Female,East of England,Bronze,True
CUST03169,4,6,2272.17,4,3,4,434,3.67,Champion,35-44,Female,Yorkshire,Silver,True
CUST03170,87,6,456.38,3,3,2,332,2.67,Loyal,65+,Prefer not to say,London,Gold,True
CUST03171,410,3,487.6,1,1,2,112,1.33,Lost,65+,Prefer not to say,London,Silver,True
CUST03172,368,5,486.40999999999997,1,2,2,122,1.67,Lost,35-44,Male,South East,Bronze,False
CUST03173,43,11,959.02,4,4,4,444,4.0,Champion,18-24,Prefer not to say,West Midlands,Gold,False
CUST03174,70,6,526.94,3,3,3,333,3.0,Champion,18-24,Prefer not to say,Yorkshire,Bronze,True
CUST03175,375,1,2.03,1,1,1,111,1.0,Lost,18-24,Male,East Midlands,Gold,False
CUST03176,409,4,218.82,1,1,1,111,1.0,Lost,65+,Female,East of England,Silver,True
CUST03177,59,7,2206.6,3,3,4,334,3.33,Champion,18-24,Female,Yorkshire,Silver,False
CUST03178,53,4,323.84,4,1,2,412,2.33,New Customer,65+,Male,South East,Silver,True
CUST03179,115,6,1249.65,3,3,4,334,3.33,Champion,65+,Prefer not to say,London,Bronze,True
CUST03180,84,9,2157.88,3,4,4,344,3.67,Champion,55-64,Prefer not to say,West Midlands,Bronze,True
CUST03181,73,4,502.95,3,1,2,312,2.0,New Customer,65+,Male,East Midlands,Bronze,False
CUST03182,47,8,567.17,4,4,3,443,3.67,Champion,35-44,Female,West Midlands,Silver,True
CUST03183,177,7,451.46000000000004,2,3,2,232,2.33,At Risk,18-24,Female,London,Gold,True
CUST03184,213,7,542.14,2,3,3,233,2.67,At Risk,45-54,Male,London,Silver,True
CUST03185,62,3,825.12,3,1,3,313,2.33,New Customer,35-44,Female,South East,Bronze,True
CUST03186,167,6,416.04,2,3,2,232,2.33,At Risk,18-24,Male,Scotland,Silver,False
CUST03187,85,6,263.46,3,3,1,331,2.33,Loyal,35-44,Male,East of England,Silver,True
CUST03188,304,5,322.72999999999996,1,2,2,122,1.67,Lost,35-44,Male,London,Platinum,True
CUST03189,191,3,416.84,2,1,2,212,1.67,Needs Attention,25-34,Female,East of England,Bronze,True
CUST03190,21,6,570.8399999999999,4,3,3,433,3.33,Champion,25-34,Prefer not to say,Scotland,Gold,True
CUST03191,468,7,691.75,1,3,3,133,2.33,Lost,55-64,Prefer not to say,South East,Gold,True
CUST03192,264,3,485.91,1,1,2,112,1.33,Lost,25-34,Prefer not to say,Wales,Bronze,True
CUST03193,731,4,93.08,1,1,1,111,1.0,Lost,55-64,Male,Scotland,Bronze,True
CUST03194,165,10,1310.8200000000002,2,4,4,244,3.33,At Risk,65+,Male,Wales,Platinum,True
CUST03195,195,6,387.0,2,3,2,232,2.33,At Risk,35-44,Male,Yorkshire,Platinum,True
CUST03196,154,5,323.02,2,2,2,222,2.0,At Risk,55-64,Female,Yorkshire,Bronze,False
CUST03197,69,6,283.72,3,3,2,332,2.67,Loyal,18-24,Prefer not to say,South East,Silver,True
CUST03198,58,12,1541.09,3,4,4,344,3.67,Champion,18-24,Male,South East,Bronze,True
CUST03199,135,5,696.9399999999999,2,2,3,223,2.33,At Risk,35-44,Male,London,Bronze,True
CUST03200,149,4,548.52,2,1,3,213,2.0,Needs Attention,65+,Prefer not to say,London,Bronze,True
CUST03201,222,3,286.37,2,1,2,212,1.67,Needs Attention,35-44,Female,South West,Gold,True
CUST03202,23,5,2018.0500000000002,4,2,4,424,3.33,Loyal,35-44,Male,North West,Silver,True
CUST03203,244,12,1533.1599999999999,2,4,4,244,3.33,At Risk,55-64,Prefer not to say,South East,Bronze,True
CUST03204,61,3,185.18,3,1,1,311,1.67,New Customer,45-54,Male,North East,Silver,True
CUST03205,11,6,175.41,4,3,1,431,2.67,Loyal,65+,Prefer not to say,East of England,Bronze,True
CUST03206,164,4,524.0500000000001,2,1,3,213,2.0,Needs Attention,55-64,Male,South West,Silver,True
CUST03207,13,8,536.4300000000001,4,4,3,443,3.67,Champion,65+,Female,London,Gold,False
CUST03208,12,8,1312.02,4,4,4,444,4.0,Champion,45-54,Prefer not to say,North West,Silver,True
CUST03209,265,3,99.17,1,1,1,111,1.0,Lost,65+,Prefer not to say,West Midlands,Platinum,True
CUST03210,131,5,586.2,2,2,3,223,2.33,At Risk,18-24,Prefer not to say,London,Bronze,False
CUST03211,63,7,542.3299999999999,3,3,3,333,3.0,Champion,55-64,Female,West Midlands,Silver,True
CUST03212,106,3,413.36,3,1,2,312,2.0,New Customer,25-34,Prefer not to say,South East,Bronze,False
CUST03213,99,7,359.15,3,3,2,332,2.67,Loyal,65+,Prefer not to say,North East,Gold,True
CUST03214,103,5,150.14,3,2,1,321,2.0,Loyal,45-54,Male,South East,Bronze,True
CUST03215,12,8,1093.9899999999998,4,4,4,444,4.0,Champion,45-54,Female,East of England,Gold,True
CUST03216,188,7,977.58,2,3,4,234,3.0,At Risk,18-24,Prefer not to say,East of England,Silver,True
CUST03217,203,5,552.91,2,2,3,223,2.33,At Risk,18-24,Male,North East,Bronze,True
CUST03218,229,5,354.34000000000003,2,2,2,222,2.0,At Risk,55-64,Prefer not to say,Scotland,Bronze,True
CUST03219,10,9,585.31,4,4,3,443,3.67,Champion,25-34,Female,West Midlands,Bronze,False
CUST03220,125,2,692.8100000000001,3,1,3,313,2.33,New Customer,18-24,Prefer not to say,North West,Silver,False
CUST03221,151,7,423.81,2,3,2,232,2.33,At Risk,18-24,Prefer not to say,West Midlands,Bronze,True
CUST03222,11,6,1493.6,4,3,4,434,3.67,Champion,65+,Male,East Midlands,Platinum,True
CUST03223,3,11,1124.46,4,4,4,444,4.0,Champion,45-54,Prefer not to say,Yorkshire,Platinum,True
CUST03224,38,9,525.31,4,4,3,443,3.67,Champion,18-24,Prefer not to say,South West,Bronze,False
CUST03225,178,2,58.13,2,1,1,211,1.33,Needs Attention,65+,Prefer not to say,South West,Bronze,False
CUST03226,31,3,147.63,4,1,1,411,2.0,New Customer,35-44,Female,West Midlands,Bronze,True
CUST03227,45,3,63.17,4,1,1,411,2.0,New Customer,55-64,Male,Yorkshire,Gold,True
CUST03228,96,9,522.3,3,4,3,343,3.33,Champion,25-34,Male,South West,Silver,True
CUST03229,158,6,864.41,2,3,3,233,2.67,At Risk,45-54,Female,West Midlands,Silver,True
CUST03230,170,4,479.5,2,1,2,212,1.67,Needs Attention,35-44,Prefer not to say,South East,Bronze,True
CUST03231,478,4,202.37,1,1,1,111,1.0,Lost,65+,Male,London,Silver,True
CUST03232,312,4,302.04,1,1,2,112,1.33,Lost,55-64,Prefer not to say,West Midlands,Bronze,False
CUST03233,34,10,1419.45,4,4,4,444,4.0,Champion,55-64,Female,West Midlands,Platinum,True
CUST03234,327,3,516.6899999999999,1,1,3,113,1.67,Lost,55-64,Prefer not to say,East of England,Bronze,True
CUST03235,229,7,510.68,2,3,3,233,2.67,At Risk,18-24,Female,Yorkshire,Bronze,True
CUST03236,161,7,102.13,2,3,1,231,2.0,At Risk,65+,Male,North East,Bronze,True
CUST03237,142,4,427.65,2,1,2,212,1.67,Needs Attention,18-24,Female,North West,Gold,True
CUST03238,135,4,82.35,2,1,1,211,1.33,Needs Attention,25-34,Female,London,Silver,True
CUST03239,210,10,603.46,2,4,3,243,3.0,At Risk,45-54,Female,East Midlands,Silver,True
CUST03240,144,8,797.7,2,4,3,243,3.0,At Risk,65+,Prefer not to say,Wales,Bronze,True
CUST03241,30,3,70.22999999999999,4,1,1,411,2.0,New Customer,35-44,Male,South West,Bronze,True
CUST03242,15,7,344.14,4,3,2,432,3.0,Loyal,35-44,Female,South East,Bronze,True
CUST03243,23,6,750.2599999999999,4,3,3,433,3.33,Champion,18-24,Prefer not to say,North East,Silver,False
CUST03244,105,3,189.12,3,1,1,311,1.67,New Customer,45-54,Male,London,Bronze,True
CUST03245,35,6,356.2,4,3,2,432,3.0,Loyal,18-24,Prefer not to say,West Midlands,Silver,True
CUST03246,234,4,200.49,2,1,1,211,1.33,Needs Attention,65+,Male,London,Bronze,False
CUST03247,26,5,906.1800000000001,4,2,4,424,3.33,Loyal,18-24,Prefer not to say,East of England,Bronze,True
CUST03248,339,11,452.61,1,4,2,142,2.33,Lost,25-34,Female,South East,Platinum,True
CUST03249,250,5,1557.1000000000001,2,2,4,224,2.67,At Risk,65+,Female,London,Silver,False
CUST03250,33,4,402.31,4,1,2,412,2.33,New Customer,65+,Prefer not to say,West Midlands,Platinum,True
CUST03251,929,1,8.96,1,1,1,111,1.0,Lost,25-34,Prefer not to say,West Midlands,Bronze,True
CUST03252,141,9,561.59,2,4,3,243,3.0,At Risk,25-34,Prefer not to say,London,Gold,True
CUST03253,141,7,638.77,2,3,3,233,2.67,At Risk,65+,Prefer not to say,East of England,Bronze,True
CUST03254,371,5,145.08999999999997,1,2,1,121,1.33,Lost,45-54,Male,South East,Bronze,True
CUST03255,108,4,393.51,3,1,2,312,2.0,New Customer,25-34,Female,East of England,Silver,True
CUST03256,20,7,574.13,4,3,3,433,3.33,Champion,65+,Male,North West,Bronze,True
CUST03257,14,10,702.95,4,4,3,443,3.67,Champion,18-24,Female,London,Silver,True
CUST03258,28,9,591.5799999999999,4,4,3,443,3.67,Champion,18-24,Female,West Midlands,Silver,True
CUST03259,67,2,190.07999999999998,3,1,1,311,1.67,New Customer,65+,Male,North West,Silver,True
CUST03260,18,4,1435.71,4,1,4,414,3.0,New Customer,55-64,Female,South West,Bronze,True
CUST03261,44,4,114.46000000000001,4,1,1,411,2.0,New Customer,18-24,Female,East of England,Gold,True
CUST03262,10,11,1279.36,4,4,4,444,4.0,Champion,25-34,Male,East of England,Platinum,True
CUST03263,369,5,595.09,1,2,3,123,2.0,Lost,65+,Prefer not to say,South East,Silver,True
CUST03264,305,5,744.22,1,2,3,123,2.0,Lost,55-64,Female,West Midlands,Bronze,True
CUST03265,18,5,462.54,4,2,2,422,2.67,Loyal,45-54,Male,South East,Silver,True
CUST03266,342,1,4.57,1,1,1,111,1.0,Lost,35-44,Prefer not to say,Wales,Silver,True
CUST03267,18,5,175.43,4,2,1,421,2.33,Loyal,18-24,Prefer not to say,South East,Bronze,False
CUST03268,155,5,634.01,2,2,3,223,2.33,At Risk,35-44,Female,Yorkshire,Bronze,True
CUST03269,48,6,519.61,4,3,3,433,3.33,Champion,18-24,Male,East of England,Silver,True
CUST03270,46,6,240.57999999999998,4,3,1,431,2.67,Loyal,65+,Male,Scotland,Silver,True
CUST03271,37,9,697.2700000000001,4,4,3,443,3.67,Champion,55-64,Female,South East,Bronze,True
CUST03272,401,10,628.87,1,4,3,143,2.67,Lost,65+,Prefer not to say,Yorkshire,Gold,True
CUST03273,300,4,110.09,1,1,1,111,1.0,Lost,25-34,Female,East of England,Bronze,True
CUST03274,78,8,1683.68,3,4,4,344,3.67,Champion,45-54,Male,East of England,Bronze,True
CUST03275,299,7,822.45,1,3,3,133,2.33,Lost,35-44,Male,Yorkshire,Silver,True
CUST03276,39,4,380.18,4,1,2,412,2.33,New Customer,25-34,Female,West Midlands,Platinum,True
CUST03277,10,9,636.37,4,4,3,443,3.67,Champion,45-54,Prefer not to say,Yorkshire,Silver,True
CUST03278,439,3,314.75,1,1,2,112,1.33,Lost,25-34,Prefer not to say,Yorkshire,Platinum,True
CUST03279,3,6,1668.8999999999999,4,3,4,434,3.67,Champion,65+,Female,North West,Silver,True
CUST03280,536,2,183.95,1,1,1,111,1.0,Lost,25-34,Prefer not to say,South West,Gold,True
CUST03281,1,9,710.99,4,4,3,443,3.67,Champion,55-64,Prefer not to say,South West,Platinum,True
CUST03282,402,4,149.07,1,1,1,111,1.0,Lost,25-34,Male,South East,Silver,False
CUST03283,403,1,274.46,1,1,2,112,1.33,Lost,18-24,Prefer not to say,East of England,Silver,False
CUST03284,154,8,596.89,2,4,3,243,3.0,At Risk,35-44,Female,Scotland,Silver,True
CUST03285,70,7,444.77000000000004,3,3,2,332,2.67,Loyal,35-44,Prefer not to say,North West,Bronze,True
CUST03286,27,5,151.55,4,2,1,421,2.33,Loyal,25-34,Female,Scotland,Bronze,True
CUST03287,73,7,1102.0,3,3,4,334,3.33,Champion,55-64,Prefer not to say,West Midlands,Bronze,True
CUST03288,41,4,1076.03,4,1,4,414,3.0,New Customer,18-24,Prefer not to say,Yorkshire,Bronze,False
CUST03289,47,12,898.01,4,4,4,444,4.0,Champion,25-34,Male,Scotland,Bronze,True
CUST03290,83,4,286.21000000000004,3,1,2,312,2.0,New Customer,18-24,Male,London,Bronze,False
CUST03291,74,5,609.9100000000001,3,2,3,323,2.67,Loyal,55-64,Female,North West,Bronze,True
CUST03292,154,5,761.76,2,2,3,223,2.33,At Risk,45-54,Prefer not to say,West Midlands,Bronze,True
CUST03293,181,6,153.81,2,3,1,231,2.0,At Risk,18-24,Female,South West,Silver,True
CUST03294,234,6,637.75,2,3,3,233,2.67,At Risk,25-34,Male,South East,Silver,True
CUST03295,115,6,735.22,3,3,3,333,3.0,Champion,55-64,Female,North West,Bronze,False
CUST03296,617,4,776.8199999999999,1,1,3,113,1.67,Lost,35-44,Prefer not to say,South East,Bronze,True
CUST03297,182,8,414.78,2,4,2,242,2.67,At Risk,18-24,Female,Yorkshire,Silver,True
CUST03298,16,8,621.72,4,4,3,443,3.67,Champion,55-64,Male,Scotland,Silver,True
CUST03299,168,4,776.57,2,1,3,213,2.0,Needs Attention,35-44,Prefer not to say,Wales,Silver,True
CUST03300,50,7,1461.97,4,3,4,434,3.67,Champion,55-64,Prefer not to say,London,Bronze,True
CUST03301,6,7,531.1700000000001,4,3,3,433,3.33,Champion,35-44,Male,London,Bronze,True
CUST03302,417,6,107.16,1,3,1,131,1.67,Lost,35-44,Male,South West,Bronze,True
CUST03303,293,5,450.03,1,2,2,122,1.67,Lost,35-44,Female,East of England,Bronze,True
CUST03304,333,6,698.3100000000001,1,3,3,133,2.33,Lost,25-34,Prefer not to say,North West,Silver,True
CUST03305,197,2,87.25,2,1,1,211,1.33,Needs Attention,18-24,Female,South East,Gold,True
CUST03306,28,10,588.38,4,4,3,443,3.67,Champion,18-24,Male,Yorkshire,Bronze,True
CUST03307,383,5,198.92,1,2,1,121,1.33,Lost,18-24,Prefer not to say,South East,Silver,True
CUST03308,98,7,289.34,3,3,2,332,2.67,Loyal,55-64,Female,London,Gold,False
CUST03309,58,7,803.5400000000001,3,3,3,333,3.0,Champion,18-24,Female,South West,Silver,False
CUST03310,206,9,643.95,2,4,3,243,3.0,At Risk,35-44,Prefer not to say,South West,Bronze,True
CUST03311,389,6,976.86,1,3,4,134,2.67,Lost,25-34,Male,South West,Silver,True
CUST03312,84,4,233.71,3,1,1,311,1.67,New Customer,45-54,Prefer not to say,South West,Bronze,True
CUST03313,36,2,21.479999999999997,4,1,1,411,2.0,New Customer,65+,Prefer not to say,West Midlands,Bronze,True
CUST03314,93,9,1010.65,3,4,4,344,3.67,Champion,25-34,Male,London,Silver,True
CUST03315,257,6,707.84,2,3,3,233,2.67,At Risk,45-54,Female,Wales,Bronze,True
CUST03316,289,2,62.08,1,1,1,111,1.0,Lost,65+,Female,Yorkshire,Bronze,True
CUST03317,411,10,891.8299999999999,1,4,4,144,3.0,Lost,35-44,Female,London,Bronze,True
CUST03318,327,4,119.97,1,1,1,111,1.0,Lost,45-54,Male,London,Bronze,True
CUST03319,75,8,581.68,3,4,3,343,3.33,Champion,65+,Prefer not to say,South East,Bronze,True
CUST03320,54,4,628.84,3,1,3,313,2.33,New Customer,25-34,Female,West Midlands,Bronze,True
CUST03321,91,8,834.22,3,4,3,343,3.33,Champion,55-64,Male,East Midlands,Bronze,True
CUST03322,615,6,1507.84,1,3,4,134,2.67,Lost,45-54,Female,Yorkshire,Silver,False
CUST03323,65,13,1119.95,3,4,4,344,3.67,Champion,25-34,Prefer not to say,London,Bronze,True
CUST03324,207,5,444.55,2,2,2,222,2.0,At Risk,45-54,Female,East Midlands,Silver,True
CUST03325,24,7,953.54,4,3,4,434,3.67,Champion,45-54,Male,East of England,Silver,True
CUST03326,69,5,292.86,3,2,2,322,2.33,Loyal,45-54,Male,Wales,Bronze,True
CUST03327,113,5,441.08,3,2,2,322,2.33,Loyal,55-64,Prefer not to say,North East,Bronze,True
CUST03328,17,7,792.44,4,3,3,433,3.33,Champion,25-34,Male,West Midlands,Gold,True
CUST03329,100,3,98.34,3,1,1,311,1.67,New Customer,45-54,Prefer not to say,Wales,Bronze,True
CUST03330,118,4,413.75,3,1,2,312,2.0,New Customer,65+,Male,London,Bronze,True
CUST03331,33,5,694.14,4,2,3,423,3.0,Loyal,25-34,Prefer not to say,South East,Silver,True
CUST03332,84,5,577.9699999999999,3,2,3,323,2.67,Loyal,55-64,Prefer not to say,South East,Silver,True
CUST03333,437,7,468.63,1,3,2,132,2.0,Lost,25-34,Female,South East,Bronze,True
CUST03334,16,4,448.26,4,1,2,412,2.33,New Customer,45-54,Female,Yorkshire,Bronze,True
CUST03335,71,8,696.69,3,4,3,343,3.33,Champion,55-64,Female,East Midlands,Silver,True
CUST03336,118,6,387.76,3,3,2,332,2.67,Loyal,25-34,Prefer not to say,East Midlands,Bronze,True
CUST03337,10,6,205.63,4,3,1,431,2.67,Loyal,18-24,Prefer not to say,Scotland,Gold,False
CUST03338,211,2,92.06,2,1,1,211,1.33,Needs Attention,55-64,Prefer not to say,Yorkshire,Bronze,True
CUST03339,5,10,722.85,4,4,3,443,3.67,Champion,25-34,Female,East Midlands,Gold,True
CUST03340,259,9,901.02,1,4,4,144,3.0,Lost,35-44,Female,London,Bronze,True
CUST03341,394,7,879.51,1,3,4,134,2.67,Lost,18-24,Male,South East,Silver,True
CUST03342,315,6,673.97,1,3,3,133,2.33,Lost,25-34,Male,London,Bronze,True
CUST03343,77,6,1525.31,3,3,4,334,3.33,Champion,35-44,Female,London,Bronze,True
CUST03344,353,5,226.72,1,2,1,121,1.33,Lost,35-44,Female,South West,Gold,True
CUST03345,412,6,898.4399999999999,1,3,4,134,2.67,Lost,25-34,Female,West Midlands,Silver,True
CUST03346,283,6,359.61,1,3,2,132,2.0,Lost,65+,Female,London,Silver,True
CUST03347,540,2,125.98,1,1,1,111,1.0,Lost,18-24,Prefer not to say,Scotland,Silver,True
CUST03348,184,7,495.73,2,3,2,232,2.33,At Risk,55-64,Prefer not to say,West Midlands,Bronze,False
CUST03349,110,3,150.86,3,1,1,311,1.67,New Customer,25-34,Male,South West,Bronze,True
CUST03350,172,10,501.17,2,4,2,242,2.67,At Risk,18-24,Female,London,Bronze,True
CUST03351,758,1,2.15,1,1,1,111,1.0,Lost,18-24,Prefer not to say,London,Bronze,True
CUST03352,13,5,798.87,4,2,3,423,3.0,Loyal,25-34,Male,South East,Bronze,False
CUST03353,678,1,123.66,1,1,1,111,1.0,Lost,45-54,Prefer not to say,South East,Bronze,True
CUST03354,42,6,496.04999999999995,4,3,2,432,3.0,Loyal,18-24,Male,South West,Bronze,True
CUST03355,362,5,130.53,1,2,1,121,1.33,Lost,45-54,Female,North West,Silver,False
CUST03356,136,5,139.72,2,2,1,221,1.67,At Risk,55-64,Female,North West,Silver,True
CUST03357,196,6,789.34,2,3,3,233,2.67,At Risk,65+,Male,London,Silver,True
CUST03358,734,1,86.14,1,1,1,111,1.0,Lost,45-54,Male,North East,Bronze,True
CUST03359,100,3,253.26999999999998,3,1,1,311,1.67,New Customer,55-64,Female,East of England,Bronze,True
CUST03360,100,7,505.14,3,3,2,332,2.67,Loyal,65+,Female,South East,Silver,False
CUST03361,256,4,851.8,2,1,3,213,2.0,Needs Attention,35-44,Prefer not to say,West Midlands,Silver,True
CUST03362,471,2,108.43,1,1,1,111,1.0,Lost,65+,Male,Yorkshire,Silver,True
CUST03363,37,9,763.97,4,4,3,443,3.67,Champion,25-34,Female,South West,Bronze,True
CUST03364,37,4,349.77,4,1,2,412,2.33,New Customer,35-44,Female,East Midlands,Gold,True
CUST03365,76,11,1945.05,3,4,4,344,3.67,Champion,55-64,Male,Yorkshire,Bronze,False
CUST03366,60,12,874.87,3,4,4,344,3.67,Champion,45-54,Male,London,Silver,True
CUST03367,23,6,454.34,4,3,2,432,3.0,Loyal,18-24,Female,East of England,Gold,True
CUST03368,29,10,1055.6799999999998,4,4,4,444,4.0,Champion,65+,Male,East of England,Bronze,True
CUST03369,44,6,384.88,4,3,2,432,3.0,Loyal,35-44,Male,London,Silver,False
CUST03370,294,8,2879.79,1,4,4,144,3.0,Lost,65+,Female,North East,Silver,True
CUST03371,105,6,521.05,3,3,3,333,3.0,Champion,55-64,Male,North West,Bronze,True
CUST03372,32,10,603.56,4,4,3,443,3.67,Champion,35-44,Male,London,Bronze,True
CUST03373,251,7,335.54999999999995,2,3,2,232,2.33,At Risk,35-44,Female,South West,Gold,True
CUST03374,98,7,824.9499999999999,3,3,3,333,3.0,Champion,65+,Prefer not to say,South East,Bronze,True
CUST03375,78,6,976.19,3,3,4,334,3.33,Champion,18-24,Female,West Midlands,Silver,True
CUST03376,188,7,233.98999999999998,2,3,1,231,2.0,At Risk,55-64,Male,West Midlands,Bronze,True
CUST03377,117,4,619.36,3,1,3,313,2.33,New Customer,35-44,Male,Yorkshire,Silver,True
CUST03378,16,5,387.05,4,2,2,422,2.67,Loyal,55-64,Female,East Midlands,Bronze,True
CUST03379,21,4,221.93,4,1,1,411,2.0,New Customer,25-34,Male,Scotland,Bronze,True
CUST03380,28,11,1816.95,4,4,4,444,4.0,Champion,25-34,Male,South West,Bronze,True
CUST03381,22,8,2360.0,4,4,4,444,4.0,Champion,18-24,Prefer not to say,East Midlands,Bronze,True
CUST03382,183,7,900.96,2,3,4,234,3.0,At Risk,18-24,Female,North East,Bronze,True
CUST03383,235,3,255.79,2,1,1,211,1.33,Needs Attention,18-24,Female,Yorkshire,Bronze,True
CUST03384,30,7,483.51000000000005,4,3,2,432,3.0,Loyal,55-64,Female,West Midlands,Silver,True
CUST03385,29,9,614.41,4,4,3,443,3.67,Champion,45-54,Female,London,Silver,True
CUST03386,193,6,1101.6399999999999,2,3,4,234,3.0,At Risk,35-44,Male,East of England,Gold,True
CUST03387,41,4,112.1,4,1,1,411,2.0,New Customer,65+,Female,North East,Bronze,True
CUST03388,118,7,1153.56,3,3,4,334,3.33,Champion,55-64,Prefer not to say,North West,Bronze,False
CUST03389,135,6,1353.82,2,3,4,234,3.0,At Risk,18-24,Female,South West,Bronze,False
CUST03390,64,7,512.43,3,3,3,333,3.0,Champion,45-54,Male,Yorkshire,Bronze,True
CUST03391,238,4,95.16999999999999,2,1,1,211,1.33,Needs Attention,25-34,Female,London,Gold,True
CUST03392,618,1,44.12,1,1,1,111,1.0,Lost,35-44,Male,London,Silver,True
CUST03393,21,7,530.0,4,3,3,433,3.33,Champion,45-54,Male,South East,Silver,True
CUST03394,353,5,457.47999999999996,1,2,2,122,1.67,Lost,18-24,Male,London,Bronze,True
CUST03395,350,3,664.21,1,1,3,113,1.67,Lost,55-64,Male,East of England,Silver,True
CUST03396,269,6,281.88,1,3,2,132,2.0,Lost,45-54,Prefer not to say,London,Platinum,True
CUST03397,119,7,332.47,3,3,2,332,2.67,Loyal,18-24,Prefer not to say,North West,Bronze,False
CUST03398,525,3,229.33,1,1,1,111,1.0,Lost,65+,Prefer not to say,South West,Platinum,True
CUST03399,62,8,1431.5500000000002,3,4,4,344,3.67,Champion,45-54,Male,Yorkshire,Bronze,True
CUST03400,17,4,742.51,4,1,3,413,2.67,New Customer,45-54,Male,West Midlands,Silver,True
CUST03401,229,6,598.49,2,3,3,233,2.67,At Risk,65+,Prefer not to say,Yorkshire,Bronze,True
CUST03402,58,5,1073.1200000000001,3,2,4,324,3.0,Loyal,18-24,Prefer not to say,South East,Platinum,True
CUST03403,25,9,591.43,4,4,3,443,3.67,Champion,45-54,Female,East Midlands,Platinum,True
CUST03404,6,9,1770.4,4,4,4,444,4.0,Champion,35-44,Male,North West,Bronze,False
CUST03405,160,7,686.49,2,3,3,233,2.67,At Risk,35-44,Female,London,Silver,False
CUST03406,373,6,527.0899999999999,1,3,3,133,2.33,Lost,18-24,Prefer not to say,London,Silver,True
CUST03407,79,5,347.78999999999996,3,2,2,322,2.33,Loyal,25-34,Female,East of England,Platinum,True
CUST03408,14,8,2515.77,4,4,4,444,4.0,Champion,45-54,Prefer not to say,East of England,Gold,True
CUST03409,169,3,191.97,2,1,1,211,1.33,Needs Attention,65+,Prefer not to say,East of England,Silver,False
CUST03410,430,4,1035.42,1,1,4,114,2.0,Lost,55-64,Female,West Midlands,Bronze,True
CUST03411,363,5,395.43,1,2,2,122,1.67,Lost,35-44,Female,South East,Bronze,False
CUST03412,86,9,382.08,3,4,2,342,3.0,Loyal,65+,Prefer not to say,East Midlands,Silver,True
CUST03413,72,4,542.3100000000001,3,1,3,313,2.33,New Customer,25-34,Prefer not to say,East of England,Bronze,True
CUST03414,136,5,252.23,2,2,1,221,1.67,At Risk,35-44,Male,East of England,Gold,True
CUST03415,178,8,518.16,2,4,3,243,3.0,At Risk,25-34,Female,London,Bronze,False
CUST03416,50,5,1427.54,4,2,4,424,3.33,Loyal,45-54,Prefer not to say,East Midlands,Silver,False
CUST03417,88,5,513.25,3,2,3,323,2.67,Loyal,55-64,Prefer not to say,East of England,Bronze,True
CUST03418,634,3,769.24,1,1,3,113,1.67,Lost,25-34,Female,London,Gold,True
CUST03419,74,5,229.15,3,2,1,321,2.0,Loyal,18-24,Male,South East,Platinum,True
CUST03420,177,8,691.49,2,4,3,243,3.0,At Risk,18-24,Male,South East,Silver,False
CUST03421,42,2,77.89,4,1,1,411,2.0,New Customer,35-44,Male,South West,Bronze,False
CUST03422,905,1,47.78,1,1,1,111,1.0,Lost,55-64,Prefer not to say,South East,Bronze,True
CUST03423,37,6,1148.8600000000001,4,3,4,434,3.67,Champion,18-24,Female,London,Bronze,False
CUST03424,62,8,781.61,3,4,3,343,3.33,Champion,35-44,Male,London,Bronze,True
CUST03425,6,6,746.46,4,3,3,433,3.33,Champion,25-34,Prefer not to say,London,Gold,True
CUST03426,54,5,756.55,3,2,3,323,2.67,Loyal,25-34,Male,North West,Gold,True
CUST03427,732,3,932.14,1,1,4,114,2.0,Lost,35-44,Male,East Midlands,Bronze,True
CUST03428,39,4,503.81000000000006,4,1,2,412,2.33,New Customer,45-54,Male,North West,Silver,False
CUST03429,183,2,240.97,2,1,1,211,1.33,Needs Attention,45-54,Prefer not to say,West Midlands,Bronze,True
CUST03430,92,7,567.11,3,3,3,333,3.0,Champion,18-24,Male,South East,Bronze,True
CUST03431,20,4,258.55,4,1,1,411,2.0,New Customer,55-64,Prefer not to say,London,Bronze,False
CUST03432,19,2,192.35000000000002,4,1,1,411,2.0,New Customer,35-44,Prefer not to say,London,Gold,True
CUST03433,7,2,184.54999999999998,4,1,1,411,2.0,New Customer,45-54,Male,East Midlands,Bronze,True
CUST03434,218,5,162.38,2,2,1,221,1.67,At Risk,35-44,Prefer not to say,North West,Silver,True
CUST03435,631,2,51.82,1,1,1,111,1.0,Lost,35-44,Female,South East,Silver,True
CUST03436,30,4,151.45000000000002,4,1,1,411,2.0,New Customer,18-24,Female,Yorkshire,Bronze,False
CUST03437,242,6,316.88,2,3,2,232,2.33,At Risk,55-64,Prefer not to say,East Midlands,Gold,True
CUST03438,485,7,306.17,1,3,2,132,2.0,Lost,65+,Male,South West,Platinum,True
CUST03439,620,2,196.82,1,1,1,111,1.0,Lost,18-24,Male,North West,Bronze,True
CUST03440,296,4,71.9,1,1,1,111,1.0,Lost,25-34,Male,Yorkshire,Silver,True
CUST03441,28,6,659.16,4,3,3,433,3.33,Champion,65+,Male,London,Platinum,True
CUST03442,167,7,514.78,2,3,3,233,2.67,At Risk,25-34,Female,South East,Bronze,True
CUST03443,27,7,1102.04,4,3,4,434,3.67,Champion,55-64,Female,East of England,Bronze,True
CUST03444,52,4,191.48,4,1,1,411,2.0,New Customer,55-64,Male,East of England,Gold,True
CUST03445,37,4,343.88,4,1,2,412,2.33,New Customer,45-54,Female,London,Bronze,False
CUST03446,136,7,338.09,2,3,2,232,2.33,At Risk,35-44,Prefer not to say,North East,Silver,True
CUST03447,115,5,1279.46,3,2,4,324,3.0,Loyal,18-24,Male,South West,Silver,False
CUST03448,417,4,978.68,1,1,4,114,2.0,Lost,25-34,Male,South East,Bronze,True
CUST03449,343,4,64.16,1,1,1,111,1.0,Lost,35-44,Male,South East,Silver,True
CUST03450,130,7,505.92,3,3,2,332,2.67,Loyal,35-44,Male,South East,Platinum,True
CUST03451,112,5,461.22,3,2,2,322,2.33,Loyal,35-44,Male,North East,Gold,True
CUST03452,414,2,325.65999999999997,1,1,2,112,1.33,Lost,65+,Female,Wales,Bronze,True
CUST03453,4,4,292.01,4,1,2,412,2.33,New Customer,25-34,Male,Wales,Bronze,True
CUST03454,508,4,404.52,1,1,2,112,1.33,Lost,55-64,Female,Yorkshire,Bronze,True
CUST03455,146,5,169.31,2,2,1,221,1.67,At Risk,35-44,Prefer not to say,South East,Silver,True
CUST03456,68,6,233.65,3,3,1,331,2.33,Loyal,35-44,Prefer not to say,London,Gold,True
CUST03457,24,3,938.49,4,1,4,414,3.0,New Customer,55-64,Female,South West,Bronze,True
CUST03458,40,5,728.13,4,2,3,423,3.0,Loyal,25-34,Female,East of England,Bronze,True
CUST03459,188,5,285.11,2,2,2,222,2.0,At Risk,65+,Prefer not to say,East Midlands,Bronze,True
CUST03460,96,5,94.11,3,2,1,321,2.0,Loyal,25-34,Prefer not to say,East of England,Silver,True
CUST03461,185,3,241.75,2,1,1,211,1.33,Needs Attention,45-54,Male,North West,Bronze,True
CUST03462,31,9,650.35,4,4,3,443,3.67,Champion,65+,Prefer not to say,Wales,Bronze,True
CUST03463,517,4,1606.2399999999998,1,1,4,114,2.0,Lost,18-24,Prefer not to say,Scotland,Bronze,True
CUST03464,97,3,301.74,3,1,2,312,2.0,New Customer,65+,Prefer not to say,London,Gold,True
CUST03465,134,5,189.07,2,2,1,221,1.67,At Risk,55-64,Female,North West,Platinum,True
CUST03466,293,7,335.73,1,3,2,132,2.0,Lost,18-24,Prefer not to say,Yorkshire,Silver,True
CUST03467,551,2,123.63999999999999,1,1,1,111,1.0,Lost,65+,Prefer not to say,Scotland,Gold,True
CUST03468,717,2,85.75,1,1,1,111,1.0,Lost,18-24,Female,West Midlands,Silver,True
CUST03469,45,3,117.33000000000001,4,1,1,411,2.0,New Customer,35-44,Female,Yorkshire,Bronze,True
CUST03470,193,3,215.46,2,1,1,211,1.33,Needs Attention,18-24,Female,London,Bronze,False
CUST03471,340,5,126.66000000000001,1,2,1,121,1.33,Lost,18-24,Prefer not to say,West Midlands,Platinum,False
CUST03472,544,2,211.91,1,1,1,111,1.0,Lost,35-44,Male,West Midlands,Bronze,True
CUST03473,296,6,263.55,1,3,1,131,1.67,Lost,45-54,Female,South West,Bronze,True
CUST03474,63,4,940.0899999999999,3,1,4,314,2.67,New Customer,65+,Male,Wales,Bronze,False
CUST03475,744,2,22.8,1,1,1,111,1.0,Lost,18-24,Male,South West,Silver,True
CUST03476,146,4,205.39,2,1,1,211,1.33,Needs Attention,25-34,Female,London,Silver,True
CUST03477,398,4,315.88,1,1,2,112,1.33,Lost,65+,Prefer not to say,South West,Silver,True
CUST03478,172,7,282.05,2,3,2,232,2.33,At Risk,35-44,Male,South East,Bronze,True
CUST03479,41,4,228.25,4,1,1,411,2.0,New Customer,55-64,Female,East of England,Gold,True
CUST03480,61,7,1064.53,3,3,4,334,3.33,Champion,65+,Male,Yorkshire,Silver,True
CUST03481,132,6,203.79000000000002,2,3,1,231,2.0,At Risk,18-24,Prefer not to say,Yorkshire,Platinum,True
CUST03482,139,5,471.88000000000005,2,2,2,222,2.0,At Risk,65+,Female,South West,Bronze,True
CUST03483,186,7,1349.7,2,3,4,234,3.0,At Risk,55-64,Male,London,Bronze,True
CUST03484,30,6,424.09999999999997,4,3,2,432,3.0,Loyal,55-64,Female,Wales,Gold,True
CUST03485,299,9,506.51,1,4,2,142,2.33,Lost,65+,Female,South East,Bronze,True
CUST03486,261,5,412.25,1,2,2,122,1.67,Lost,18-24,Male,Yorkshire,Bronze,True
CUST03487,460,1,107.24,1,1,1,111,1.0,Lost,18-24,Male,London,Platinum,True
CUST03488,373,8,862.58,1,4,3,143,2.67,Lost,18-24,Male,East Midlands,Bronze,True
CUST03489,138,6,657.73,2,3,3,233,2.67,At Risk,65+,Female,Wales,Silver,True
CUST03490,48,2,1528.2800000000002,4,1,4,414,3.0,New Customer,18-24,Female,West Midlands,Silver,True
CUST03491,623,5,104.82999999999998,1,2,1,121,1.33,Lost,65+,Female,Wales,Gold,True
CUST03492,103,5,280.42,3,2,2,322,2.33,Loyal,45-54,Male,London,Silver,True
CUST03493,34,5,747.62,4,2,3,423,3.0,Loyal,65+,Male,South West,Silver,True
CUST03494,103,12,1105.04,3,4,4,344,3.67,Champion,35-44,Male,London,Silver,True
CUST03495,301,6,539.0799999999999,1,3,3,133,2.33,Lost,35-44,Male,London,Bronze,True
CUST03496,228,6,681.01,2,3,3,233,2.67,At Risk,25-34,Female,North West,Bronze,True
CUST03497,419,5,123.11,1,2,1,121,1.33,Lost,25-34,Male,South East,Bronze,True
CUST03498,456,5,109.06,1,2,1,121,1.33,Lost,65+,Female,London,Silver,True
CUST03499,48,5,836.17,4,2,3,423,3.0,Loyal,55-64,Male,North West,Silver,True
CUST03500,441,5,892.22,1,2,4,124,2.33,Lost,55-64,Female,Yorkshire,Bronze,True
CUST03501,23,5,222.92000000000002,4,2,1,421,2.33,Loyal,35-44,Female,London,Bronze,True
CUST03502,186,5,288.29999999999995,2,2,2,222,2.0,At Risk,18-24,Prefer not to say,East Midlands,Bronze,True
CUST03503,43,3,700.96,4,1,3,413,2.67,New Customer,45-54,Female,South East,Silver,False
CUST03504,76,7,742.77,3,3,3,333,3.0,Champion,35-44,Male,London,Bronze,True
CUST03505,198,4,462.27,2,1,2,212,1.67,Needs Attention,18-24,Prefer not to say,Yorkshire,Bronze,False
CUST03506,133,6,361.59,2,3,2,232,2.33,At Risk,25-34,Prefer not to say,South East,Bronze,True
CUST03507,158,6,1005.61,2,3,4,234,3.0,At Risk,65+,Female,West Midlands,Bronze,True
CUST03508,281,6,339.61,1,3,2,132,2.0,Lost,45-54,Male,Scotland,Silver,True
CUST03509,61,5,230.06,3,2,1,321,2.0,Loyal,18-24,Female,Yorkshire,Gold,True
CUST03510,8,10,1516.98,4,4,4,444,4.0,Champion,45-54,Prefer not to say,East Midlands,Silver,True
CUST03511,139,9,948.5300000000001,2,4,4,244,3.33,At Risk,55-64,Prefer not to say,London,Bronze,False
CUST03512,42,5,826.88,4,2,3,423,3.0,Loyal,18-24,Prefer not to say,South West,Gold,False
CUST03513,36,7,628.83,4,3,3,433,3.33,Champion,35-44,Prefer not to say,South East,Silver,True
CUST03514,649,4,151.45999999999998,1,1,1,111,1.0,Lost,35-44,Prefer not to say,North West,Silver,True
CUST03515,174,5,416.39,2,2,2,222,2.0,At Risk,65+,Male,North West,Platinum,True
CUST03516,165,8,693.16,2,4,3,243,3.0,At Risk,45-54,Male,South West,Bronze,True
CUST03517,93,9,1174.6000000000001,3,4,4,344,3.67,Champion,55-64,Prefer not to say,East of England,Platinum,False
CUST03518,91,3,139.78,3,1,1,311,1.67,New Customer,18-24,Male,London,Silver,True
CUST03519,149,7,609.55,2,3,3,233,2.67,At Risk,45-54,Female,West Midlands,Bronze,True
CUST03520,349,5,470.43,1,2,2,122,1.67,Lost,18-24,Prefer not to say,London,Bronze,True
CUST03521,73,9,729.54,3,4,3,343,3.33,Champion,18-24,Prefer not to say,North East,Bronze,False
CUST03522,571,2,74.86,1,1,1,111,1.0,Lost,55-64,Prefer not to say,East of England,Silver,False
CUST03523,79,4,625.9000000000001,3,1,3,313,2.33,New Customer,55-64,Prefer not to say,London,Gold,True
CUST03524,203,4,806.22,2,1,3,213,2.0,Needs Attention,65+,Male,London,Gold,True
CUST03525,83,5,301.1,3,2,2,322,2.33,Loyal,55-64,Female,West Midlands,Platinum,True
CUST03526,22,5,261.43,4,2,1,421,2.33,Loyal,35-44,Female,London,Platinum,True
CUST03527,166,3,91.45,2,1,1,211,1.33,Needs Attention,25-34,Female,West Midlands,Gold,True
CUST03528,28,2,12.41,4,1,1,411,2.0,New Customer,55-64,Male,West Midlands,Bronze,True
CUST03529,465,3,511.34,1,1,3,113,1.67,Lost,65+,Prefer not to say,Yorkshire,Silver,True
CUST03530,204,4,927.1,2,1,4,214,2.33,Needs Attention,55-64,Female,East of England,Gold,True
CUST03531,178,8,845.5,2,4,3,243,3.0,At Risk,45-54,Prefer not to say,South East,Gold,True
CUST03532,57,5,201.07,3,2,1,321,2.0,Loyal,45-54,Prefer not to say,West Midlands,Gold,True
CUST03533,553,2,103.96,1,1,1,111,1.0,Lost,35-44,Prefer not to say,London,Silver,True
CUST03534,618,7,1333.03,1,3,4,134,2.67,Lost,25-34,Male,London,Silver,True
CUST03535,477,2,57.95,1,1,1,111,1.0,Lost,55-64,Prefer not to say,East Midlands,Bronze,True
CUST03536,155,7,383.62,2,3,2,232,2.33,At Risk,18-24,Male,Scotland,Silver,True
CUST03537,137,8,952.69,2,4,4,244,3.33,At Risk,35-44,Prefer not to say,West Midlands,Bronze,True
CUST03538,102,5,586.63,3,2,3,323,2.67,Loyal,55-64,Prefer not to say,London,Bronze,True
CUST03539,31,5,262.21999999999997,4,2,1,421,2.33,Loyal,35-44,Female,North West,Bronze,True
CUST03540,373,7,673.1,1,3,3,133,2.33,Lost,35-44,Female,West Midlands,Platinum,False
CUST03541,13,9,950.93,4,4,4,444,4.0,Champion,45-54,Male,East of England,Bronze,False
CUST03542,239,8,979.7099999999999,2,4,4,244,3.33,At Risk,45-54,Female,London,Bronze,False
CUST03543,49,11,1823.33,4,4,4,444,4.0,Champion,45-54,Prefer not to say,Yorkshire,Gold,True
CUST03544,29,8,681.76,4,4,3,443,3.67,Champion,25-34,Male,North West,Gold,True
CUST03545,176,8,1681.1000000000001,2,4,4,244,3.33,At Risk,45-54,Female,South East,Silver,True
CUST03546,200,2,39.47,2,1,1,211,1.33,Needs Attention,35-44,Female,North West,Bronze,True
CUST03547,20,9,466.54999999999995,4,4,2,442,3.33,Loyal,45-54,Male,East of England,Silver,False
CUST03548,235,4,165.14,2,1,1,211,1.33,Needs Attention,45-54,Female,North West,Bronze,True
CUST03549,40,7,746.03,4,3,3,433,3.33,Champion,18-24,Prefer not to say,London,Silver,True
CUST03550,392,8,550.57,1,4,3,143,2.67,Lost,55-64,Male,London,Silver,True
CUST03551,169,6,420.68,2,3,2,232,2.33,At Risk,65+,Male,South West,Silver,True
CUST03552,206,4,603.24,2,1,3,213,2.0,Needs Attention,35-44,Prefer not to say,London,Bronze,True
CUST03553,177,3,36.4,2,1,1,211,1.33,Needs Attention,55-64,Male,East of England,Silver,False
CUST03554,62,8,665.4100000000001,3,4,3,343,3.33,Champion,55-64,Prefer not to say,London,Bronze,True
CUST03555,276,3,75.96000000000001,1,1,1,111,1.0,Lost,55-64,Female,North West,Silver,True
CUST03556,57,4,805.37,3,1,3,313,2.33,New Customer,45-54,Male,London,Gold,False
CUST03557,21,9,579.58,4,4,3,443,3.67,Champion,55-64,Male,West Midlands,Bronze,True
CUST03558,334,4,93.51,1,1,1,111,1.0,Lost,35-44,Prefer not to say,East Midlands,Silver,True
CUST03559,590,3,122.92,1,1,1,111,1.0,Lost,45-54,Male,London,Silver,False
CUST03560,935,2,66.44,1,1,1,111,1.0,Lost,35-44,Female,South West,Bronze,True
CUST03561,101,7,438.16999999999996,3,3,2,332,2.67,Loyal,18-24,Prefer not to say,South West,Silver,True
CUST03562,75,7,1174.41,3,3,4,334,3.33,Champion,25-34,Prefer not to say,West Midlands,Gold,True
CUST03563,129,6,493.36,3,3,2,332,2.67,Loyal,55-64,Female,West Midlands,Silver,True
CUST03565,2,5,1060.04,4,2,4,424,3.33,Loyal,25-34,Prefer not to say,South East,Bronze,True
CUST03566,38,8,537.01,4,4,3,443,3.67,Champion,65+,Prefer not to say,London,Silver,True
CUST03567,243,7,1080.24,2,3,4,234,3.0,At Risk,35-44,Male,North West,Bronze,True
CUST03568,336,2,60.5,1,1,1,111,1.0,Lost,25-34,Male,West Midlands,Platinum,True
CUST03569,115,6,1505.76,3,3,4,334,3.33,Champion,25-34,Female,East Midlands,Bronze,False
CUST03570,654,4,103.79,1,1,1,111,1.0,Lost,55-64,Prefer not to say,South East,Platinum,True
CUST03571,111,4,166.44,3,1,1,311,1.67,New Customer,55-64,Prefer not to say,London,Silver,True
CUST03572,55,3,162.81,3,1,1,311,1.67,New Customer,65+,Male,East of England,Silver,True
CUST03573,420,3,465.66999999999996,1,1,2,112,1.33,Lost,18-24,Female,East of England,Bronze,True
CUST03574,91,5,143.88,3,2,1,321,2.0,Loyal,25-34,Male,South West,Silver,True
CUST03575,232,4,543.01,2,1,3,213,2.0,Needs Attention,65+,Male,West Midlands,Bronze,True
CUST03576,44,5,470.71999999999997,4,2,2,422,2.67,Loyal,18-24,Prefer not to say,Scotland,Bronze,True
CUST03577,46,7,904.72,4,3,4,434,3.67,Champion,18-24,Prefer not to say,London,Bronze,True
CUST03578,201,10,965.54,2,4,4,244,3.33,At Risk,65+,Prefer not to say,South East,Silver,True
CUST03579,89,6,547.1999999999999,3,3,3,333,3.0,Champion,35-44,Prefer not to say,North West,Silver,True
CUST03580,176,8,1493.3600000000001,2,4,4,244,3.33,At Risk,55-64,Female,South East,Gold,True
CUST03581,96,5,299.37,3,2,2,322,2.33,Loyal,25-34,Female,West Midlands,Silver,True
CUST03582,64,3,1103.8400000000001,3,1,4,314,2.67,New Customer,18-24,Female,South East,Bronze,True
CUST03583,55,7,1240.64,3,3,4,334,3.33,Champion,25-34,Male,East of England,Gold,False
CUST03584,94,6,295.81,3,3,2,332,2.67,Loyal,65+,Prefer not to say,Yorkshire,Silver,True
CUST03585,279,3,259.07,1,1,1,111,1.0,Lost,55-64,Female,South East,Gold,True
CUST03586,7,5,256.3,4,2,1,421,2.33,Loyal,55-64,Female,West Midlands,Bronze,True
CUST03587,314,5,186.57,1,2,1,121,1.33,Lost,25-34,Female,East of England,Bronze,True
CUST03588,45,5,477.6,4,2,2,422,2.67,Loyal,35-44,Male,East Midlands,Silver,True
CUST03589,51,10,2578.34,4,4,4,444,4.0,Champion,35-44,Male,Wales,Silver,True
CUST03590,242,4,86.16,2,1,1,211,1.33,Needs Attention,65+,Prefer not to say,South West,Silver,False
CUST03591,415,5,449.84000000000003,1,2,2,122,1.67,Lost,55-64,Prefer not to say,East Midlands,Platinum,True
CUST03592,479,6,370.62,1,3,2,132,2.0,Lost,25-34,Female,North West,Bronze,True
CUST03593,259,3,464.33,1,1,2,112,1.33,Lost,65+,Female,West Midlands,Gold,False
CUST03594,220,6,2309.25,2,3,4,234,3.0,At Risk,65+,Female,South East,Bronze,True
CUST03595,225,9,647.71,2,4,3,243,3.0,At Risk,35-44,Female,East Midlands,Bronze,False
CUST03596,150,4,303.48,2,1,2,212,1.67,Needs Attention,18-24,Female,East of England,Silver,True
CUST03597,7,3,229.78,4,1,1,411,2.0,New Customer,25-34,Prefer not to say,South East,Silver,True
CUST03598,614,4,1459.0,1,1,4,114,2.0,Lost,25-34,Male,South East,Bronze,True
CUST03599,197,3,104.57000000000001,2,1,1,211,1.33,Needs Attention,35-44,Male,West Midlands,Gold,True
CUST03600,155,6,602.93,2,3,3,233,2.67,At Risk,55-64,Prefer not to say,East of England,Platinum,True
CUST03601,55,3,211.15,3,1,1,311,1.67,New Customer,35-44,Male,South East,Bronze,True
CUST03602,80,9,874.01,3,4,4,344,3.67,Champion,18-24,Prefer not to say,South East,Silver,True
CUST03603,70,5,420.17,3,2,2,322,2.33,Loyal,35-44,Female,North East,Silver,True
CUST03604,188,5,477.96,2,2,2,222,2.0,At Risk,35-44,Female,East Midlands,Bronze,True
CUST03605,123,7,1168.58,3,3,4,334,3.33,Champion,55-64,Female,London,Bronze,False
CUST03606,777,2,137.22,1,1,1,111,1.0,Lost,65+,Female,South East,Bronze,False
CUST03607,274,8,1231.2800000000002,1,4,4,144,3.0,Lost,18-24,Male,Yorkshire,Bronze,True
CUST03608,235,6,1297.07,2,3,4,234,3.0,At Risk,65+,Male,North West,Gold,True
CUST03609,146,4,222.35,2,1,1,211,1.33,Needs Attention,35-44,Female,North West,Bronze,False
CUST03610,335,6,351.47,1,3,2,132,2.0,Lost,65+,Male,London,Silver,True
CUST03611,249,9,246.76000000000002,2,4,1,241,2.33,At Risk,45-54,Female,London,Silver,True
CUST03612,87,6,488.91,3,3,2,332,2.67,Loyal,45-54,Male,South East,Bronze,True
CUST03613,159,7,900.1,2,3,4,234,3.0,At Risk,35-44,Male,London,Bronze,True
CUST03614,105,11,2074.2400000000002,3,4,4,344,3.67,Champion,45-54,Prefer not to say,Scotland,Silver,True
CUST03615,9,7,586.2,4,3,3,433,3.33,Champion,45-54,Male,South East,Bronze,True
CUST03616,599,5,465.55,1,2,2,122,1.67,Lost,18-24,Prefer not to say,Yorkshire,Bronze,False
CUST03617,635,3,197.07,1,1,1,111,1.0,Lost,55-64,Female,Wales,Bronze,False
CUST03618,619,5,664.72,1,2,3,123,2.0,Lost,25-34,Female,Scotland,Silver,True
CUST03619,73,11,759.61,3,4,3,343,3.33,Champion,18-24,Prefer not to say,South East,Bronze,True
CUST03620,470,1,725.52,1,1,3,113,1.67,Lost,18-24,Prefer not to say,London,Bronze,False
CUST03621,61,7,1488.07,3,3,4,334,3.33,Champion,45-54,Male,South East,Bronze,False
CUST03622,168,6,962.1,2,3,4,234,3.0,At Risk,65+,Prefer not to say,Yorkshire,Bronze,True
CUST03623,42,6,531.41,4,3,3,433,3.33,Champion,25-34,Male,Scotland,Gold,True
CUST03624,672,1,11.83,1,1,1,111,1.0,Lost,55-64,Female,North West,Gold,True
CUST03625,19,5,408.07,4,2,2,422,2.67,Loyal,65+,Male,South East,Bronze,True
CUST03626,134,5,362.96,2,2,2,222,2.0,At Risk,45-54,Prefer not to say,London,Bronze,True
CUST03627,58,7,766.19,3,3,3,333,3.0,Champion,55-64,Female,West Midlands,Gold,False
CUST03628,266,4,588.9300000000001,1,1,3,113,1.67,Lost,35-44,Female,East Midlands,Bronze,True
CUST03629,39,3,46.53,4,1,1,411,2.0,New Customer,65+,Male,London,Silver,False
CUST03630,114,3,132.35,3,1,1,311,1.67,New Customer,35-44,Prefer not to say,East of England,Silver,True
CUST03631,227,8,365.18,2,4,2,242,2.67,At Risk,25-34,Prefer not to say,West Midlands,Platinum,False
CUST03632,116,6,753.92,3,3,3,333,3.0,Champion,45-54,Female,London,Silver,True
CUST03633,1,6,397.43,4,3,2,432,3.0,Loyal,25-34,Male,East Midlands,Bronze,True
CUST03634,266,7,1182.61,1,3,4,134,2.67,Lost,45-54,Male,East Midlands,Bronze,True
CUST03635,3,3,134.18,4,1,1,411,2.0,New Customer,18-24,Prefer not to say,West Midlands,Platinum,True
CUST03636,100,3,796.72,3,1,3,313,2.33,New Customer,25-34,Female,South West,Bronze,True
CUST03637,29,6,379.53,4,3,2,432,3.0,Loyal,35-44,Female,South East,Bronze,True
CUST03638,342,6,533.97,1,3,3,133,2.33,Lost,45-54,Female,East Midlands,Silver,False
CUST03639,396,2,58.959999999999994,1,1,1,111,1.0,Lost,65+,Male,West Midlands,Bronze,True
CUST03640,71,8,1161.95,3,4,4,344,3.67,Champion,18-24,Prefer not to say,South East,Bronze,True
CUST03641,246,3,141.7,2,1,1,211,1.33,Needs Attention,18-24,Female,North East,Gold,True
CUST03642,72,8,727.02,3,4,3,343,3.33,Champion,18-24,Male,West Midlands,Silver,True
CUST03643,8,6,499.85,4,3,2,432,3.0,Loyal,65+,Female,South East,Bronze,True
CUST03644,977,1,45.61,1,1,1,111,1.0,Lost,65+,Female,Yorkshire,Gold,True
CUST03645,156,5,474.77,2,2,2,222,2.0,At Risk,18-24,Male,North West,Bronze,True
CUST03646,46,4,98.3,4,1,1,411,2.0,New Customer,35-44,Male,Yorkshire,Bronze,False
CUST03647,137,8,1659.61,2,4,4,244,3.33,At Risk,65+,Male,East Midlands,Bronze,False
CUST03648,3,6,200.88,4,3,1,431,2.67,Loyal,35-44,Female,East Midlands,Silver,True
CUST03649,6,8,288.65,4,4,2,442,3.33,Loyal,18-24,Male,North West,Silver,True
CUST03650,239,9,998.68,2,4,4,244,3.33,At Risk,55-64,Prefer not to say,London,Platinum,True
CUST03651,173,6,1753.3700000000001,2,3,4,234,3.0,At Risk,55-64,Prefer not to say,South East,Bronze,True
CUST03652,24,7,930.2,4,3,4,434,3.67,Champion,45-54,Female,East Midlands,Bronze,True
CUST03653,1,5,256.87,4,2,1,421,2.33,Loyal,18-24,Male,London,Bronze,False
CUST03654,721,6,866.5899999999999,1,3,3,133,2.33,Lost,25-34,Male,London,Silver,True
CUST03655,76,6,116.16,3,3,1,331,2.33,Loyal,55-64,Female,West Midlands,Bronze,True
CUST03656,178,6,505.18,2,3,2,232,2.33,At Risk,55-64,Male,London,Bronze,True
CUST03657,366,2,379.42,1,1,2,112,1.33,Lost,45-54,Male,South East,Bronze,True
CUST03658,172,6,376.76,2,3,2,232,2.33,At Risk,18-24,Male,North West,Bronze,True
CUST03659,34,9,445.06,4,4,2,442,3.33,Loyal,18-24,Female,North West,Bronze,True
CUST03660,317,4,490.97999999999996,1,1,2,112,1.33,Lost,25-34,Female,Scotland,Bronze,True
CUST03661,569,4,131.96,1,1,1,111,1.0,Lost,55-64,Female,Yorkshire,Bronze,True
CUST03662,99,5,154.89000000000001,3,2,1,321,2.0,Loyal,65+,Prefer not to say,East of England,Bronze,True
CUST03663,28,8,148.94,4,4,1,441,3.0,Loyal,18-24,Male,West Midlands,Platinum,True
CUST03664,213,7,1373.92,2,3,4,234,3.0,At Risk,65+,Female,Wales,Platinum,True
CUST03665,92,5,687.37,3,2,3,323,2.67,Loyal,18-24,Female,South West,Silver,True
CUST03666,155,3,843.23,2,1,3,213,2.0,Needs Attention,55-64,Female,South West,Silver,False
CUST03667,155,3,420.28,2,1,2,212,1.67,Needs Attention,18-24,Male,East of England,Silver,True
CUST03668,311,7,670.41,1,3,3,133,2.33,Lost,18-24,Female,West Midlands,Silver,True
CUST03669,208,8,673.72,2,4,3,243,3.0,At Risk,18-24,Female,South East,Silver,True
CUST03670,31,6,361.21000000000004,4,3,2,432,3.0,Loyal,25-34,Female,South East,Silver,True
CUST03671,47,8,401.01,4,4,2,442,3.33,Loyal,65+,Female,East Midlands,Bronze,True
CUST03672,19,6,1175.94,4,3,4,434,3.67,Champion,55-64,Male,North East,Platinum,False
CUST03673,142,3,272.45000000000005,2,1,2,212,1.67,Needs Attention,45-54,Female,East Midlands,Gold,True
CUST03674,84,3,753.87,3,1,3,313,2.33,New Customer,25-34,Prefer not to say,London,Bronze,True
CUST03675,165,8,582.76,2,4,3,243,3.0,At Risk,45-54,Female,North East,Bronze,True
CUST03676,335,5,1532.6299999999999,1,2,4,124,2.33,Lost,45-54,Male,East of England,Bronze,True
CUST03677,170,5,641.24,2,2,3,223,2.33,At Risk,35-44,Male,East Midlands,Silver,True
CUST03678,193,8,652.26,2,4,3,243,3.0,At Risk,55-64,Male,London,Gold,True
CUST03679,290,6,150.03,1,3,1,131,1.67,Lost,55-64,Male,Yorkshire,Silver,False
CUST03680,34,7,318.36,4,3,2,432,3.0,Loyal,18-24,Male,South East,Gold,False
CUST03681,173,9,1505.0900000000001,2,4,4,244,3.33,At Risk,45-54,Prefer not to say,Yorkshire,Gold,True
CUST03682,15,5,215.74,4,2,1,421,2.33,Loyal,35-44,Female,London,Bronze,True
CUST03683,79,5,1199.03,3,2,4,324,3.0,Loyal,45-54,Female,London,Bronze,True
CUST03684,45,7,2554.1800000000003,4,3,4,434,3.67,Champion,35-44,Female,North West,Bronze,True
CUST03685,15,7,570.83,4,3,3,433,3.33,Champion,18-24,Male,London,Platinum,True
CUST03686,4,4,297.81,4,1,2,412,2.33,New Customer,55-64,Female,North West,Silver,True
CUST03687,173,6,1850.89,2,3,4,234,3.0,At Risk,65+,Male,South West,Silver,True
CUST03688,377,4,695.15,1,1,3,113,1.67,Lost,65+,Prefer not to say,East of England,Platinum,True
CUST03689,15,4,254.87,4,1,1,411,2.0,New Customer,65+,Female,London,Bronze,True
CUST03690,176,2,46.29,2,1,1,211,1.33,Needs Attention,25-34,Female,North West,Silver,True
CUST03691,664,3,457.99,1,1,2,112,1.33,Lost,18-24,Male,West Midlands,Bronze,False
CUST03692,1,9,1465.6299999999999,4,4,4,444,4.0,Champion,35-44,Male,East Midlands,Bronze,True
CUST03693,124,9,781.39,3,4,3,343,3.33,Champion,35-44,Male,North West,Platinum,False
CUST03694,30,2,228.95,4,1,1,411,2.0,New Customer,25-34,Female,South East,Silver,True
CUST03695,281,6,444.55999999999995,1,3,2,132,2.0,Lost,25-34,Female,South East,Silver,True
CUST03696,36,8,832.05,4,4,3,443,3.67,Champion,35-44,Prefer not to say,London,Bronze,True
CUST03697,135,7,702.01,2,3,3,233,2.67,At Risk,35-44,Prefer not to say,East of England,Silver,True
CUST03698,40,9,1352.69,4,4,4,444,4.0,Champion,18-24,Female,London,Silver,True
CUST03699,562,2,76.6,1,1,1,111,1.0,Lost,45-54,Female,Scotland,Silver,True
CUST03700,162,5,598.37,2,2,3,223,2.33,At Risk,18-24,Prefer not to say,Scotland,Bronze,True
CUST03701,95,8,872.3299999999999,3,4,4,344,3.67,Champion,65+,Male,East of England,Silver,True
CUST03702,146,3,321.75,2,1,2,212,1.67,Needs Attention,55-64,Prefer not to say,London,Bronze,True
CUST03703,11,13,1203.1,4,4,4,444,4.0,Champion,65+,Female,Scotland,Silver,True
CUST03704,72,8,714.9499999999999,3,4,3,343,3.33,Champion,55-64,Female,Scotland,Silver,True
CUST03705,101,9,1213.3,3,4,4,344,3.67,Champion,65+,Prefer not to say,London,Platinum,True
CUST03706,316,3,104.53,1,1,1,111,1.0,Lost,45-54,Prefer not to say,West Midlands,Platinum,True
CUST03707,525,3,650.56,1,1,3,113,1.67,Lost,35-44,Male,Yorkshire,Bronze,True
CUST03708,168,7,354.64000000000004,2,3,2,232,2.33,At Risk,25-34,Female,Wales,Silver,True
CUST03709,72,6,842.26,3,3,3,333,3.0,Champion,18-24,Male,East of England,Silver,True
CUST03710,241,6,822.35,2,3,3,233,2.67,At Risk,35-44,Male,London,Gold,True
CUST03711,17,5,575.37,4,2,3,423,3.0,Loyal,45-54,Prefer not to say,Wales,Bronze,True
CUST03712,373,4,247.92000000000002,1,1,1,111,1.0,Lost,55-64,Female,South East,Silver,True
CUST03713,462,4,783.1700000000001,1,1,3,113,1.67,Lost,18-24,Female,South East,Gold,False
CUST03714,154,7,1069.24,2,3,4,234,3.0,At Risk,25-34,Prefer not to say,Wales,Silver,True
CUST03715,225,2,37.97,2,1,1,211,1.33,Needs Attention,55-64,Male,East of England,Silver,False
CUST03716,411,12,1629.1799999999998,1,4,4,144,3.0,Lost,25-34,Male,East of England,Gold,True
CUST03717,151,6,299.02,2,3,2,232,2.33,At Risk,55-64,Female,East Midlands,Silver,True
CUST03718,88,7,562.09,3,3,3,333,3.0,Champion,65+,Male,West Midlands,Bronze,True
CUST03719,310,5,845.52,1,2,3,123,2.0,Lost,45-54,Female,South West,Bronze,True
CUST03720,1,7,634.32,4,3,3,433,3.33,Champion,55-64,Male,South West,Silver,True
CUST03721,2,9,716.22,4,4,3,443,3.67,Champion,25-34,Female,South East,Bronze,True
CUST03722,240,6,550.55,2,3,3,233,2.67,At Risk,55-64,Male,London,Bronze,True
CUST03723,421,3,120.46000000000001,1,1,1,111,1.0,Lost,35-44,Female,South East,Bronze,False
CUST03724,23,6,482.05999999999995,4,3,2,432,3.0,Loyal,65+,Female,South East,Bronze,True
CUST03725,181,5,438.67,2,2,2,222,2.0,At Risk,45-54,Prefer not to say,East of England,Bronze,True
CUST03726,69,7,267.55,3,3,1,331,2.33,Loyal,18-24,Prefer not to say,North West,Gold,True
CUST03727,240,5,440.28000000000003,2,2,2,222,2.0,At Risk,25-34,Male,East of England,Bronze,True
CUST03728,766,3,222.82,1,1,1,111,1.0,Lost,25-34,Prefer not to say,South East,Bronze,True
CUST03729,110,10,787.85,3,4,3,343,3.33,Champion,55-64,Male,London,Bronze,True
CUST03730,10,7,726.01,4,3,3,433,3.33,Champion,55-64,Prefer not to say,East Midlands,Bronze,True
CUST03731,203,5,460.31,2,2,2,222,2.0,At Risk,18-24,Female,London,Bronze,True
CUST03732,26,8,761.21,4,4,3,443,3.67,Champion,35-44,Female,West Midlands,Platinum,True
CUST03733,133,5,618.22,2,2,3,223,2.33,At Risk,45-54,Male,South West,Silver,True
CUST03734,98,4,263.96,3,1,1,311,1.67,New Customer,45-54,Prefer not to say,West Midlands,Silver,True
CUST03735,112,6,1958.69,3,3,4,334,3.33,Champion,35-44,Prefer not to say,North West,Bronze,True
CUST03736,432,3,308.52,1,1,2,112,1.33,Lost,55-64,Prefer not to say,London,Bronze,True
CUST03737,2,8,1073.61,4,4,4,444,4.0,Champion,65+,Prefer not to say,South West,Silver,True
CUST03738,22,5,338.37,4,2,2,422,2.67,Loyal,25-34,Prefer not to say,East of England,Gold,False
CUST03739,122,6,1455.18,3,3,4,334,3.33,Champion,18-24,Prefer not to say,South West,Bronze,True
CUST03740,163,7,1561.24,2,3,4,234,3.0,At Risk,35-44,Male,West Midlands,Silver,True
CUST03741,266,3,517.99,1,1,3,113,1.67,Lost,65+,Prefer not to say,East of England,Silver,True
CUST03742,349,4,197.68,1,1,1,111,1.0,Lost,45-54,Female,East of England,Gold,True
CUST03743,500,2,116.55,1,1,1,111,1.0,Lost,65+,Male,South East,Bronze,True
CUST03744,307,6,233.34999999999997,1,3,1,131,1.67,Lost,25-34,Male,South East,Silver,True
CUST03745,731,3,172.86,1,1,1,111,1.0,Lost,25-34,Prefer not to say,West Midlands,Bronze,True
CUST03746,208,2,71.68,2,1,1,211,1.33,Needs Attention,25-34,Prefer not to say,East Midlands,Bronze,True
CUST03747,28,4,73.96,4,1,1,411,2.0,New Customer,18-24,Female,London,Silver,True
CUST03748,88,5,199.5,3,2,1,321,2.0,Loyal,65+,Male,Yorkshire,Platinum,True
CUST03749,169,3,84.07000000000001,2,1,1,211,1.33,Needs Attention,35-44,Prefer not to say,South West,Gold,True
CUST03750,91,2,177.72,3,1,1,311,1.67,New Customer,65+,Male,South East,Silver,True
CUST03751,633,3,107.47,1,1,1,111,1.0,Lost,65+,Female,London,Bronze,True
CUST03752,141,6,386.26,2,3,2,232,2.33,At Risk,45-54,Prefer not to say,Wales,Bronze,True
CUST03753,196,7,454.03999999999996,2,3,2,232,2.33,At Risk,35-44,Female,Scotland,Bronze,True
CUST03754,380,7,331.53999999999996,1,3,2,132,2.0,Lost,65+,Female,London,Platinum,True
CUST03755,352,6,193.9,1,3,1,131,1.67,Lost,45-54,Male,North East,Bronze,True
CUST03756,168,4,336.33000000000004,2,1,2,212,1.67,Needs Attention,35-44,Female,Yorkshire,Gold,True
CUST03757,375,8,807.34,1,4,3,143,2.67,Lost,45-54,Male,West Midlands,Platinum,True
CUST03758,185,3,452.03,2,1,2,212,1.67,Needs Attention,55-64,Prefer not to say,London,Bronze,True
CUST03759,349,3,22.6,1,1,1,111,1.0,Lost,55-64,Female,Yorkshire,Bronze,False
CUST03760,10,4,370.31,4,1,2,412,2.33,New Customer,35-44,Male,East Midlands,Bronze,True
CUST03761,159,3,293.84000000000003,2,1,2,212,1.67,Needs Attention,25-34,Prefer not to say,South East,Bronze,True
CUST03762,45,6,524.91,4,3,3,433,3.33,Champion,45-54,Prefer not to say,Scotland,Bronze,True
CUST03763,78,8,1320.74,3,4,4,344,3.67,Champion,35-44,Prefer not to say,South West,Bronze,True
CUST03764,43,8,964.73,4,4,4,444,4.0,Champion,18-24,Male,East of England,Bronze,True
CUST03765,27,3,33.29,4,1,1,411,2.0,New Customer,55-64,Female,South West,Bronze,True
CUST03766,259,7,461.23999999999995,1,3,2,132,2.0,Lost,45-54,Female,South West,Silver,True
CUST03767,228,5,384.88,2,2,2,222,2.0,At Risk,25-34,Male,London,Bronze,True
CUST03768,167,3,420.06000000000006,2,1,2,212,1.67,Needs Attention,35-44,Prefer not to say,North West,Silver,True
CUST03769,429,5,976.6,1,2,4,124,2.33,Lost,35-44,Male,South East,Silver,True
CUST03770,7,5,194.91,4,2,1,421,2.33,Loyal,18-24,Male,North West,Silver,True
CUST03771,183,5,164.62,2,2,1,221,1.67,At Risk,55-64,Female,North West,Silver,True
CUST03772,166,4,158.25,2,1,1,211,1.33,Needs Attention,25-34,Female,North West,Gold,False
CUST03773,46,6,527.28,4,3,3,433,3.33,Champion,45-54,Prefer not to say,North East,Gold,True
CUST03774,59,6,815.8,3,3,3,333,3.0,Champion,45-54,Prefer not to say,North West,Bronze,True
CUST03775,119,6,386.2,3,3,2,332,2.67,Loyal,55-64,Female,East of England,Bronze,True
CUST03776,170,8,793.1,2,4,3,243,3.0,At Risk,18-24,Prefer not to say,London,Bronze,True
CUST03777,71,2,108.97999999999999,3,1,1,311,1.67,New Customer,18-24,Female,North East,Silver,True
CUST03778,153,7,388.46,2,3,2,232,2.33,At Risk,25-34,Male,Yorkshire,Bronze,True
CUST03779,218,5,1747.22,2,2,4,224,2.67,At Risk,18-24,Prefer not to say,London,Platinum,True
CUST03780,117,6,475.14,3,3,2,332,2.67,Loyal,45-54,Female,East of England,Bronze,True
CUST03781,338,3,144.57999999999998,1,1,1,111,1.0,Lost,45-54,Male,London,Gold,False
CUST03782,216,3,62.599999999999994,2,1,1,211,1.33,Needs Attention,65+,Male,North East,Platinum,False
CUST03783,11,7,1021.01,4,3,4,434,3.67,Champion,65+,Male,London,Bronze,True
CUST03784,233,7,823.6,2,3,3,233,2.67,At Risk,18-24,Prefer not to say,Yorkshire,Gold,False
CUST03785,455,4,152.6,1,1,1,111,1.0,Lost,18-24,Male,South East,Silver,True
CUST03786,20,8,645.85,4,4,3,443,3.67,Champion,25-34,Male,London,Bronze,True
CUST03787,62,6,295.02000000000004,3,3,2,332,2.67,Loyal,55-64,Prefer not to say,South West,Bronze,False
CUST03788,99,7,1001.75,3,3,4,334,3.33,Champion,18-24,Female,London,Bronze,False
CUST03789,486,7,795.72,1,3,3,133,2.33,Lost,55-64,Male,South West,Bronze,False
CUST03790,41,9,885.28,4,4,4,444,4.0,Champion,35-44,Prefer not to say,North West,Bronze,False
CUST03791,21,9,536.14,4,4,3,443,3.67,Champion,18-24,Female,London,Gold,True
CUST03792,65,8,880.6500000000001,3,4,4,344,3.67,Champion,35-44,Prefer not to say,North West,Bronze,True
CUST03793,12,9,919.33,4,4,4,444,4.0,Champion,45-54,Male,West Midlands,Silver,True
CUST03794,142,7,568.96,2,3,3,233,2.67,At Risk,55-64,Prefer not to say,London,Bronze,True
CUST03795,72,1,5.37,3,1,1,311,1.67,New Customer,55-64,Female,East of England,Gold,False
CUST03796,119,4,70.96000000000001,3,1,1,311,1.67,New Customer,65+,Prefer not to say,East of England,Silver,True
CUST03797,184,4,294.17,2,1,2,212,1.67,Needs Attention,18-24,Male,South West,Gold,True
CUST03798,119,6,429.99,3,3,2,332,2.67,Loyal,45-54,Female,West Midlands,Bronze,True
CUST03799,57,7,1840.1599999999999,3,3,4,334,3.33,Champion,25-34,Prefer not to say,North West,Platinum,True
CUST03800,35,4,1647.7500000000002,4,1,4,414,3.0,New Customer,65+,Prefer not to say,South West,Bronze,True
CUST03801,2,5,748.5500000000001,4,2,3,423,3.0,Loyal,45-54,Prefer not to say,East Midlands,Silver,True
CUST03802,208,4,121.45,2,1,1,211,1.33,Needs Attention,35-44,Female,London,Silver,False
CUST03803,92,4,589.77,3,1,3,313,2.33,New Customer,18-24,Female,North West,Silver,True
CUST03804,169,5,471.78000000000003,2,2,2,222,2.0,At Risk,25-34,Female,London,Bronze,True
CUST03805,112,12,1190.8700000000001,3,4,4,344,3.67,Champion,18-24,Prefer not to say,South East,Gold,True
CUST03806,1052,1,244.88,1,1,1,111,1.0,Lost,25-34,Male,South East,Gold,True
CUST03807,553,3,260.33,1,1,1,111,1.0,Lost,35-44,Male,Yorkshire,Bronze,True
CUST03808,276,4,234.89,1,1,1,111,1.0,Lost,35-44,Prefer not to say,Scotland,Silver,True
CUST03809,205,6,546.5699999999999,2,3,3,233,2.67,At Risk,65+,Prefer not to say,Yorkshire,Bronze,False
CUST03810,44,7,1493.1,4,3,4,434,3.67,Champion,65+,Male,Yorkshire,Gold,False
CUST03811,297,7,1356.49,1,3,4,134,2.67,Lost,18-24,Prefer not to say,Scotland,Silver,True
CUST03812,34,6,614.22,4,3,3,433,3.33,Champion,45-54,Prefer not to say,Yorkshire,Bronze,True
CUST03813,568,3,101.52,1,1,1,111,1.0,Lost,45-54,Prefer not to say,London,Bronze,True
CUST03814,74,13,1526.62,3,4,4,344,3.67,Champion,65+,Male,Scotland,Gold,True
CUST03815,153,6,272.96,2,3,2,232,2.33,At Risk,35-44,Female,East of England,Silver,True
CUST03816,92,5,459.33,3,2,2,322,2.33,Loyal,55-64,Female,East of England,Bronze,False
CUST03817,1095,1,27.16,1,1,1,111,1.0,Lost,55-64,Prefer not to say,Scotland,Bronze,False
CUST03818,146,6,1036.99,2,3,4,234,3.0,At Risk,35-44,Prefer not to say,London,Silver,True
CUST03819,244,7,449.09,2,3,2,232,2.33,At Risk,55-64,Male,South East,Platinum,True
CUST03820,84,5,491.46000000000004,3,2,2,322,2.33,Loyal,25-34,Male,Wales,Bronze,True
CUST03821,15,8,1091.1,4,4,4,444,4.0,Champion,55-64,Prefer not to say,Scotland,Bronze,True
CUST03822,199,11,2743.65,2,4,4,244,3.33,At Risk,65+,Female,South East,Bronze,True
CUST03823,346,3,139.64,1,1,1,111,1.0,Lost,18-24,Female,Yorkshire,Silver,True
CUST03824,197,11,1198.78,2,4,4,244,3.33,At Risk,35-44,Prefer not to say,North East,Bronze,True
CUST03825,161,13,1103.09,2,4,4,244,3.33,At Risk,45-54,Male,South East,Bronze,True
CUST03826,59,5,342.41,3,2,2,322,2.33,Loyal,35-44,Prefer not to say,East of England,Bronze,True
CUST03827,146,4,273.96999999999997,2,1,2,212,1.67,Needs Attention,18-24,Prefer not to say,North West,Bronze,False
CUST03828,35,4,398.19,4,1,2,412,2.33,New Customer,55-64,Female,North West,Silver,True
CUST03829,11,9,1309.5900000000001,4,4,4,444,4.0,Champion,25-34,Female,South East,Silver,True
CUST03830,357,2,71.22,1,1,1,111,1.0,Lost,65+,Male,Yorkshire,Silver,False
CUST03831,230,4,191.49,2,1,1,211,1.33,Needs Attention,65+,Male,London,Silver,True
CUST03832,301,2,286.66999999999996,1,1,2,112,1.33,Lost,45-54,Male,East of England,Silver,True
CUST03833,51,12,1103.91,4,4,4,444,4.0,Champion,18-24,Male,London,Bronze,True
CUST03834,24,8,342.7,4,4,2,442,3.33,Loyal,35-44,Female,London,Bronze,True
CUST03835,46,6,357.65,4,3,2,432,3.0,Loyal,55-64,Female,South East,Silver,True
CUST03836,377,5,131.28,1,2,1,121,1.33,Lost,45-54,Female,South West,Platinum,True
CUST03837,17,7,558.41,4,3,3,433,3.33,Champion,65+,Male,London,Platinum,True
CUST03838,52,7,209.10999999999999,4,3,1,431,2.67,Loyal,55-64,Male,North West,Silver,True
CUST03839,147,4,240.58999999999997,2,1,1,211,1.33,Needs Attention,25-34,Female,South East,Gold,True
CUST03840,41,7,609.5899999999999,4,3,3,433,3.33,Champion,65+,Prefer not to say,Wales,Bronze,True
CUST03841,1,6,381.45,4,3,2,432,3.0,Loyal,65+,Female,London,Bronze,False
CUST03842,88,6,917.3499999999999,3,3,4,334,3.33,Champion,35-44,Prefer not to say,North East,Bronze,True
CUST03843,199,9,868.9,2,4,3,243,3.0,At Risk,18-24,Prefer not to say,West Midlands,Platinum,True
CUST03844,88,9,811.48,3,4,3,343,3.33,Champion,18-24,Male,North West,Silver,True
CUST03845,650,4,171.67000000000002,1,1,1,111,1.0,Lost,35-44,Prefer not to say,Yorkshire,Platinum,True
CUST03846,275,9,1317.8700000000001,1,4,4,144,3.0,Lost,65+,Female,Yorkshire,Silver,True
CUST03847,200,9,915.1,2,4,4,244,3.33,At Risk,25-34,Male,West Midlands,Silver,False
CUST03848,258,7,494.71000000000004,2,3,2,232,2.33,At Risk,65+,Female,South East,Silver,True
CUST03849,65,6,826.3599999999999,3,3,3,333,3.0,Champion,45-54,Female,East Midlands,Bronze,True
CUST03850,667,3,694.66,1,1,3,113,1.67,Lost,45-54,Female,Wales,Bronze,True
CUST03851,388,5,199.03,1,2,1,121,1.33,Lost,25-34,Female,North West,Gold,True
CUST03852,123,10,1810.97,3,4,4,344,3.67,Champion,45-54,Male,South East,Bronze,True
CUST03853,96,3,301.49,3,1,2,312,2.0,New Customer,35-44,Prefer not to say,Scotland,Bronze,True
CUST03854,97,8,1172.67,3,4,4,344,3.67,Champion,55-64,Male,Yorkshire,Bronze,True
CUST03855,19,6,969.27,4,3,4,434,3.67,Champion,45-54,Female,North West,Silver,True
CUST03856,78,6,189.35999999999999,3,3,1,331,2.33,Loyal,45-54,Male,East of England,Gold,True
CUST03857,312,3,328.24,1,1,2,112,1.33,Lost,65+,Male,South West,Bronze,True
CUST03858,336,6,544.75,1,3,3,133,2.33,Lost,25-34,Male,East of England,Bronze,True
CUST03859,70,5,354.73,3,2,2,322,2.33,Loyal,55-64,Prefer not to say,South West,Bronze,False
CUST03860,83,8,204.5,3,4,1,341,2.67,Loyal,65+,Prefer not to say,South East,Gold,True
CUST03861,583,3,509.53,1,1,3,113,1.67,Lost,18-24,Male,London,Bronze,False
CUST03862,378,4,87.89,1,1,1,111,1.0,Lost,65+,Male,Yorkshire,Gold,True
CUST03863,40,9,1358.71,4,4,4,444,4.0,Champion,45-54,Prefer not to say,East Midlands,Silver,True
CUST03864,146,6,353.2,2,3,2,232,2.33,At Risk,25-34,Female,East of England,Platinum,False
CUST03865,406,5,638.02,1,2,3,123,2.0,Lost,65+,Male,Wales,Bronze,False
CUST03866,157,4,231.07999999999998,2,1,1,211,1.33,Needs Attention,25-34,Male,East of England,Gold,False
CUST03867,132,5,174.94,2,2,1,221,1.67,At Risk,35-44,Prefer not to say,South East,Bronze,True
CUST03868,155,9,287.41,2,4,2,242,2.67,At Risk,65+,Male,South East,Gold,True
CUST03869,64,4,401.31,3,1,2,312,2.0,New Customer,65+,Male,Yorkshire,Bronze,True
CUST03870,325,7,725.6,1,3,3,133,2.33,Lost,25-34,Prefer not to say,West Midlands,Silver,True
CUST03871,94,4,2112.39,3,1,4,314,2.67,New Customer,25-34,Prefer not to say,West Midlands,Bronze,True
CUST03872,127,7,401.56,3,3,2,332,2.67,Loyal,55-64,Male,Yorkshire,Silver,True
CUST03873,481,2,101.99000000000001,1,1,1,111,1.0,Lost,65+,Prefer not to say,South West,Bronze,True
CUST03874,481,5,425.77,1,2,2,122,1.67,Lost,45-54,Prefer not to say,South West,Platinum,True
CUST03875,63,8,789.1700000000001,3,4,3,343,3.33,Champion,25-34,Female,London,Platinum,True
CUST03876,309,7,1793.9,1,3,4,134,2.67,Lost,25-34,Prefer not to say,South East,Bronze,True
CUST03877,37,6,1664.14,4,3,4,434,3.67,Champion,35-44,Prefer not to say,South East,Silver,True
CUST03878,201,9,973.02,2,4,4,244,3.33,At Risk,35-44,Prefer not to say,South West,Silver,False
CUST03879,531,2,15.580000000000002,1,1,1,111,1.0,Lost,25-34,Male,North East,Bronze,True
CUST03880,367,5,379.2,1,2,2,122,1.67,Lost,65+,Prefer not to say,South East,Gold,False
CUST03881,182,4,303.06,2,1,2,212,1.67,Needs Attention,45-54,Male,East of England,Silver,True
CUST03882,34,5,372.72,4,2,2,422,2.67,Loyal,45-54,Prefer not to say,West Midlands,Bronze,False
CUST03883,160,7,1479.6399999999999,2,3,4,234,3.0,At Risk,18-24,Female,South East,Gold,False
CUST03884,7,7,780.3900000000001,4,3,3,433,3.33,Champion,55-64,Prefer not to say,London,Bronze,True
CUST03885,237,3,718.5500000000001,2,1,3,213,2.0,Needs Attention,18-24,Male,Yorkshire,Bronze,False
CUST03886,83,5,628.94,3,2,3,323,2.67,Loyal,45-54,Male,East of England,Silver,False
CUST03887,172,12,1034.35,2,4,4,244,3.33,At Risk,65+,Female,Scotland,Gold,True
CUST03888,151,5,733.46,2,2,3,223,2.33,At Risk,35-44,Prefer not to say,West Midlands,Silver,False
CUST03889,16,4,1290.8200000000002,4,1,4,414,3.0,New Customer,45-54,Female,Scotland,Bronze,False
CUST03890,15,5,205.91,4,2,1,421,2.33,Loyal,55-64,Male,Yorkshire,Silver,False
CUST03891,9,3,187.82,4,1,1,411,2.0,New Customer,45-54,Female,London,Bronze,True
CUST03892,90,4,207.07,3,1,1,311,1.67,New Customer,55-64,Prefer not to say,South East,Platinum,True
CUST03893,306,4,98.69,1,1,1,111,1.0,Lost,25-34,Female,Scotland,Bronze,True
CUST03894,8,9,519.23,4,4,3,443,3.67,Champion,55-64,Male,East of England,Silver,True
CUST03895,7,6,1615.07,4,3,4,434,3.67,Champion,65+,Female,North West,Bronze,True
CUST03896,154,6,336.40999999999997,2,3,2,232,2.33,At Risk,35-44,Female,North East,Silver,False
CUST03897,1,10,777.8199999999999,4,4,3,443,3.67,Champion,25-34,Male,Wales,Bronze,True
CUST03898,180,8,1550.17,2,4,4,244,3.33,At Risk,45-54,Prefer not to say,West Midlands,Bronze,True
CUST03899,76,6,353.16,3,3,2,332,2.67,Loyal,55-64,Prefer not to say,West Midlands,Bronze,True
CUST03900,106,7,350.64,3,3,2,332,2.67,Loyal,35-44,Female,South East,Platinum,True
CUST03901,22,6,1404.34,4,3,4,434,3.67,Champion,35-44,Male,North West,Silver,False
CUST03902,56,10,3326.0699999999997,3,4,4,344,3.67,Champion,65+,Prefer not to say,South East,Bronze,True
CUST03903,10,9,1650.04,4,4,4,444,4.0,Champion,18-24,Prefer not to say,Scotland,Bronze,True
CUST03904,160,1,63.08,2,1,1,211,1.33,Needs Attention,18-24,Female,East of England,Bronze,True
CUST03905,8,10,1421.3400000000001,4,4,4,444,4.0,Champion,55-64,Female,Yorkshire,Bronze,True
CUST03906,4,4,424.92,4,1,2,412,2.33,New Customer,25-34,Prefer not to say,North West,Platinum,True
CUST03907,18,10,372.25,4,4,2,442,3.33,Loyal,25-34,Prefer not to say,North West,Bronze,True
CUST03908,204,7,1404.04,2,3,4,234,3.0,At Risk,55-64,Male,South West,Bronze,True
CUST03909,497,5,279.2,1,2,2,122,1.67,Lost,25-34,Female,South East,Silver,True
CUST03910,15,7,1194.63,4,3,4,434,3.67,Champion,35-44,Prefer not to say,London,Bronze,True
CUST03911,241,9,802.6,2,4,3,243,3.0,At Risk,35-44,Prefer not to say,East of England,Bronze,True
CUST03912,203,8,658.26,2,4,3,243,3.0,At Risk,55-64,Prefer not to say,London,Silver,True
CUST03913,231,3,625.35,2,1,3,213,2.0,Needs Attention,35-44,Female,Yorkshire,Bronze,True
CUST03914,31,9,1104.06,4,4,4,444,4.0,Champion,35-44,Female,East Midlands,Gold,True
CUST03915,145,7,229.07,2,3,1,231,2.0,At Risk,55-64,Prefer not to say,London,Bronze,True
CUST03916,368,9,1315.84,1,4,4,144,3.0,Lost,65+,Female,Scotland,Bronze,True
CUST03917,133,7,340.73,2,3,2,232,2.33,At Risk,25-34,Prefer not to say,South West,Gold,True
CUST03918,11,5,448.45,4,2,2,422,2.67,Loyal,45-54,Male,Yorkshire,Gold,True
CUST03919,123,4,215.43,3,1,1,311,1.67,New Customer,45-54,Female,Scotland,Gold,True
CUST03920,201,2,1853.52,2,1,4,214,2.33,Needs Attention,45-54,Prefer not to say,North West,Bronze,True
CUST03921,64,6,416.96999999999997,3,3,2,332,2.67,Loyal,25-34,Female,South West,Bronze,True
CUST03922,226,3,216.17000000000002,2,1,1,211,1.33,Needs Attention,45-54,Male,West Midlands,Bronze,True
CUST03923,608,3,280.78000000000003,1,1,2,112,1.33,Lost,65+,Prefer not to say,London,Bronze,True
CUST03924,368,4,427.46,1,1,2,112,1.33,Lost,55-64,Male,North West,Bronze,False
CUST03925,195,8,869.16,2,4,3,243,3.0,At Risk,18-24,Female,Wales,Platinum,True
CUST03926,270,5,228.77,1,2,1,121,1.33,Lost,45-54,Prefer not to say,London,Gold,True
CUST03927,15,7,534.14,4,3,3,433,3.33,Champion,55-64,Female,Yorkshire,Bronze,True
CUST03928,51,7,523.1,4,3,3,433,3.33,Champion,65+,Female,East Midlands,Gold,True
CUST03929,528,5,260.78000000000003,1,2,1,121,1.33,Lost,25-34,Female,East Midlands,Gold,False
CUST03930,5,6,751.53,4,3,3,433,3.33,Champion,55-64,Prefer not to say,Scotland,Gold,True
CUST03931,211,6,303.58000000000004,2,3,2,232,2.33,At Risk,35-44,Female,North West,Silver,True
CUST03932,68,6,1768.44,3,3,4,334,3.33,Champion,18-24,Male,South West,Bronze,True
CUST03933,245,8,370.98,2,4,2,242,2.67,At Risk,55-64,Female,South East,Silver,False
CUST03934,377,6,1264.39,1,3,4,134,2.67,Lost,55-64,Male,Scotland,Platinum,True
CUST03935,340,7,1598.45,1,3,4,134,2.67,Lost,35-44,Female,East of England,Gold,True
CUST03936,377,1,86.83,1,1,1,111,1.0,Lost,65+,Female,North East,Gold,True
CUST03937,22,8,410.21000000000004,4,4,2,442,3.33,Loyal,35-44,Male,Yorkshire,Bronze,True
CUST03938,90,7,668.29,3,3,3,333,3.0,Champion,35-44,Male,South East,Silver,True
CUST03939,27,7,475.16999999999996,4,3,2,432,3.0,Loyal,55-64,Female,South West,Bronze,True
CUST03940,23,4,264.64,4,1,1,411,2.0,New Customer,35-44,Female,East Midlands,Bronze,True
CUST03941,595,3,553.02,1,1,3,113,1.67,Lost,35-44,Female,North West,Bronze,True
CUST03942,41,9,1901.82,4,4,4,444,4.0,Champion,45-54,Female,South East,Bronze,True
CUST03943,117,9,643.37,3,4,3,343,3.33,Champion,55-64,Prefer not to say,North West,Bronze,True
CUST03944,466,7,1595.03,1,3,4,134,2.67,Lost,65+,Prefer not to say,London,Bronze,True
CUST03945,47,7,283.79999999999995,4,3,2,432,3.0,Loyal,45-54,Prefer not to say,East of England,Bronze,True
CUST03946,242,6,1329.88,2,3,4,234,3.0,At Risk,65+,Prefer not to say,Yorkshire,Bronze,True
CUST03947,372,6,454.12,1,3,2,132,2.0,Lost,45-54,Female,Yorkshire,Platinum,True
CUST03948,331,4,443.66999999999996,1,1,2,112,1.33,Lost,35-44,Female,East Midlands,Silver,True
CUST03949,153,6,548.35,2,3,3,233,2.67,At Risk,45-54,Prefer not to say,South West,Silver,False
CUST03950,425,4,466.67,1,1,2,112,1.33,Lost,45-54,Prefer not to say,Yorkshire,Silver,True
CUST03951,18,8,218.56,4,4,1,441,3.0,Loyal,45-54,Male,London,Bronze,True
CUST03952,36,7,503.64,4,3,2,432,3.0,Loyal,35-44,Female,London,Bronze,True
CUST03953,257,6,1999.73,2,3,4,234,3.0,At Risk,35-44,Female,Yorkshire,Gold,True
CUST03954,28,7,558.75,4,3,3,433,3.33,Champion,55-64,Prefer not to say,South East,Platinum,True
CUST03955,246,7,725.22,2,3,3,233,2.67,At Risk,25-34,Male,South East,Gold,True
CUST03956,142,7,1185.62,2,3,4,234,3.0,At Risk,25-34,Male,Yorkshire,Silver,False
CUST03957,435,7,808.3399999999999,1,3,3,133,2.33,Lost,45-54,Prefer not to say,East Midlands,Silver,True
CUST03958,56,3,334.98,3,1,2,312,2.0,New Customer,45-54,Male,Scotland,Silver,True
CUST03959,102,3,75.67000000000002,3,1,1,311,1.67,New Customer,35-44,Male,London,Bronze,True
CUST03960,69,4,131.6,3,1,1,311,1.67,New Customer,35-44,Prefer not to say,East Midlands,Bronze,True
CUST03961,108,11,1420.95,3,4,4,344,3.67,Champion,55-64,Prefer not to say,South West,Platinum,True
CUST03962,56,4,311.14,3,1,2,312,2.0,New Customer,35-44,Male,West Midlands,Silver,True
CUST03963,20,5,1197.56,4,2,4,424,3.33,Loyal,18-24,Prefer not to say,Yorkshire,Gold,True
CUST03964,108,9,740.93,3,4,3,343,3.33,Champion,35-44,Male,North West,Bronze,True
CUST03965,12,6,1184.06,4,3,4,434,3.67,Champion,35-44,Male,London,Bronze,True
CUST03966,547,9,1248.15,1,4,4,144,3.0,Lost,45-54,Female,South East,Gold,True
CUST03967,8,9,350.39,4,4,2,442,3.33,Loyal,35-44,Female,East of England,Bronze,True
CUST03968,99,8,580.21,3,4,3,343,3.33,Champion,25-34,Female,East of England,Bronze,True
CUST03969,34,5,474.25,4,2,2,422,2.67,Loyal,25-34,Female,Yorkshire,Bronze,False
CUST03970,134,4,144.22,2,1,1,211,1.33,Needs Attention,18-24,Female,East Midlands,Bronze,True
CUST03971,242,2,168.31,2,1,1,211,1.33,Needs Attention,45-54,Female,North West,Silver,False
CUST03972,126,4,321.95,3,1,2,312,2.0,New Customer,65+,Male,London,Gold,True
CUST03973,409,4,235.69,1,1,1,111,1.0,Lost,45-54,Female,East of England,Bronze,True
CUST03974,72,6,416.75,3,3,2,332,2.67,Loyal,65+,Prefer not to say,South East,Bronze,True
CUST03975,393,4,693.47,1,1,3,113,1.67,Lost,65+,Prefer not to say,South East,Bronze,True
CUST03976,132,3,662.3499999999999,2,1,3,213,2.0,Needs Attention,65+,Male,South East,Bronze,True
CUST03977,237,7,853.6600000000001,2,3,3,233,2.67,At Risk,25-34,Female,South West,Bronze,True
CUST03978,21,3,401.69,4,1,2,412,2.33,New Customer,18-24,Female,East of England,Gold,True
CUST03979,9,5,104.51,4,2,1,421,2.33,Loyal,55-64,Prefer not to say,North East,Bronze,True
CUST03980,91,11,1055.2,3,4,4,344,3.67,Champion,18-24,Female,London,Platinum,True
CUST03981,190,8,286.89,2,4,2,242,2.67,At Risk,65+,Prefer not to say,North West,Bronze,False
CUST03982,267,4,377.45000000000005,1,1,2,112,1.33,Lost,45-54,Prefer not to say,North West,Silver,True
CUST03983,385,6,173.43,1,3,1,131,1.67,Lost,35-44,Male,South East,Bronze,False
CUST03984,531,2,231.61,1,1,1,111,1.0,Lost,65+,Male,Wales,Silver,False
CUST03985,38,7,313.2,4,3,2,432,3.0,Loyal,55-64,Prefer not to say,London,Silver,True
CUST03986,172,4,202.16000000000003,2,1,1,211,1.33,Needs Attention,65+,Female,London,Silver,True
CUST03987,103,3,584.04,3,1,3,313,2.33,New Customer,65+,Prefer not to say,North West,Bronze,False
CUST03988,185,3,73.17,2,1,1,211,1.33,Needs Attention,35-44,Female,London,Silver,False
CUST03989,19,12,1142.13,4,4,4,444,4.0,Champion,25-34,Male,East of England,Gold,True
CUST03990,8,9,655.18,4,4,3,443,3.67,Champion,18-24,Prefer not to say,West Midlands,Bronze,True
CUST03991,56,3,515.57,3,1,3,313,2.33,New Customer,18-24,Prefer not to say,South West,Gold,True
CUST03992,107,5,232.44,3,2,1,321,2.0,Loyal,18-24,Prefer not to say,West Midlands,Silver,True
CUST03993,79,6,374.41999999999996,3,3,2,332,2.67,Loyal,18-24,Male,Wales,Silver,True
CUST03994,9,7,979.39,4,3,4,434,3.67,Champion,65+,Prefer not to say,West Midlands,Silver,False
CUST03995,81,8,377.34000000000003,3,4,2,342,3.0,Loyal,35-44,Prefer not to say,East Midlands,Bronze,True
CUST03996,93,5,489.8,3,2,2,322,2.33,Loyal,45-54,Prefer not to say,West Midlands,Silver,True
CUST03997,4,9,640.8,4,4,3,443,3.67,Champion,25-34,Prefer not to say,South East,Silver,True
CUST03998,33,3,1424.13,4,1,4,414,3.0,New Customer,25-34,Male,South East,Gold,False
CUST03999,190,6,673.8499999999999,2,3,3,233,2.67,At Risk,65+,Prefer not to say,Scotland,Silver,True
CUST04000,216,4,111.64,2,1,1,211,1.33,Needs Attention,18-24,Male,East of England,Bronze,True
CUST04001,8,7,866.3499999999999,4,3,3,433,3.33,Champion,25-34,Female,East Midlands,Silver,True
CUST04002,161,3,798.5999999999999,2,1,3,213,2.0,Needs Attention,35-44,Female,East of England,Bronze,True
CUST04003,96,9,677.63,3,4,3,343,3.33,Champion,35-44,Female,East Midlands,Silver,True
CUST04004,105,7,550.87,3,3,3,333,3.0,Champion,55-64,Male,London,Bronze,True
CUST04005,63,5,346.27,3,2,2,322,2.33,Loyal,45-54,Female,London,Bronze,False
CUST04006,187,3,378.37,2,1,2,212,1.67,Needs Attention,35-44,Male,West Midlands,Bronze,True
CUST04007,630,2,46.45,1,1,1,111,1.0,Lost,18-24,Female,West Midlands,Silver,True
CUST04008,137,5,364.4,2,2,2,222,2.0,At Risk,25-34,Female,West Midlands,Bronze,True
CUST04009,202,3,206.34,2,1,1,211,1.33,Needs Attention,55-64,Male,London,Silver,True
CUST04010,107,7,447.65,3,3,2,332,2.67,Loyal,65+,Female,London,Bronze,True
CUST04011,111,3,279.77,3,1,2,312,2.0,New Customer,45-54,Prefer not to say,East of England,Bronze,True
CUST04012,100,5,332.34000000000003,3,2,2,322,2.33,Loyal,35-44,Prefer not to say,West Midlands,Bronze,True
CUST04013,419,5,315.38,1,2,2,122,1.67,Lost,45-54,Female,London,Gold,True
CUST04014,263,6,252.25,1,3,1,131,1.67,Lost,35-44,Male,East of England,Silver,True
CUST04015,337,6,495.09000000000003,1,3,2,132,2.0,Lost,55-64,Male,North East,Silver,True
CUST04016,93,10,332.02,3,4,2,342,3.0,Loyal,45-54,Prefer not to say,Yorkshire,Bronze,False
CUST04017,10,6,320.03000000000003,4,3,2,432,3.0,Loyal,25-34,Prefer not to say,London,Silver,False
CUST04018,68,7,352.71999999999997,3,3,2,332,2.67,Loyal,18-24,Female,East Midlands,Bronze,True
CUST04019,80,5,265.90999999999997,3,2,1,321,2.0,Loyal,18-24,Female,London,Silver,True
CUST04020,23,7,159.14999999999998,4,3,1,431,2.67,Loyal,55-64,Male,London,Platinum,False
CUST04021,102,8,823.1600000000001,3,4,3,343,3.33,Champion,55-64,Prefer not to say,West Midlands,Bronze,True
CUST04022,106,7,208.94,3,3,1,331,2.33,Loyal,45-54,Female,London,Bronze,True
CUST04023,581,3,153.19,1,1,1,111,1.0,Lost,25-34,Female,East of England,Bronze,False
CUST04024,351,4,1130.0400000000002,1,1,4,114,2.0,Lost,65+,Male,South West,Bronze,False
CUST04025,352,5,1242.11,1,2,4,124,2.33,Lost,18-24,Male,Scotland,Gold,True
CUST04026,319,4,1281.3899999999999,1,1,4,114,2.0,Lost,25-34,Prefer not to say,South East,Bronze,False
CUST04027,354,3,512.08,1,1,3,113,1.67,Lost,65+,Female,South East,Bronze,False
CUST04028,43,6,926.85,4,3,4,434,3.67,Champion,45-54,Prefer not to say,London,Silver,True
CUST04029,54,5,120.52,3,2,1,321,2.0,Loyal,18-24,Female,East Midlands,Gold,True
CUST04030,125,4,372.89,3,1,2,312,2.0,New Customer,35-44,Prefer not to say,Yorkshire,Bronze,True
CUST04031,90,5,199.76,3,2,1,321,2.0,Loyal,65+,Male,East of England,Bronze,True
CUST04032,309,8,2142.24,1,4,4,144,3.0,Lost,35-44,Prefer not to say,North West,Silver,True
CUST04033,150,8,933.6600000000001,2,4,4,244,3.33,At Risk,45-54,Female,South East,Gold,True
CUST04034,136,12,516.72,2,4,3,243,3.0,At Risk,45-54,Prefer not to say,Yorkshire,Bronze,True
CUST04035,15,4,131.29,4,1,1,411,2.0,New Customer,65+,Female,East Midlands,Silver,True
CUST04036,23,5,855.54,4,2,3,423,3.0,Loyal,25-34,Male,North West,Gold,True
CUST04037,63,6,819.9300000000001,3,3,3,333,3.0,Champion,35-44,Male,South East,Gold,True
CUST04038,63,7,526.8,3,3,3,333,3.0,Champion,55-64,Male,South East,Bronze,True
CUST04039,295,5,160.44,1,2,1,121,1.33,Lost,18-24,Female,South East,Bronze,True
CUST04040,37,5,897.45,4,2,4,424,3.33,Loyal,45-54,Prefer not to say,Wales,Silver,True
CUST04041,138,6,548.95,2,3,3,233,2.67,At Risk,65+,Prefer not to say,London,Bronze,True
CUST04042,3,4,307.33,4,1,2,412,2.33,New Customer,55-64,Male,North East,Bronze,True
CUST04043,15,11,728.29,4,4,3,443,3.67,Champion,25-34,Male,Yorkshire,Silver,False
CUST04044,279,6,191.47,1,3,1,131,1.67,Lost,55-64,Female,North East,Bronze,True
CUST04045,49,7,1103.82,4,3,4,434,3.67,Champion,35-44,Male,East Midlands,Platinum,True
CUST04046,171,6,892.01,2,3,4,234,3.0,At Risk,25-34,Female,East of England,Bronze,False
CUST04047,503,4,188.57,1,1,1,111,1.0,Lost,35-44,Male,Scotland,Platinum,True
CUST04048,71,6,1023.77,3,3,4,334,3.33,Champion,18-24,Female,East of England,Bronze,True
CUST04049,287,5,302.27,1,2,2,122,1.67,Lost,65+,Prefer not to say,North East,Bronze,False
CUST04050,37,10,389.74,4,4,2,442,3.33,Loyal,45-54,Male,London,Bronze,True
CUST04051,106,4,857.36,3,1,3,313,2.33,New Customer,25-34,Male,West Midlands,Gold,False
CUST04052,165,5,141.97,2,2,1,221,1.67,At Risk,35-44,Female,North West,Bronze,True
CUST04053,189,8,920.04,2,4,4,244,3.33,At Risk,45-54,Prefer not to say,North West,Platinum,True
CUST04054,242,6,1466.31,2,3,4,234,3.0,At Risk,55-64,Prefer not to say,South East,Bronze,True
CUST04055,443,4,327.01,1,1,2,112,1.33,Lost,65+,Male,Wales,Silver,True
CUST04056,47,6,780.38,4,3,3,433,3.33,Champion,65+,Male,South East,Silver,True
CUST04057,212,5,854.52,2,2,3,223,2.33,At Risk,55-64,Prefer not to say,East Midlands,Silver,False
CUST04058,31,9,446.56,4,4,2,442,3.33,Loyal,65+,Male,West Midlands,Bronze,True
CUST04059,234,5,1109.19,2,2,4,224,2.67,At Risk,18-24,Female,Wales,Platinum,True
CUST04060,53,4,1178.0,4,1,4,414,3.0,New Customer,55-64,Female,West Midlands,Silver,True
CUST04061,317,5,257.42,1,2,1,121,1.33,Lost,55-64,Female,Yorkshire,Bronze,True
CUST04062,106,9,820.85,3,4,3,343,3.33,Champion,18-24,Prefer not to say,North West,Bronze,True
CUST04063,29,9,583.31,4,4,3,443,3.67,Champion,35-44,Prefer not to say,South East,Bronze,True
CUST04064,58,6,431.1,3,3,2,332,2.67,Loyal,35-44,Female,London,Bronze,True
CUST04065,112,4,1931.1399999999999,3,1,4,314,2.67,New Customer,55-64,Female,East of England,Bronze,False
CUST04066,643,4,165.57,1,1,1,111,1.0,Lost,45-54,Female,Yorkshire,Bronze,True
CUST04067,72,8,501.72,3,4,2,342,3.0,Loyal,25-34,Female,North East,Gold,True
CUST04068,124,6,1718.89,3,3,4,334,3.33,Champion,55-64,Female,North West,Platinum,False
CUST04069,38,5,912.0,4,2,4,424,3.33,Loyal,65+,Prefer not to say,London,Silver,True
CUST04070,364,3,36.66,1,1,1,111,1.0,Lost,35-44,Prefer not to say,South West,Silver,False
CUST04071,176,7,632.28,2,3,3,233,2.67,At Risk,25-34,Female,Yorkshire,Platinum,True
CUST04072,44,8,378.48,4,4,2,442,3.33,Loyal,18-24,Male,South East,Gold,True
CUST04073,103,5,131.58,3,2,1,321,2.0,Loyal,25-34,Male,London,Bronze,True
CUST04074,421,5,39.5,1,2,1,121,1.33,Lost,18-24,Male,North West,Silver,True
CUST04075,463,3,151.79,1,1,1,111,1.0,Lost,65+,Male,West Midlands,Gold,True
CUST04076,27,9,1536.63,4,4,4,444,4.0,Champion,65+,Female,London,Bronze,True
CUST04077,591,5,713.14,1,2,3,123,2.0,Lost,45-54,Prefer not to say,East Midlands,Silver,True
CUST04078,161,7,1211.83,2,3,4,234,3.0,At Risk,18-24,Male,West Midlands,Platinum,True
CUST04079,231,4,716.28,2,1,3,213,2.0,Needs Attention,25-34,Prefer not to say,London,Bronze,True
CUST04080,141,6,512.01,2,3,3,233,2.67,At Risk,18-24,Female,North West,Bronze,True
CUST04081,365,10,1363.58,1,4,4,144,3.0,Lost,25-34,Female,South East,Platinum,True
CUST04082,105,4,272.84,3,1,2,312,2.0,New Customer,25-34,Prefer not to say,West Midlands,Silver,True
CUST04083,75,8,379.24,3,4,2,342,3.0,Loyal,65+,Male,East of England,Gold,True
CUST04084,29,4,398.59,4,1,2,412,2.33,New Customer,45-54,Female,East of England,Bronze,False
CUST04085,233,3,27.58,2,1,1,211,1.33,Needs Attention,65+,Male,London,Bronze,True
CUST04086,72,6,218.49,3,3,1,331,2.33,Loyal,65+,Prefer not to say,North West,Bronze,True
CUST04087,575,2,372.84000000000003,1,1,2,112,1.33,Lost,55-64,Female,South East,Silver,False
CUST04088,408,5,967.57,1,2,4,124,2.33,Lost,65+,Male,South East,Silver,True
CUST04089,132,7,922.71,2,3,4,234,3.0,At Risk,65+,Prefer not to say,London,Silver,True
CUST04090,396,6,329.06,1,3,2,132,2.0,Lost,55-64,Male,North East,Bronze,True
CUST04091,27,5,311.34000000000003,4,2,2,422,2.67,Loyal,35-44,Female,North West,Silver,True
CUST04092,264,7,682.47,1,3,3,133,2.33,Lost,35-44,Male,Scotland,Bronze,False
CUST04093,204,7,764.63,2,3,3,233,2.67,At Risk,18-24,Prefer not to say,East of England,Silver,True
CUST04094,155,3,242.07,2,1,1,211,1.33,Needs Attention,18-24,Prefer not to say,North East,Bronze,True
CUST04095,83,8,538.2099999999999,3,4,3,343,3.33,Champion,35-44,Female,Scotland,Gold,True
CUST04096,154,6,705.0699999999999,2,3,3,233,2.67,At Risk,45-54,Prefer not to say,Scotland,Gold,True
CUST04097,21,8,1100.5200000000002,4,4,4,444,4.0,Champion,18-24,Prefer not to say,London,Gold,False
CUST04098,180,4,1371.31,2,1,4,214,2.33,Needs Attention,18-24,Male,North West,Bronze,True
CUST04099,113,4,138.93,3,1,1,311,1.67,New Customer,35-44,Male,Scotland,Bronze,True
CUST04100,191,8,802.89,2,4,3,243,3.0,At Risk,55-64,Female,South East,Bronze,True
CUST04101,28,4,399.88,4,1,2,412,2.33,New Customer,18-24,Prefer not to say,South East,Silver,True
CUST04102,330,5,1471.3400000000001,1,2,4,124,2.33,Lost,55-64,Female,East of England,Bronze,True
CUST04103,462,2,293.20000000000005,1,1,2,112,1.33,Lost,65+,Female,South East,Gold,True
CUST04104,23,6,1458.0700000000002,4,3,4,434,3.67,Champion,55-64,Prefer not to say,Wales,Gold,True
CUST04105,11,8,2641.67,4,4,4,444,4.0,Champion,65+,Male,South East,Platinum,True
CUST04106,88,7,1586.74,3,3,4,334,3.33,Champion,45-54,Prefer not to say,London,Silver,False
CUST04107,121,8,1425.83,3,4,4,344,3.67,Champion,18-24,Male,East of England,Gold,True
CUST04108,20,4,196.14,4,1,1,411,2.0,New Customer,35-44,Prefer not to say,South West,Bronze,True
CUST04109,333,5,308.63,1,2,2,122,1.67,Lost,18-24,Male,South East,Bronze,True
CUST04110,236,5,304.08,2,2,2,222,2.0,At Risk,45-54,Prefer not to say,East of England,Bronze,True
CUST04111,162,6,1318.17,2,3,4,234,3.0,At Risk,65+,Prefer not to say,London,Bronze,True
CUST04112,264,6,907.3399999999999,1,3,4,134,2.67,Lost,55-64,Male,West Midlands,Bronze,True
CUST04113,248,7,1659.45,2,3,4,234,3.0,At Risk,18-24,Male,South East,Bronze,False
CUST04114,19,6,926.01,4,3,4,434,3.67,Champion,65+,Female,North West,Bronze,True
CUST04115,385,6,430.08,1,3,2,132,2.0,Lost,65+,Male,South East,Bronze,False
CUST04116,268,5,273.54,1,2,2,122,1.67,Lost,35-44,Prefer not to say,London,Gold,True
CUST04117,84,4,467.77,3,1,2,312,2.0,New Customer,25-34,Female,Yorkshire,Platinum,True
CUST04118,113,6,277.91,3,3,2,332,2.67,Loyal,65+,Prefer not to say,West Midlands,Bronze,True
CUST04119,133,7,582.8000000000001,2,3,3,233,2.67,At Risk,25-34,Male,London,Bronze,True
CUST04120,460,6,529.23,1,3,3,133,2.33,Lost,65+,Male,Scotland,Silver,False
CUST04121,21,5,799.5899999999999,4,2,3,423,3.0,Loyal,18-24,Female,South East,Gold,True
CUST04122,93,3,162.73000000000002,3,1,1,311,1.67,New Customer,35-44,Female,North West,Gold,True
CUST04123,87,7,992.0,3,3,4,334,3.33,Champion,45-54,Female,South East,Gold,True
CUST04124,256,5,1939.41,2,2,4,224,2.67,At Risk,35-44,Female,South East,Bronze,True
CUST04125,71,8,300.29,3,4,2,342,3.0,Loyal,35-44,Prefer not to say,South West,Platinum,True
CUST04126,82,8,1153.82,3,4,4,344,3.67,Champion,45-54,Prefer not to say,South East,Gold,False
CUST04127,214,4,392.03999999999996,2,1,2,212,1.67,Needs Attention,18-24,Prefer not to say,London,Bronze,True
CUST04128,341,4,592.4,1,1,3,113,1.67,Lost,35-44,Prefer not to say,London,Bronze,True
CUST04129,266,5,164.3,1,2,1,121,1.33,Lost,65+,Prefer not to say,South East,Bronze,True
CUST04130,411,1,277.43,1,1,2,112,1.33,Lost,65+,Female,South East,Bronze,True
CUST04131,125,8,386.78,3,4,2,342,3.0,Loyal,18-24,Prefer not to say,North West,Silver,True
CUST04132,26,7,1126.23,4,3,4,434,3.67,Champion,25-34,Female,East Midlands,Bronze,True
CUST04133,350,6,574.44,1,3,3,133,2.33,Lost,55-64,Female,Yorkshire,Bronze,True
CUST04134,6,4,532.67,4,1,3,413,2.67,New Customer,45-54,Prefer not to say,East of England,Bronze,True
CUST04135,216,4,224.98,2,1,1,211,1.33,Needs Attention,65+,Female,West Midlands,Gold,True
CUST04136,118,9,676.44,3,4,3,343,3.33,Champion,25-34,Prefer not to say,South East,Bronze,True
CUST04137,324,5,379.19,1,2,2,122,1.67,Lost,45-54,Female,London,Bronze,True
CUST04138,124,7,1071.56,3,3,4,334,3.33,Champion,35-44,Prefer not to say,Scotland,Bronze,True
CUST04139,126,8,1244.75,3,4,4,344,3.67,Champion,55-64,Male,Scotland,Platinum,True
CUST04140,223,4,416.36,2,1,2,212,1.67,Needs Attention,18-24,Female,Yorkshire,Bronze,True
CUST04141,182,6,957.49,2,3,4,234,3.0,At Risk,45-54,Female,East of England,Bronze,True
CUST04142,243,11,1128.22,2,4,4,244,3.33,At Risk,25-34,Prefer not to say,Wales,Silver,True
CUST04143,66,6,411.76,3,3,2,332,2.67,Loyal,65+,Prefer not to say,London,Gold,True
CUST04144,8,8,281.55,4,4,2,442,3.33,Loyal,18-24,Female,South West,Bronze,True
CUST04145,269,6,631.34,1,3,3,133,2.33,Lost,55-64,Prefer not to say,North West,Platinum,True
CUST04146,58,7,283.51,3,3,2,332,2.67,Loyal,35-44,Female,South East,Platinum,True
CUST04147,165,7,362.33,2,3,2,232,2.33,At Risk,55-64,Female,South East,Silver,True
CUST04148,105,7,514.0799999999999,3,3,3,333,3.0,Champion,45-54,Female,North West,Gold,False
CUST04149,102,7,2252.0699999999997,3,3,4,334,3.33,Champion,35-44,Male,Yorkshire,Silver,False
CUST04150,64,3,349.64,3,1,2,312,2.0,New Customer,65+,Female,East Midlands,Gold,True
CUST04151,260,7,1129.63,1,3,4,134,2.67,Lost,55-64,Male,East of England,Bronze,True
CUST04152,5,4,1216.96,4,1,4,414,3.0,New Customer,35-44,Male,South East,Platinum,True
CUST04153,189,2,211.2,2,1,1,211,1.33,Needs Attention,25-34,Male,London,Bronze,False
CUST04154,64,6,2359.73,3,3,4,334,3.33,Champion,45-54,Prefer not to say,London,Bronze,True
CUST04155,37,4,85.63,4,1,1,411,2.0,New Customer,18-24,Prefer not to say,South East,Bronze,True
CUST04156,74,12,866.85,3,4,3,343,3.33,Champion,25-34,Male,London,Silver,True
CUST04157,595,4,592.97,1,1,3,113,1.67,Lost,35-44,Prefer not to say,East Midlands,Platinum,True
CUST04158,150,9,1071.43,2,4,4,244,3.33,At Risk,35-44,Male,South East,Gold,True
CUST04159,193,10,1190.46,2,4,4,244,3.33,At Risk,55-64,Female,West Midlands,Bronze,True
CUST04160,231,3,235.76000000000002,2,1,1,211,1.33,Needs Attention,35-44,Prefer not to say,London,Bronze,True
CUST04161,173,3,262.80999999999995,2,1,1,211,1.33,Needs Attention,65+,Prefer not to say,South East,Bronze,True
CUST04162,92,9,1371.7600000000002,3,4,4,344,3.67,Champion,35-44,Prefer not to say,North West,Gold,True
CUST04163,1056,1,114.68,1,1,1,111,1.0,Lost,35-44,Male,South West,Gold,True
CUST04164,235,7,301.82,2,3,2,232,2.33,At Risk,45-54,Female,West Midlands,Platinum,True
CUST04165,55,8,696.9999999999999,3,4,3,343,3.33,Champion,65+,Male,Wales,Bronze,True
CUST04166,51,3,660.49,4,1,3,413,2.67,New Customer,55-64,Prefer not to say,North East,Bronze,True
CUST04167,171,7,1020.45,2,3,4,234,3.0,At Risk,18-24,Female,Yorkshire,Bronze,False
CUST04168,428,5,189.22,1,2,1,121,1.33,Lost,55-64,Male,South East,Bronze,True
CUST04169,10,11,1167.78,4,4,4,444,4.0,Champion,35-44,Male,North West,Gold,True
CUST04170,21,3,209.56,4,1,1,411,2.0,New Customer,65+,Prefer not to say,London,Bronze,True
CUST04171,85,8,549.47,3,4,3,343,3.33,Champion,25-34,Female,Yorkshire,Bronze,True
CUST04172,107,6,430.51,3,3,2,332,2.67,Loyal,25-34,Male,London,Silver,True
CUST04173,116,6,1211.84,3,3,4,334,3.33,Champion,35-44,Male,London,Bronze,True
CUST04174,576,2,8.8,1,1,1,111,1.0,Lost,55-64,Prefer not to say,North West,Gold,False
CUST04175,40,6,345.23,4,3,2,432,3.0,Loyal,65+,Prefer not to say,London,Platinum,True
CUST04176,94,6,160.67000000000002,3,3,1,331,2.33,Loyal,65+,Female,South East,Bronze,True
CUST04177,263,4,1268.9,1,1,4,114,2.0,Lost,65+,Female,North West,Bronze,True
CUST04178,321,3,299.74,1,1,2,112,1.33,Lost,45-54,Female,Scotland,Bronze,True
CUST04179,3,4,692.3,4,1,3,413,2.67,New Customer,18-24,Female,Yorkshire,Bronze,False
CUST04180,323,9,937.75,1,4,4,144,3.0,Lost,55-64,Female,London,Silver,True
CUST04181,3,8,594.67,4,4,3,443,3.67,Champion,25-34,Male,North East,Gold,True
CUST04182,39,6,247.38,4,3,1,431,2.67,Loyal,35-44,Female,North West,Bronze,True
CUST04183,188,5,317.68,2,2,2,222,2.0,At Risk,18-24,Female,London,Silver,True
CUST04184,47,8,203.75,4,4,1,441,3.0,Loyal,25-34,Female,London,Bronze,True
CUST04185,101,11,1156.64,3,4,4,344,3.67,Champion,65+,Male,East Midlands,Silver,True
CUST04186,235,9,690.05,2,4,3,243,3.0,At Risk,45-54,Prefer not to say,North West,Bronze,True
CUST04187,597,3,116.93,1,1,1,111,1.0,Lost,55-64,Female,Scotland,Bronze,False
CUST04188,346,4,762.04,1,1,3,113,1.67,Lost,65+,Female,London,Platinum,True
CUST04189,475,5,264.61,1,2,1,121,1.33,Lost,55-64,Prefer not to say,North West,Silver,True
CUST04190,82,6,156.45,3,3,1,331,2.33,Loyal,45-54,Prefer not to say,South West,Gold,True
CUST04191,87,4,1336.1399999999999,3,1,4,314,2.67,New Customer,65+,Female,South West,Gold,False
CUST04192,277,5,268.27,1,2,1,121,1.33,Lost,18-24,Prefer not to say,West Midlands,Gold,True
CUST04193,358,5,383.96000000000004,1,2,2,122,1.67,Lost,25-34,Male,East of England,Bronze,True
CUST04194,26,5,1413.5500000000002,4,2,4,424,3.33,Loyal,45-54,Female,South East,Bronze,True
CUST04195,207,6,301.83000000000004,2,3,2,232,2.33,At Risk,45-54,Prefer not to say,London,Gold,True
CUST04196,136,8,554.42,2,4,3,243,3.0,At Risk,18-24,Male,South West,Silver,True
CUST04197,29,7,585.95,4,3,3,433,3.33,Champion,25-34,Male,North West,Bronze,True
CUST04198,141,4,192.32,2,1,1,211,1.33,Needs Attention,25-34,Male,North East,Bronze,True
CUST04199,492,2,92.97,1,1,1,111,1.0,Lost,45-54,Female,South East,Silver,True
CUST04200,121,6,757.3,3,3,3,333,3.0,Champion,65+,Female,South East,Silver,True
CUST04201,236,6,648.29,2,3,3,233,2.67,At Risk,55-64,Female,Scotland,Bronze,True
CUST04202,759,2,45.970000000000006,1,1,1,111,1.0,Lost,65+,Male,West Midlands,Bronze,False
CUST04203,38,5,453.40999999999997,4,2,2,422,2.67,Loyal,65+,Male,North West,Silver,True
CUST04204,21,8,599.4,4,4,3,443,3.67,Champion,18-24,Female,West Midlands,Gold,False
CUST04205,142,6,568.18,2,3,3,233,2.67,At Risk,55-64,Prefer not to say,Yorkshire,Platinum,True
CUST04206,103,5,736.8500000000001,3,2,3,323,2.67,Loyal,65+,Female,South West,Platinum,True
CUST04207,44,4,84.39,4,1,1,411,2.0,New Customer,45-54,Prefer not to say,North West,Gold,False
CUST04208,38,6,851.06,4,3,3,433,3.33,Champion,45-54,Prefer not to say,Yorkshire,Silver,True
CUST04209,320,5,565.74,1,2,3,123,2.0,Lost,65+,Female,North West,Silver,True
CUST04210,252,4,209.83999999999997,2,1,1,211,1.33,Needs Attention,18-24,Male,East Midlands,Silver,True
CUST04211,108,7,1142.1799999999998,3,3,4,334,3.33,Champion,65+,Male,East Midlands,Silver,True
CUST04212,66,7,1655.49,3,3,4,334,3.33,Champion,65+,Female,South West,Bronze,True
CUST04213,504,5,217.8,1,2,1,121,1.33,Lost,25-34,Prefer not to say,North West,Silver,True
CUST04214,59,7,1449.11,3,3,4,334,3.33,Champion,65+,Male,South West,Bronze,False
CUST04215,46,7,550.15,4,3,3,433,3.33,Champion,65+,Female,South East,Platinum,True
CUST04216,127,5,1203.6899999999998,3,2,4,324,3.0,Loyal,25-34,Female,East of England,Bronze,True
CUST04217,425,4,531.5400000000001,1,1,3,113,1.67,Lost,65+,Prefer not to say,London,Gold,True
CUST04218,187,4,298.29,2,1,2,212,1.67,Needs Attention,25-34,Female,South East,Bronze,True
CUST04219,305,4,682.33,1,1,3,113,1.67,Lost,45-54,Male,West Midlands,Bronze,True
CUST04220,8,10,746.18,4,4,3,443,3.67,Champion,45-54,Prefer not to say,West Midlands,Silver,True
CUST04221,842,3,83.07,1,1,1,111,1.0,Lost,45-54,Male,South West,Silver,True
CUST04222,114,6,181.66,3,3,1,331,2.33,Loyal,45-54,Male,London,Bronze,True
CUST04223,105,8,681.9100000000001,3,4,3,343,3.33,Champion,55-64,Prefer not to say,North West,Silver,True
CUST04224,199,5,506.17,2,2,2,222,2.0,At Risk,35-44,Male,Scotland,Bronze,False
CUST04225,751,3,175.75,1,1,1,111,1.0,Lost,45-54,Male,East of England,Gold,True
CUST04226,144,5,246.2,2,2,1,221,1.67,At Risk,25-34,Male,Yorkshire,Gold,False
CUST04227,3,5,248.3,4,2,1,421,2.33,Loyal,45-54,Male,West Midlands,Bronze,True
CUST04228,678,4,315.69,1,1,2,112,1.33,Lost,45-54,Prefer not to say,Scotland,Platinum,True
CUST04229,6,5,835.61,4,2,3,423,3.0,Loyal,65+,Male,Wales,Bronze,False
CUST04230,281,6,547.54,1,3,3,133,2.33,Lost,18-24,Male,Yorkshire,Gold,True
CUST04231,127,5,342.05,3,2,2,322,2.33,Loyal,35-44,Female,South East,Gold,True
CUST04232,270,7,434.06,1,3,2,132,2.0,Lost,65+,Prefer not to say,London,Bronze,True
CUST04233,81,7,295.08,3,3,2,332,2.67,Loyal,35-44,Male,East of England,Bronze,False
CUST04234,4,6,165.82,4,3,1,431,2.67,Loyal,18-24,Prefer not to say,North East,Bronze,True
CUST04235,144,2,463.03,2,1,2,212,1.67,Needs Attention,18-24,Prefer not to say,South West,Silver,True
CUST04236,5,5,429.59000000000003,4,2,2,422,2.67,Loyal,45-54,Female,South East,Bronze,True
CUST04237,608,6,297.75,1,3,2,132,2.0,Lost,65+,Male,South East,Bronze,True
CUST04238,438,4,104.99,1,1,1,111,1.0,Lost,45-54,Female,West Midlands,Platinum,False
CUST04239,153,9,830.13,2,4,3,243,3.0,At Risk,35-44,Female,Yorkshire,Silver,True
CUST04240,243,6,139.32999999999998,2,3,1,231,2.0,At Risk,35-44,Male,North West,Silver,True
CUST04241,87,2,221.08999999999997,3,1,1,311,1.67,New Customer,55-64,Prefer not to say,South West,Silver,False
CUST04242,43,6,641.85,4,3,3,433,3.33,Champion,18-24,Male,North West,Silver,True
CUST04243,2,11,871.07,4,4,3,443,3.67,Champion,25-34,Prefer not to say,North West,Silver,True
CUST04244,78,7,373.23,3,3,2,332,2.67,Loyal,25-34,Male,South East,Silver,True
CUST04245,92,5,334.66999999999996,3,2,2,322,2.33,Loyal,45-54,Prefer not to say,London,Silver,True
CUST04246,132,4,202.89000000000001,2,1,1,211,1.33,Needs Attention,45-54,Female,London,Bronze,True
CUST04247,119,3,212.36,3,1,1,311,1.67,New Customer,25-34,Male,East Midlands,Bronze,True
CUST04248,109,4,446.03,3,1,2,312,2.0,New Customer,35-44,Prefer not to say,London,Bronze,True
CUST04249,217,7,543.61,2,3,3,233,2.67,At Risk,25-34,Prefer not to say,South East,Silver,True
CUST04250,127,8,705.1,3,4,3,343,3.33,Champion,55-64,Male,Scotland,Silver,True
CUST04251,214,5,874.9300000000001,2,2,4,224,2.67,At Risk,45-54,Female,West Midlands,Bronze,True
CUST04252,78,7,349.47,3,3,2,332,2.67,Loyal,45-54,Female,South West,Bronze,True
CUST04253,46,10,1607.11,4,4,4,444,4.0,Champion,25-34,Prefer not to say,South West,Bronze,False
CUST04254,54,10,842.8100000000001,3,4,3,343,3.33,Champion,55-64,Male,South East,Silver,True
CUST04255,208,9,1272.21,2,4,4,244,3.33,At Risk,45-54,Prefer not to say,Yorkshire,Bronze,True
CUST04256,97,7,935.06,3,3,4,334,3.33,Champion,25-34,Prefer not to say,Scotland,Silver,False
CUST04257,187,9,1118.29,2,4,4,244,3.33,At Risk,18-24,Prefer not to say,West Midlands,Silver,True
CUST04258,176,6,296.29,2,3,2,232,2.33,At Risk,65+,Female,North West,Platinum,True
CUST04259,61,3,752.35,3,1,3,313,2.33,New Customer,35-44,Prefer not to say,Yorkshire,Bronze,False
CUST04260,240,8,523.28,2,4,3,243,3.0,At Risk,55-64,Prefer not to say,South West,Silver,False
CUST04261,88,2,31.46,3,1,1,311,1.67,New Customer,35-44,Prefer not to say,North East,Bronze,True
CUST04262,217,3,73.57,2,1,1,211,1.33,Needs Attention,55-64,Female,West Midlands,Bronze,True
CUST04263,44,9,802.42,4,4,3,443,3.67,Champion,55-64,Prefer not to say,South East,Silver,True
CUST04264,70,7,553.7800000000001,3,3,3,333,3.0,Champion,45-54,Prefer not to say,Yorkshire,Bronze,True
CUST04265,178,9,865.25,2,4,3,243,3.0,At Risk,45-54,Female,East Midlands,Gold,True
CUST04266,53,5,1868.44,4,2,4,424,3.33,Loyal,18-24,Male,South West,Bronze,True
CUST04267,7,4,169.61,4,1,1,411,2.0,New Customer,55-64,Male,South East,Bronze,True
CUST04268,58,10,621.38,3,4,3,343,3.33,Champion,65+,Male,South East,Bronze,True
CUST04269,27,7,657.2099999999999,4,3,3,433,3.33,Champion,25-34,Male,East Midlands,Gold,True
CUST04270,37,9,822.6700000000001,4,4,3,443,3.67,Champion,55-64,Female,East Midlands,Gold,True
CUST04271,159,7,327.17,2,3,2,232,2.33,At Risk,65+,Female,South West,Silver,True
CUST04272,231,9,896.37,2,4,4,244,3.33,At Risk,45-54,Female,North West,Gold,False
CUST04273,235,4,170.47,2,1,1,211,1.33,Needs Attention,55-64,Male,South East,Bronze,True
CUST04274,22,5,371.40999999999997,4,2,2,422,2.67,Loyal,65+,Female,South East,Silver,True
CUST04275,104,4,79.57,3,1,1,311,1.67,New Customer,18-24,Male,East of England,Silver,False
CUST04276,340,1,6.27,1,1,1,111,1.0,Lost,18-24,Prefer not to say,South East,Platinum,False
CUST04277,59,9,429.73,3,4,2,342,3.0,Loyal,65+,Prefer not to say,East Midlands,Bronze,True
CUST04278,81,8,433.88,3,4,2,342,3.0,Loyal,35-44,Prefer not to say,North West,Bronze,True
CUST04279,78,5,80.41,3,2,1,321,2.0,Loyal,65+,Prefer not to say,Yorkshire,Bronze,True
CUST04280,234,7,158.01,2,3,1,231,2.0,At Risk,25-34,Male,South East,Bronze,True
CUST04281,31,9,1138.51,4,4,4,444,4.0,Champion,55-64,Prefer not to say,London,Gold,True
CUST04282,44,9,456.25,4,4,2,442,3.33,Loyal,45-54,Prefer not to say,London,Gold,True
CUST04283,76,7,1656.36,3,3,4,334,3.33,Champion,55-64,Male,London,Bronze,True
CUST04284,132,2,153.17,2,1,1,211,1.33,Needs Attention,45-54,Female,South East,Bronze,True
CUST04285,97,9,644.2,3,4,3,343,3.33,Champion,45-54,Prefer not to say,North West,Platinum,True
CUST04286,4,6,394.52,4,3,2,432,3.0,Loyal,35-44,Male,London,Silver,True
CUST04287,364,5,587.31,1,2,3,123,2.0,Lost,35-44,Female,London,Bronze,True
CUST04288,258,5,257.11,2,2,1,221,1.67,At Risk,45-54,Male,South East,Silver,True
CUST04289,127,8,616.68,3,4,3,343,3.33,Champion,65+,Male,East Midlands,Silver,True
CUST04290,628,1,8.96,1,1,1,111,1.0,Lost,18-24,Female,Scotland,Bronze,True
CUST04291,114,6,422.0,3,3,2,332,2.67,Loyal,25-34,Female,London,Silver,True
CUST04292,110,6,129.81,3,3,1,331,2.33,Loyal,55-64,Male,London,Silver,True
CUST04293,334,3,131.29,1,1,1,111,1.0,Lost,25-34,Male,North West,Bronze,False
CUST04294,98,3,129.51999999999998,3,1,1,311,1.67,New Customer,18-24,Prefer not to say,East Midlands,Bronze,True
CUST04295,32,7,400.12,4,3,2,432,3.0,Loyal,18-24,Prefer not to say,East of England,Silver,False
CUST04296,7,5,264.05,4,2,1,421,2.33,Loyal,45-54,Male,West Midlands,Bronze,False
CUST04297,70,4,517.65,3,1,3,313,2.33,New Customer,55-64,Prefer not to say,South West,Bronze,True
CUST04298,472,9,579.26,1,4,3,143,2.67,Lost,45-54,Prefer not to say,West Midlands,Bronze,True
CUST04299,103,7,1558.15,3,3,4,334,3.33,Champion,55-64,Male,North East,Bronze,False
CUST04300,24,7,1132.07,4,3,4,434,3.67,Champion,65+,Female,East of England,Bronze,True
CUST04301,4,10,1528.01,4,4,4,444,4.0,Champion,55-64,Female,Yorkshire,Bronze,True
CUST04302,27,5,761.64,4,2,3,423,3.0,Loyal,45-54,Female,South East,Platinum,False
CUST04303,231,11,517.39,2,4,3,243,3.0,At Risk,25-34,Prefer not to say,London,Bronze,False
CUST04304,685,3,90.00999999999999,1,1,1,111,1.0,Lost,45-54,Female,West Midlands,Bronze,True
CUST04305,95,4,295.94,3,1,2,312,2.0,New Customer,55-64,Female,East of England,Silver,True
CUST04306,211,4,499.63,2,1,2,212,1.67,Needs Attention,45-54,Male,West Midlands,Gold,True
CUST04307,18,5,693.99,4,2,3,423,3.0,Loyal,65+,Prefer not to say,London,Silver,True
CUST04308,169,4,187.43,2,1,1,211,1.33,Needs Attention,65+,Female,London,Silver,True
CUST04309,128,5,436.52,3,2,2,322,2.33,Loyal,25-34,Prefer not to say,East of England,Silver,True
CUST04310,279,3,227.99,1,1,1,111,1.0,Lost,25-34,Prefer not to say,South East,Bronze,True
CUST04311,545,3,106.6,1,1,1,111,1.0,Lost,45-54,Male,South East,Platinum,False
CUST04312,72,3,308.1,3,1,2,312,2.0,New Customer,45-54,Prefer not to say,London,Gold,True
CUST04313,116,6,900.1899999999999,3,3,4,334,3.33,Champion,18-24,Female,West Midlands,Bronze,True
CUST04314,133,7,619.84,2,3,3,233,2.67,At Risk,25-34,Female,London,Bronze,True
CUST04315,62,9,783.6,3,4,3,343,3.33,Champion,45-54,Male,South East,Bronze,True
CUST04316,685,2,213.24,1,1,1,111,1.0,Lost,35-44,Female,Scotland,Bronze,True
CUST04317,65,8,1188.79,3,4,4,344,3.67,Champion,55-64,Female,East of England,Bronze,True
CUST04318,540,6,658.38,1,3,3,133,2.33,Lost,65+,Female,South West,Silver,True
CUST04319,29,6,546.0,4,3,3,433,3.33,Champion,45-54,Female,Yorkshire,Silver,False
CUST04320,170,10,710.49,2,4,3,243,3.0,At Risk,25-34,Prefer not to say,East Midlands,Silver,True
CUST04321,141,5,1596.41,2,2,4,224,2.67,At Risk,25-34,Prefer not to say,North East,Silver,True
CUST04322,200,6,377.02,2,3,2,232,2.33,At Risk,25-34,Male,London,Bronze,True
CUST04323,98,7,300.76,3,3,2,332,2.67,Loyal,35-44,Female,North East,Bronze,True
CUST04324,399,5,952.8199999999999,1,2,4,124,2.33,Lost,35-44,Prefer not to say,London,Bronze,True
CUST04325,68,5,452.38,3,2,2,322,2.33,Loyal,65+,Female,East of England,Silver,False
CUST04326,10,8,143.92000000000002,4,4,1,441,3.0,Loyal,65+,Male,Scotland,Silver,True
CUST04327,400,4,177.8,1,1,1,111,1.0,Lost,65+,Male,South West,Gold,True
CUST04328,539,5,645.73,1,2,3,123,2.0,Lost,25-34,Male,East of England,Silver,True
CUST04329,393,4,356.7,1,1,2,112,1.33,Lost,35-44,Female,London,Silver,True
CUST04330,695,3,647.65,1,1,3,113,1.67,Lost,25-34,Prefer not to say,Wales,Bronze,True
CUST04331,11,8,1834.85,4,4,4,444,4.0,Champion,45-54,Male,East Midlands,Gold,True
CUST04332,37,6,1858.51,4,3,4,434,3.67,Champion,18-24,Male,London,Bronze,True
CUST04333,405,3,1996.3400000000001,1,1,4,114,2.0,Lost,35-44,Male,North West,Silver,True
CUST04334,109,6,225.99,3,3,1,331,2.33,Loyal,25-34,Male,Scotland,Silver,True
CUST04335,171,7,327.29,2,3,2,232,2.33,At Risk,35-44,Female,London,Silver,True
CUST04336,41,10,848.5,4,4,3,443,3.67,Champion,65+,Female,East Midlands,Bronze,True
CUST04337,365,5,455.87,1,2,2,122,1.67,Lost,35-44,Prefer not to say,East of England,Bronze,True
CUST04338,251,6,225.05,2,3,1,231,2.0,At Risk,18-24,Female,South East,Silver,True
CUST04339,95,2,320.8,3,1,2,312,2.0,New Customer,45-54,Female,London,Bronze,True
CUST04340,129,4,894.76,3,1,4,314,2.67,New Customer,65+,Prefer not to say,East of England,Bronze,True
CUST04341,118,7,1013.97,3,3,4,334,3.33,Champion,35-44,Female,Yorkshire,Gold,True
CUST04342,339,5,214.73,1,2,1,121,1.33,Lost,45-54,Prefer not to say,London,Silver,True
CUST04343,81,6,377.16,3,3,2,332,2.67,Loyal,18-24,Female,South East,Bronze,True
CUST04344,145,8,432.57,2,4,2,242,2.67,At Risk,45-54,Male,West Midlands,Bronze,False
CUST04345,63,10,1030.29,3,4,4,344,3.67,Champion,35-44,Female,East Midlands,Bronze,False
CUST04346,362,8,465.44999999999993,1,4,2,142,2.33,Lost,45-54,Female,South East,Bronze,True
CUST04347,667,2,76.21000000000001,1,1,1,111,1.0,Lost,18-24,Female,Yorkshire,Bronze,True
CUST04348,37,1,32.09,4,1,1,411,2.0,New Customer,45-54,Female,East Midlands,Silver,True
CUST04349,56,8,830.03,3,4,3,343,3.33,Champion,18-24,Male,London,Bronze,True
CUST04350,67,5,645.2099999999999,3,2,3,323,2.67,Loyal,65+,Female,North West,Gold,False
CUST04351,15,5,996.5,4,2,4,424,3.33,Loyal,55-64,Prefer not to say,Yorkshire,Platinum,False
CUST04352,438,4,279.78,1,1,2,112,1.33,Lost,35-44,Prefer not to say,North West,Platinum,True
CUST04353,201,6,419.58,2,3,2,232,2.33,At Risk,35-44,Male,South West,Bronze,True
CUST04354,61,9,575.68,3,4,3,343,3.33,Champion,35-44,Male,South West,Silver,False
CUST04355,68,4,127.18,3,1,1,311,1.67,New Customer,65+,Male,West Midlands,Silver,True
CUST04356,153,8,695.4300000000001,2,4,3,243,3.0,At Risk,55-64,Female,South West,Bronze,True
CUST04357,70,4,760.46,3,1,3,313,2.33,New Customer,55-64,Female,London,Bronze,True
CUST04358,328,2,66.80000000000001,1,1,1,111,1.0,Lost,55-64,Prefer not to say,East of England,Silver,True
CUST04359,67,6,597.2,3,3,3,333,3.0,Champion,55-64,Male,West Midlands,Silver,True
CUST04360,48,7,625.76,4,3,3,433,3.33,Champion,18-24,Female,London,Bronze,True
CUST04361,173,8,529.6,2,4,3,243,3.0,At Risk,35-44,Male,East of England,Bronze,True
CUST04362,13,6,524.32,4,3,3,433,3.33,Champion,65+,Male,West Midlands,Silver,True
CUST04363,301,4,462.95,1,1,2,112,1.33,Lost,65+,Male,London,Bronze,True
CUST04364,112,6,853.67,3,3,3,333,3.0,Champion,45-54,Female,East of England,Gold,True
CUST04365,192,5,244.91000000000003,2,2,1,221,1.67,At Risk,35-44,Female,South East,Silver,True
CUST04366,89,7,1809.3000000000002,3,3,4,334,3.33,Champion,65+,Female,London,Gold,True
CUST04367,43,9,589.99,4,4,3,443,3.67,Champion,55-64,Male,East Midlands,Bronze,False
CUST04368,40,8,499.75,4,4,2,442,3.33,Loyal,65+,Male,London,Platinum,True
CUST04369,503,5,1372.6299999999999,1,2,4,124,2.33,Lost,65+,Prefer not to say,South East,Silver,True
CUST04370,43,4,159.99,4,1,1,411,2.0,New Customer,18-24,Female,London,Gold,True
CUST04371,216,6,884.1199999999999,2,3,4,234,3.0,At Risk,65+,Male,Yorkshire,Bronze,True
CUST04372,4,3,74.29,4,1,1,411,2.0,New Customer,55-64,Male,Yorkshire,Bronze,True
CUST04373,153,3,162.02,2,1,1,211,1.33,Needs Attention,18-24,Male,East Midlands,Bronze,False
CUST04374,51,3,268.27,4,1,1,411,2.0,New Customer,65+,Male,London,Silver,True
CUST04375,124,8,757.4399999999999,3,4,3,343,3.33,Champion,18-24,Male,South West,Bronze,True
CUST04376,19,5,118.42,4,2,1,421,2.33,Loyal,55-64,Female,Scotland,Bronze,True
CUST04377,512,2,35.47,1,1,1,111,1.0,Lost,45-54,Prefer not to say,Wales,Platinum,True
CUST04378,34,4,130.85,4,1,1,411,2.0,New Customer,55-64,Male,London,Bronze,True
CUST04379,110,11,1993.85,3,4,4,344,3.67,Champion,45-54,Prefer not to say,South East,Bronze,True
CUST04380,58,6,603.01,3,3,3,333,3.0,Champion,55-64,Prefer not to say,South East,Bronze,True
CUST04381,21,8,1972.19,4,4,4,444,4.0,Champion,45-54,Male,Yorkshire,Platinum,True
CUST04382,346,6,343.75,1,3,2,132,2.0,Lost,65+,Female,West Midlands,Silver,False
CUST04383,170,4,709.76,2,1,3,213,2.0,Needs Attention,65+,Female,London,Bronze,True
CUST04384,28,6,901.8599999999999,4,3,4,434,3.67,Champion,65+,Female,East Midlands,Bronze,True
CUST04385,30,8,1054.11,4,4,4,444,4.0,Champion,35-44,Male,East of England,Bronze,True
CUST04386,423,5,479.39,1,2,2,122,1.67,Lost,55-64,Female,East of England,Gold,False
CUST04387,301,10,602.81,1,4,3,143,2.67,Lost,45-54,Prefer not to say,Scotland,Bronze,True
CUST04388,114,8,689.0799999999999,3,4,3,343,3.33,Champion,45-54,Prefer not to say,South West,Gold,True
CUST04389,367,2,59.77,1,1,1,111,1.0,Lost,55-64,Male,South West,Silver,True
CUST04390,80,7,710.3199999999999,3,3,3,333,3.0,Champion,55-64,Female,South East,Silver,False
CUST04391,40,5,201.16,4,2,1,421,2.33,Loyal,55-64,Female,South West,Bronze,True
CUST04392,150,6,1077.37,2,3,4,234,3.0,At Risk,35-44,Female,East Midlands,Bronze,True
CUST04393,103,6,404.41,3,3,2,332,2.67,Loyal,65+,Female,East Midlands,Gold,True
CUST04394,18,6,321.56,4,3,2,432,3.0,Loyal,55-64,Prefer not to say,West Midlands,Platinum,True
CUST04395,241,3,115.38,2,1,1,211,1.33,Needs Attention,35-44,Male,East of England,Bronze,True
CUST04396,257,3,760.34,2,1,3,213,2.0,Needs Attention,35-44,Prefer not to say,Yorkshire,Bronze,True
CUST04397,178,10,692.82,2,4,3,243,3.0,At Risk,35-44,Female,East Midlands,Silver,True
CUST04398,108,6,304.5,3,3,2,332,2.67,Loyal,55-64,Male,East Midlands,Silver,True
CUST04399,64,7,1422.79,3,3,4,334,3.33,Champion,65+,Female,South East,Bronze,True
CUST04400,98,7,380.45,3,3,2,332,2.67,Loyal,45-54,Male,South East,Silver,True
CUST04401,232,2,304.53,2,1,2,212,1.67,Needs Attention,25-34,Prefer not to say,East of England,Gold,True
CUST04402,127,3,247.7,3,1,1,311,1.67,New Customer,25-34,Prefer not to say,London,Bronze,True
CUST04403,231,7,299.47,2,3,2,232,2.33,At Risk,35-44,Prefer not to say,Wales,Bronze,True
CUST04404,125,4,250.04000000000002,3,1,1,311,1.67,New Customer,45-54,Male,London,Silver,True
CUST04405,719,2,35.519999999999996,1,1,1,111,1.0,Lost,65+,Prefer not to say,Yorkshire,Bronze,False
CUST04406,188,5,304.70000000000005,2,2,2,222,2.0,At Risk,25-34,Prefer not to say,Scotland,Gold,True
CUST04407,123,8,364.64,3,4,2,342,3.0,Loyal,45-54,Prefer not to say,London,Platinum,True
CUST04408,282,5,685.03,1,2,3,123,2.0,Lost,65+,Prefer not to say,Scotland,Bronze,True
CUST04409,23,8,710.35,4,4,3,443,3.67,Champion,45-54,Female,East Midlands,Bronze,True
CUST04410,224,7,616.75,2,3,3,233,2.67,At Risk,65+,Male,West Midlands,Silver,False
CUST04411,52,10,470.79999999999995,4,4,2,442,3.33,Loyal,35-44,Prefer not to say,West Midlands,Silver,True
CUST04412,171,7,334.96999999999997,2,3,2,232,2.33,At Risk,25-34,Prefer not to say,South West,Silver,True
CUST04413,99,3,203.45,3,1,1,311,1.67,New Customer,65+,Male,London,Bronze,True
CUST04414,183,3,321.74,2,1,2,212,1.67,Needs Attention,65+,Female,South East,Bronze,True
CUST04415,21,11,1031.39,4,4,4,444,4.0,Champion,25-34,Prefer not to say,East Midlands,Silver,False
CUST04416,13,8,1067.8,4,4,4,444,4.0,Champion,18-24,Female,East Midlands,Bronze,True
CUST04417,172,9,1180.75,2,4,4,244,3.33,At Risk,65+,Male,South West,Bronze,False
CUST04418,267,11,1347.28,1,4,4,144,3.0,Lost,65+,Female,London,Silver,True
CUST04419,590,5,1709.11,1,2,4,124,2.33,Lost,55-64,Female,East Midlands,Bronze,True
CUST04420,134,10,1215.42,2,4,4,244,3.33,At Risk,45-54,Female,North West,Platinum,True
CUST04421,65,8,1453.02,3,4,4,344,3.67,Champion,65+,Female,London,Silver,True
CUST04422,108,2,492.08,3,1,2,312,2.0,New Customer,55-64,Female,Yorkshire,Silver,True
CUST04423,12,8,534.93,4,4,3,443,3.67,Champion,45-54,Male,Scotland,Silver,True
CUST04424,215,6,308.31,2,3,2,232,2.33,At Risk,45-54,Female,London,Gold,True
CUST04425,264,4,85.0,1,1,1,111,1.0,Lost,45-54,Male,London,Bronze,False
CUST04426,351,4,597.27,1,1,3,113,1.67,Lost,18-24,Male,London,Gold,True
CUST04427,455,2,1003.8299999999999,1,1,4,114,2.0,Lost,45-54,Male,Scotland,Bronze,True
CUST04428,180,8,260.95,2,4,1,241,2.33,At Risk,45-54,Female,South West,Bronze,True
CUST04429,404,1,367.07,1,1,2,112,1.33,Lost,45-54,Prefer not to say,North West,Silver,False
CUST04430,88,5,373.11,3,2,2,322,2.33,Loyal,45-54,Female,London,Bronze,True
CUST04431,538,4,529.75,1,1,3,113,1.67,Lost,35-44,Prefer not to say,East Midlands,Silver,True
CUST04432,719,2,752.86,1,1,3,113,1.67,Lost,65+,Prefer not to say,London,Bronze,True
CUST04433,276,4,223.99,1,1,1,111,1.0,Lost,25-34,Male,London,Silver,True
CUST04434,246,3,282.01,2,1,2,212,1.67,Needs Attention,35-44,Female,Yorkshire,Gold,True
CUST04435,152,4,1170.08,2,1,4,214,2.33,Needs Attention,18-24,Male,Yorkshire,Bronze,True
CUST04436,6,6,1624.8600000000001,4,3,4,434,3.67,Champion,18-24,Male,North East,Silver,True
CUST04437,89,11,1515.98,3,4,4,344,3.67,Champion,45-54,Female,North East,Silver,True
CUST04438,7,5,225.69,4,2,1,421,2.33,Loyal,55-64,Male,North West,Silver,True
CUST04440,54,7,597.52,3,3,3,333,3.0,Champion,18-24,Male,Scotland,Bronze,False
CUST04441,156,7,617.1700000000001,2,3,3,233,2.67,At Risk,35-44,Prefer not to say,London,Bronze,True
CUST04442,49,6,451.64,4,3,2,432,3.0,Loyal,55-64,Female,London,Silver,False
CUST04443,105,8,587.22,3,4,3,343,3.33,Champion,65+,Prefer not to say,South East,Gold,True
CUST04444,56,8,1026.59,3,4,4,344,3.67,Champion,45-54,Female,North West,Bronze,False
CUST04445,238,6,129.91,2,3,1,231,2.0,At Risk,25-34,Female,London,Bronze,True
CUST04446,183,4,236.29,2,1,1,211,1.33,Needs Attention,35-44,Prefer not to say,West Midlands,Bronze,True
CUST04447,124,6,375.93,3,3,2,332,2.67,Loyal,65+,Prefer not to say,West Midlands,Silver,True
CUST04448,222,8,707.1,2,4,3,243,3.0,At Risk,25-34,Prefer not to say,London,Bronze,True
CUST04449,414,2,32.849999999999994,1,1,1,111,1.0,Lost,18-24,Male,South East,Gold,True
CUST04450,168,4,417.0799999999999,2,1,2,212,1.67,Needs Attention,35-44,Female,North West,Bronze,True
CUST04451,204,5,152.61,2,2,1,221,1.67,At Risk,18-24,Male,London,Bronze,True
CUST04452,215,5,166.38,2,2,1,221,1.67,At Risk,35-44,Prefer not to say,West Midlands,Gold,True
CUST04453,18,7,199.43,4,3,1,431,2.67,Loyal,18-24,Female,South West,Silver,True
CUST04454,282,3,623.79,1,1,3,113,1.67,Lost,55-64,Female,West Midlands,Bronze,True
CUST04455,30,5,1686.7399999999998,4,2,4,424,3.33,Loyal,45-54,Female,East Midlands,Bronze,True
CUST04456,97,9,2463.07,3,4,4,344,3.67,Champion,25-34,Female,South East,Bronze,True
CUST04457,246,9,675.05,2,4,3,243,3.0,At Risk,35-44,Male,Yorkshire,Silver,True
CUST04458,200,10,430.22,2,4,2,242,2.67,At Risk,18-24,Male,South East,Bronze,True
CUST04459,41,7,335.34000000000003,4,3,2,432,3.0,Loyal,35-44,Female,South West,Silver,False
CUST04460,41,8,631.6800000000001,4,4,3,443,3.67,Champion,65+,Female,Yorkshire,Gold,False
CUST04461,381,10,1489.9,1,4,4,144,3.0,Lost,18-24,Prefer not to say,South East,Bronze,True
CUST04462,49,9,1591.15,4,4,4,444,4.0,Champion,18-24,Male,Scotland,Bronze,True
CUST04463,536,4,324.90000000000003,1,2,2,122,1.67,Lost,55-64,Prefer not to say,London,Bronze,True
CUST04464,239,3,339.07,2,1,2,212,1.67,Needs Attention,18-24,Female,London,Gold,True
CUST04465,19,5,1314.74,4,2,4,424,3.33,Loyal,25-34,Prefer not to say,East Midlands,Gold,True
CUST04466,268,5,1010.31,1,2,4,124,2.33,Lost,18-24,Female,London,Silver,True
CUST04467,54,6,1412.96,3,3,4,334,3.33,Champion,65+,Female,East of England,Silver,False
CUST04468,433,1,16.31,1,1,1,111,1.0,Lost,25-34,Prefer not to say,East Midlands,Silver,True
CUST04469,113,9,467.58,3,4,2,342,3.0,Loyal,45-54,Prefer not to say,London,Platinum,False
CUST04470,137,5,700.58,2,2,3,223,2.33,At Risk,65+,Prefer not to say,Scotland,Bronze,False
CUST04471,126,5,30.53,3,2,1,321,2.0,Loyal,55-64,Prefer not to say,London,Platinum,True
CUST04472,30,7,501.6,4,3,2,432,3.0,Loyal,55-64,Female,South East,Bronze,False
CUST04473,28,8,1085.8,4,4,4,444,4.0,Champion,55-64,Prefer not to say,North East,Gold,True
CUST04474,543,3,789.98,1,1,3,113,1.67,Lost,35-44,Female,South East,Bronze,True
CUST04475,6,11,1688.74,4,4,4,444,4.0,Champion,35-44,Prefer not to say,South East,Silver,False
CUST04476,89,8,899.75,3,4,4,344,3.67,Champion,45-54,Male,South West,Gold,True
CUST04477,13,6,332.01,4,3,2,432,3.0,Loyal,65+,Female,London,Bronze,False
CUST04478,164,9,713.28,2,4,3,243,3.0,At Risk,65+,Male,South East,Bronze,True
CUST04479,260,6,293.49,1,3,2,132,2.0,Lost,55-64,Female,London,Silver,True
CUST04480,154,5,663.11,2,2,3,223,2.33,At Risk,25-34,Male,South West,Bronze,True
CUST04481,1018,1,187.56,1,1,1,111,1.0,Lost,65+,Female,Scotland,Bronze,True
CUST04482,211,3,182.08,2,1,1,211,1.33,Needs Attention,55-64,Male,East of England,Gold,True
CUST04483,231,11,2676.93,2,4,4,244,3.33,At Risk,25-34,Female,North West,Silver,True
CUST04484,136,4,356.27,2,2,2,222,2.0,At Risk,45-54,Female,South East,Bronze,False
CUST04485,86,8,1096.87,3,4,4,344,3.67,Champion,35-44,Female,London,Gold,True
CUST04486,81,5,225.43,3,2,1,321,2.0,Loyal,25-34,Prefer not to say,South East,Gold,True
CUST04487,25,6,410.99,4,3,2,432,3.0,Loyal,18-24,Male,South West,Platinum,True
CUST04488,35,9,648.37,4,4,3,443,3.67,Champion,45-54,Male,South East,Silver,True
CUST04489,248,7,436.89,2,3,2,232,2.33,At Risk,55-64,Prefer not to say,West Midlands,Gold,False
CUST04490,71,8,508.77,3,4,2,342,3.0,Loyal,18-24,Male,South West,Silver,True
CUST04491,548,1,8.06,1,1,1,111,1.0,Lost,18-24,Female,South East,Gold,True
CUST04492,127,5,894.61,3,2,4,324,3.0,Loyal,35-44,Prefer not to say,South East,Gold,True
CUST04493,188,5,630.35,2,2,3,223,2.33,At Risk,25-34,Prefer not to say,East of England,Bronze,True
CUST04494,278,6,767.67,1,3,3,133,2.33,Lost,45-54,Female,South West,Bronze,True
CUST04495,264,4,252.44,1,2,1,121,1.33,Lost,45-54,Male,South East,Silver,True
CUST04496,359,3,320.53999999999996,1,1,2,112,1.33,Lost,55-64,Prefer not to say,West Midlands,Bronze,True
CUST04497,41,5,535.08,4,2,3,423,3.0,Loyal,35-44,Prefer not to say,London,Silver,True
CUST04498,9,12,1333.49,4,4,4,444,4.0,Champion,55-64,Male,London,Gold,True
CUST04499,187,3,1356.05,2,1,4,214,2.33,Needs Attention,35-44,Male,East of England,Bronze,True
CUST04500,148,7,1079.77,2,3,4,234,3.0,At Risk,55-64,Female,South East,Bronze,True
CUST04501,134,9,883.8699999999999,2,4,4,244,3.33,At Risk,35-44,Prefer not to say,South West,Bronze,True
CUST04502,40,7,290.32,4,3,2,432,3.0,Loyal,18-24,Prefer not to say,North West,Silver,True
CUST04503,365,6,901.8599999999999,1,3,4,134,2.67,Lost,65+,Prefer not to say,Yorkshire,Silver,True
CUST04504,162,11,1112.43,2,4,4,244,3.33,At Risk,18-24,Female,East Midlands,Silver,True
CUST04505,405,6,619.52,1,3,3,133,2.33,Lost,35-44,Male,Yorkshire,Bronze,True
CUST04506,159,7,433.83,2,3,2,232,2.33,At Risk,18-24,Prefer not to say,London,Bronze,True
CUST04507,27,4,254.11,4,2,1,421,2.33,Loyal,35-44,Female,South East,Silver,True
CUST04508,159,6,535.55,2,3,3,233,2.67,At Risk,18-24,Female,Scotland,Gold,True
CUST04509,27,7,1114.32,4,3,4,434,3.67,Champion,45-54,Prefer not to say,West Midlands,Silver,False
CUST04510,10,4,647.15,4,2,3,423,3.0,Loyal,65+,Female,Yorkshire,Silver,True
CUST04511,293,6,572.82,1,3,3,133,2.33,Lost,45-54,Male,London,Bronze,True
CUST04512,374,8,528.31,1,4,3,143,2.67,Lost,18-24,Male,London,Bronze,True
CUST04513,430,6,497.52000000000004,1,3,2,132,2.0,Lost,35-44,Male,North West,Silver,True
CUST04514,246,6,313.91,2,3,2,232,2.33,At Risk,18-24,Female,London,Bronze,True
CUST04515,42,4,151.1,4,2,1,421,2.33,Loyal,65+,Female,South West,Bronze,True
CUST04516,16,5,268.83,4,2,1,421,2.33,Loyal,25-34,Female,East of England,Bronze,True
CUST04517,341,6,739.6700000000001,1,3,3,133,2.33,Lost,35-44,Male,East of England,Gold,True
CUST04518,53,7,417.69,4,3,2,432,3.0,Loyal,18-24,Male,Scotland,Gold,True
CUST04519,14,6,321.22,4,3,2,432,3.0,Loyal,18-24,Prefer not to say,West Midlands,Platinum,True
CUST04520,151,9,2039.78,2,4,4,244,3.33,At Risk,35-44,Prefer not to say,North West,Bronze,True
CUST04521,343,5,123.18,1,2,1,121,1.33,Lost,45-54,Female,South East,Silver,False
CUST04522,128,6,230.94,3,3,1,331,2.33,Loyal,55-64,Female,East of England,Bronze,True
CUST04523,141,3,178.72,2,1,1,211,1.33,Needs Attention,55-64,Female,Scotland,Bronze,True
CUST04524,163,5,289.96000000000004,2,2,2,222,2.0,At Risk,18-24,Female,East of England,Gold,True
CUST04525,163,3,135.73,2,1,1,211,1.33,Needs Attention,55-64,Prefer not to say,London,Gold,False
CUST04526,50,6,849.61,4,3,3,433,3.33,Champion,25-34,Male,East of England,Silver,True
CUST04527,40,10,3863.0,4,4,4,444,4.0,Champion,18-24,Prefer not to say,Yorkshire,Platinum,True
CUST04528,122,5,104.17,3,2,1,321,2.0,Loyal,25-34,Female,South East,Gold,True
CUST04529,67,5,490.04999999999995,3,2,2,322,2.33,Loyal,55-64,Prefer not to say,South West,Platinum,False
CUST04530,114,1,65.22,3,1,1,311,1.67,New Customer,65+,Male,East Midlands,Bronze,False
CUST04531,36,5,1216.84,4,2,4,424,3.33,Loyal,45-54,Prefer not to say,West Midlands,Gold,False
CUST04532,83,6,662.74,3,3,3,333,3.0,Champion,55-64,Female,London,Silver,True
CUST04533,17,7,438.46999999999997,4,3,2,432,3.0,Loyal,25-34,Female,Yorkshire,Bronze,True
CUST04534,69,4,298.58000000000004,3,2,2,322,2.33,Loyal,55-64,Female,South East,Bronze,True
CUST04535,245,6,351.07,2,3,2,232,2.33,At Risk,55-64,Female,South East,Silver,True
CUST04536,162,6,685.05,2,3,3,233,2.67,At Risk,18-24,Prefer not to say,Yorkshire,Bronze,True
CUST04537,7,10,1783.49,4,4,4,444,4.0,Champion,18-24,Male,Yorkshire,Bronze,True
CUST04538,119,4,893.17,3,2,4,324,3.0,Loyal,55-64,Female,East of England,Bronze,True
CUST04539,61,10,1526.66,3,4,4,344,3.67,Champion,25-34,Prefer not to say,South East,Platinum,True
CUST04540,791,2,169.41000000000003,1,1,1,111,1.0,Lost,18-24,Prefer not to say,North East,Silver,True
CUST04541,605,2,42.95,1,1,1,111,1.0,Lost,45-54,Prefer not to say,Scotland,Silver,False
CUST04542,73,13,627.26,3,4,3,343,3.33,Champion,18-24,Male,North West,Bronze,True
CUST04543,100,6,387.27,3,3,2,332,2.67,Loyal,65+,Female,East of England,Silver,True
CUST04544,137,7,478.55,2,3,2,232,2.33,At Risk,35-44,Male,Yorkshire,Bronze,True
CUST04545,96,10,934.1899999999999,3,4,4,344,3.67,Champion,35-44,Male,London,Bronze,False
CUST04546,63,6,463.9,3,3,2,332,2.67,Loyal,45-54,Male,South West,Platinum,True
CUST04547,486,2,11.92,1,1,1,111,1.0,Lost,45-54,Female,London,Platinum,True
CUST04548,98,7,1769.7600000000002,3,3,4,334,3.33,Champion,65+,Female,London,Silver,True
CUST04549,183,3,188.70999999999998,2,1,1,211,1.33,Needs Attention,65+,Female,East of England,Bronze,False
CUST04550,334,6,715.12,1,3,3,133,2.33,Lost,65+,Female,South East,Platinum,True
CUST04551,635,2,587.61,1,1,3,113,1.67,Lost,55-64,Female,Wales,Bronze,True
CUST04552,390,5,711.05,1,2,3,123,2.0,Lost,45-54,Female,Wales,Silver,True
CUST04553,130,9,1138.29,3,4,4,344,3.67,Champion,65+,Male,South East,Gold,True
CUST04554,225,5,221.51999999999998,2,2,1,221,1.67,At Risk,18-24,Male,South East,Silver,True
CUST04555,194,7,784.0,2,3,3,233,2.67,At Risk,65+,Male,North West,Silver,True
CUST04556,321,4,191.54000000000002,1,2,1,121,1.33,Lost,65+,Male,South East,Silver,True
CUST04557,324,6,302.64,1,3,2,132,2.0,Lost,55-64,Female,South East,Bronze,False
CUST04558,21,5,227.37,4,2,1,421,2.33,Loyal,45-54,Prefer not to say,West Midlands,Bronze,True
CUST04559,1,5,220.47,4,2,1,421,2.33,Loyal,45-54,Male,London,Bronze,False
CUST04560,134,5,847.32,2,2,3,223,2.33,At Risk,35-44,Female,North West,Bronze,True
CUST04561,881,5,174.62,1,2,1,121,1.33,Lost,65+,Female,West Midlands,Platinum,True
CUST04562,51,6,399.26,4,3,2,432,3.0,Loyal,55-64,Female,East of England,Gold,True
CUST04563,18,8,488.69,4,4,2,442,3.33,Loyal,65+,Prefer not to say,East Midlands,Gold,True
CUST04564,527,6,381.41,1,3,2,132,2.0,Lost,45-54,Male,South East,Bronze,True
CUST04565,216,6,224.18,2,3,1,231,2.0,At Risk,35-44,Male,East of England,Gold,True
CUST04566,387,4,1222.56,1,2,4,124,2.33,Lost,45-54,Prefer not to say,South East,Bronze,False
CUST04567,721,5,490.67,1,2,2,122,1.67,Lost,35-44,Female,North West,Bronze,True
CUST04568,121,6,347.87,3,3,2,332,2.67,Loyal,65+,Male,London,Platinum,True
CUST04569,160,5,859.2199999999999,2,2,3,223,2.33,At Risk,18-24,Female,London,Silver,True
CUST04570,24,9,469.40000000000003,4,4,2,442,3.33,Loyal,25-34,Prefer not to say,North West,Gold,True
CUST04571,79,2,58.86,3,1,1,311,1.67,New Customer,18-24,Female,East of England,Bronze,True
CUST04572,65,3,75.75,3,1,1,311,1.67,New Customer,55-64,Prefer not to say,North West,Silver,True
CUST04573,187,5,308.7,2,2,2,222,2.0,At Risk,25-34,Female,East of England,Silver,True
CUST04574,191,5,320.84999999999997,2,2,2,222,2.0,At Risk,55-64,Prefer not to say,North West,Silver,True
CUST04575,219,11,772.06,2,4,3,243,3.0,At Risk,35-44,Male,London,Bronze,True
CUST04576,100,4,505.19,3,2,2,322,2.33,Loyal,35-44,Female,Wales,Silver,False
CUST04577,35,9,1060.22,4,4,4,444,4.0,Champion,65+,Male,Scotland,Gold,True
CUST04578,167,6,192.26,2,3,1,231,2.0,At Risk,45-54,Male,North East,Platinum,True
CUST04579,655,4,199.35000000000002,1,2,1,121,1.33,Lost,45-54,Female,London,Bronze,True
CUST04580,902,2,24.33,1,1,1,111,1.0,Lost,25-34,Male,East of England,Gold,True
CUST04581,38,3,414.34000000000003,4,1,2,412,2.33,New Customer,25-34,Female,London,Silver,True
CUST04582,116,11,463.95000000000005,3,4,2,342,3.0,Loyal,35-44,Female,Scotland,Bronze,True
CUST04583,27,9,2194.72,4,4,4,444,4.0,Champion,55-64,Prefer not to say,London,Bronze,False
CUST04584,157,4,658.38,2,2,3,223,2.33,At Risk,35-44,Prefer not to say,London,Bronze,True
CUST04585,536,5,208.18,1,2,1,121,1.33,Lost,25-34,Male,North West,Bronze,False
CUST04586,70,6,452.9,3,3,2,332,2.67,Loyal,35-44,Male,North East,Bronze,True
CUST04587,63,11,738.21,3,4,3,343,3.33,Champion,45-54,Female,South East,Bronze,True
CUST04588,58,4,976.39,3,2,4,324,3.0,Loyal,35-44,Male,East of England,Bronze,False
CUST04589,312,7,429.23,1,3,2,132,2.0,Lost,55-64,Prefer not to say,Scotland,Bronze,True
CUST04590,770,6,982.73,1,3,4,134,2.67,Lost,45-54,Prefer not to say,London,Bronze,True
CUST04591,285,4,210.64,1,2,1,121,1.33,Lost,25-34,Male,South West,Bronze,True
CUST04592,147,8,673.8299999999999,2,4,3,243,3.0,At Risk,55-64,Male,West Midlands,Silver,False
CUST04593,29,4,291.66,4,2,2,422,2.67,Loyal,25-34,Male,North East,Bronze,True
CUST04594,163,6,321.28,2,3,2,232,2.33,At Risk,25-34,Prefer not to say,South East,Gold,True
CUST04595,117,9,519.39,3,4,3,343,3.33,Champion,45-54,Male,Yorkshire,Silver,True
CUST04596,327,2,166.47,1,1,1,111,1.0,Lost,55-64,Male,London,Bronze,True
CUST04597,90,5,352.53,3,2,2,322,2.33,Loyal,45-54,Prefer not to say,West Midlands,Gold,True
CUST04598,126,6,1885.65,3,3,4,334,3.33,Champion,45-54,Prefer not to say,West Midlands,Gold,True
CUST04599,366,7,1332.74,1,3,4,134,2.67,Lost,18-24,Prefer not to say,South East,Bronze,False
CUST04600,45,6,1760.69,4,3,4,434,3.67,Champion,18-24,Prefer not to say,East Midlands,Silver,True
CUST04601,430,4,1262.0900000000001,1,2,4,124,2.33,Lost,25-34,Prefer not to say,Scotland,Bronze,True
CUST04602,61,6,640.3,3,3,3,333,3.0,Champion,35-44,Male,South East,Gold,True
CUST04603,543,2,40.87,1,1,1,111,1.0,Lost,35-44,Female,South West,Bronze,False
CUST04604,189,6,357.05,2,3,2,232,2.33,At Risk,18-24,Male,Scotland,Bronze,True
CUST04605,238,6,751.93,2,3,3,233,2.67,At Risk,25-34,Prefer not to say,South East,Gold,True
CUST04606,178,4,1632.4199999999998,2,2,4,224,2.67,At Risk,18-24,Prefer not to say,North West,Bronze,False
CUST04607,276,4,576.61,1,2,3,123,2.0,Lost,65+,Prefer not to say,North West,Bronze,True
CUST04608,541,2,95.25999999999999,1,1,1,111,1.0,Lost,55-64,Female,South East,Silver,True
CUST04609,144,5,344.96000000000004,2,2,2,222,2.0,At Risk,18-24,Female,Yorkshire,Silver,True
CUST04610,86,7,589.46,3,3,3,333,3.0,Champion,65+,Female,East of England,Gold,True
CUST04611,35,12,1162.95,4,4,4,444,4.0,Champion,55-64,Female,West Midlands,Bronze,False
CUST04612,75,6,291.46,3,3,2,332,2.67,Loyal,18-24,Prefer not to say,East Midlands,Silver,True
CUST04613,310,3,478.28999999999996,1,1,2,112,1.33,Lost,18-24,Prefer not to say,South East,Bronze,True
CUST04614,220,4,336.40999999999997,2,2,2,222,2.0,At Risk,55-64,Prefer not to say,South West,Gold,True
CUST04615,78,6,1630.4699999999998,3,3,4,334,3.33,Champion,55-64,Male,Yorkshire,Silver,True
CUST04616,400,3,170.57,1,1,1,111,1.0,Lost,18-24,Prefer not to say,Yorkshire,Bronze,True
CUST04617,133,7,107.21000000000001,2,3,1,231,2.0,At Risk,65+,Female,East Midlands,Bronze,True
CUST04618,203,7,1368.83,2,3,4,234,3.0,At Risk,18-24,Female,North West,Gold,True
CUST04619,379,3,416.92,1,1,2,112,1.33,Lost,65+,Prefer not to say,North West,Platinum,True
CUST04620,309,4,150.56,1,2,1,121,1.33,Lost,65+,Female,East of England,Silver,True
CUST04621,104,6,403.52,3,3,2,332,2.67,Loyal,65+,Prefer not to say,South East,Platinum,True
CUST04622,239,7,732.23,2,3,3,233,2.67,At Risk,55-64,Male,North West,Platinum,True
CUST04623,155,4,468.67,2,2,2,222,2.0,At Risk,65+,Female,London,Silver,True
CUST04624,255,4,210.89000000000001,2,2,1,221,1.67,At Risk,45-54,Female,South West,Bronze,True
CUST04625,16,8,2504.4700000000003,4,4,4,444,4.0,Champion,45-54,Female,East of England,Silver,True
CUST04626,237,2,427.46999999999997,2,1,2,212,1.67,Needs Attention,65+,Prefer not to say,East Midlands,Silver,True
CUST04627,108,6,224.34,3,3,1,331,2.33,Loyal,55-64,Male,Scotland,Bronze,True
CUST04628,765,3,646.11,1,1,3,113,1.67,Lost,65+,Female,East Midlands,Silver,True
CUST04629,210,7,1519.69,2,3,4,234,3.0,At Risk,18-24,Male,South East,Bronze,True
CUST04630,100,8,883.47,3,4,4,344,3.67,Champion,25-34,Male,South East,Bronze,True
CUST04631,153,4,162.11,2,2,1,221,1.67,At Risk,65+,Prefer not to say,North East,Silver,True
CUST04632,71,4,325.40999999999997,3,2,2,322,2.33,Loyal,65+,Female,London,Silver,True
CUST04633,415,3,185.20000000000002,1,1,1,111,1.0,Lost,65+,Female,Yorkshire,Platinum,True
CUST04634,448,4,282.21000000000004,1,2,2,122,1.67,Lost,55-64,Prefer not to say,West Midlands,Silver,True
CUST04635,234,4,305.69,2,2,2,222,2.0,At Risk,25-34,Female,South East,Silver,True
CUST04636,317,6,1257.79,1,3,4,134,2.67,Lost,18-24,Prefer not to say,East Midlands,Bronze,True
CUST04637,4,6,2212.1,4,3,4,434,3.67,Champion,25-34,Female,London,Gold,True
CUST04638,323,5,604.99,1,2,3,123,2.0,Lost,18-24,Female,East of England,Gold,False
CUST04639,350,5,293.6,1,2,2,122,1.67,Lost,25-34,Prefer not to say,West Midlands,Gold,False
CUST04640,58,8,1349.8799999999999,3,4,4,344,3.67,Champion,55-64,Female,South East,Bronze,True
CUST04641,191,9,2148.55,2,4,4,244,3.33,At Risk,45-54,Female,East of England,Bronze,True
CUST04642,157,8,448.2,2,4,2,242,2.67,At Risk,18-24,Male,West Midlands,Gold,True
CUST04643,98,5,852.88,3,2,3,323,2.67,Loyal,35-44,Prefer not to say,East Midlands,Platinum,True
CUST04644,92,9,774.76,3,4,3,343,3.33,Champion,25-34,Prefer not to say,North West,Bronze,True
CUST04645,400,3,489.89,1,1,2,112,1.33,Lost,35-44,Female,London,Bronze,True
CUST04646,26,7,1073.55,4,3,4,434,3.67,Champion,35-44,Female,East of England,Silver,True
CUST04647,321,10,2052.89,1,4,4,144,3.0,Lost,65+,Prefer not to say,South East,Bronze,True
CUST04648,98,9,862.75,3,4,3,343,3.33,Champion,55-64,Prefer not to say,London,Bronze,True
CUST04649,110,2,322.47,3,1,2,312,2.0,New Customer,65+,Male,North West,Gold,True
CUST04650,514,4,730.9399999999999,1,2,3,123,2.0,Lost,55-64,Prefer not to say,London,Gold,True
CUST04651,44,10,748.9200000000001,4,4,3,443,3.67,Champion,18-24,Female,Yorkshire,Bronze,True
CUST04652,263,5,409.18,1,2,2,122,1.67,Lost,65+,Female,South East,Bronze,True
CUST04653,51,5,1628.76,4,2,4,424,3.33,Loyal,18-24,Male,Scotland,Bronze,True
CUST04654,96,2,43.36,3,1,1,311,1.67,New Customer,35-44,Female,Yorkshire,Gold,True
CUST04655,76,10,532.47,3,4,3,343,3.33,Champion,65+,Male,South East,Bronze,True
CUST04656,27,4,581.96,4,2,3,423,3.0,Loyal,55-64,Female,North West,Bronze,True
CUST04657,6,7,1443.92,4,3,4,434,3.67,Champion,55-64,Prefer not to say,East Midlands,Bronze,False
CUST04658,336,4,321.26,1,2,2,122,1.67,Lost,35-44,Male,Scotland,Bronze,True
CUST04659,143,8,1144.03,2,4,4,244,3.33,At Risk,25-34,Female,East Midlands,Gold,True
CUST04660,449,5,453.47,1,2,2,122,1.67,Lost,55-64,Male,West Midlands,Bronze,True
CUST04661,24,8,479.52,4,4,2,442,3.33,Loyal,55-64,Prefer not to say,East of England,Bronze,True
CUST04662,5,6,651.3199999999999,4,3,3,433,3.33,Champion,18-24,Female,North East,Bronze,True
CUST04663,11,4,49.55,4,2,1,421,2.33,Loyal,65+,Prefer not to say,South West,Silver,True
CUST04664,17,7,585.86,4,3,3,433,3.33,Champion,25-34,Female,South West,Silver,True
CUST04665,10,9,2339.17,4,4,4,444,4.0,Champion,35-44,Female,Wales,Bronze,True
CUST04666,285,7,1282.1499999999999,1,3,4,134,2.67,Lost,55-64,Female,North West,Silver,False
CUST04667,85,9,796.91,3,4,3,343,3.33,Champion,18-24,Male,London,Silver,False
CUST04668,13,10,1661.59,4,4,4,444,4.0,Champion,45-54,Male,North West,Bronze,True
CUST04669,335,6,271.42,1,3,1,131,1.67,Lost,35-44,Male,South West,Bronze,True
CUST04670,150,8,211.93,2,4,1,241,2.33,At Risk,35-44,Female,North East,Bronze,False
CUST04671,595,2,132.12,1,1,1,111,1.0,Lost,35-44,Female,East Midlands,Silver,True
CUST04672,287,7,448.97999999999996,1,3,2,132,2.0,Lost,18-24,Female,East Midlands,Bronze,True
CUST04673,131,8,1300.39,2,4,4,244,3.33,At Risk,35-44,Prefer not to say,South East,Bronze,True
CUST04674,273,8,625.9300000000001,1,4,3,143,2.67,Lost,35-44,Female,London,Silver,True
CUST04675,112,4,183.18,3,2,1,321,2.0,Loyal,25-34,Male,Yorkshire,Gold,True
CUST04676,199,7,454.84,2,3,2,232,2.33,At Risk,55-64,Female,South East,Gold,True
CUST04677,60,8,913.05,3,4,4,344,3.67,Champion,65+,Prefer not to say,London,Bronze,True
CUST04679,133,6,588.89,2,3,3,233,2.67,At Risk,45-54,Female,South East,Silver,True
CUST04680,589,1,1.89,1,1,1,111,1.0,Lost,45-54,Female,London,Silver,True
CUST04681,418,5,388.21999999999997,1,2,2,122,1.67,Lost,18-24,Prefer not to say,West Midlands,Bronze,True
CUST04682,176,4,272.22,2,2,2,222,2.0,At Risk,25-34,Prefer not to say,North East,Silver,True
CUST04683,56,8,929.8299999999999,3,4,4,344,3.67,Champion,65+,Male,West Midlands,Bronze,True
CUST04684,91,8,1905.3700000000001,3,4,4,344,3.67,Champion,35-44,Female,South East,Bronze,True
CUST04685,12,6,1466.99,4,3,4,434,3.67,Champion,45-54,Male,London,Bronze,True
CUST04686,135,7,442.99,2,3,2,232,2.33,At Risk,35-44,Prefer not to say,South East,Bronze,True
CUST04687,413,2,173.67000000000002,1,1,1,111,1.0,Lost,45-54,Female,Yorkshire,Gold,True
CUST04688,317,3,114.68,1,1,1,111,1.0,Lost,55-64,Prefer not to say,East of England,Bronze,False
CUST04689,265,7,987.49,1,3,4,134,2.67,Lost,65+,Prefer not to say,Wales,Bronze,False
CUST04690,32,6,286.26,4,3,2,432,3.0,Loyal,25-34,Male,Yorkshire,Silver,True
CUST04691,171,8,324.15,2,4,2,242,2.67,At Risk,25-34,Female,North West,Silver,True
CUST04692,77,7,293.07,3,3,2,332,2.67,Loyal,35-44,Prefer not to say,East Midlands,Bronze,True
CUST04693,486,4,617.42,1,2,3,123,2.0,Lost,45-54,Prefer not to say,London,Bronze,True
CUST04694,146,4,100.16,2,2,1,221,1.67,At Risk,65+,Prefer not to say,London,Gold,True
CUST04695,432,4,515.01,1,2,3,123,2.0,Lost,45-54,Female,West Midlands,Bronze,True
CUST04696,299,7,517.5600000000001,1,3,3,133,2.33,Lost,45-54,Male,Yorkshire,Gold,True
CUST04697,123,5,128.16,3,2,1,321,2.0,Loyal,65+,Prefer not to say,West Midlands,Bronze,True
CUST04698,106,8,1542.8400000000001,3,4,4,344,3.67,Champion,25-34,Female,West Midlands,Gold,True
CUST04699,35,7,909.4,4,3,4,434,3.67,Champion,55-64,Female,London,Bronze,True
CUST04700,305,8,825.41,1,4,3,143,2.67,Lost,18-24,Prefer not to say,London,Bronze,True
CUST04701,90,6,1058.8600000000001,3,3,4,334,3.33,Champion,18-24,Female,Yorkshire,Platinum,True
CUST04702,372,2,358.42999999999995,1,1,2,112,1.33,Lost,18-24,Prefer not to say,West Midlands,Bronze,True
CUST04703,300,4,477.21999999999997,1,2,2,122,1.67,Lost,45-54,Male,South East,Bronze,True
CUST04704,498,2,129.71,1,1,1,111,1.0,Lost,18-24,Male,North West,Bronze,True
CUST04705,155,6,1995.18,2,3,4,234,3.0,At Risk,65+,Female,London,Gold,False
CUST04706,58,6,395.44,3,3,2,332,2.67,Loyal,55-64,Male,South East,Silver,False
CUST04707,792,4,1640.45,1,2,4,124,2.33,Lost,55-64,Male,South West,Silver,True
CUST04708,11,9,700.44,4,4,3,443,3.67,Champion,18-24,Prefer not to say,Yorkshire,Bronze,True
CUST04709,49,4,1511.56,4,2,4,424,3.33,Loyal,35-44,Female,West Midlands,Gold,True
CUST04710,367,4,1582.65,1,2,4,124,2.33,Lost,65+,Male,South East,Bronze,True
CUST04711,233,5,1324.8,2,2,4,224,2.67,At Risk,65+,Male,North West,Bronze,True
CUST04712,131,6,108.53,2,3,1,231,2.0,At Risk,18-24,Prefer not to say,East Midlands,Platinum,True
CUST04713,66,6,1240.9099999999999,3,3,4,334,3.33,Champion,45-54,Female,Scotland,Gold,True
CUST04714,21,8,2092.9100000000003,4,4,4,444,4.0,Champion,45-54,Prefer not to say,London,Bronze,True
CUST04715,189,8,312.54,2,4,2,242,2.67,At Risk,35-44,Female,Scotland,Bronze,True
CUST04716,320,7,289.81,1,3,2,132,2.0,Lost,35-44,Male,South West,Bronze,True
CUST04717,96,7,946.86,3,3,4,334,3.33,Champion,25-34,Prefer not to say,South East,Silver,True
CUST04718,23,8,736.39,4,4,3,443,3.67,Champion,65+,Prefer not to say,West Midlands,Silver,True
CUST04719,29,10,1440.32,4,4,4,444,4.0,Champion,35-44,Female,London,Bronze,True
CUST04720,77,7,507.71999999999997,3,3,2,332,2.67,Loyal,35-44,Female,London,Bronze,False
CUST04721,169,4,139.42,2,2,1,221,1.67,At Risk,25-34,Female,South East,Platinum,True
CUST04722,126,7,487.30999999999995,3,3,2,332,2.67,Loyal,65+,Female,South East,Silver,False
CUST04723,164,6,236.72,2,3,1,231,2.0,At Risk,35-44,Prefer not to say,East of England,Gold,True
CUST04724,14,5,546.1800000000001,4,2,3,423,3.0,Loyal,25-34,Prefer not to say,South West,Bronze,True
CUST04725,28,8,768.47,4,4,3,443,3.67,Champion,18-24,Prefer not to say,North West,Bronze,True
CUST04726,297,5,570.4499999999999,1,2,3,123,2.0,Lost,25-34,Female,West Midlands,Bronze,True
CUST04727,1,8,542.07,4,4,3,443,3.67,Champion,45-54,Male,East Midlands,Bronze,True
CUST04728,50,5,818.14,4,2,3,423,3.0,Loyal,55-64,Female,Scotland,Gold,True
CUST04729,545,3,385.99,1,1,2,112,1.33,Lost,35-44,Male,North West,Silver,False
CUST04730,184,9,352.09000000000003,2,4,2,242,2.67,At Risk,45-54,Prefer not to say,East of England,Bronze,True
CUST04731,202,7,606.8299999999999,2,3,3,233,2.67,At Risk,45-54,Male,East of England,Bronze,True
CUST04732,77,3,218.92000000000002,3,1,1,311,1.67,New Customer,45-54,Prefer not to say,Scotland,Silver,True
CUST04733,106,9,998.66,3,4,4,344,3.67,Champion,25-34,Male,London,Bronze,True
CUST04734,5,6,1477.62,4,3,4,434,3.67,Champion,35-44,Female,North East,Bronze,True
CUST04735,330,6,1040.87,1,3,4,134,2.67,Lost,55-64,Female,West Midlands,Silver,True
CUST04736,352,4,758.13,1,2,3,123,2.0,Lost,55-64,Prefer not to say,London,Bronze,True
CUST04737,121,2,165.07999999999998,3,1,1,311,1.67,New Customer,65+,Female,South West,Bronze,False
CUST04738,79,5,599.94,3,2,3,323,2.67,Loyal,65+,Female,North East,Silver,True
CUST04739,384,6,202.03,1,3,1,131,1.67,Lost,45-54,Male,North East,Silver,False
CUST04740,43,6,462.23,4,3,2,432,3.0,Loyal,35-44,Male,South East,Gold,True
CUST04741,47,7,496.65000000000003,4,3,2,432,3.0,Loyal,55-64,Male,London,Bronze,True
CUST04742,169,3,30.400000000000002,2,1,1,211,1.33,Needs Attention,18-24,Prefer not to say,South East,Silver,False
CUST04743,554,2,80.24000000000001,1,1,1,111,1.0,Lost,35-44,Prefer not to say,North East,Silver,True
CUST04744,231,5,282.38,2,2,2,222,2.0,At Risk,35-44,Prefer not to say,North West,Bronze,True
CUST04745,16,7,683.03,4,3,3,433,3.33,Champion,25-34,Prefer not to say,South West,Bronze,True
CUST04746,587,3,392.81,1,1,2,112,1.33,Lost,25-34,Female,North West,Silver,True
CUST04747,59,6,876.8,3,3,4,334,3.33,Champion,45-54,Prefer not to say,London,Gold,True
CUST04748,330,7,850.04,1,3,3,133,2.33,Lost,18-24,Prefer not to say,South East,Bronze,False
CUST04749,50,6,599.34,4,3,3,433,3.33,Champion,45-54,Male,Yorkshire,Gold,True
CUST04750,17,9,1327.9,4,4,4,444,4.0,Champion,25-34,Female,East of England,Bronze,True
CUST04751,130,9,1618.09,3,4,4,344,3.67,Champion,55-64,Male,Yorkshire,Silver,True
CUST04752,456,4,253.81,1,2,1,121,1.33,Lost,45-54,Male,London,Silver,True
CUST04753,420,3,371.15999999999997,1,1,2,112,1.33,Lost,25-34,Prefer not to say,London,Gold,True
CUST04754,2,4,587.4200000000001,4,2,3,423,3.0,Loyal,25-34,Female,North West,Silver,False
CUST04755,8,4,955.87,4,2,4,424,3.33,Loyal,55-64,Female,North East,Bronze,True
CUST04756,45,7,577.46,4,3,3,433,3.33,Champion,55-64,Male,North East,Platinum,True
CUST04757,131,7,412.52,2,3,2,232,2.33,At Risk,25-34,Prefer not to say,East of England,Silver,True
CUST04758,11,6,898.71,4,3,4,434,3.67,Champion,55-64,Prefer not to say,Scotland,Gold,True
CUST04759,43,3,170.91000000000003,4,1,1,411,2.0,New Customer,65+,Male,East of England,Bronze,True
CUST04760,26,6,789.12,4,3,3,433,3.33,Champion,18-24,Female,North West,Gold,True
CUST04761,939,1,78.79,1,1,1,111,1.0,Lost,45-54,Female,Wales,Gold,True
CUST04762,91,6,298.41,3,3,2,332,2.67,Loyal,65+,Male,South East,Gold,True
CUST04763,309,4,517.67,1,2,3,123,2.0,Lost,65+,Female,Yorkshire,Platinum,True
CUST04764,295,5,470.07,1,2,2,122,1.67,Lost,18-24,Prefer not to say,North West,Gold,False
CUST04765,443,1,144.99,1,1,1,111,1.0,Lost,25-34,Male,South East,Gold,True
CUST04766,140,7,417.17,2,3,2,232,2.33,At Risk,18-24,Male,London,Bronze,True
CUST04767,225,8,923.93,2,4,4,244,3.33,At Risk,35-44,Male,London,Platinum,False
CUST04768,27,7,989.67,4,3,4,434,3.67,Champion,65+,Prefer not to say,London,Platinum,True
CUST04769,316,10,1642.1999999999998,1,4,4,144,3.0,Lost,25-34,Male,South West,Bronze,True
CUST04770,263,6,1120.5,1,3,4,134,2.67,Lost,18-24,Prefer not to say,South West,Silver,True
CUST04771,10,9,1668.47,4,4,4,444,4.0,Champion,35-44,Male,East Midlands,Silver,True
CUST04772,4,5,104.21000000000001,4,2,1,421,2.33,Loyal,35-44,Female,Yorkshire,Gold,True
CUST04773,562,2,42.56,1,1,1,111,1.0,Lost,35-44,Prefer not to say,South East,Silver,True
CUST04774,37,10,486.73,4,4,2,442,3.33,Loyal,25-34,Prefer not to say,Scotland,Bronze,True
CUST04775,695,4,364.08,1,2,2,122,1.67,Lost,18-24,Male,South West,Bronze,True
CUST04776,197,3,195.12,2,1,1,211,1.33,Needs Attention,35-44,Female,South West,Bronze,True
CUST04777,91,7,1410.72,3,3,4,334,3.33,Champion,45-54,Female,London,Bronze,False
CUST04778,474,4,930.88,1,2,4,124,2.33,Lost,25-34,Female,Wales,Bronze,False
CUST04779,63,4,540.97,3,2,3,323,2.67,Loyal,65+,Prefer not to say,North West,Bronze,True
CUST04780,34,10,1573.82,4,4,4,444,4.0,Champion,35-44,Male,Yorkshire,Bronze,True
CUST04781,64,4,737.6700000000001,3,2,3,323,2.67,Loyal,35-44,Female,South West,Bronze,True
CUST04782,364,2,64.99000000000001,1,1,1,111,1.0,Lost,18-24,Prefer not to say,North East,Bronze,True
CUST04783,240,6,860.8100000000001,2,3,3,233,2.67,At Risk,65+,Male,East Midlands,Silver,True
CUST04784,125,4,506.35,3,2,2,322,2.33,Loyal,45-54,Female,North East,Bronze,True
CUST04785,14,2,259.71999999999997,4,1,1,411,2.0,New Customer,18-24,Prefer not to say,London,Bronze,False
CUST04786,749,4,196.77,1,2,1,121,1.33,Lost,25-34,Male,Scotland,Platinum,True
CUST04787,102,7,330.68,3,3,2,332,2.67,Loyal,18-24,Male,London,Bronze,True
CUST04788,46,4,1002.8999999999999,4,2,4,424,3.33,Loyal,65+,Female,East Midlands,Platinum,True
CUST04789,152,3,400.53000000000003,2,1,2,212,1.67,Needs Attention,35-44,Prefer not to say,London,Platinum,False
CUST04790,479,7,276.96000000000004,1,3,2,132,2.0,Lost,35-44,Prefer not to say,South West,Bronze,False
CUST04791,2,8,367.79,4,4,2,442,3.33,Loyal,25-34,Male,West Midlands,Gold,True
CUST04792,258,3,84.56,2,1,1,211,1.33,Needs Attention,55-64,Female,South West,Bronze,True
CUST04793,128,7,1715.27,3,3,4,334,3.33,Champion,25-34,Female,North East,Bronze,True
CUST04794,184,9,590.94,2,4,3,243,3.0,At Risk,45-54,Female,South East,Gold,True
CUST04795,366,6,494.98,1,3,2,132,2.0,Lost,18-24,Female,London,Bronze,True
CUST04796,128,7,262.9,3,3,1,331,2.33,Loyal,65+,Male,Scotland,Silver,True
CUST04797,167,4,111.63,2,2,1,221,1.67,At Risk,65+,Male,Scotland,Silver,True
CUST04798,703,4,258.26,1,2,1,121,1.33,Lost,45-54,Prefer not to say,South West,Bronze,False
CUST04799,472,2,358.1,1,1,2,112,1.33,Lost,65+,Female,West Midlands,Silver,True
CUST04800,96,8,291.73,3,4,2,342,3.0,Loyal,65+,Prefer not to say,North West,Silver,True
CUST04801,15,8,1024.84,4,4,4,444,4.0,Champion,65+,Female,East of England,Bronze,False
CUST04802,166,6,475.11,2,3,2,232,2.33,At Risk,18-24,Female,Wales,Gold,True
CUST04803,171,4,175.96,2,2,1,221,1.67,At Risk,55-64,Female,East Midlands,Silver,True
CUST04804,276,3,433.09999999999997,1,1,2,112,1.33,Lost,55-64,Male,South East,Gold,True
CUST04805,106,4,158.78,3,2,1,321,2.0,Loyal,55-64,Male,East of England,Bronze,True
CUST04806,168,5,1997.0300000000002,2,2,4,224,2.67,At Risk,25-34,Prefer not to say,North West,Silver,True
CUST04807,34,7,182.92000000000002,4,3,1,431,2.67,Loyal,55-64,Female,North West,Bronze,True
CUST04808,23,5,574.63,4,2,3,423,3.0,Loyal,45-54,Prefer not to say,North West,Bronze,True
CUST04809,44,6,408.95,4,3,2,432,3.0,Loyal,55-64,Female,East Midlands,Gold,True
CUST04810,160,4,98.39999999999999,2,2,1,221,1.67,At Risk,18-24,Male,South East,Silver,True
CUST04811,1,11,3034.86,4,4,4,444,4.0,Champion,45-54,Male,South West,Silver,False
CUST04812,252,5,157.51999999999998,2,2,1,221,1.67,At Risk,35-44,Male,East of England,Silver,True
CUST04813,53,7,1803.56,4,3,4,434,3.67,Champion,65+,Female,North West,Bronze,True
CUST04814,46,6,295.81,4,3,2,432,3.0,Loyal,55-64,Female,London,Bronze,False
CUST04815,450,6,451.62000000000006,1,3,2,132,2.0,Lost,65+,Prefer not to say,East of England,Silver,True
CUST04816,21,5,433.88,4,2,2,422,2.67,Loyal,65+,Female,South East,Gold,False
CUST04817,141,8,768.01,2,4,3,243,3.0,At Risk,65+,Prefer not to say,West Midlands,Silver,True
CUST04818,70,5,203.94,3,2,1,321,2.0,Loyal,25-34,Female,East Midlands,Silver,True
CUST04819,177,3,218.82,2,1,1,211,1.33,Needs Attention,65+,Male,London,Bronze,True
CUST04820,431,6,971.62,1,3,4,134,2.67,Lost,65+,Male,London,Bronze,True
CUST04821,104,9,324.76,3,4,2,342,3.0,Loyal,35-44,Female,Wales,Bronze,True
CUST04822,570,5,317.94,1,2,2,122,1.67,Lost,25-34,Male,North West,Bronze,False
CUST04823,476,6,618.8,1,3,3,133,2.33,Lost,55-64,Female,North East,Gold,True
CUST04824,248,6,1510.3,2,3,4,234,3.0,At Risk,55-64,Male,South East,Bronze,True
CUST04825,72,2,408.88,3,1,2,312,2.0,New Customer,55-64,Male,London,Platinum,True
CUST04826,89,5,1250.0,3,2,4,324,3.0,Loyal,45-54,Prefer not to say,London,Bronze,True
CUST04827,305,7,585.11,1,3,3,133,2.33,Lost,18-24,Female,North West,Bronze,True
CUST04828,375,6,449.02000000000004,1,3,2,132,2.0,Lost,65+,Female,North East,Gold,True
CUST04829,33,10,533.75,4,4,3,443,3.67,Champion,18-24,Prefer not to say,South East,Bronze,True
CUST04830,227,10,801.3299999999999,2,4,3,243,3.0,At Risk,18-24,Female,North West,Gold,True
CUST04831,80,3,328.96000000000004,3,1,2,312,2.0,New Customer,65+,Prefer not to say,East of England,Gold,True
CUST04832,847,1,45.39,1,1,1,111,1.0,Lost,65+,Prefer not to say,North West,Silver,True
CUST04833,10,3,81.92999999999999,4,1,1,411,2.0,New Customer,65+,Prefer not to say,South East,Silver,False
CUST04834,268,3,120.16,1,1,1,111,1.0,Lost,25-34,Female,London,Bronze,True
CUST04835,86,5,1077.61,3,2,4,324,3.0,Loyal,65+,Male,South West,Bronze,True
CUST04836,90,4,782.05,3,2,3,323,2.67,Loyal,25-34,Male,London,Silver,True
CUST04837,292,2,290.40999999999997,1,1,2,112,1.33,Lost,55-64,Female,South East,Bronze,True
CUST04838,48,10,2273.95,4,4,4,444,4.0,Champion,35-44,Prefer not to say,London,Silver,False
CUST04839,64,7,1900.0900000000001,3,3,4,334,3.33,Champion,55-64,Prefer not to say,West Midlands,Bronze,True
CUST04840,280,6,843.73,1,3,3,133,2.33,Lost,18-24,Female,Wales,Bronze,True
CUST04841,38,8,162.75,4,4,1,441,3.0,Loyal,25-34,Female,South West,Silver,True
CUST04842,61,7,520.67,3,3,3,333,3.0,Champion,25-34,Male,South East,Gold,True
CUST04843,9,10,1057.1399999999999,4,4,4,444,4.0,Champion,55-64,Prefer not to say,East Midlands,Bronze,True
CUST04844,103,4,1147.28,3,2,4,324,3.0,Loyal,18-24,Female,Wales,Gold,True
CUST04845,103,10,603.48,3,4,3,343,3.33,Champion,35-44,Prefer not to say,Wales,Bronze,True
CUST04846,338,7,568.52,1,3,3,133,2.33,Lost,35-44,Female,South West,Platinum,False
CUST04847,3,9,1298.93,4,4,4,444,4.0,Champion,35-44,Female,Wales,Bronze,True
CUST04848,195,6,1215.8400000000001,2,3,4,234,3.0,At Risk,35-44,Prefer not to say,West Midlands,Bronze,True
CUST04849,8,6,1457.7,4,3,4,434,3.67,Champion,18-24,Prefer not to say,South West,Silver,True
CUST04850,80,5,383.32,3,2,2,322,2.33,Loyal,18-24,Male,South East,Bronze,True
CUST04851,226,5,317.06,2,2,2,222,2.0,At Risk,45-54,Prefer not to say,East of England,Silver,True
CUST04852,86,11,1144.72,3,4,4,344,3.67,Champion,35-44,Prefer not to say,South East,Platinum,True
CUST04853,83,7,589.48,3,3,3,333,3.0,Champion,35-44,Prefer not to say,South West,Gold,True
CUST04854,6,10,1319.24,4,4,4,444,4.0,Champion,65+,Prefer not to say,North West,Bronze,True
CUST04855,22,7,973.5,4,3,4,434,3.67,Champion,45-54,Female,London,Bronze,True
CUST04856,3,12,1188.9,4,4,4,444,4.0,Champion,55-64,Female,Yorkshire,Bronze,True
CUST04857,102,8,275.2,3,4,2,342,3.0,Loyal,25-34,Prefer not to say,West Midlands,Bronze,True
CUST04858,391,8,978.71,1,4,4,144,3.0,Lost,25-34,Male,South East,Bronze,True
CUST04859,166,5,423.25,2,2,2,222,2.0,At Risk,65+,Female,East of England,Gold,False
CUST04860,55,5,395.94,3,2,2,322,2.33,Loyal,65+,Male,Yorkshire,Bronze,True
CUST04861,155,7,793.95,2,3,3,233,2.67,At Risk,18-24,Male,South East,Platinum,True
CUST04862,147,7,1817.7,2,3,4,234,3.0,At Risk,45-54,Prefer not to say,South West,Bronze,True
CUST04863,891,2,325.66,1,1,2,112,1.33,Lost,25-34,Prefer not to say,North East,Bronze,False
CUST04864,213,4,199.95000000000002,2,2,1,221,1.67,At Risk,65+,Male,South East,Silver,True
CUST04865,131,6,951.53,2,3,4,234,3.0,At Risk,65+,Prefer not to say,South East,Silver,False
CUST04866,197,6,772.69,2,3,3,233,2.67,At Risk,18-24,Prefer not to say,West Midlands,Bronze,False
CUST04867,70,8,530.4,3,4,3,343,3.33,Champion,55-64,Prefer not to say,North West,Silver,True
CUST04868,628,2,83.79,1,1,1,111,1.0,Lost,45-54,Prefer not to say,West Midlands,Gold,True
CUST04869,180,4,581.6700000000001,2,2,3,223,2.33,At Risk,45-54,Prefer not to say,London,Bronze,True
CUST04870,61,9,1059.8799999999999,3,4,4,344,3.67,Champion,18-24,Female,London,Silver,True
CUST04871,44,8,705.63,4,4,3,443,3.67,Champion,45-54,Prefer not to say,Scotland,Gold,True
CUST04872,113,8,686.99,3,4,3,343,3.33,Champion,25-34,Female,North West,Bronze,True
CUST04873,2,13,3361.02,4,4,4,444,4.0,Champion,55-64,Female,South West,Gold,True
CUST04874,250,4,254.03,2,2,1,221,1.67,At Risk,65+,Male,North West,Silver,True
CUST04875,14,12,951.28,4,4,4,444,4.0,Champion,45-54,Female,Scotland,Gold,True
CUST04876,72,3,76.7,3,1,1,311,1.67,New Customer,18-24,Male,Scotland,Platinum,True
CUST04877,99,6,160.9,3,3,1,331,2.33,Loyal,35-44,Prefer not to say,South East,Silver,True
CUST04878,232,8,1881.41,2,4,4,244,3.33,At Risk,45-54,Prefer not to say,London,Bronze,False
CUST04879,130,5,425.52000000000004,3,2,2,322,2.33,Loyal,35-44,Prefer not to say,South East,Silver,True
CUST04880,140,4,136.79,2,2,1,221,1.67,At Risk,25-34,Female,West Midlands,Platinum,True
CUST04881,190,5,488.87,2,2,2,222,2.0,At Risk,25-34,Male,West Midlands,Bronze,True
CUST04882,112,6,220.57999999999998,3,3,1,331,2.33,Loyal,45-54,Prefer not to say,South East,Silver,True
CUST04883,152,8,416.52,2,4,2,242,2.67,At Risk,65+,Prefer not to say,Wales,Gold,True
CUST04884,375,6,615.64,1,3,3,133,2.33,Lost,45-54,Female,West Midlands,Bronze,True
CUST04885,80,8,252.32999999999998,3,4,1,341,2.67,Loyal,65+,Female,London,Platinum,True
CUST04887,66,2,351.78999999999996,3,1,2,312,2.0,New Customer,35-44,Prefer not to say,Wales,Silver,True
CUST04888,37,4,283.9,4,2,2,422,2.67,Loyal,18-24,Prefer not to say,East of England,Bronze,True
CUST04889,342,2,86.12,1,1,1,111,1.0,Lost,35-44,Female,West Midlands,Silver,True
CUST04890,71,4,116.42999999999999,3,2,1,321,2.0,Loyal,45-54,Prefer not to say,London,Silver,True
CUST04891,303,5,266.56,1,2,1,121,1.33,Lost,25-34,Male,Scotland,Silver,True
CUST04892,23,9,2413.1800000000003,4,4,4,444,4.0,Champion,55-64,Female,London,Bronze,True
CUST04893,107,6,1649.2799999999997,3,3,4,334,3.33,Champion,18-24,Prefer not to say,West Midlands,Silver,True
CUST04894,146,9,555.48,2,4,3,243,3.0,At Risk,18-24,Male,East Midlands,Silver,True
CUST04895,277,7,667.22,1,3,3,133,2.33,Lost,18-24,Prefer not to say,London,Gold,True
CUST04896,46,9,815.3100000000001,4,4,3,443,3.67,Champion,55-64,Female,Wales,Silver,True
CUST04897,162,3,93.16,2,1,1,211,1.33,Needs Attention,55-64,Prefer not to say,London,Silver,False
CUST04898,126,3,168.81,3,1,1,311,1.67,New Customer,25-34,Female,Yorkshire,Bronze,True
CUST04899,345,4,172.88,1,2,1,121,1.33,Lost,45-54,Female,North West,Silver,False
CUST04900,192,4,168.35,2,2,1,221,1.67,At Risk,45-54,Male,South East,Platinum,True
CUST04901,103,8,545.95,3,4,3,343,3.33,Champion,55-64,Prefer not to say,London,Gold,True
CUST04902,141,9,1716.58,2,4,4,244,3.33,At Risk,25-34,Female,Scotland,Silver,True
CUST04903,506,9,1172.83,1,4,4,144,3.0,Lost,25-34,Prefer not to say,Scotland,Bronze,True
CUST04904,126,5,596.2,3,2,3,323,2.67,Loyal,18-24,Female,London,Bronze,True
CUST04905,48,6,470.24,4,3,2,432,3.0,Loyal,25-34,Prefer not to say,South East,Silver,True
CUST04906,187,5,557.07,2,2,3,223,2.33,At Risk,18-24,Female,London,Bronze,True
CUST04907,143,6,400.23,2,3,2,232,2.33,At Risk,55-64,Female,South East,Silver,True
CUST04908,451,4,267.82,1,2,1,121,1.33,Lost,45-54,Prefer not to say,Scotland,Bronze,True
CUST04909,86,7,214.47,3,3,1,331,2.33,Loyal,18-24,Prefer not to say,London,Bronze,True
CUST04910,312,2,21.0,1,1,1,111,1.0,Lost,55-64,Female,South East,Bronze,False
CUST04911,165,4,142.01,2,2,1,221,1.67,At Risk,18-24,Prefer not to say,London,Silver,False
CUST04912,402,1,485.34,1,1,2,112,1.33,Lost,55-64,Male,London,Platinum,True
CUST04913,182,8,1031.13,2,4,4,244,3.33,At Risk,18-24,Male,Scotland,Silver,True
CUST04914,779,2,173.6,1,1,1,111,1.0,Lost,65+,Prefer not to say,London,Gold,True
CUST04915,17,6,158.06,4,3,1,431,2.67,Loyal,25-34,Male,North West,Platinum,False
CUST04916,244,5,449.09,2,2,2,222,2.0,At Risk,18-24,Female,London,Silver,True
CUST04917,187,6,306.21999999999997,2,3,2,232,2.33,At Risk,18-24,Male,North East,Bronze,False
CUST04918,167,9,417.31,2,4,2,242,2.67,At Risk,55-64,Prefer not to say,London,Bronze,True
CUST04919,20,10,770.87,4,4,3,443,3.67,Champion,35-44,Female,London,Gold,False
CUST04920,176,7,582.29,2,3,3,233,2.67,At Risk,55-64,Prefer not to say,South West,Gold,True
CUST04921,41,11,3085.75,4,4,4,444,4.0,Champion,45-54,Female,East Midlands,Bronze,True
CUST04922,184,7,1272.1899999999998,2,3,4,234,3.0,At Risk,25-34,Female,East of England,Bronze,True
CUST04923,251,5,149.66,2,2,1,221,1.67,At Risk,18-24,Female,East Midlands,Bronze,True
CUST04924,163,1,272.09,2,1,1,211,1.33,Needs Attention,35-44,Male,Yorkshire,Bronze,True
CUST04925,194,4,175.37,2,2,1,221,1.67,At Risk,45-54,Male,South East,Silver,True
CUST04926,197,5,422.73,2,2,2,222,2.0,At Risk,45-54,Male,East Midlands,Bronze,False
CUST04927,216,8,1226.13,2,4,4,244,3.33,At Risk,35-44,Prefer not to say,South East,Gold,True
CUST04928,1000,1,89.63,1,1,1,111,1.0,Lost,65+,Female,East of England,Silver,True
CUST04929,107,3,359.3,3,1,2,312,2.0,New Customer,35-44,Male,South East,Silver,False
CUST04930,101,8,2369.5699999999997,3,4,4,344,3.67,Champion,55-64,Female,London,Bronze,True
CUST04931,65,9,1245.99,3,4,4,344,3.67,Champion,25-34,Male,South West,Bronze,True
CUST04932,80,6,898.9,3,3,4,334,3.33,Champion,55-64,Male,North East,Bronze,True
CUST04933,30,9,1664.81,4,4,4,444,4.0,Champion,45-54,Female,Yorkshire,Silver,True
CUST04934,171,8,738.0699999999999,2,4,3,243,3.0,At Risk,35-44,Male,London,Silver,True
CUST04935,84,11,991.4100000000001,3,4,4,344,3.67,Champion,18-24,Prefer not to say,Yorkshire,Gold,False
CUST04936,111,9,1755.48,3,4,4,344,3.67,Champion,55-64,Female,Wales,Bronze,True
CUST04937,589,1,382.61,1,1,2,112,1.33,Lost,45-54,Male,South West,Silver,True
CUST04938,108,6,324.29,3,3,2,332,2.67,Loyal,35-44,Prefer not to say,North West,Bronze,False
CUST04939,267,5,599.77,1,2,3,123,2.0,Lost,35-44,Male,East of England,Bronze,True
CUST04940,35,5,989.2199999999999,4,2,4,424,3.33,Loyal,45-54,Female,North East,Bronze,False
CUST04941,44,2,266.21999999999997,4,1,1,411,2.0,New Customer,65+,Male,South East,Silver,True
CUST04942,223,7,944.19,2,3,4,234,3.0,At Risk,55-64,Prefer not to say,North West,Platinum,True
CUST04943,97,8,360.18,3,4,2,342,3.0,Loyal,45-54,Male,London,Bronze,True
CUST04944,404,5,167.69,1,2,1,121,1.33,Lost,35-44,Female,North West,Bronze,False
CUST04945,215,5,216.3,2,2,1,221,1.67,At Risk,65+,Prefer not to say,South West,Bronze,True
CUST04946,661,3,441.78,1,1,2,112,1.33,Lost,55-64,Male,South East,Bronze,True
CUST04947,203,6,341.02,2,3,2,232,2.33,At Risk,55-64,Female,North West,Platinum,False
CUST04948,52,5,102.50999999999999,4,2,1,421,2.33,Loyal,18-24,Male,North West,Bronze,True
CUST04949,5,7,825.0799999999999,4,3,3,433,3.33,Champion,55-64,Male,London,Gold,True
CUST04950,273,4,102.14,1,2,1,121,1.33,Lost,55-64,Female,London,Bronze,True
CUST04951,430,2,1647.5,1,1,4,114,2.0,Lost,55-64,Male,West Midlands,Bronze,True
CUST04952,630,2,207.88000000000002,1,1,1,111,1.0,Lost,45-54,Female,East of England,Silver,False
CUST04953,87,4,282.35,3,2,2,322,2.33,Loyal,18-24,Female,South West,Bronze,False
CUST04954,6,5,324.59999999999997,4,2,2,422,2.67,Loyal,65+,Prefer not to say,East Midlands,Gold,False
CUST04955,35,4,157.7,4,2,1,421,2.33,Loyal,45-54,Female,West Midlands,Bronze,True
CUST04956,23,9,741.53,4,4,3,443,3.67,Champion,65+,Prefer not to say,North West,Bronze,True
CUST04957,58,8,495.4,3,4,2,342,3.0,Loyal,45-54,Female,South East,Bronze,True
CUST04958,16,7,670.99,4,3,3,433,3.33,Champion,65+,Male,North East,Bronze,False
CUST04959,13,6,408.45,4,3,2,432,3.0,Loyal,25-34,Prefer not to say,East of England,Bronze,True
CUST04960,95,4,83.21000000000001,3,2,1,321,2.0,Loyal,25-34,Prefer not to say,London,Bronze,True
CUST04961,162,1,43.96,2,1,1,211,1.33,Needs Attention,25-34,Male,South West,Bronze,True
CUST04962,235,7,391.36,2,3,2,232,2.33,At Risk,18-24,Male,South East,Bronze,True
CUST04963,551,4,232.34,1,2,1,121,1.33,Lost,18-24,Prefer not to say,South East,Bronze,False
CUST04964,24,10,1446.8700000000001,4,4,4,444,4.0,Champion,55-64,Male,South East,Bronze,True
CUST04965,197,8,462.94,2,4,2,242,2.67,At Risk,35-44,Prefer not to say,Scotland,Platinum,True
CUST04966,312,4,306.42,1,2,2,122,1.67,Lost,25-34,Female,South West,Silver,True
CUST04967,44,4,1422.98,4,2,4,424,3.33,Loyal,25-34,Prefer not to say,East of England,Silver,True
CUST04968,146,7,617.12,2,3,3,233,2.67,At Risk,25-34,Prefer not to say,London,Platinum,True
CUST04969,248,5,779.08,2,2,3,223,2.33,At Risk,18-24,Male,South East,Gold,True
CUST04970,278,6,299.05,1,3,2,132,2.0,Lost,25-34,Prefer not to say,South East,Platinum,True
CUST04971,7,9,1093.05,4,4,4,444,4.0,Champion,25-34,Female,South East,Platinum,True
CUST04972,384,8,951.15,1,4,4,144,3.0,Lost,65+,Female,West Midlands,Silver,True
CUST04973,272,6,384.78,1,3,2,132,2.0,Lost,18-24,Prefer not to say,East Midlands,Platinum,True
CUST04974,177,7,117.65,2,3,1,231,2.0,At Risk,55-64,Prefer not to say,East Midlands,Gold,True
CUST04975,17,9,1179.52,4,4,4,444,4.0,Champion,25-34,Male,South East,Gold,True
CUST04976,211,5,364.49,2,2,2,222,2.0,At Risk,65+,Prefer not to say,South West,Gold,True
CUST04977,504,4,697.3,1,2,3,123,2.0,Lost,18-24,Female,London,Gold,True
CUST04978,5,7,424.77,4,3,2,432,3.0,Loyal,45-54,Prefer not to say,South East,Bronze,True
CUST04979,518,5,258.45,1,2,1,121,1.33,Lost,45-54,Female,East of England,Silver,False
CUST04980,224,2,118.28,2,1,1,211,1.33,Needs Attention,35-44,Male,Wales,Silver,False
CUST04981,17,9,1082.5,4,4,4,444,4.0,Champion,25-34,Male,East Midlands,Bronze,True
CUST04982,123,15,1034.06,3,4,4,344,3.67,Champion,35-44,Male,East of England,Gold,True
CUST04983,10,5,474.57,4,2,2,422,2.67,Loyal,45-54,Female,East of England,Platinum,True
CUST04984,16,9,1314.45,4,4,4,444,4.0,Champion,55-64,Prefer not to say,South West,Bronze,False
CUST04985,133,5,320.86,2,2,2,222,2.0,At Risk,45-54,Prefer not to say,London,Silver,True
CUST04986,50,9,1626.57,4,4,4,444,4.0,Champion,35-44,Prefer not to say,Scotland,Bronze,True
CUST04987,269,7,317.33000000000004,1,3,2,132,2.0,Lost,65+,Female,London,Silver,False
CUST04988,127,7,291.83,3,3,2,332,2.67,Loyal,18-24,Male,East Midlands,Silver,True
CUST04989,162,6,429.0,2,3,2,232,2.33,At Risk,35-44,Prefer not to say,Wales,Silver,False
CUST04990,60,7,752.5699999999999,3,3,3,333,3.0,Champion,25-34,Female,South West,Gold,False
CUST04991,55,5,1745.56,3,2,4,324,3.0,Loyal,18-24,Male,London,Bronze,True
CUST04992,23,8,310.54,4,4,2,442,3.33,Loyal,18-24,Female,Scotland,Silver,True
CUST04993,50,5,145.45,4,2,1,421,2.33,Loyal,55-64,Female,Yorkshire,Bronze,True
CUST04994,53,6,308.06,4,3,2,432,3.0,Loyal,45-54,Male,London,Silver,True
CUST04995,25,4,1894.06,4,2,4,424,3.33,Loyal,45-54,Prefer not to say,Scotland,Bronze,True
CUST04996,49,12,1798.85,4,4,4,444,4.0,Champion,18-24,Female,West Midlands,Bronze,True
CUST04997,138,4,366.32000000000005,2,2,2,222,2.0,At Risk,25-34,Male,North West,Silver,True
CUST04998,206,5,285.91,2,2,2,222,2.0,At Risk,65+,Prefer not to say,East of England,Bronze,True
CUST04999,172,8,650.25,2,4,3,243,3.0,At Risk,55-64,Female,Yorkshire,Bronze,True
CUST05000,101,5,1314.53,3,2,4,324,3.0,Loyal,35-44,Female,Wales,Bronze,True
CUST05001,172,9,1122.69,2,4,4,244,3.33,At Risk,65+,Male,South East,Bronze,True
CUST05002,103,7,883.29,3,3,4,334,3.33,Champion,45-54,Male,West Midlands,Silver,False
CUST05003,158,6,143.76,2,3,1,231,2.0,At Risk,45-54,Prefer not to say,South East,Bronze,True
CUST05004,635,1,84.11,1,1,1,111,1.0,Lost,25-34,Prefer not to say,London,Silver,True
CUST05005,281,4,600.16,1,2,3,123,2.0,Lost,55-64,Male,North West,Gold,True
CUST05006,112,8,885.25,3,4,4,344,3.67,Champion,65+,Prefer not to say,Yorkshire,Bronze,False
CUST05007,196,5,270.07,2,2,1,221,1.67,At Risk,35-44,Female,South West,Bronze,True
CUST05008,344,4,378.11,1,2,2,122,1.67,Lost,65+,Male,Yorkshire,Gold,True
CUST05009,107,5,655.85,3,2,3,323,2.67,Loyal,18-24,Prefer not to say,South West,Bronze,True
CUST05010,45,7,563.83,4,3,3,433,3.33,Champion,45-54,Prefer not to say,North West,Silver,True
CUST05011,182,4,636.23,2,2,3,223,2.33,At Risk,18-24,Male,East Midlands,Bronze,False
CUST05012,28,3,790.0699999999999,4,1,3,413,2.67,New Customer,35-44,Female,Scotland,Bronze,True
CUST05013,87,9,922.9,3,4,4,344,3.67,Champion,25-34,Prefer not to say,Yorkshire,Silver,False
CUST05014,366,5,317.55,1,2,2,122,1.67,Lost,65+,Female,London,Silver,True
CUST05015,58,12,957.29,3,4,4,344,3.67,Champion,18-24,Female,Yorkshire,Bronze,True
CUST05016,16,3,205.64000000000001,4,1,1,411,2.0,New Customer,55-64,Male,London,Bronze,True
CUST05017,221,10,703.0,2,4,3,243,3.0,At Risk,18-24,Male,West Midlands,Bronze,True
CUST05018,226,3,140.04,2,1,1,211,1.33,Needs Attention,25-34,Male,Wales,Platinum,True
CUST05019,17,11,816.53,4,4,3,443,3.67,Champion,35-44,Male,North East,Silver,True
CUST05020,205,8,472.17,2,4,2,242,2.67,At Risk,45-54,Female,West Midlands,Bronze,False
CUST05021,70,7,306.42,3,3,2,332,2.67,Loyal,65+,Prefer not to say,North West,Bronze,True
CUST05022,36,7,1141.46,4,3,4,434,3.67,Champion,55-64,Prefer not to say,London,Bronze,True
CUST05023,10,9,955.0,4,4,4,444,4.0,Champion,25-34,Male,North West,Bronze,True
CUST05024,93,12,2091.38,3,4,4,344,3.67,Champion,55-64,Female,East of England,Bronze,True
CUST05025,88,5,429.70000000000005,3,2,2,322,2.33,Loyal,35-44,Prefer not to say,East of England,Bronze,True
CUST05026,114,8,1179.5,3,4,4,344,3.67,Champion,35-44,Female,Scotland,Bronze,True
CUST05027,166,3,585.98,2,1,3,213,2.0,Needs Attention,65+,Prefer not to say,London,Gold,True
CUST05028,204,6,543.3199999999999,2,3,3,233,2.67,At Risk,65+,Prefer not to say,North West,Bronze,True
CUST05029,203,8,934.0,2,4,4,244,3.33,At Risk,55-64,Prefer not to say,South East,Bronze,True
CUST05030,12,9,990.46,4,4,4,444,4.0,Champion,35-44,Prefer not to say,South East,Silver,False
CUST05031,188,4,222.98000000000002,2,2,1,221,1.67,At Risk,55-64,Prefer not to say,London,Bronze,True
CUST05032,302,4,385.43,1,2,2,122,1.67,Lost,55-64,Prefer not to say,South East,Bronze,False
CUST05033,182,6,1573.71,2,3,4,234,3.0,At Risk,25-34,Female,London,Bronze,True
CUST05034,239,5,204.3,2,2,1,221,1.67,At Risk,45-54,Prefer not to say,London,Platinum,True
CUST05035,961,4,169.49,1,2,1,121,1.33,Lost,35-44,Female,East of England,Gold,False
CUST05036,23,6,827.92,4,3,3,433,3.33,Champion,25-34,Prefer not to say,Yorkshire,Bronze,True
CUST05037,39,5,291.63,4,2,2,422,2.67,Loyal,45-54,Female,West Midlands,Bronze,True
CUST05038,36,8,978.14,4,4,4,444,4.0,Champion,45-54,Prefer not to say,Wales,Bronze,True
CUST05039,286,6,321.84999999999997,1,3,2,132,2.0,Lost,55-64,Female,Scotland,Silver,False
CUST05040,8,7,327.03,4,3,2,432,3.0,Loyal,45-54,Female,London,Bronze,True
CUST05041,29,5,602.47,4,2,3,423,3.0,Loyal,18-24,Female,East Midlands,Bronze,True
CUST05042,448,3,50.56,1,1,1,111,1.0,Lost,55-64,Prefer not to say,East of England,Silver,True
CUST05043,531,2,96.97,1,1,1,111,1.0,Lost,25-34,Female,East Midlands,Bronze,True
CUST05044,29,10,910.78,4,4,4,444,4.0,Champion,55-64,Female,East of England,Silver,True
CUST05045,445,5,1068.6399999999999,1,2,4,124,2.33,Lost,18-24,Female,North West,Bronze,True
CUST05046,8,6,581.53,4,3,3,433,3.33,Champion,45-54,Female,South West,Gold,False
CUST05047,93,7,524.77,3,3,3,333,3.0,Champion,25-34,Male,London,Silver,True
CUST05048,366,4,106.92,1,2,1,121,1.33,Lost,45-54,Female,North East,Gold,True
CUST05049,321,5,688.5600000000001,1,2,3,123,2.0,Lost,35-44,Prefer not to say,London,Bronze,True
CUST05050,18,7,167.81,4,3,1,431,2.67,Loyal,45-54,Prefer not to say,South West,Silver,False
CUST05051,88,3,229.17000000000002,3,1,1,311,1.67,New Customer,18-24,Female,London,Bronze,True
CUST05052,227,3,30.14,2,1,1,211,1.33,Needs Attention,25-34,Male,West Midlands,Bronze,False
CUST05053,74,7,694.34,3,3,3,333,3.0,Champion,25-34,Prefer not to say,East Midlands,Silver,True
CUST05054,266,5,280.98,1,2,2,122,1.67,Lost,25-34,Male,South West,Silver,True
CUST05055,293,7,674.0,1,3,3,133,2.33,Lost,25-34,Prefer not to say,South East,Gold,True
CUST05056,298,3,281.82,1,1,2,112,1.33,Lost,35-44,Female,East Midlands,Silver,False
CUST05057,940,1,7.93,1,1,1,111,1.0,Lost,18-24,Prefer not to say,Yorkshire,Bronze,True
CUST05058,68,9,1576.73,3,4,4,344,3.67,Champion,65+,Female,West Midlands,Silver,False
CUST05059,95,5,948.51,3,2,4,324,3.0,Loyal,45-54,Prefer not to say,London,Bronze,True
CUST05060,147,11,1502.86,2,4,4,244,3.33,At Risk,65+,Female,London,Silver,True
CUST05061,429,7,401.63,1,3,2,132,2.0,Lost,25-34,Male,West Midlands,Bronze,False
CUST05062,10,12,650.58,4,4,3,443,3.67,Champion,35-44,Female,North West,Bronze,False
CUST05063,134,7,1117.95,2,3,4,234,3.0,At Risk,65+,Female,West Midlands,Gold,True
CUST05064,117,10,1616.27,3,4,4,344,3.67,Champion,35-44,Male,Yorkshire,Bronze,True
CUST05065,261,5,442.17,1,2,2,122,1.67,Lost,45-54,Prefer not to say,South East,Bronze,True
CUST05066,454,4,785.53,1,2,3,123,2.0,Lost,55-64,Prefer not to say,East of England,Platinum,True
CUST05067,24,5,815.48,4,2,3,423,3.0,Loyal,55-64,Female,West Midlands,Gold,True
CUST05068,182,6,2608.58,2,3,4,234,3.0,At Risk,65+,Male,London,Silver,False
CUST05069,246,5,1048.81,2,2,4,224,2.67,At Risk,35-44,Male,North West,Gold,False
CUST05070,89,9,2955.15,3,4,4,344,3.67,Champion,25-34,Female,London,Silver,True
CUST05071,38,10,703.1999999999999,4,4,3,443,3.67,Champion,55-64,Male,London,Silver,True
CUST05072,4,4,177.31,4,2,1,421,2.33,Loyal,18-24,Male,South West,Bronze,True
CUST05073,21,10,511.56,4,4,3,443,3.67,Champion,35-44,Prefer not to say,London,Bronze,True
CUST05074,121,6,1050.25,3,3,4,334,3.33,Champion,55-64,Female,West Midlands,Bronze,True
CUST05075,12,3,1824.19,4,1,4,414,3.0,New Customer,55-64,Female,South East,Bronze,False
CUST05076,35,7,2298.07,4,3,4,434,3.67,Champion,55-64,Prefer not to say,Yorkshire,Silver,True
CUST05077,287,7,223.08,1,3,1,131,1.67,Lost,25-34,Female,South East,Bronze,True
CUST05078,137,7,872.42,2,3,4,234,3.0,At Risk,35-44,Prefer not to say,London,Silver,False
CUST05079,3,6,2090.68,4,3,4,434,3.67,Champion,35-44,Female,East of England,Bronze,True
CUST05080,118,5,299.13,3,2,2,322,2.33,Loyal,45-54,Female,North West,Silver,True
CUST05081,71,5,1015.12,3,2,4,324,3.0,Loyal,65+,Prefer not to say,Scotland,Bronze,False
CUST05082,56,3,413.05,3,1,2,312,2.0,New Customer,35-44,Prefer not to say,West Midlands,Gold,True
CUST05083,135,9,1715.58,2,4,4,244,3.33,At Risk,35-44,Male,East Midlands,Silver,True
CUST05084,70,7,682.25,3,3,3,333,3.0,Champion,35-44,Prefer not to say,South West,Bronze,True
CUST05085,44,7,1678.0500000000002,4,3,4,434,3.67,Champion,18-24,Prefer not to say,Yorkshire,Silver,True
CUST05086,158,5,301.90999999999997,2,2,2,222,2.0,At Risk,35-44,Female,East Midlands,Bronze,True
CUST05087,533,1,95.28,1,1,1,111,1.0,Lost,65+,Prefer not to say,London,Bronze,True
CUST05088,29,5,358.73,4,2,2,422,2.67,Loyal,65+,Prefer not to say,Wales,Silver,True
CUST05089,91,8,1497.82,3,4,4,344,3.67,Champion,55-64,Prefer not to say,North West,Bronze,True
CUST05090,316,5,473.54999999999995,1,2,2,122,1.67,Lost,35-44,Male,South West,Silver,True
CUST05091,197,5,303.71999999999997,2,2,2,222,2.0,At Risk,55-64,Female,London,Bronze,True
CUST05092,289,8,488.88,1,4,2,142,2.33,Lost,55-64,Male,South East,Silver,True
CUST05093,71,8,1093.92,3,4,4,344,3.67,Champion,65+,Female,London,Platinum,True
CUST05094,73,5,163.12,3,2,1,321,2.0,Loyal,18-24,Prefer not to say,North West,Gold,True
CUST05095,278,6,1127.45,1,3,4,134,2.67,Lost,25-34,Prefer not to say,South East,Bronze,True
CUST05096,142,6,737.42,2,3,3,233,2.67,At Risk,55-64,Female,North West,Platinum,False
CUST05097,116,7,1197.45,3,3,4,334,3.33,Champion,18-24,Male,North West,Gold,True
CUST05098,81,8,1958.27,3,4,4,344,3.67,Champion,45-54,Female,West Midlands,Silver,True
CUST05099,139,6,314.61,2,3,2,232,2.33,At Risk,55-64,Male,South East,Silver,True
CUST05100,16,6,612.48,4,3,3,433,3.33,Champion,35-44,Prefer not to say,North West,Bronze,True
CUST05101,15,4,112.03,4,2,1,421,2.33,Loyal,45-54,Prefer not to say,South East,Bronze,False
CUST05102,43,5,615.49,4,2,3,423,3.0,Loyal,35-44,Male,London,Platinum,True
CUST05103,44,9,817.89,4,4,3,443,3.67,Champion,25-34,Male,East of England,Gold,True
CUST05104,75,5,366.28,3,2,2,322,2.33,Loyal,35-44,Male,South East,Bronze,True
CUST05105,677,3,505.7,1,1,2,112,1.33,Lost,35-44,Female,London,Bronze,False
CUST05106,133,8,750.26,2,4,3,243,3.0,At Risk,45-54,Prefer not to say,South East,Silver,True
CUST05107,416,4,288.77,1,2,2,122,1.67,Lost,55-64,Female,London,Gold,True
CUST05108,53,8,543.23,4,4,3,443,3.67,Champion,55-64,Female,Yorkshire,Silver,True
CUST05109,43,11,2022.35,4,4,4,444,4.0,Champion,55-64,Female,Yorkshire,Bronze,True
CUST05110,199,7,1321.71,2,3,4,234,3.0,At Risk,45-54,Male,Yorkshire,Platinum,False
CUST05111,197,9,2132.49,2,4,4,244,3.33,At Risk,18-24,Male,South West,Gold,True
CUST05112,150,4,87.09,2,2,1,221,1.67,At Risk,18-24,Female,Scotland,Bronze,True
CUST05113,74,2,74.63,3,1,1,311,1.67,New Customer,65+,Female,London,Platinum,True
CUST05114,7,8,391.70000000000005,4,4,2,442,3.33,Loyal,55-64,Male,East of England,Silver,True
CUST05115,246,8,338.87,2,4,2,242,2.67,At Risk,65+,Prefer not to say,South West,Gold,True
CUST05116,41,8,658.23,4,4,3,443,3.67,Champion,45-54,Female,North West,Bronze,True
CUST05117,62,7,618.64,3,3,3,333,3.0,Champion,25-34,Male,East Midlands,Gold,True
CUST05118,161,5,1015.83,2,2,4,224,2.67,At Risk,65+,Female,North West,Bronze,True
CUST05119,19,7,374.13,4,3,2,432,3.0,Loyal,18-24,Prefer not to say,West Midlands,Platinum,False
CUST05120,305,4,341.61,1,2,2,122,1.67,Lost,35-44,Male,London,Bronze,True
CUST05121,29,5,235.64,4,2,1,421,2.33,Loyal,45-54,Male,Wales,Silver,True
CUST05122,60,6,445.46000000000004,3,3,2,332,2.67,Loyal,55-64,Female,Yorkshire,Gold,True
CUST05123,93,5,102.7,3,2,1,321,2.0,Loyal,65+,Male,South East,Silver,False
CUST05124,146,6,558.28,2,3,3,233,2.67,At Risk,55-64,Female,London,Bronze,True
CUST05125,244,6,228.51,2,3,1,231,2.0,At Risk,18-24,Prefer not to say,London,Gold,True
CUST05126,200,4,907.28,2,2,4,224,2.67,At Risk,65+,Female,London,Gold,True
CUST05127,118,6,259.49,3,3,1,331,2.33,Loyal,35-44,Female,London,Gold,True
CUST05128,227,8,832.6899999999999,2,4,3,243,3.0,At Risk,45-54,Prefer not to say,Yorkshire,Platinum,True
CUST05129,24,5,950.19,4,2,4,424,3.33,Loyal,65+,Prefer not to say,London,Gold,True
CUST05130,68,5,1437.57,3,2,4,324,3.0,Loyal,18-24,Prefer not to say,Wales,Silver,True
CUST05131,3,9,768.7,4,4,3,443,3.67,Champion,25-34,Male,East Midlands,Silver,True
CUST05132,272,3,113.96000000000001,1,1,1,111,1.0,Lost,45-54,Male,East Midlands,Silver,True
CUST05133,386,4,95.21,1,2,1,121,1.33,Lost,55-64,Prefer not to say,South West,Bronze,True
CUST05134,457,5,149.57,1,2,1,121,1.33,Lost,25-34,Male,East of England,Bronze,True
CUST05135,569,5,79.05,1,2,1,121,1.33,Lost,45-54,Female,East of England,Silver,True
CUST05136,426,4,507.59000000000003,1,2,2,122,1.67,Lost,45-54,Male,London,Bronze,True
CUST05137,30,6,386.88,4,3,2,432,3.0,Loyal,45-54,Male,East Midlands,Silver,True
CUST05138,229,7,232.33,2,3,1,231,2.0,At Risk,18-24,Male,East of England,Silver,True
CUST05139,149,4,652.9200000000001,2,2,3,223,2.33,At Risk,65+,Male,London,Silver,True
CUST05140,350,6,691.24,1,3,3,133,2.33,Lost,25-34,Male,North West,Silver,False
CUST05141,638,2,74.75,1,1,1,111,1.0,Lost,35-44,Female,West Midlands,Bronze,True
CUST05142,215,8,849.83,2,4,3,243,3.0,At Risk,25-34,Female,London,Silver,True
CUST05143,183,9,2064.68,2,4,4,244,3.33,At Risk,65+,Male,West Midlands,Gold,True
CUST05144,185,5,682.19,2,2,3,223,2.33,At Risk,18-24,Female,Yorkshire,Bronze,False
CUST05145,357,2,99.87,1,1,1,111,1.0,Lost,45-54,Male,East of England,Bronze,True
CUST05146,13,5,1453.8,4,2,4,424,3.33,Loyal,25-34,Male,West Midlands,Bronze,True
CUST05147,104,7,1127.39,3,3,4,334,3.33,Champion,18-24,Female,South East,Silver,True
CUST05148,27,3,92.93,4,1,1,411,2.0,New Customer,35-44,Male,South East,Bronze,True
CUST05149,140,8,333.94,2,4,2,242,2.67,At Risk,35-44,Male,South East,Bronze,False
CUST05150,41,3,1009.5999999999999,4,1,4,414,3.0,New Customer,55-64,Female,London,Bronze,True
CUST05151,66,8,615.67,3,4,3,343,3.33,Champion,45-54,Prefer not to say,South East,Bronze,True
CUST05152,116,2,123.9,3,1,1,311,1.67,New Customer,55-64,Female,Yorkshire,Gold,False
CUST05153,224,4,1087.35,2,2,4,224,2.67,At Risk,65+,Female,West Midlands,Bronze,True
CUST05154,8,8,587.3399999999999,4,4,3,443,3.67,Champion,25-34,Male,London,Bronze,True
CUST05155,78,6,1416.47,3,3,4,334,3.33,Champion,65+,Male,North West,Bronze,True
CUST05156,16,12,895.45,4,4,4,444,4.0,Champion,18-24,Prefer not to say,East Midlands,Bronze,True
CUST05157,160,8,247.81,2,4,1,241,2.33,At Risk,45-54,Male,North East,Silver,True
CUST05158,31,6,698.63,4,3,3,433,3.33,Champion,65+,Prefer not to say,West Midlands,Bronze,True
CUST05159,268,3,280.09999999999997,1,1,2,112,1.33,Lost,18-24,Female,North West,Platinum,True
CUST05160,182,5,689.52,2,2,3,223,2.33,At Risk,65+,Female,South East,Silver,True
CUST05161,14,6,240.0,4,3,1,431,2.67,Loyal,18-24,Prefer not to say,North East,Platinum,True
CUST05162,213,5,469.53,2,2,2,222,2.0,At Risk,55-64,Female,South East,Platinum,True
CUST05163,5,6,399.21000000000004,4,3,2,432,3.0,Loyal,65+,Prefer not to say,South East,Silver,True
CUST05164,279,12,1073.08,1,4,4,144,3.0,Lost,65+,Male,East Midlands,Bronze,True
CUST05165,30,9,869.49,4,4,3,443,3.67,Champion,35-44,Female,London,Silver,True
CUST05166,142,11,1827.81,2,4,4,244,3.33,At Risk,18-24,Male,North West,Bronze,True
CUST05167,321,4,155.77,1,2,1,121,1.33,Lost,18-24,Male,London,Bronze,False
CUST05168,112,6,451.06,3,3,2,332,2.67,Loyal,35-44,Prefer not to say,London,Bronze,True
CUST05169,30,4,1608.8500000000001,4,2,4,424,3.33,Loyal,18-24,Female,South East,Silver,True
CUST05170,26,6,1167.48,4,3,4,434,3.67,Champion,55-64,Female,East Midlands,Silver,True
CUST05171,161,6,463.64,2,3,2,232,2.33,At Risk,55-64,Prefer not to say,North East,Bronze,True
CUST05172,81,8,485.43,3,4,2,342,3.0,Loyal,18-24,Male,North West,Gold,True
CUST05173,51,7,596.51,4,3,3,433,3.33,Champion,45-54,Female,East of England,Gold,True
CUST05174,94,11,929.46,3,4,4,344,3.67,Champion,18-24,Prefer not to say,West Midlands,Silver,True
CUST05175,722,1,86.75,1,1,1,111,1.0,Lost,45-54,Male,North East,Silver,True
CUST05176,138,7,627.27,2,3,3,233,2.67,At Risk,55-64,Female,West Midlands,Gold,True
CUST05177,183,8,701.17,2,4,3,243,3.0,At Risk,65+,Female,London,Bronze,True
CUST05178,14,5,119.15,4,2,1,421,2.33,Loyal,55-64,Prefer not to say,London,Bronze,True
CUST05179,37,8,325.49,4,4,2,442,3.33,Loyal,25-34,Male,Wales,Silver,True
CUST05180,85,8,1179.77,3,4,4,344,3.67,Champion,25-34,Prefer not to say,North East,Bronze,True
CUST05181,44,9,1140.3600000000001,4,4,4,444,4.0,Champion,45-54,Prefer not to say,London,Silver,True
CUST05182,99,10,1539.15,3,4,4,344,3.67,Champion,35-44,Male,North West,Gold,True
CUST05183,57,3,1320.8300000000002,3,1,4,314,2.67,New Customer,35-44,Female,Scotland,Bronze,True
CUST05184,136,6,812.01,2,3,3,233,2.67,At Risk,55-64,Female,North West,Silver,True
CUST05185,306,6,687.26,1,3,3,133,2.33,Lost,45-54,Female,South West,Bronze,True
CUST05186,376,7,606.74,1,3,3,133,2.33,Lost,65+,Female,South East,Silver,True
CUST05187,390,2,1863.96,1,1,4,114,2.0,Lost,18-24,Male,West Midlands,Silver,True
CUST05188,48,2,572.24,4,1,3,413,2.67,New Customer,45-54,Female,West Midlands,Platinum,True
CUST05189,75,3,54.11,3,1,1,311,1.67,New Customer,18-24,Female,South West,Silver,True
CUST05190,54,6,409.26,3,3,2,332,2.67,Loyal,65+,Prefer not to say,London,Silver,True
CUST05191,33,7,417.02,4,3,2,432,3.0,Loyal,45-54,Male,London,Bronze,True
CUST05192,51,4,307.96000000000004,4,2,2,422,2.67,Loyal,65+,Prefer not to say,London,Bronze,True
CUST05193,9,7,424.69,4,3,2,432,3.0,Loyal,35-44,Male,London,Gold,True
CUST05194,186,5,356.9,2,2,2,222,2.0,At Risk,45-54,Male,London,Silver,True
CUST05195,47,8,1022.74,4,4,4,444,4.0,Champion,25-34,Female,East of England,Silver,True
CUST05196,403,6,783.37,1,3,3,133,2.33,Lost,35-44,Female,North West,Bronze,True
CUST05197,129,2,58.33,3,1,1,311,1.67,New Customer,45-54,Prefer not to say,East of England,Silver,True
CUST05198,41,7,1478.22,4,3,4,434,3.67,Champion,55-64,Prefer not to say,East of England,Silver,True
CUST05199,937,1,86.55,1,1,1,111,1.0,Lost,55-64,Prefer not to say,South East,Silver,True
CUST05200,272,4,101.66,1,2,1,121,1.33,Lost,65+,Female,North East,Silver,True
CUST05201,170,9,197.51000000000002,2,4,1,241,2.33,At Risk,35-44,Female,North West,Bronze,True
CUST05202,196,5,315.93,2,2,2,222,2.0,At Risk,65+,Female,London,Platinum,True
CUST05203,166,5,870.96,2,2,3,223,2.33,At Risk,18-24,Female,East Midlands,Silver,True
CUST05204,215,10,2062.91,2,4,4,244,3.33,At Risk,55-64,Prefer not to say,Wales,Bronze,True
CUST05205,206,8,867.0799999999999,2,4,3,243,3.0,At Risk,55-64,Male,West Midlands,Bronze,True
CUST05206,57,2,120.38999999999999,3,1,1,311,1.67,New Customer,25-34,Prefer not to say,West Midlands,Bronze,True
CUST05207,603,6,1569.94,1,3,4,134,2.67,Lost,65+,Male,West Midlands,Gold,True
CUST05208,214,10,472.51,2,4,2,242,2.67,At Risk,65+,Prefer not to say,London,Silver,True
CUST05209,379,2,345.55,1,1,2,112,1.33,Lost,45-54,Female,London,Bronze,True
CUST05210,159,8,1400.58,2,4,4,244,3.33,At Risk,55-64,Female,South West,Bronze,True
CUST05211,106,7,656.61,3,3,3,333,3.0,Champion,45-54,Prefer not to say,West Midlands,Silver,True
CUST05212,108,5,1599.66,3,2,4,324,3.0,Loyal,55-64,Male,South West,Silver,True
CUST05213,204,5,203.9,2,2,1,221,1.67,At Risk,55-64,Prefer not to say,South East,Silver,False
CUST05214,168,8,1355.24,2,4,4,244,3.33,At Risk,55-64,Male,Scotland,Gold,True
CUST05215,127,6,519.57,3,3,3,333,3.0,Champion,45-54,Prefer not to say,South East,Silver,False
CUST05216,11,8,1079.09,4,4,4,444,4.0,Champion,25-34,Male,South West,Silver,True
CUST05217,48,7,463.26,4,3,2,432,3.0,Loyal,45-54,Prefer not to say,North West,Gold,True
CUST05218,89,4,351.2,3,2,2,322,2.33,Loyal,55-64,Male,London,Silver,True
CUST05219,504,3,314.52,1,1,2,112,1.33,Lost,25-34,Prefer not to say,North East,Bronze,True
CUST05220,1,8,987.65,4,4,4,444,4.0,Champion,55-64,Male,Yorkshire,Bronze,True
CUST05221,69,6,305.15999999999997,3,3,2,332,2.67,Loyal,25-34,Female,East Midlands,Platinum,True
CUST05222,297,4,207.55,1,2,1,121,1.33,Lost,45-54,Female,Scotland,Bronze,False
CUST05223,181,4,99.1,2,2,1,221,1.67,At Risk,65+,Male,South West,Silver,True
CUST05224,135,6,346.34000000000003,2,3,2,232,2.33,At Risk,18-24,Prefer not to say,South West,Silver,False
CUST05225,488,2,997.6800000000001,1,1,4,114,2.0,Lost,65+,Male,East of England,Gold,True
CUST05226,150,3,266.53999999999996,2,1,1,211,1.33,Needs Attention,25-34,Female,East of England,Silver,False
CUST05227,199,4,190.11,2,2,1,221,1.67,At Risk,35-44,Prefer not to say,South East,Bronze,True
CUST05228,1,3,307.08000000000004,4,1,2,412,2.33,New Customer,55-64,Female,London,Bronze,True
CUST05229,161,6,824.1800000000001,2,3,3,233,2.67,At Risk,45-54,Prefer not to say,London,Bronze,True
CUST05230,77,8,211.59,3,4,1,341,2.67,Loyal,45-54,Male,Yorkshire,Platinum,True
CUST05231,43,8,578.75,4,4,3,443,3.67,Champion,18-24,Male,North West,Silver,True
CUST05232,78,5,1296.76,3,2,4,324,3.0,Loyal,65+,Male,South West,Gold,True
CUST05233,325,6,696.04,1,3,3,133,2.33,Lost,18-24,Male,East of England,Gold,True
CUST05234,211,4,948.13,2,2,4,224,2.67,At Risk,45-54,Prefer not to say,Yorkshire,Bronze,True
CUST05235,199,7,380.02,2,3,2,232,2.33,At Risk,18-24,Male,West Midlands,Gold,True
CUST05236,124,6,2012.8500000000001,3,3,4,334,3.33,Champion,35-44,Female,South East,Bronze,True
CUST05237,7,7,621.61,4,3,3,433,3.33,Champion,18-24,Prefer not to say,North East,Silver,True
CUST05238,7,9,623.7,4,4,3,443,3.67,Champion,35-44,Female,London,Silver,True
CUST05239,66,10,731.87,3,4,3,343,3.33,Champion,18-24,Prefer not to say,South West,Bronze,True
CUST05240,66,7,838.72,3,3,3,333,3.0,Champion,25-34,Male,South West,Bronze,True
CUST05241,106,7,917.7,3,3,4,334,3.33,Champion,55-64,Female,Yorkshire,Bronze,True
CUST05242,147,8,687.15,2,4,3,243,3.0,At Risk,35-44,Female,South East,Gold,True
CUST05243,170,10,936.24,2,4,4,244,3.33,At Risk,35-44,Male,South West,Bronze,False
CUST05244,508,7,449.99,1,3,2,132,2.0,Lost,55-64,Prefer not to say,East Midlands,Bronze,True
CUST05245,175,7,2536.19,2,3,4,234,3.0,At Risk,35-44,Prefer not to say,East Midlands,Bronze,True
CUST05246,463,5,520.8,1,2,3,123,2.0,Lost,35-44,Prefer not to say,South West,Bronze,True
CUST05247,171,3,205.8,2,1,1,211,1.33,Needs Attention,45-54,Prefer not to say,London,Bronze,False
CUST05248,81,9,896.7,3,4,4,344,3.67,Champion,25-34,Male,West Midlands,Bronze,True
CUST05249,369,7,822.42,1,3,3,133,2.33,Lost,45-54,Prefer not to say,West Midlands,Bronze,True
CUST05250,145,7,1180.88,2,3,4,234,3.0,At Risk,55-64,Female,London,Bronze,True
CUST05251,97,11,1338.33,3,4,4,344,3.67,Champion,55-64,Male,South West,Bronze,True
CUST05252,35,4,97.25,4,2,1,421,2.33,Loyal,18-24,Male,South West,Silver,False
CUST05253,52,6,310.26,4,3,2,432,3.0,Loyal,65+,Male,Yorkshire,Bronze,True
CUST05254,35,6,1911.8600000000001,4,3,4,434,3.67,Champion,45-54,Female,South East,Silver,True
CUST05255,12,6,424.48,4,3,2,432,3.0,Loyal,35-44,Prefer not to say,London,Bronze,False
CUST05256,39,6,1136.0800000000002,4,3,4,434,3.67,Champion,55-64,Female,South West,Bronze,True
CUST05257,46,8,889.7,4,4,4,444,4.0,Champion,35-44,Prefer not to say,East of England,Gold,True
CUST05258,65,5,642.8100000000001,3,2,3,323,2.67,Loyal,25-34,Prefer not to say,North East,Platinum,True
CUST05259,191,7,1380.8700000000001,2,3,4,234,3.0,At Risk,55-64,Male,Yorkshire,Gold,True
CUST05260,16,4,226.95999999999998,4,2,1,421,2.33,Loyal,35-44,Female,South East,Silver,True
CUST05261,83,9,1779.26,3,4,4,344,3.67,Champion,65+,Male,East of England,Bronze,True
CUST05262,220,4,451.1,2,2,2,222,2.0,At Risk,55-64,Female,South East,Bronze,False
CUST05263,88,7,590.95,3,3,3,333,3.0,Champion,35-44,Female,North West,Bronze,False
CUST05264,31,8,768.84,4,4,3,443,3.67,Champion,45-54,Prefer not to say,Scotland,Silver,True
CUST05265,214,6,497.53000000000003,2,3,2,232,2.33,At Risk,45-54,Female,London,Silver,True
CUST05266,20,4,297.84000000000003,4,2,2,422,2.67,Loyal,35-44,Female,Scotland,Silver,True
CUST05267,102,4,381.96000000000004,3,2,2,322,2.33,Loyal,18-24,Female,Yorkshire,Bronze,True
CUST05268,50,9,489.45000000000005,4,4,2,442,3.33,Loyal,18-24,Female,North East,Gold,True
CUST05269,867,1,20.9,1,1,1,111,1.0,Lost,18-24,Male,London,Gold,True
CUST05270,21,9,665.11,4,4,3,443,3.67,Champion,18-24,Prefer not to say,South East,Bronze,True
CUST05271,309,5,913.8100000000001,1,2,4,124,2.33,Lost,25-34,Female,South East,Platinum,True
CUST05272,80,5,115.57,3,2,1,321,2.0,Loyal,18-24,Male,London,Silver,True
CUST05273,228,7,1173.14,2,3,4,234,3.0,At Risk,65+,Male,North West,Silver,False
CUST05274,247,3,64.49000000000001,2,1,1,211,1.33,Needs Attention,65+,Prefer not to say,London,Bronze,False
CUST05275,207,5,263.94,2,2,1,221,1.67,At Risk,65+,Female,South West,Bronze,True
CUST05276,50,8,1145.36,4,4,4,444,4.0,Champion,25-34,Male,London,Gold,True
CUST05277,258,6,142.47,2,3,1,231,2.0,At Risk,35-44,Prefer not to say,East of England,Silver,True
CUST05278,307,5,275.99,1,2,2,122,1.67,Lost,55-64,Female,Wales,Bronze,True
CUST05279,54,6,769.86,3,3,3,333,3.0,Champion,25-34,Male,North West,Bronze,False
CUST05280,304,7,1252.55,1,3,4,134,2.67,Lost,35-44,Female,South West,Platinum,True
CUST05281,164,5,921.64,2,2,4,224,2.67,At Risk,18-24,Prefer not to say,South West,Bronze,True
CUST05282,101,3,1062.48,3,1,4,314,2.67,New Customer,25-34,Prefer not to say,London,Bronze,True
CUST05283,256,6,820.9,2,3,3,233,2.67,At Risk,65+,Female,South East,Silver,True
CUST05284,111,11,1019.53,3,4,4,344,3.67,Champion,55-64,Female,Yorkshire,Bronze,True
CUST05285,242,7,1253.6,2,3,4,234,3.0,At Risk,55-64,Prefer not to say,West Midlands,Silver,False
CUST05287,186,7,640.23,2,3,3,233,2.67,At Risk,55-64,Prefer not to say,North West,Gold,True
CUST05288,251,3,188.59,2,1,1,211,1.33,Needs Attention,55-64,Female,Scotland,Silver,False
CUST05289,221,7,387.56,2,3,2,232,2.33,At Risk,45-54,Prefer not to say,South East,Bronze,True
CUST05290,60,5,740.55,3,2,3,323,2.67,Loyal,18-24,Female,West Midlands,Bronze,True
CUST05291,91,5,472.09000000000003,3,2,2,322,2.33,Loyal,18-24,Female,West Midlands,Silver,True
CUST05292,191,7,399.02,2,3,2,232,2.33,At Risk,25-34,Prefer not to say,South West,Bronze,True
CUST05293,222,6,170.82,2,3,1,231,2.0,At Risk,35-44,Male,Scotland,Silver,True
CUST05294,190,1,161.1,2,1,1,211,1.33,Needs Attention,65+,Female,South East,Bronze,True
CUST05295,63,6,1686.9299999999998,3,3,4,334,3.33,Champion,55-64,Female,Scotland,Bronze,True
CUST05296,88,8,343.84,3,4,2,342,3.0,Loyal,65+,Male,East Midlands,Gold,True
CUST05297,99,7,515.95,3,3,3,333,3.0,Champion,65+,Prefer not to say,London,Bronze,False
CUST05298,236,3,59.51,2,1,1,211,1.33,Needs Attention,65+,Female,Scotland,Silver,True
CUST05299,257,2,484.28,2,1,2,212,1.67,Needs Attention,35-44,Female,North West,Silver,True
CUST05300,82,6,611.02,3,3,3,333,3.0,Champion,55-64,Prefer not to say,Yorkshire,Bronze,True
CUST05301,82,7,1623.43,3,3,4,334,3.33,Champion,45-54,Prefer not to say,South West,Gold,True
CUST05302,61,11,1291.35,3,4,4,344,3.67,Champion,25-34,Prefer not to say,North West,Silver,True
CUST05303,584,6,95.99,1,3,1,131,1.67,Lost,35-44,Prefer not to say,West Midlands,Gold,True
CUST05304,201,4,1142.75,2,2,4,224,2.67,At Risk,35-44,Female,North West,Bronze,True
CUST05305,300,7,542.72,1,3,3,133,2.33,Lost,25-34,Male,South West,Platinum,True
CUST05306,38,6,349.12,4,3,2,432,3.0,Loyal,55-64,Prefer not to say,North West,Silver,True
CUST05307,474,3,61.419999999999995,1,1,1,111,1.0,Lost,35-44,Female,North West,Silver,False
CUST05308,394,3,267.4,1,1,1,111,1.0,Lost,65+,Female,North West,Gold,True
CUST05309,22,8,248.94,4,4,1,441,3.0,Loyal,18-24,Male,South East,Gold,True
CUST05310,173,4,174.12,2,2,1,221,1.67,At Risk,55-64,Female,London,Silver,True
CUST05311,785,3,46.05,1,1,1,111,1.0,Lost,45-54,Female,North East,Silver,True
CUST05312,128,2,1104.78,3,1,4,314,2.67,New Customer,45-54,Male,Wales,Gold,True
CUST05313,40,8,1342.6399999999999,4,4,4,444,4.0,Champion,18-24,Male,East of England,Silver,True
CUST05314,337,9,423.88,1,4,2,142,2.33,Lost,25-34,Prefer not to say,Yorkshire,Silver,False
CUST05315,258,5,261.1,2,2,1,221,1.67,At Risk,65+,Male,London,Bronze,True
CUST05316,103,2,798.51,3,1,3,313,2.33,New Customer,18-24,Female,South East,Gold,False
CUST05317,173,6,310.43,2,3,2,232,2.33,At Risk,18-24,Prefer not to say,South West,Gold,True
CUST05318,825,3,142.25,1,1,1,111,1.0,Lost,45-54,Female,London,Bronze,True
CUST05319,211,5,464.27000000000004,2,2,2,222,2.0,At Risk,45-54,Male,London,Bronze,True
CUST05320,43,8,1039.2,4,4,4,444,4.0,Champion,45-54,Prefer not to say,East of England,Silver,True
CUST05321,556,5,193.69,1,2,1,121,1.33,Lost,18-24,Female,London,Silver,True
CUST05322,56,3,198.88,3,1,1,311,1.67,New Customer,65+,Male,East of England,Silver,True
CUST05323,63,5,746.34,3,2,3,323,2.67,Loyal,55-64,Prefer not to say,South West,Gold,True
CUST05324,307,2,29.82,1,1,1,111,1.0,Lost,65+,Female,North West,Bronze,True
CUST05325,58,8,300.15000000000003,3,4,2,342,3.0,Loyal,55-64,Prefer not to say,Yorkshire,Silver,True
CUST05326,183,7,519.23,2,3,3,233,2.67,At Risk,35-44,Male,London,Bronze,True
CUST05327,244,7,358.81,2,3,2,232,2.33,At Risk,35-44,Male,London,Silver,True
CUST05328,44,5,342.69,4,2,2,422,2.67,Loyal,18-24,Male,South West,Gold,True
CUST05329,192,4,504.48,2,2,2,222,2.0,At Risk,65+,Prefer not to say,South West,Bronze,False
CUST05330,139,6,307.24,2,3,2,232,2.33,At Risk,18-24,Male,East of England,Gold,True
CUST05331,7,6,235.13,4,3,1,431,2.67,Loyal,18-24,Female,North West,Bronze,False
CUST05332,631,2,182.27,1,1,1,111,1.0,Lost,55-64,Male,North West,Silver,True
CUST05333,94,3,111.91,3,1,1,311,1.67,New Customer,65+,Male,London,Gold,True
CUST05334,252,3,186.57,2,1,1,211,1.33,Needs Attention,45-54,Female,West Midlands,Gold,True
CUST05335,8,10,944.51,4,4,4,444,4.0,Champion,18-24,Prefer not to say,South West,Bronze,False
CUST05336,8,8,639.6600000000001,4,4,3,443,3.67,Champion,45-54,Male,North East,Bronze,True
CUST05337,9,9,847.8,4,4,3,443,3.67,Champion,65+,Female,London,Bronze,False
CUST05338,8,9,970.35,4,4,4,444,4.0,Champion,35-44,Female,Wales,Gold,True
CUST05339,10,10,805.66,4,4,3,443,3.67,Champion,45-54,Prefer not to say,East Midlands,Bronze,True
CUST05340,54,4,394.34000000000003,3,2,2,322,2.33,Loyal,35-44,Female,South West,Bronze,True
CUST05341,162,7,567.9,2,3,3,233,2.67,At Risk,18-24,Female,West Midlands,Bronze,True
CUST05342,363,4,46.38,1,2,1,121,1.33,Lost,65+,Male,London,Silver,False
CUST05343,167,7,464.94,2,3,2,232,2.33,At Risk,65+,Male,South East,Platinum,True
CUST05344,200,7,721.34,2,3,3,233,2.67,At Risk,25-34,Male,West Midlands,Silver,True
CUST05345,26,7,548.77,4,3,3,433,3.33,Champion,65+,Male,South East,Platinum,True
CUST05346,21,7,1174.24,4,3,4,434,3.67,Champion,55-64,Female,London,Bronze,True
CUST05347,53,7,814.96,4,3,3,433,3.33,Champion,65+,Prefer not to say,Yorkshire,Bronze,True
CUST05348,127,5,328.98,3,2,2,322,2.33,Loyal,18-24,Prefer not to say,East of England,Bronze,True
CUST05349,239,8,799.24,2,4,3,243,3.0,At Risk,25-34,Female,South West,Bronze,True
CUST05350,38,9,576.5,4,4,3,443,3.67,Champion,45-54,Male,South East,Silver,True
CUST05351,112,6,1180.1100000000001,3,3,4,334,3.33,Champion,18-24,Prefer not to say,East of England,Bronze,True
CUST05352,25,9,584.48,4,4,3,443,3.67,Champion,25-34,Prefer not to say,West Midlands,Bronze,True
CUST05353,94,5,332.65000000000003,3,2,2,322,2.33,Loyal,55-64,Prefer not to say,Scotland,Bronze,True
CUST05354,146,8,1169.1399999999999,2,4,4,244,3.33,At Risk,55-64,Female,South East,Silver,True
CUST05355,21,6,657.3399999999999,4,3,3,433,3.33,Champion,25-34,Male,North West,Bronze,True
CUST05356,427,5,936.2700000000001,1,2,4,124,2.33,Lost,45-54,Male,South East,Bronze,True
CUST05357,90,8,1159.42,3,4,4,344,3.67,Champion,45-54,Female,South East,Bronze,True
CUST05358,99,5,473.39,3,2,2,322,2.33,Loyal,18-24,Female,East Midlands,Bronze,True
CUST05359,98,12,1991.16,3,4,4,344,3.67,Champion,65+,Prefer not to say,London,Silver,True
CUST05360,46,6,328.79,4,3,2,432,3.0,Loyal,18-24,Prefer not to say,London,Gold,True
CUST05361,427,4,388.65999999999997,1,2,2,122,1.67,Lost,45-54,Female,South East,Silver,True
CUST05362,477,2,71.27000000000001,1,1,1,111,1.0,Lost,25-34,Female,South West,Silver,True
CUST05363,121,7,937.6400000000001,3,3,4,334,3.33,Champion,65+,Male,Scotland,Bronze,False
CUST05364,153,9,1647.25,2,4,4,244,3.33,At Risk,18-24,Prefer not to say,London,Bronze,True
CUST05365,301,5,641.54,1,2,3,123,2.0,Lost,35-44,Female,London,Bronze,True
CUST05366,155,3,1647.79,2,1,4,214,2.33,Needs Attention,65+,Male,South East,Gold,True
CUST05367,328,3,90.97,1,1,1,111,1.0,Lost,55-64,Prefer not to say,North West,Bronze,True
CUST05368,178,5,585.16,2,2,3,223,2.33,At Risk,25-34,Female,East of England,Bronze,False
CUST05369,82,6,496.84000000000003,3,3,2,332,2.67,Loyal,45-54,Prefer not to say,East of England,Bronze,False
CUST05370,56,6,528.94,3,3,3,333,3.0,Champion,35-44,Female,East Midlands,Platinum,False
CUST05371,59,7,590.2,3,3,3,333,3.0,Champion,55-64,Prefer not to say,Yorkshire,Bronze,False
CUST05372,331,11,1726.09,1,4,4,144,3.0,Lost,35-44,Prefer not to say,Yorkshire,Bronze,True
CUST05373,41,6,471.6,4,3,2,432,3.0,Loyal,45-54,Prefer not to say,South East,Silver,True
CUST05374,100,7,426.53000000000003,3,3,2,332,2.67,Loyal,35-44,Female,London,Bronze,True
CUST05375,146,5,311.63,2,2,2,222,2.0,At Risk,55-64,Prefer not to say,East of England,Bronze,True
CUST05376,230,7,328.59,2,3,2,232,2.33,At Risk,55-64,Male,East Midlands,Bronze,True
CUST05377,32,9,871.11,4,4,4,444,4.0,Champion,25-34,Male,East of England,Bronze,False
CUST05378,511,8,986.0899999999999,1,4,4,144,3.0,Lost,25-34,Prefer not to say,East Midlands,Bronze,True
CUST05379,380,8,635.71,1,4,3,143,2.67,Lost,35-44,Prefer not to say,London,Silver,True
CUST05380,365,5,357.32,1,2,2,122,1.67,Lost,65+,Male,West Midlands,Bronze,False
CUST05381,186,9,1750.3400000000001,2,4,4,244,3.33,At Risk,35-44,Prefer not to say,Yorkshire,Bronze,True
CUST05382,1,5,123.25,4,2,1,421,2.33,Loyal,65+,Prefer not to say,South East,Bronze,True
CUST05383,17,5,406.86,4,2,2,422,2.67,Loyal,35-44,Female,North West,Silver,False
CUST05384,370,5,869.54,1,2,3,123,2.0,Lost,45-54,Prefer not to say,London,Silver,False
CUST05385,221,8,938.94,2,4,4,244,3.33,At Risk,35-44,Prefer not to say,East of England,Bronze,True
CUST05386,114,10,1150.7,3,4,4,344,3.67,Champion,65+,Prefer not to say,South East,Bronze,True
CUST05387,635,5,495.72,1,2,2,122,1.67,Lost,45-54,Prefer not to say,North West,Silver,True
CUST05388,242,6,151.25,2,3,1,231,2.0,At Risk,18-24,Prefer not to say,Scotland,Platinum,True
CUST05389,270,6,889.02,1,3,4,134,2.67,Lost,55-64,Female,East of England,Silver,True
CUST05390,18,2,43.629999999999995,4,1,1,411,2.0,New Customer,25-34,Prefer not to say,North East,Silver,True
CUST05391,352,2,90.12,1,1,1,111,1.0,Lost,65+,Male,Wales,Gold,True
CUST05392,51,10,2404.7799999999997,4,4,4,444,4.0,Champion,55-64,Female,South East,Bronze,True
CUST05393,636,1,34.83,1,1,1,111,1.0,Lost,35-44,Female,Wales,Gold,False
CUST05394,2,8,2502.83,4,4,4,444,4.0,Champion,45-54,Prefer not to say,Yorkshire,Bronze,True
CUST05395,79,8,610.52,3,4,3,343,3.33,Champion,25-34,Female,North West,Bronze,True
CUST05396,79,9,620.9300000000001,3,4,3,343,3.33,Champion,65+,Male,London,Platinum,True
CUST05397,486,5,479.03,1,2,2,122,1.67,Lost,65+,Female,North East,Bronze,True
CUST05398,184,9,1089.8,2,4,4,244,3.33,At Risk,65+,Female,North East,Gold,True
CUST05399,572,2,109.63999999999999,1,1,1,111,1.0,Lost,18-24,Prefer not to say,East of England,Bronze,True
CUST05400,158,7,307.44,2,3,2,232,2.33,At Risk,65+,Male,London,Silver,True
CUST05401,55,11,1843.38,3,4,4,344,3.67,Champion,65+,Prefer not to say,London,Bronze,False
CUST05402,147,7,371.94,2,3,2,232,2.33,At Risk,25-34,Male,London,Gold,False
CUST05403,211,5,354.63,2,2,2,222,2.0,At Risk,45-54,Prefer not to say,Yorkshire,Gold,True
CUST05404,18,5,936.35,4,2,4,424,3.33,Loyal,35-44,Male,South East,Bronze,False
CUST05405,98,7,559.26,3,3,3,333,3.0,Champion,65+,Female,Yorkshire,Bronze,True
CUST05406,131,3,52.69,2,1,1,211,1.33,Needs Attention,55-64,Female,London,Bronze,True
CUST05407,175,6,267.62,2,3,1,231,2.0,At Risk,65+,Female,South East,Bronze,True
CUST05408,157,4,283.57,2,2,2,222,2.0,At Risk,55-64,Female,West Midlands,Platinum,True
CUST05409,712,4,314.08,1,2,2,122,1.67,Lost,65+,Prefer not to say,South East,Bronze,True
CUST05410,30,7,1390.25,4,3,4,434,3.67,Champion,45-54,Prefer not to say,North East,Silver,True
CUST05411,107,7,785.28,3,3,3,333,3.0,Champion,25-34,Prefer not to say,West Midlands,Gold,True
CUST05412,162,6,805.8100000000001,2,3,3,233,2.67,At Risk,25-34,Male,East Midlands,Platinum,True
CUST05413,200,5,304.75,2,2,2,222,2.0,At Risk,18-24,Prefer not to say,West Midlands,Silver,True
CUST05414,174,3,287.05,2,1,2,212,1.67,Needs Attention,65+,Prefer not to say,South West,Silver,True
CUST05415,508,3,96.12,1,1,1,111,1.0,Lost,18-24,Female,East Midlands,Platinum,True
CUST05416,111,3,83.89,3,1,1,311,1.67,New Customer,25-34,Prefer not to say,South West,Gold,True
CUST05417,316,6,209.95000000000002,1,3,1,131,1.67,Lost,45-54,Female,West Midlands,Silver,True
CUST05418,408,5,165.13,1,2,1,121,1.33,Lost,65+,Prefer not to say,London,Gold,True
CUST05419,533,5,96.85,1,2,1,121,1.33,Lost,55-64,Prefer not to say,London,Bronze,True
CUST05420,210,4,616.39,2,2,3,223,2.33,At Risk,65+,Male,North East,Bronze,True
CUST05421,37,4,777.9,4,2,3,423,3.0,Loyal,65+,Male,London,Bronze,True
CUST05422,119,8,513.51,3,4,3,343,3.33,Champion,18-24,Male,North East,Platinum,False
CUST05423,425,3,389.98,1,1,2,112,1.33,Lost,45-54,Prefer not to say,South East,Silver,True
CUST05424,49,4,512.9,4,2,3,423,3.0,Loyal,18-24,Female,East of England,Silver,True
CUST05425,14,5,378.82000000000005,4,2,2,422,2.67,Loyal,55-64,Female,London,Silver,True
CUST05426,189,7,405.61,2,3,2,232,2.33,At Risk,25-34,Female,West Midlands,Bronze,True
CUST05427,180,12,964.82,2,4,4,244,3.33,At Risk,18-24,Female,Wales,Gold,True
CUST05428,213,3,398.92,2,1,2,212,1.67,Needs Attention,35-44,Prefer not to say,London,Gold,True
CUST05429,344,10,2282.48,1,4,4,144,3.0,Lost,25-34,Male,East of England,Silver,True
CUST05430,349,6,163.21,1,3,1,131,1.67,Lost,45-54,Male,North West,Gold,True
CUST05431,32,7,540.49,4,3,3,433,3.33,Champion,25-34,Female,West Midlands,Bronze,False
CUST05432,27,2,83.44,4,1,1,411,2.0,New Customer,45-54,Female,London,Bronze,True
CUST05433,11,3,1232.8400000000001,4,1,4,414,3.0,New Customer,25-34,Female,London,Bronze,True
CUST05434,57,8,605.77,3,4,3,343,3.33,Champion,18-24,Female,London,Bronze,False
CUST05435,292,2,10.25,1,1,1,111,1.0,Lost,65+,Prefer not to say,North West,Bronze,True
CUST05436,532,6,2234.8,1,3,4,134,2.67,Lost,35-44,Female,West Midlands,Bronze,True
CUST05437,354,4,609.9100000000001,1,2,3,123,2.0,Lost,18-24,Female,North East,Platinum,True
CUST05438,28,3,718.96,4,1,3,413,2.67,New Customer,65+,Prefer not to say,North East,Bronze,False
CUST05439,3,4,307.51,4,2,2,422,2.67,Loyal,18-24,Prefer not to say,East of England,Gold,True
CUST05440,33,5,427.4,4,2,2,422,2.67,Loyal,35-44,Female,Scotland,Bronze,True
CUST05441,116,4,119.62,3,2,1,321,2.0,Loyal,25-34,Prefer not to say,East Midlands,Bronze,True
CUST05442,81,7,311.71,3,3,2,332,2.67,Loyal,65+,Female,East of England,Platinum,False
CUST05443,80,4,352.48,3,2,2,322,2.33,Loyal,45-54,Prefer not to say,South West,Silver,True
CUST05444,155,6,657.75,2,3,3,233,2.67,At Risk,18-24,Male,East of England,Bronze,True
CUST05445,339,9,741.04,1,4,3,143,2.67,Lost,35-44,Prefer not to say,East Midlands,Silver,True
CUST05446,235,4,71.68,2,2,1,221,1.67,At Risk,65+,Prefer not to say,Yorkshire,Bronze,True
CUST05447,25,7,498.38,4,3,2,432,3.0,Loyal,18-24,Male,South West,Silver,False
CUST05448,417,4,279.16,1,2,2,122,1.67,Lost,18-24,Prefer not to say,North West,Bronze,True
CUST05449,429,3,211.0,1,1,1,111,1.0,Lost,65+,Male,North West,Platinum,True
CUST05450,60,4,387.69,3,2,2,322,2.33,Loyal,25-34,Male,East Midlands,Silver,True
CUST05451,46,4,396.39,4,2,2,422,2.67,Loyal,35-44,Female,London,Bronze,True
CUST05452,372,3,122.16000000000001,1,1,1,111,1.0,Lost,25-34,Prefer not to say,London,Silver,True
CUST05453,132,7,825.85,2,3,3,233,2.67,At Risk,55-64,Prefer not to say,London,Silver,True
CUST05454,76,5,1741.22,3,2,4,324,3.0,Loyal,65+,Prefer not to say,North West,Silver,True
CUST05455,250,7,1382.01,2,3,4,234,3.0,At Risk,45-54,Male,West Midlands,Silver,True
CUST05456,201,7,859.84,2,3,3,233,2.67,At Risk,65+,Female,North West,Bronze,True
CUST05457,370,5,948.9800000000001,1,2,4,124,2.33,Lost,18-24,Female,London,Bronze,True
CUST05458,42,7,392.75,4,3,2,432,3.0,Loyal,25-34,Female,London,Silver,False
CUST05459,92,4,301.97,3,2,2,322,2.33,Loyal,45-54,Prefer not to say,London,Bronze,True
CUST05460,6,3,49.08,4,1,1,411,2.0,New Customer,35-44,Prefer not to say,West Midlands,Silver,False
CUST05461,42,3,118.38,4,1,1,411,2.0,New Customer,25-34,Prefer not to say,London,Bronze,True
CUST05462,32,6,1096.42,4,3,4,434,3.67,Champion,55-64,Male,London,Silver,True
CUST05463,95,8,588.03,3,4,3,343,3.33,Champion,25-34,Female,East Midlands,Bronze,True
CUST05464,87,9,622.8599999999999,3,4,3,343,3.33,Champion,65+,Prefer not to say,London,Bronze,True
CUST05465,21,7,704.86,4,3,3,433,3.33,Champion,55-64,Male,South East,Bronze,True
CUST05466,41,10,698.6400000000001,4,4,3,443,3.67,Champion,65+,Prefer not to say,South East,Bronze,True
CUST05467,35,5,637.06,4,2,3,423,3.0,Loyal,65+,Female,South East,Bronze,False
CUST05468,125,9,327.91999999999996,3,4,2,342,3.0,Loyal,65+,Prefer not to say,South West,Silver,True
CUST05469,11,4,198.91000000000003,4,2,1,421,2.33,Loyal,25-34,Male,East Midlands,Silver,True
CUST05470,255,3,268.34,2,1,1,211,1.33,Needs Attention,55-64,Prefer not to say,Wales,Bronze,True
CUST05471,290,7,1428.92,1,3,4,134,2.67,Lost,18-24,Female,London,Bronze,True
CUST05472,157,6,960.53,2,3,4,234,3.0,At Risk,45-54,Prefer not to say,East of England,Silver,True
CUST05473,97,7,506.96000000000004,3,3,2,332,2.67,Loyal,55-64,Male,Yorkshire,Platinum,False
CUST05474,300,2,67.42,1,1,1,111,1.0,Lost,65+,Male,East of England,Platinum,True
CUST05475,156,9,1247.1299999999999,2,4,4,244,3.33,At Risk,65+,Prefer not to say,Yorkshire,Gold,True
CUST05476,230,5,317.82,2,2,2,222,2.0,At Risk,35-44,Prefer not to say,South West,Silver,True
CUST05477,20,4,254.88,4,2,1,421,2.33,Loyal,45-54,Prefer not to say,East of England,Gold,False
CUST05478,84,2,215.03,3,1,1,311,1.67,New Customer,35-44,Female,London,Bronze,True
CUST05479,63,6,698.05,3,3,3,333,3.0,Champion,65+,Male,London,Bronze,True
CUST05480,84,9,462.4,3,4,2,342,3.0,Loyal,25-34,Female,North West,Silver,True
CUST05481,24,9,1303.6000000000001,4,4,4,444,4.0,Champion,25-34,Male,London,Bronze,True
CUST05482,11,8,1211.02,4,4,4,444,4.0,Champion,25-34,Prefer not to say,Scotland,Bronze,True
CUST05483,158,3,84.05,2,1,1,211,1.33,Needs Attention,35-44,Prefer not to say,South West,Bronze,True
CUST05484,141,3,124.55,2,1,1,211,1.33,Needs Attention,35-44,Male,East of England,Silver,True
CUST05485,92,5,460.10999999999996,3,2,2,322,2.33,Loyal,55-64,Male,Yorkshire,Silver,True
CUST05486,48,7,614.37,4,3,3,433,3.33,Champion,35-44,Female,East Midlands,Bronze,True
CUST05487,247,7,893.34,2,3,4,234,3.0,At Risk,65+,Prefer not to say,West Midlands,Bronze,True
CUST05488,227,5,44.79,2,2,1,221,1.67,At Risk,45-54,Male,West Midlands,Silver,False
CUST05489,67,6,768.9000000000001,3,3,3,333,3.0,Champion,55-64,Prefer not to say,London,Silver,True
CUST05490,131,6,523.67,2,3,3,233,2.67,At Risk,18-24,Male,East of England,Silver,True
CUST05491,29,5,974.19,4,2,4,424,3.33,Loyal,35-44,Female,North West,Bronze,True
CUST05492,24,8,533.28,4,4,3,443,3.67,Champion,18-24,Female,South West,Gold,False
CUST05493,1044,1,78.2,1,1,1,111,1.0,Lost,18-24,Female,East of England,Bronze,True
CUST05494,180,4,288.0,2,2,2,222,2.0,At Risk,35-44,Prefer not to say,London,Silver,True
CUST05495,180,7,602.9399999999999,2,3,3,233,2.67,At Risk,55-64,Female,London,Platinum,True
CUST05496,686,8,634.38,1,4,3,143,2.67,Lost,65+,Female,North West,Bronze,True
CUST05497,295,3,221.03000000000003,1,1,1,111,1.0,Lost,45-54,Male,West Midlands,Bronze,True
CUST05498,2,7,274.48,4,3,2,432,3.0,Loyal,35-44,Female,London,Gold,True
CUST05499,109,4,462.11,3,2,2,322,2.33,Loyal,25-34,Male,South West,Bronze,True
CUST05500,50,5,249.04,4,2,1,421,2.33,Loyal,35-44,Male,East Midlands,Bronze,True
CUST05501,273,9,1322.85,1,4,4,144,3.0,Lost,25-34,Male,South West,Bronze,False
CUST05502,79,7,892.7700000000001,3,3,4,334,3.33,Champion,55-64,Male,Scotland,Silver,True
CUST05503,132,7,367.37,2,3,2,232,2.33,At Risk,65+,Prefer not to say,East of England,Silver,True
CUST05504,404,3,104.85,1,1,1,111,1.0,Lost,35-44,Prefer not to say,London,Silver,True
CUST05505,211,6,2496.5600000000004,2,3,4,234,3.0,At Risk,65+,Male,South East,Bronze,True
CUST05506,28,2,370.15,4,1,2,412,2.33,New Customer,45-54,Male,East of England,Silver,False
CUST05507,165,9,852.46,2,4,3,243,3.0,At Risk,18-24,Female,London,Gold,True
CUST05508,646,4,807.98,1,2,3,123,2.0,Lost,25-34,Male,Yorkshire,Silver,True
CUST05509,69,8,512.51,3,4,3,343,3.33,Champion,45-54,Prefer not to say,London,Silver,True
CUST05510,187,3,193.84,2,1,1,211,1.33,Needs Attention,18-24,Prefer not to say,West Midlands,Gold,True
CUST05511,8,7,263.35,4,3,1,431,2.67,Loyal,55-64,Male,London,Bronze,True
CUST05512,82,10,836.37,3,4,3,343,3.33,Champion,65+,Male,London,Bronze,True
CUST05513,318,5,295.73,1,2,2,122,1.67,Lost,45-54,Prefer not to say,North West,Bronze,False
CUST05514,139,6,628.7,2,3,3,233,2.67,At Risk,18-24,Prefer not to say,South East,Silver,True
CUST05515,68,6,538.65,3,3,3,333,3.0,Champion,45-54,Male,Yorkshire,Bronze,True
CUST05516,262,5,771.7299999999999,1,2,3,123,2.0,Lost,55-64,Prefer not to say,West Midlands,Bronze,True
CUST05517,473,3,146.92000000000002,1,1,1,111,1.0,Lost,18-24,Prefer not to say,South East,Bronze,True
CUST05518,386,3,246.31,1,1,1,111,1.0,Lost,55-64,Male,London,Silver,True
CUST05519,265,5,299.03,1,2,2,122,1.67,Lost,35-44,Female,Scotland,Bronze,True
CUST05520,45,5,221.47,4,2,1,421,2.33,Loyal,25-34,Female,London,Bronze,True
CUST05521,42,7,413.34999999999997,4,3,2,432,3.0,Loyal,45-54,Female,London,Bronze,True
CUST05522,54,9,736.76,3,4,3,343,3.33,Champion,45-54,Prefer not to say,South East,Bronze,False
CUST05523,116,8,645.25,3,4,3,343,3.33,Champion,35-44,Prefer not to say,North West,Silver,True
CUST05524,49,11,1134.82,4,4,4,444,4.0,Champion,35-44,Male,Scotland,Platinum,True
CUST05525,186,5,206.66,2,2,1,221,1.67,At Risk,65+,Male,Yorkshire,Bronze,True
CUST05526,60,10,967.53,3,4,4,344,3.67,Champion,55-64,Female,London,Silver,True
CUST05527,45,6,234.0,4,3,1,431,2.67,Loyal,45-54,Female,South East,Bronze,False
CUST05528,319,5,1910.47,1,2,4,124,2.33,Lost,35-44,Male,North East,Bronze,True
CUST05529,65,7,531.81,3,3,3,333,3.0,Champion,18-24,Prefer not to say,London,Bronze,True
CUST05530,22,7,758.1000000000001,4,3,3,433,3.33,Champion,45-54,Prefer not to say,London,Bronze,True
CUST05531,227,5,471.29,2,2,2,222,2.0,At Risk,25-34,Female,North East,Gold,True
CUST05532,312,3,1044.51,1,1,4,114,2.0,Lost,35-44,Female,Yorkshire,Silver,True
CUST05533,107,7,614.51,3,3,3,333,3.0,Champion,55-64,Male,East of England,Bronze,True
CUST05534,204,9,993.58,2,4,4,244,3.33,At Risk,25-34,Prefer not to say,South East,Silver,True
CUST05535,650,5,1051.69,1,2,4,124,2.33,Lost,65+,Male,Wales,Silver,True
CUST05536,189,5,1551.81,2,2,4,224,2.67,At Risk,35-44,Prefer not to say,North West,Platinum,True
CUST05537,15,8,567.16,4,4,3,443,3.67,Champion,45-54,Female,Yorkshire,Silver,True
CUST05538,88,4,510.84000000000003,3,2,3,323,2.67,Loyal,55-64,Prefer not to say,North West,Gold,False
CUST05539,43,10,949.4699999999999,4,4,4,444,4.0,Champion,35-44,Male,North West,Platinum,True
CUST05540,70,6,1052.57,3,3,4,334,3.33,Champion,45-54,Male,North West,Bronze,True
CUST05541,203,7,347.32,2,3,2,232,2.33,At Risk,25-34,Female,Yorkshire,Silver,True
CUST05542,856,1,51.45,1,1,1,111,1.0,Lost,65+,Female,East Midlands,Bronze,True
CUST05543,74,2,394.20000000000005,3,1,2,312,2.0,New Customer,25-34,Prefer not to say,East Midlands,Bronze,False
CUST05544,79,8,485.28000000000003,3,4,2,342,3.0,Loyal,25-34,Male,South East,Silver,True
CUST05545,319,10,1491.13,1,4,4,144,3.0,Lost,45-54,Female,South West,Bronze,True
CUST05546,10,5,660.19,4,2,3,423,3.0,Loyal,35-44,Prefer not to say,North East,Bronze,True
CUST05547,157,9,931.57,2,4,4,244,3.33,At Risk,35-44,Prefer not to say,London,Silver,True
CUST05548,234,4,464.25,2,2,2,222,2.0,At Risk,65+,Female,West Midlands,Bronze,False
CUST05549,41,8,781.51,4,4,3,443,3.67,Champion,55-64,Male,Yorkshire,Bronze,True
CUST05550,368,11,1157.06,1,4,4,144,3.0,Lost,35-44,Prefer not to say,East of England,Platinum,True
CUST05551,466,5,457.85,1,2,2,122,1.67,Lost,25-34,Prefer not to say,East Midlands,Gold,True
CUST05552,164,5,299.55,2,2,2,222,2.0,At Risk,18-24,Female,North East,Gold,True
CUST05553,44,4,656.1199999999999,4,2,3,423,3.0,Loyal,55-64,Female,Scotland,Bronze,True
CUST05554,51,9,715.0899999999999,4,4,3,443,3.67,Champion,35-44,Female,London,Silver,True
CUST05555,289,6,1024.61,1,3,4,134,2.67,Lost,35-44,Male,East of England,Bronze,True
CUST05556,125,8,324.62,3,4,2,342,3.0,Loyal,65+,Female,London,Bronze,True
CUST05557,271,9,688.28,1,4,3,143,2.67,Lost,18-24,Male,East Midlands,Gold,True
CUST05558,78,7,553.52,3,3,3,333,3.0,Champion,55-64,Female,South West,Gold,True
CUST05559,35,7,1611.8400000000001,4,3,4,434,3.67,Champion,65+,Female,East of England,Gold,True
CUST05560,243,5,737.08,2,2,3,223,2.33,At Risk,45-54,Male,London,Bronze,True
CUST05561,537,4,285.43,1,2,2,122,1.67,Lost,18-24,Female,Yorkshire,Bronze,True
CUST05562,43,9,358.1,4,4,2,442,3.33,Loyal,45-54,Prefer not to say,London,Bronze,False
CUST05563,38,6,202.3,4,3,1,431,2.67,Loyal,35-44,Prefer not to say,South East,Bronze,True
CUST05564,58,11,3278.54,3,4,4,344,3.67,Champion,45-54,Male,London,Bronze,False
CUST05565,348,6,225.24,1,3,1,131,1.67,Lost,45-54,Prefer not to say,South East,Bronze,True
CUST05566,267,8,482.36,1,4,2,142,2.33,Lost,65+,Prefer not to say,London,Bronze,False
CUST05567,442,4,296.08,1,2,2,122,1.67,Lost,25-34,Female,East of England,Silver,True
CUST05568,70,7,1426.96,3,3,4,334,3.33,Champion,18-24,Male,South East,Platinum,True
CUST05569,51,5,721.35,4,2,3,423,3.0,Loyal,25-34,Female,South East,Gold,True
CUST05570,604,3,143.6,1,1,1,111,1.0,Lost,35-44,Prefer not to say,Yorkshire,Platinum,True
CUST05571,131,9,479.19,2,4,2,242,2.67,At Risk,35-44,Female,London,Bronze,True
CUST05572,138,9,2230.4500000000003,2,4,4,244,3.33,At Risk,25-34,Female,East Midlands,Platinum,True
CUST05573,224,5,437.67999999999995,2,2,2,222,2.0,At Risk,25-34,Female,West Midlands,Silver,True
CUST05574,737,3,354.26000000000005,1,1,2,112,1.33,Lost,18-24,Female,South East,Bronze,True
CUST05575,242,8,752.51,2,4,3,243,3.0,At Risk,18-24,Prefer not to say,Yorkshire,Silver,False
CUST05576,20,3,290.46999999999997,4,1,2,412,2.33,New Customer,55-64,Prefer not to say,South East,Silver,True
CUST05577,438,6,475.21000000000004,1,3,2,132,2.0,Lost,35-44,Prefer not to say,Wales,Gold,True
CUST05578,161,9,1226.76,2,4,4,244,3.33,At Risk,55-64,Female,South East,Gold,True
CUST05579,46,3,289.28,4,1,2,412,2.33,New Customer,55-64,Male,South East,Bronze,True
CUST05580,166,5,430.0,2,2,2,222,2.0,At Risk,45-54,Male,North East,Gold,True
CUST05581,163,9,933.49,2,4,4,244,3.33,At Risk,18-24,Male,South East,Silver,True
CUST05582,37,6,514.54,4,3,3,433,3.33,Champion,45-54,Male,North West,Bronze,True
CUST05583,373,6,565.14,1,3,3,133,2.33,Lost,18-24,Male,Yorkshire,Silver,True
CUST05584,305,5,289.0,1,2,2,122,1.67,Lost,55-64,Prefer not to say,North West,Bronze,False
CUST05585,8,4,849.81,4,2,3,423,3.0,Loyal,25-34,Female,Yorkshire,Silver,True
CUST05586,193,3,287.22,2,1,2,212,1.67,Needs Attention,55-64,Male,London,Silver,True
CUST05587,117,8,860.0699999999999,3,4,3,343,3.33,Champion,45-54,Male,Wales,Silver,False
CUST05588,334,5,187.43,1,2,1,121,1.33,Lost,45-54,Prefer not to say,London,Silver,True
CUST05589,85,8,548.03,3,4,3,343,3.33,Champion,55-64,Prefer not to say,London,Platinum,True
CUST05590,229,3,1493.75,2,1,4,214,2.33,Needs Attention,25-34,Female,South East,Bronze,True
CUST05591,62,3,125.5,3,1,1,311,1.67,New Customer,35-44,Female,East of England,Bronze,False
CUST05592,157,9,491.7,2,4,2,242,2.67,At Risk,18-24,Female,London,Silver,True
CUST05593,125,7,630.5,3,3,3,333,3.0,Champion,45-54,Prefer not to say,South West,Silver,False
CUST05594,726,5,74.92,1,2,1,121,1.33,Lost,45-54,Female,South East,Silver,True
CUST05595,203,4,796.4,2,2,3,223,2.33,At Risk,35-44,Male,North West,Platinum,True
CUST05596,228,11,778.28,2,4,3,243,3.0,At Risk,18-24,Male,London,Platinum,True
CUST05597,184,9,1179.91,2,4,4,244,3.33,At Risk,55-64,Prefer not to say,West Midlands,Bronze,True
CUST05598,68,7,1573.85,3,3,4,334,3.33,Champion,18-24,Female,South West,Silver,True
CUST05599,61,5,223.7,3,2,1,321,2.0,Loyal,18-24,Female,North West,Bronze,True
CUST05600,211,6,593.0,2,3,3,233,2.67,At Risk,45-54,Prefer not to say,East of England,Silver,True
CUST05601,511,3,140.28,1,1,1,111,1.0,Lost,65+,Female,Wales,Bronze,False
CUST05602,48,8,1141.05,4,4,4,444,4.0,Champion,65+,Female,Scotland,Bronze,True
CUST05603,19,5,556.24,4,2,3,423,3.0,Loyal,55-64,Male,West Midlands,Bronze,True
CUST05604,674,5,579.53,1,2,3,123,2.0,Lost,55-64,Prefer not to say,North West,Gold,True
CUST05605,192,8,704.57,2,4,3,243,3.0,At Risk,35-44,Male,West Midlands,Gold,True
CUST05606,2,4,282.57,4,2,2,422,2.67,Loyal,18-24,Prefer not to say,East Midlands,Bronze,True
CUST05607,133,1,69.07,2,1,1,211,1.33,Needs Attention,18-24,Male,East of England,Silver,True
CUST05608,189,1,174.93,2,1,1,211,1.33,Needs Attention,35-44,Male,North West,Platinum,True
CUST05609,150,10,1279.01,2,4,4,244,3.33,At Risk,18-24,Female,East Midlands,Gold,True
CUST05610,404,5,1270.16,1,2,4,124,2.33,Lost,65+,Male,London,Platinum,False
CUST05611,11,7,614.89,4,3,3,433,3.33,Champion,65+,Male,London,Gold,True
CUST05612,128,6,1093.99,3,3,4,334,3.33,Champion,35-44,Female,South East,Bronze,True
CUST05613,71,9,1003.55,3,4,4,344,3.67,Champion,55-64,Prefer not to say,Yorkshire,Silver,True
CUST05614,163,4,301.97,2,2,2,222,2.0,At Risk,55-64,Female,North West,Platinum,True
CUST05615,317,6,1006.9200000000001,1,3,4,134,2.67,Lost,35-44,Male,East of England,Bronze,True
CUST05616,159,3,405.44,2,1,2,212,1.67,Needs Attention,55-64,Prefer not to say,London,Bronze,False
CUST05617,67,2,109.59,3,1,1,311,1.67,New Customer,18-24,Male,South East,Platinum,False
CUST05618,1,2,303.20000000000005,4,1,2,412,2.33,New Customer,35-44,Male,East Midlands,Bronze,True
CUST05619,70,8,794.9100000000001,3,4,3,343,3.33,Champion,25-34,Male,London,Silver,False
CUST05620,103,8,768.1299999999999,3,4,3,343,3.33,Champion,25-34,Prefer not to say,Wales,Gold,True
CUST05621,297,7,786.4,1,3,3,133,2.33,Lost,65+,Male,Scotland,Silver,False
CUST05622,607,6,1245.6799999999998,1,3,4,134,2.67,Lost,35-44,Female,South East,Gold,True
CUST05623,48,6,402.03999999999996,4,3,2,432,3.0,Loyal,25-34,Prefer not to say,South East,Gold,True
CUST05624,355,8,534.99,1,4,3,143,2.67,Lost,18-24,Prefer not to say,East Midlands,Bronze,True
CUST05625,323,5,735.8399999999999,1,2,3,123,2.0,Lost,45-54,Female,South West,Bronze,True
CUST05626,171,5,691.0600000000001,2,2,3,223,2.33,At Risk,55-64,Prefer not to say,London,Silver,True
CUST05627,266,8,2118.64,1,4,4,144,3.0,Lost,55-64,Prefer not to say,West Midlands,Silver,True
CUST05628,514,4,413.31,1,2,2,122,1.67,Lost,55-64,Male,East Midlands,Gold,True
CUST05629,36,8,924.1,4,4,4,444,4.0,Champion,45-54,Male,Yorkshire,Bronze,False
CUST05630,2,7,481.01,4,3,2,432,3.0,Loyal,55-64,Female,London,Bronze,True
CUST05631,65,6,472.46,3,3,2,332,2.67,Loyal,35-44,Male,Yorkshire,Bronze,False
CUST05632,68,8,2168.56,3,4,4,344,3.67,Champion,65+,Male,East Midlands,Bronze,True
CUST05633,43,5,1394.6399999999999,4,2,4,424,3.33,Loyal,18-24,Female,East of England,Bronze,True
CUST05634,36,8,585.17,4,4,3,443,3.67,Champion,65+,Female,East of England,Bronze,True
CUST05635,121,4,202.4,3,2,1,321,2.0,Loyal,25-34,Prefer not to say,East Midlands,Bronze,True
CUST05636,19,8,954.02,4,4,4,444,4.0,Champion,25-34,Prefer not to say,Scotland,Gold,True
CUST05637,30,4,386.09000000000003,4,2,2,422,2.67,Loyal,65+,Male,London,Bronze,True
CUST05638,32,7,263.86,4,3,1,431,2.67,Loyal,18-24,Male,North East,Bronze,True
CUST05639,172,8,1517.83,2,4,4,244,3.33,At Risk,65+,Female,Scotland,Bronze,True
CUST05640,154,5,600.55,2,2,3,223,2.33,At Risk,45-54,Prefer not to say,East Midlands,Silver,True
CUST05641,141,6,232.18999999999997,2,3,1,231,2.0,At Risk,25-34,Prefer not to say,London,Bronze,True
CUST05642,452,6,586.87,1,3,3,133,2.33,Lost,25-34,Male,South East,Silver,True
CUST05643,146,8,1248.01,2,4,4,244,3.33,At Risk,25-34,Female,South East,Gold,True
CUST05644,11,7,2304.94,4,3,4,434,3.67,Champion,65+,Prefer not to say,West Midlands,Bronze,True
CUST05645,597,4,142.86,1,2,1,121,1.33,Lost,65+,Prefer not to say,South East,Silver,True
CUST05646,178,7,1059.79,2,3,4,234,3.0,At Risk,55-64,Male,South West,Bronze,True
CUST05647,17,4,173.7,4,2,1,421,2.33,Loyal,25-34,Female,South East,Gold,False
CUST05648,263,2,33.910000000000004,1,1,1,111,1.0,Lost,65+,Female,North East,Silver,True
CUST05649,419,5,339.59,1,2,2,122,1.67,Lost,55-64,Female,Yorkshire,Gold,True
CUST05650,366,4,651.37,1,2,3,123,2.0,Lost,25-34,Male,London,Bronze,True
CUST05651,65,5,475.34,3,2,2,322,2.33,Loyal,55-64,Prefer not to say,London,Bronze,True
CUST05652,379,4,248.20999999999998,1,2,1,121,1.33,Lost,45-54,Female,Yorkshire,Silver,True
CUST05653,7,4,1104.06,4,2,4,424,3.33,Loyal,65+,Female,North West,Silver,False
CUST05654,378,4,641.36,1,2,3,123,2.0,Lost,35-44,Female,London,Bronze,True
CUST05655,3,7,274.01,4,3,2,432,3.0,Loyal,25-34,Male,London,Bronze,True
CUST05656,455,2,701.46,1,1,3,113,1.67,Lost,18-24,Female,South East,Silver,False
CUST05657,335,6,310.04,1,3,2,132,2.0,Lost,65+,Male,North East,Platinum,False
CUST05658,19,6,331.24,4,3,2,432,3.0,Loyal,65+,Female,East Midlands,Bronze,True
CUST05659,78,7,240.09,3,3,1,331,2.33,Loyal,35-44,Female,West Midlands,Bronze,True
CUST05661,11,6,305.28,4,3,2,432,3.0,Loyal,25-34,Male,East Midlands,Silver,True
CUST05662,363,4,538.99,1,2,3,123,2.0,Lost,35-44,Male,West Midlands,Gold,True
CUST05663,72,7,893.5,3,3,4,334,3.33,Champion,45-54,Male,Yorkshire,Bronze,False
CUST05664,148,5,256.61,2,2,1,221,1.67,At Risk,65+,Prefer not to say,North East,Bronze,True
CUST05665,32,6,348.95000000000005,4,3,2,432,3.0,Loyal,45-54,Male,South West,Bronze,True
CUST05666,524,2,107.16999999999999,1,1,1,111,1.0,Lost,18-24,Female,London,Silver,False
CUST05667,8,5,440.78000000000003,4,2,2,422,2.67,Loyal,35-44,Female,East Midlands,Silver,True
CUST05668,48,7,392.7,4,3,2,432,3.0,Loyal,35-44,Prefer not to say,South East,Gold,True
CUST05669,130,9,581.6700000000001,3,4,3,343,3.33,Champion,25-34,Female,North West,Silver,True
CUST05670,42,1,81.9,4,1,1,411,2.0,New Customer,65+,Prefer not to say,North West,Bronze,True
CUST05671,513,3,227.98999999999998,1,1,1,111,1.0,Lost,18-24,Prefer not to say,West Midlands,Bronze,True
CUST05672,357,4,776.8299999999999,1,2,3,123,2.0,Lost,65+,Female,South East,Bronze,False
CUST05673,542,3,80.56,1,1,1,111,1.0,Lost,35-44,Female,Scotland,Bronze,True
CUST05674,474,6,1642.15,1,3,4,134,2.67,Lost,35-44,Prefer not to say,Yorkshire,Gold,True
CUST05675,2,6,1032.16,4,3,4,434,3.67,Champion,18-24,Prefer not to say,London,Silver,True
CUST05676,93,5,124.26,3,2,1,321,2.0,Loyal,35-44,Prefer not to say,South West,Platinum,True
CUST05677,67,8,711.85,3,4,3,343,3.33,Champion,65+,Male,West Midlands,Silver,True
CUST05678,359,6,526.34,1,3,3,133,2.33,Lost,18-24,Male,North West,Bronze,True
CUST05679,26,7,485.83,4,3,2,432,3.0,Loyal,65+,Female,East Midlands,Silver,False
CUST05680,154,2,110.51,2,1,1,211,1.33,Needs Attention,65+,Prefer not to say,South West,Platinum,False
CUST05681,169,4,469.01,2,2,2,222,2.0,At Risk,18-24,Female,London,Silver,True
CUST05682,178,8,357.01000000000005,2,4,2,242,2.67,At Risk,45-54,Female,West Midlands,Bronze,True
CUST05683,227,12,1389.28,2,4,4,244,3.33,At Risk,18-24,Female,East of England,Silver,True
CUST05684,9,7,435.89,4,3,2,432,3.0,Loyal,25-34,Prefer not to say,South East,Bronze,True
CUST05685,33,11,1128.7,4,4,4,444,4.0,Champion,25-34,Male,London,Bronze,True
CUST05686,370,7,413.1,1,3,2,132,2.0,Lost,45-54,Male,South West,Bronze,False
CUST05687,459,4,408.37,1,2,2,122,1.67,Lost,55-64,Female,South West,Silver,False
CUST05688,226,8,482.39,2,4,2,242,2.67,At Risk,18-24,Male,East Midlands,Platinum,True
CUST05689,17,6,701.82,4,3,3,433,3.33,Champion,25-34,Male,South West,Bronze,True
CUST05690,6,4,1462.35,4,2,4,424,3.33,Loyal,65+,Prefer not to say,Yorkshire,Bronze,True
CUST05691,47,6,736.11,4,3,3,433,3.33,Champion,45-54,Female,East Midlands,Bronze,False
CUST05692,630,4,93.89,1,2,1,121,1.33,Lost,18-24,Prefer not to say,East Midlands,Silver,True
CUST05693,87,3,55.43,3,1,1,311,1.67,New Customer,25-34,Male,London,Bronze,True
CUST05694,237,2,117.32,2,1,1,211,1.33,Needs Attention,55-64,Male,North East,Bronze,True
CUST05695,65,9,1519.79,3,4,4,344,3.67,Champion,35-44,Prefer not to say,North West,Bronze,True
CUST05696,36,5,447.17999999999995,4,2,2,422,2.67,Loyal,25-34,Male,North West,Bronze,True
CUST05697,86,7,634.54,3,3,3,333,3.0,Champion,35-44,Prefer not to say,Scotland,Silver,False
CUST05698,202,3,210.08,2,1,1,211,1.33,Needs Attention,45-54,Female,London,Silver,True
CUST05699,201,6,1917.23,2,3,4,234,3.0,At Risk,65+,Prefer not to say,East of England,Bronze,True
CUST05700,1,8,1347.75,4,4,4,444,4.0,Champion,65+,Female,London,Platinum,False
CUST05701,429,6,967.21,1,3,4,134,2.67,Lost,25-34,Male,London,Silver,True
CUST05702,8,11,2584.61,4,4,4,444,4.0,Champion,65+,Male,West Midlands,Bronze,True
CUST05703,47,11,1472.54,4,4,4,444,4.0,Champion,18-24,Prefer not to say,London,Bronze,True
CUST05704,108,7,409.2,3,3,2,332,2.67,Loyal,55-64,Male,London,Silver,True
CUST05705,31,8,598.45,4,4,3,443,3.67,Champion,18-24,Prefer not to say,South West,Gold,True
CUST05706,152,11,1211.73,2,4,4,244,3.33,At Risk,18-24,Male,Scotland,Gold,True
CUST05707,250,6,204.35,2,3,1,231,2.0,At Risk,25-34,Female,East of England,Bronze,True
CUST05708,270,5,312.68,1,2,2,122,1.67,Lost,18-24,Male,South East,Gold,True
CUST05709,87,4,832.28,3,2,3,323,2.67,Loyal,45-54,Prefer not to say,South East,Bronze,True
CUST05710,464,8,511.58000000000004,1,4,3,143,2.67,Lost,18-24,Prefer not to say,East Midlands,Gold,True
CUST05711,220,10,908.17,2,4,4,244,3.33,At Risk,25-34,Prefer not to say,South West,Silver,True
CUST05712,518,3,373.12,1,1,2,112,1.33,Lost,25-34,Female,East Midlands,Bronze,True
CUST05713,253,7,811.3,2,3,3,233,2.67,At Risk,55-64,Female,Scotland,Gold,False
CUST05714,343,3,175.06,1,1,1,111,1.0,Lost,25-34,Prefer not to say,South East,Silver,True
CUST05715,204,6,771.23,2,3,3,233,2.67,At Risk,45-54,Female,South West,Silver,True
CUST05716,22,8,530.0,4,4,3,443,3.67,Champion,45-54,Female,London,Silver,True
CUST05717,339,10,348.1,1,4,2,142,2.33,Lost,55-64,Male,Yorkshire,Gold,True
CUST05718,45,4,429.43000000000006,4,2,2,422,2.67,Loyal,65+,Prefer not to say,London,Bronze,True
CUST05719,5,4,197.86,4,2,1,421,2.33,Loyal,45-54,Prefer not to say,South East,Bronze,True
CUST05720,96,6,1514.95,3,3,4,334,3.33,Champion,35-44,Male,West Midlands,Silver,True
CUST05721,72,7,256.64,3,3,1,331,2.33,Loyal,55-64,Male,South East,Bronze,True
CUST05722,43,9,1575.04,4,4,4,444,4.0,Champion,45-54,Female,South West,Bronze,True
CUST05723,505,4,645.3000000000001,1,2,3,123,2.0,Lost,65+,Prefer not to say,East of England,Bronze,True
CUST05724,585,5,323.86,1,2,2,122,1.67,Lost,55-64,Male,Yorkshire,Gold,True
CUST05725,301,4,491.92,1,2,2,122,1.67,Lost,35-44,Male,West Midlands,Bronze,True
CUST05726,246,4,284.61,2,2,2,222,2.0,At Risk,65+,Prefer not to say,South West,Bronze,True
CUST05727,2,7,653.4399999999999,4,3,3,433,3.33,Champion,35-44,Male,West Midlands,Bronze,True
CUST05728,60,3,306.9,3,1,2,312,2.0,New Customer,25-34,Male,East of England,Silver,True
CUST05729,88,4,270.87,3,2,1,321,2.0,Loyal,25-34,Male,North East,Bronze,False
CUST05730,39,7,1919.82,4,3,4,434,3.67,Champion,18-24,Male,South West,Gold,True
CUST05731,114,7,450.44,3,3,2,332,2.67,Loyal,35-44,Male,London,Silver,True
CUST05732,159,8,1641.19,2,4,4,244,3.33,At Risk,18-24,Prefer not to say,South West,Gold,False
CUST05733,359,10,1349.88,1,4,4,144,3.0,Lost,25-34,Male,East Midlands,Bronze,False
CUST05734,234,3,105.96000000000001,2,1,1,211,1.33,Needs Attention,25-34,Prefer not to say,East Midlands,Bronze,False
CUST05735,203,3,316.36,2,1,2,212,1.67,Needs Attention,55-64,Male,London,Gold,True
CUST05736,441,7,1139.07,1,3,4,134,2.67,Lost,55-64,Female,Wales,Bronze,False
CUST05737,387,2,44.7,1,1,1,111,1.0,Lost,45-54,Prefer not to say,West Midlands,Gold,False
CUST05738,6,7,3072.84,4,3,4,434,3.67,Champion,45-54,Prefer not to say,North West,Silver,True
CUST05739,66,6,233.22,3,3,1,331,2.33,Loyal,45-54,Prefer not to say,South West,Bronze,True
CUST05740,32,5,1224.05,4,2,4,424,3.33,Loyal,55-64,Prefer not to say,East Midlands,Gold,False
CUST05741,106,9,420.94,3,4,2,342,3.0,Loyal,65+,Female,London,Silver,True
CUST05742,73,10,1135.8,3,4,4,344,3.67,Champion,45-54,Male,London,Silver,True
CUST05743,83,8,1880.6100000000001,3,4,4,344,3.67,Champion,25-34,Male,North West,Silver,False
CUST05744,7,5,141.47,4,2,1,421,2.33,Loyal,55-64,Male,West Midlands,Gold,False
CUST05745,48,4,878.97,4,2,4,424,3.33,Loyal,18-24,Female,South East,Bronze,True
CUST05746,136,3,223.86,2,1,1,211,1.33,Needs Attention,18-24,Prefer not to say,Yorkshire,Bronze,True
CUST05747,284,5,427.26,1,2,2,122,1.67,Lost,65+,Female,London,Bronze,True
CUST05748,149,9,1125.74,2,4,4,244,3.33,At Risk,18-24,Prefer not to say,South West,Bronze,False
CUST05749,557,6,239.68,1,3,1,131,1.67,Lost,35-44,Female,South West,Bronze,False
CUST05750,13,5,579.67,4,2,3,423,3.0,Loyal,65+,Prefer not to say,East of England,Gold,True
CUST05751,193,3,91.82,2,1,1,211,1.33,Needs Attention,65+,Prefer not to say,London,Bronze,True
CUST05752,24,10,1468.26,4,4,4,444,4.0,Champion,55-64,Prefer not to say,London,Gold,True
CUST05753,356,5,408.17,1,2,2,122,1.67,Lost,55-64,Prefer not to say,West Midlands,Platinum,True
CUST05754,392,4,366.11,1,2,2,122,1.67,Lost,18-24,Female,South East,Silver,True
CUST05755,310,6,313.89,1,3,2,132,2.0,Lost,25-34,Female,East of England,Bronze,True
CUST05756,398,5,154.60999999999999,1,2,1,121,1.33,Lost,35-44,Female,South East,Silver,True
CUST05757,177,12,1233.46,2,4,4,244,3.33,At Risk,45-54,Male,London,Silver,True
CUST05758,62,10,422.88,3,4,2,342,3.0,Loyal,18-24,Male,London,Gold,False
CUST05759,5,6,471.40999999999997,4,3,2,432,3.0,Loyal,25-34,Prefer not to say,South West,Platinum,True
CUST05760,47,6,143.63,4,3,1,431,2.67,Loyal,55-64,Male,London,Gold,True
CUST05761,57,6,460.34000000000003,3,3,2,332,2.67,Loyal,65+,Prefer not to say,Scotland,Bronze,True
CUST05762,93,9,1715.13,3,4,4,344,3.67,Champion,55-64,Male,West Midlands,Bronze,True
CUST05763,62,5,633.79,3,2,3,323,2.67,Loyal,35-44,Female,North West,Bronze,True
CUST05764,286,3,485.64000000000004,1,1,2,112,1.33,Lost,25-34,Prefer not to say,North West,Bronze,True
CUST05765,112,7,657.39,3,3,3,333,3.0,Champion,45-54,Prefer not to say,West Midlands,Silver,True
CUST05766,6,5,850.65,4,2,3,423,3.0,Loyal,45-54,Male,South West,Silver,True
CUST05767,50,5,642.48,4,2,3,423,3.0,Loyal,55-64,Prefer not to say,London,Bronze,True
CUST05768,14,9,1026.99,4,4,4,444,4.0,Champion,55-64,Male,North East,Gold,False
CUST05769,170,1,13.58,2,1,1,211,1.33,Needs Attention,55-64,Female,North East,Silver,True
CUST05770,75,4,419.71,3,2,2,322,2.33,Loyal,25-34,Female,Yorkshire,Silver,True
CUST05771,148,11,459.12,2,4,2,242,2.67,At Risk,45-54,Female,London,Silver,True
CUST05772,3,6,1511.4299999999998,4,3,4,434,3.67,Champion,25-34,Prefer not to say,South East,Gold,False
CUST05773,109,6,275.04,3,3,2,332,2.67,Loyal,18-24,Female,West Midlands,Silver,True
CUST05774,45,5,140.24,4,2,1,421,2.33,Loyal,55-64,Female,South East,Gold,True
CUST05775,123,4,714.7,3,2,3,323,2.67,Loyal,65+,Prefer not to say,South East,Bronze,True
CUST05776,75,8,437.68,3,4,2,342,3.0,Loyal,18-24,Female,North East,Silver,True
CUST05777,307,7,312.59999999999997,1,3,2,132,2.0,Lost,35-44,Prefer not to say,North West,Gold,True
CUST05778,85,7,1004.25,3,3,4,334,3.33,Champion,25-34,Prefer not to say,Scotland,Bronze,True
CUST05779,265,5,534.63,1,2,3,123,2.0,Lost,65+,Prefer not to say,West Midlands,Silver,False
CUST05780,5,3,471.57,4,1,2,412,2.33,New Customer,35-44,Female,Scotland,Bronze,True
CUST05781,98,5,135.82,3,2,1,321,2.0,Loyal,35-44,Male,West Midlands,Bronze,True
CUST05782,122,9,1235.45,3,4,4,344,3.67,Champion,55-64,Female,London,Bronze,True
CUST05783,17,8,1036.1899999999998,4,4,4,444,4.0,Champion,35-44,Prefer not to say,London,Bronze,True
CUST05784,48,7,1126.8500000000001,4,3,4,434,3.67,Champion,25-34,Male,East Midlands,Gold,True
CUST05785,1,11,580.0,4,4,3,443,3.67,Champion,25-34,Prefer not to say,West Midlands,Bronze,True
CUST05786,9,6,692.6600000000001,4,3,3,433,3.33,Champion,55-64,Prefer not to say,London,Bronze,True
CUST05787,474,8,1361.0500000000002,1,4,4,144,3.0,Lost,65+,Prefer not to say,London,Silver,True
CUST05788,305,8,970.48,1,4,4,144,3.0,Lost,45-54,Prefer not to say,South East,Bronze,True
CUST05789,665,3,285.45,1,1,2,112,1.33,Lost,65+,Female,South East,Silver,True
CUST05790,334,3,96.59,1,1,1,111,1.0,Lost,55-64,Male,South East,Bronze,True
CUST05791,214,3,256.29,2,1,1,211,1.33,Needs Attention,65+,Prefer not to say,South East,Silver,True
CUST05792,357,6,413.78,1,3,2,132,2.0,Lost,18-24,Female,West Midlands,Silver,True
CUST05793,216,7,405.19,2,3,2,232,2.33,At Risk,65+,Female,London,Silver,False
CUST05794,656,2,163.04000000000002,1,1,1,111,1.0,Lost,45-54,Prefer not to say,London,Bronze,True
CUST05795,337,7,891.85,1,3,4,134,2.67,Lost,45-54,Prefer not to say,West Midlands,Bronze,True
CUST05796,17,5,195.98,4,2,1,421,2.33,Loyal,25-34,Male,North East,Silver,False
CUST05797,165,8,629.81,2,4,3,243,3.0,At Risk,65+,Male,North West,Silver,True
CUST05798,609,4,333.81,1,2,2,122,1.67,Lost,45-54,Female,South East,Bronze,True
CUST05799,256,5,779.01,2,2,3,223,2.33,At Risk,35-44,Female,West Midlands,Silver,True
CUST05800,73,10,1133.77,3,4,4,344,3.67,Champion,35-44,Male,West Midlands,Bronze,False
CUST05801,147,5,430.63,2,2,2,222,2.0,At Risk,18-24,Female,West Midlands,Silver,True
CUST05802,116,4,1534.76,3,2,4,324,3.0,Loyal,65+,Male,West Midlands,Bronze,True
CUST05803,29,5,787.5899999999999,4,2,3,423,3.0,Loyal,25-34,Prefer not to say,Scotland,Gold,True
CUST05804,473,4,685.08,1,2,3,123,2.0,Lost,25-34,Male,North East,Bronze,False
CUST05805,789,5,296.11,1,2,2,122,1.67,Lost,55-64,Prefer not to say,London,Bronze,True
CUST05806,62,4,504.78999999999996,3,2,2,322,2.33,Loyal,55-64,Female,East Midlands,Silver,True
CUST05807,58,8,456.62,3,4,2,342,3.0,Loyal,65+,Female,South East,Bronze,True
CUST05808,59,8,535.73,3,4,3,343,3.33,Champion,35-44,Male,South East,Gold,True
CUST05809,874,4,813.13,1,2,3,123,2.0,Lost,18-24,Prefer not to say,West Midlands,Silver,True
CUST05810,17,7,288.83,4,3,2,432,3.0,Loyal,55-64,Male,London,Platinum,True
CUST05811,187,4,394.69,2,2,2,222,2.0,At Risk,25-34,Prefer not to say,East of England,Silver,True
CUST05812,16,8,872.31,4,4,4,444,4.0,Champion,55-64,Female,North West,Bronze,False
CUST05813,33,4,348.89,4,2,2,422,2.67,Loyal,25-34,Female,London,Bronze,True
CUST05814,86,6,271.4,3,3,1,331,2.33,Loyal,65+,Male,North West,Bronze,True
CUST05815,43,9,1442.4099999999999,4,4,4,444,4.0,Champion,18-24,Male,East of England,Bronze,False
CUST05816,46,5,264.73,4,2,1,421,2.33,Loyal,55-64,Prefer not to say,South East,Bronze,False
CUST05817,240,5,359.12,2,2,2,222,2.0,At Risk,18-24,Prefer not to say,Scotland,Silver,False
CUST05818,10,8,814.7700000000001,4,4,3,443,3.67,Champion,18-24,Female,East of England,Gold,True
CUST05819,328,6,197.99,1,3,1,131,1.67,Lost,35-44,Female,Scotland,Gold,True
CUST05820,184,7,752.34,2,3,3,233,2.67,At Risk,45-54,Prefer not to say,South East,Silver,True
CUST05821,47,4,174.38,4,2,1,421,2.33,Loyal,55-64,Female,North West,Platinum,True
CUST05822,42,10,1697.44,4,4,4,444,4.0,Champion,35-44,Male,London,Silver,True
CUST05823,678,3,307.25,1,1,2,112,1.33,Lost,55-64,Female,London,Gold,True
CUST05824,52,6,206.65,4,3,1,431,2.67,Loyal,18-24,Prefer not to say,East Midlands,Gold,True
CUST05825,10,4,261.43,4,2,1,421,2.33,Loyal,25-34,Prefer not to say,Yorkshire,Gold,True
CUST05826,16,5,1005.96,4,2,4,424,3.33,Loyal,45-54,Male,Yorkshire,Bronze,True
CUST05827,233,4,582.64,2,2,3,223,2.33,At Risk,35-44,Male,London,Gold,True
CUST05828,82,4,546.42,3,2,3,323,2.67,Loyal,65+,Female,Wales,Gold,False
CUST05829,269,5,778.5,1,2,3,123,2.0,Lost,65+,Male,North East,Bronze,True
CUST05830,58,8,585.9,3,4,3,343,3.33,Champion,35-44,Prefer not to say,London,Silver,True
CUST05831,242,7,600.63,2,3,3,233,2.67,At Risk,25-34,Prefer not to say,Wales,Bronze,True
CUST05832,346,4,441.75,1,2,2,122,1.67,Lost,55-64,Female,South East,Bronze,True
CUST05833,54,10,1536.76,3,4,4,344,3.67,Champion,18-24,Male,Wales,Silver,True
CUST05834,148,6,2049.11,2,3,4,234,3.0,At Risk,55-64,Female,South East,Bronze,True
CUST05835,36,7,611.24,4,3,3,433,3.33,Champion,25-34,Female,North West,Silver,False
CUST05836,47,4,399.03999999999996,4,2,2,422,2.67,Loyal,35-44,Prefer not to say,Wales,Bronze,True
CUST05837,152,5,449.96,2,2,2,222,2.0,At Risk,18-24,Male,North West,Bronze,True
CUST05838,101,8,505.25,3,4,2,342,3.0,Loyal,65+,Female,South East,Silver,True
CUST05839,178,8,605.07,2,4,3,243,3.0,At Risk,18-24,Prefer not to say,East of England,Bronze,False
CUST05840,177,5,301.32,2,2,2,222,2.0,At Risk,35-44,Prefer not to say,London,Silver,True
CUST05841,119,2,67.16,3,1,1,311,1.67,New Customer,35-44,Male,South East,Gold,True
CUST05842,40,7,2010.8100000000002,4,3,4,434,3.67,Champion,45-54,Male,Wales,Gold,True
CUST05843,8,5,156.27,4,2,1,421,2.33,Loyal,65+,Female,East Midlands,Bronze,True
CUST05844,53,8,660.48,4,4,3,443,3.67,Champion,45-54,Prefer not to say,South East,Gold,True
CUST05845,110,4,232.98,3,2,1,321,2.0,Loyal,45-54,Prefer not to say,London,Bronze,False
CUST05846,275,2,462.37,1,1,2,112,1.33,Lost,45-54,Prefer not to say,West Midlands,Gold,True
CUST05847,138,10,1853.64,2,4,4,244,3.33,At Risk,45-54,Male,London,Bronze,True
CUST05848,14,6,252.04,4,3,1,431,2.67,Loyal,55-64,Female,South East,Silver,True
CUST05849,767,4,271.6,1,2,1,121,1.33,Lost,65+,Female,East Midlands,Gold,False
CUST05850,94,8,883.23,3,4,4,344,3.67,Champion,25-34,Female,South East,Gold,True
CUST05851,38,10,854.6500000000001,4,4,3,443,3.67,Champion,65+,Prefer not to say,East of England,Bronze,True
CUST05852,155,2,1334.02,2,1,4,214,2.33,Needs Attention,65+,Male,South East,Silver,False
CUST05853,360,2,1239.62,1,1,4,114,2.0,Lost,18-24,Female,South East,Bronze,True
CUST05854,46,4,592.93,4,2,3,423,3.0,Loyal,45-54,Prefer not to say,East of England,Silver,True
CUST05855,91,3,170.15,3,1,1,311,1.67,New Customer,55-64,Prefer not to say,London,Silver,True
CUST05856,42,7,874.9399999999999,4,3,4,434,3.67,Champion,18-24,Female,South East,Bronze,False
CUST05857,10,7,456.71999999999997,4,3,2,432,3.0,Loyal,45-54,Female,East Midlands,Silver,True
CUST05858,216,8,2622.83,2,4,4,244,3.33,At Risk,18-24,Prefer not to say,North West,Silver,True
CUST05859,98,6,2094.33,3,3,4,334,3.33,Champion,18-24,Prefer not to say,London,Gold,False
CUST05860,227,5,838.5,2,2,3,223,2.33,At Risk,45-54,Female,West Midlands,Bronze,True
CUST05861,152,7,559.29,2,3,3,233,2.67,At Risk,55-64,Male,South East,Gold,True
CUST05862,186,7,1522.5800000000002,2,3,4,234,3.0,At Risk,55-64,Male,South East,Silver,True
CUST05863,65,2,50.379999999999995,3,1,1,311,1.67,New Customer,55-64,Prefer not to say,East of England,Bronze,False
CUST05864,266,4,474.08000000000004,1,2,2,122,1.67,Lost,18-24,Female,Scotland,Bronze,True
CUST05865,217,6,1186.91,2,3,4,234,3.0,At Risk,25-34,Female,London,Gold,True
CUST05866,66,7,551.49,3,3,3,333,3.0,Champion,45-54,Male,North West,Bronze,False
CUST05867,334,5,1929.6100000000001,1,2,4,124,2.33,Lost,18-24,Male,South East,Gold,True
CUST05868,78,7,465.56,3,3,2,332,2.67,Loyal,55-64,Male,North West,Bronze,True
CUST05870,91,6,557.4300000000001,3,3,3,333,3.0,Champion,65+,Male,South East,Bronze,False
CUST05871,92,4,427.12,3,2,2,322,2.33,Loyal,35-44,Female,South East,Bronze,False
CUST05872,230,3,444.37,2,1,2,212,1.67,Needs Attention,18-24,Female,South East,Bronze,True
CUST05873,67,5,989.85,3,2,4,324,3.0,Loyal,65+,Female,London,Bronze,True
CUST05874,13,10,1314.21,4,4,4,444,4.0,Champion,18-24,Female,South East,Bronze,True
CUST05875,527,3,464.69,1,1,2,112,1.33,Lost,45-54,Prefer not to say,East Midlands,Platinum,True
CUST05876,6,11,535.5,4,4,3,443,3.67,Champion,45-54,Female,North East,Bronze,True
CUST05877,84,6,1093.1100000000001,3,3,4,334,3.33,Champion,25-34,Female,London,Platinum,True
CUST05878,32,7,312.38,4,3,2,432,3.0,Loyal,18-24,Male,South East,Bronze,False
CUST05879,225,6,140.65,2,3,1,231,2.0,At Risk,18-24,Female,South East,Bronze,True
CUST05880,254,11,839.49,2,4,3,243,3.0,At Risk,65+,Male,North West,Bronze,True
CUST05881,5,4,521.64,4,2,3,423,3.0,Loyal,25-34,Male,Scotland,Bronze,True
CUST05882,258,5,1558.52,2,2,4,224,2.67,At Risk,35-44,Female,West Midlands,Silver,False
CUST05883,140,5,115.36999999999999,2,2,1,221,1.67,At Risk,55-64,Prefer not to say,South East,Platinum,False
CUST05884,54,7,327.73,3,3,2,332,2.67,Loyal,55-64,Prefer not to say,Yorkshire,Silver,True
CUST05885,44,5,183.42999999999998,4,2,1,421,2.33,Loyal,55-64,Male,East of England,Gold,True
CUST05886,65,8,1120.22,3,4,4,344,3.67,Champion,35-44,Male,London,Gold,True
CUST05887,40,9,662.7,4,4,3,443,3.67,Champion,25-34,Female,East Midlands,Silver,True
CUST05888,234,2,160.45999999999998,2,1,1,211,1.33,Needs Attention,35-44,Male,North West,Gold,True
CUST05889,80,7,722.73,3,3,3,333,3.0,Champion,65+,Male,North West,Silver,True
CUST05890,18,7,676.53,4,3,3,433,3.33,Champion,18-24,Female,London,Bronze,True
CUST05891,138,5,303.71999999999997,2,2,2,222,2.0,At Risk,35-44,Female,East of England,Bronze,False
CUST05892,235,6,322.40999999999997,2,3,2,232,2.33,At Risk,25-34,Female,East of England,Gold,False
CUST05893,114,12,1027.33,3,4,4,344,3.67,Champion,35-44,Male,East Midlands,Silver,True
CUST05894,17,6,826.19,4,3,3,433,3.33,Champion,65+,Prefer not to say,South East,Platinum,True
CUST05895,35,9,1128.28,4,4,4,444,4.0,Champion,25-34,Prefer not to say,London,Bronze,True
CUST05896,425,4,296.55,1,2,2,122,1.67,Lost,45-54,Female,South East,Gold,False
CUST05897,110,3,63.58,3,1,1,311,1.67,New Customer,35-44,Female,Wales,Gold,True
CUST05898,126,4,231.31,3,2,1,321,2.0,Loyal,25-34,Male,South West,Bronze,True
CUST05899,398,4,329.21000000000004,1,2,2,122,1.67,Lost,25-34,Female,North West,Gold,True
CUST05900,38,7,955.4499999999999,4,3,4,434,3.67,Champion,65+,Male,East Midlands,Gold,False
CUST05901,84,3,88.62,3,1,1,311,1.67,New Customer,35-44,Prefer not to say,London,Bronze,False
CUST05902,22,5,591.66,4,2,3,423,3.0,Loyal,55-64,Male,London,Bronze,False
CUST05903,75,8,645.36,3,4,3,343,3.33,Champion,25-34,Prefer not to say,West Midlands,Platinum,False
CUST05904,183,6,598.47,2,3,3,233,2.67,At Risk,25-34,Female,London,Bronze,True
CUST05905,153,8,702.04,2,4,3,243,3.0,At Risk,55-64,Prefer not to say,Scotland,Silver,False
CUST05906,70,4,929.06,3,2,4,324,3.0,Loyal,35-44,Female,South East,Gold,True
CUST05907,30,10,978.57,4,4,4,444,4.0,Champion,55-64,Male,South East,Bronze,True
CUST05908,63,14,1251.47,3,4,4,344,3.67,Champion,65+,Female,London,Platinum,True
CUST05909,38,7,1047.88,4,3,4,434,3.67,Champion,45-54,Female,Yorkshire,Bronze,False
CUST05910,313,4,505.92999999999995,1,2,2,122,1.67,Lost,45-54,Female,West Midlands,Silver,True
CUST05911,1082,1,17.57,1,1,1,111,1.0,Lost,25-34,Female,Yorkshire,Bronze,True
CUST05912,687,2,187.2,1,1,1,111,1.0,Lost,25-34,Female,South East,Bronze,True
CUST05913,30,6,609.74,4,3,3,433,3.33,Champion,55-64,Prefer not to say,Scotland,Bronze,True
CUST05914,25,11,1122.57,4,4,4,444,4.0,Champion,18-24,Male,South West,Bronze,False
CUST05915,212,6,2028.1499999999999,2,3,4,234,3.0,At Risk,18-24,Male,Yorkshire,Silver,True
CUST05916,44,8,768.37,4,4,3,443,3.67,Champion,18-24,Female,London,Silver,False
CUST05917,1043,1,37.14,1,1,1,111,1.0,Lost,55-64,Male,East of England,Silver,True
CUST05918,337,5,675.9100000000001,1,2,3,123,2.0,Lost,55-64,Prefer not to say,Scotland,Bronze,True
CUST05919,532,2,117.53999999999999,1,1,1,111,1.0,Lost,55-64,Female,East Midlands,Gold,True
CUST05920,507,3,215.62,1,1,1,111,1.0,Lost,65+,Prefer not to say,West Midlands,Bronze,True
CUST05921,217,6,289.68,2,3,2,232,2.33,At Risk,35-44,Female,East of England,Silver,False
CUST05922,291,6,1034.03,1,3,4,134,2.67,Lost,65+,Female,East of England,Silver,False
CUST05923,131,6,372.45,2,3,2,232,2.33,At Risk,25-34,Male,Yorkshire,Bronze,True
CUST05924,14,12,1454.1100000000001,4,4,4,444,4.0,Champion,35-44,Male,London,Platinum,True
CUST05925,129,3,184.81,3,1,1,311,1.67,New Customer,45-54,Female,London,Silver,True
CUST05926,258,6,527.0699999999999,2,3,3,233,2.67,At Risk,18-24,Male,North West,Silver,False
CUST05927,423,3,185.19,1,1,1,111,1.0,Lost,35-44,Male,North West,Silver,True
CUST05928,159,4,198.59,2,2,1,221,1.67,At Risk,25-34,Male,East Midlands,Bronze,True
CUST05929,110,6,507.39000000000004,3,3,2,332,2.67,Loyal,35-44,Female,North West,Bronze,True
CUST05930,315,7,559.78,1,3,3,133,2.33,Lost,18-24,Prefer not to say,London,Bronze,True
CUST05931,75,6,321.94,3,3,2,332,2.67,Loyal,25-34,Prefer not to say,Yorkshire,Gold,True
CUST05932,16,6,995.63,4,3,4,434,3.67,Champion,25-34,Male,Yorkshire,Platinum,True
CUST05933,211,6,342.37,2,3,2,232,2.33,At Risk,45-54,Female,East Midlands,Silver,True
CUST05934,105,5,99.74,3,2,1,321,2.0,Loyal,65+,Male,Wales,Gold,True
CUST05935,648,6,283.14,1,3,2,132,2.0,Lost,35-44,Female,Scotland,Bronze,False
CUST05936,7,6,1191.1000000000001,4,3,4,434,3.67,Champion,35-44,Male,London,Silver,True
CUST05937,358,8,1128.01,1,4,4,144,3.0,Lost,65+,Prefer not to say,West Midlands,Bronze,True
CUST05938,272,6,1029.4,1,3,4,134,2.67,Lost,55-64,Female,North West,Gold,True
CUST05939,159,4,159.98000000000002,2,2,1,221,1.67,At Risk,18-24,Male,Yorkshire,Bronze,True
CUST05940,7,4,235.77,4,2,1,421,2.33,Loyal,35-44,Male,North West,Bronze,True
CUST05941,130,5,738.6800000000001,3,2,3,323,2.67,Loyal,55-64,Male,North West,Silver,True
CUST05942,31,2,106.58,4,1,1,411,2.0,New Customer,55-64,Prefer not to say,North East,Gold,False
CUST05943,58,3,84.4,3,1,1,311,1.67,New Customer,18-24,Male,North West,Platinum,True
CUST05944,471,6,1070.1699999999998,1,3,4,134,2.67,Lost,35-44,Male,East Midlands,Bronze,False
CUST05945,3,10,686.63,4,4,3,443,3.67,Champion,18-24,Female,South West,Bronze,True
CUST05946,301,4,141.21,1,2,1,121,1.33,Lost,35-44,Female,North West,Silver,True
CUST05947,45,5,988.8599999999999,4,2,4,424,3.33,Loyal,65+,Male,North West,Silver,False
CUST05948,206,6,397.02,2,3,2,232,2.33,At Risk,35-44,Prefer not to say,East of England,Bronze,True
CUST05949,357,9,567.67,1,4,3,143,2.67,Lost,35-44,Prefer not to say,Yorkshire,Bronze,False
CUST05950,1,6,313.82,4,3,2,432,3.0,Loyal,65+,Female,West Midlands,Bronze,True
CUST05951,29,7,883.39,4,3,4,434,3.67,Champion,18-24,Male,London,Bronze,True
CUST05952,443,4,181.0,1,2,1,121,1.33,Lost,25-34,Male,Yorkshire,Bronze,False
CUST05953,95,7,349.51,3,3,2,332,2.67,Loyal,35-44,Prefer not to say,North East,Bronze,True
CUST05954,249,6,860.92,2,3,3,233,2.67,At Risk,18-24,Female,West Midlands,Bronze,True
CUST05955,495,3,237.05,1,1,1,111,1.0,Lost,25-34,Prefer not to say,South West,Silver,False
CUST05956,39,8,624.21,4,4,3,443,3.67,Champion,35-44,Prefer not to say,East of England,Platinum,False
CUST05957,52,7,1888.87,4,3,4,434,3.67,Champion,35-44,Prefer not to say,East of England,Bronze,False
CUST05958,554,6,193.64,1,3,1,131,1.67,Lost,65+,Male,South East,Gold,True
CUST05959,51,8,1338.22,4,4,4,444,4.0,Champion,45-54,Prefer not to say,Yorkshire,Bronze,True
CUST05960,140,4,409.93,2,2,2,222,2.0,At Risk,25-34,Male,North West,Gold,False
CUST05961,555,5,835.75,1,2,3,123,2.0,Lost,45-54,Female,Yorkshire,Gold,False
CUST05962,78,8,2368.39,3,4,4,344,3.67,Champion,65+,Female,West Midlands,Bronze,True
CUST05963,221,4,707.6,2,2,3,223,2.33,At Risk,25-34,Female,South West,Gold,True
CUST05964,268,3,272.88,1,1,2,112,1.33,Lost,25-34,Male,South East,Platinum,True
CUST05965,21,6,429.93,4,3,2,432,3.0,Loyal,25-34,Prefer not to say,East Midlands,Silver,True
CUST05966,249,2,228.67000000000002,2,1,1,211,1.33,Needs Attention,35-44,Prefer not to say,North East,Bronze,False
CUST05967,338,6,366.71999999999997,1,3,2,132,2.0,Lost,25-34,Male,North West,Silver,True
CUST05968,86,3,295.14,3,1,2,312,2.0,New Customer,65+,Female,East of England,Bronze,False
CUST05969,67,3,155.97,3,1,1,311,1.67,New Customer,65+,Prefer not to say,London,Bronze,True
CUST05970,87,6,391.56,3,3,2,332,2.67,Loyal,25-34,Prefer not to say,London,Bronze,False
CUST05971,665,3,89.82,1,1,1,111,1.0,Lost,55-64,Male,South West,Gold,False
CUST05972,51,8,648.36,4,4,3,443,3.67,Champion,45-54,Prefer not to say,East Midlands,Gold,True
CUST05973,176,8,320.34000000000003,2,4,2,242,2.67,At Risk,18-24,Prefer not to say,Scotland,Silver,True
CUST05974,484,3,30.409999999999997,1,1,1,111,1.0,Lost,25-34,Male,London,Silver,True
CUST05975,357,3,266.13,1,1,1,111,1.0,Lost,45-54,Prefer not to say,South East,Bronze,True
CUST05976,384,4,590.36,1,2,3,123,2.0,Lost,45-54,Male,Scotland,Gold,True
CUST05977,377,4,461.03,1,2,2,122,1.67,Lost,35-44,Male,London,Bronze,True
CUST05978,173,6,240.13,2,3,1,231,2.0,At Risk,35-44,Male,South East,Platinum,True
CUST05979,72,5,1349.47,3,2,4,324,3.0,Loyal,18-24,Female,West Midlands,Gold,False
CUST05980,115,2,7.74,3,1,1,311,1.67,New Customer,65+,Prefer not to say,North West,Bronze,True
CUST05981,18,9,1323.05,4,4,4,444,4.0,Champion,35-44,Male,South East,Bronze,True
CUST05982,41,8,799.19,4,4,3,443,3.67,Champion,35-44,Male,North West,Platinum,True
CUST05983,22,6,2109.11,4,3,4,434,3.67,Champion,55-64,Female,North East,Silver,True
CUST05984,334,5,263.45,1,2,1,121,1.33,Lost,35-44,Prefer not to say,South East,Silver,True
CUST05985,8,9,652.2400000000001,4,4,3,443,3.67,Champion,35-44,Prefer not to say,East Midlands,Bronze,True
CUST05986,110,4,243.73,3,2,1,321,2.0,Loyal,55-64,Female,North West,Bronze,True
CUST05987,314,4,144.43,1,2,1,121,1.33,Lost,25-34,Prefer not to say,South West,Bronze,True
CUST05988,64,13,1110.84,3,4,4,344,3.67,Champion,18-24,Prefer not to say,West Midlands,Gold,True
CUST05989,392,7,496.38,1,3,2,132,2.0,Lost,65+,Female,South West,Bronze,True
CUST05990,106,10,1390.42,3,4,4,344,3.67,Champion,35-44,Male,South East,Silver,True
CUST05991,49,9,844.0500000000001,4,4,3,443,3.67,Champion,65+,Male,London,Bronze,True
CUST05992,66,5,327.51,3,2,2,322,2.33,Loyal,45-54,Male,North East,Gold,True
CUST05993,384,5,671.3,1,2,3,123,2.0,Lost,55-64,Female,South East,Silver,True
CUST05994,147,4,550.85,2,2,3,223,2.33,At Risk,65+,Prefer not to say,London,Gold,False
CUST05995,2,5,1298.38,4,2,4,424,3.33,Loyal,35-44,Female,London,Gold,True
CUST05996,213,5,1404.23,2,2,4,224,2.67,At Risk,65+,Male,North West,Bronze,True
CUST05997,147,4,193.4,2,2,1,221,1.67,At Risk,65+,Prefer not to say,West Midlands,Silver,True
CUST05998,446,5,369.44,1,2,2,122,1.67,Lost,35-44,Male,South East,Bronze,True
CUST05999,264,7,1635.1799999999998,1,3,4,134,2.67,Lost,18-24,Female,South West,Silver,False
CUST06000,220,4,327.69,2,2,2,222,2.0,At Risk,55-64,Female,East Midlands,Bronze,True
CUST06001,14,6,957.37,4,3,4,434,3.67,Champion,18-24,Male,London,Bronze,True
CUST06002,124,7,412.86,3,3,2,332,2.67,Loyal,65+,Male,London,Bronze,True
CUST06003,102,13,1273.69,3,4,4,344,3.67,Champion,25-34,Male,West Midlands,Silver,False
CUST06004,218,9,1526.1599999999999,2,4,4,244,3.33,At Risk,35-44,Female,London,Silver,False
CUST06005,127,9,366.48,3,4,2,342,3.0,Loyal,18-24,Prefer not to say,West Midlands,Silver,False
CUST06006,38,9,1721.3999999999999,4,4,4,444,4.0,Champion,18-24,Female,West Midlands,Gold,True
CUST06007,567,4,536.63,1,2,3,123,2.0,Lost,65+,Female,North East,Gold,False
CUST06008,44,7,1369.6299999999999,4,3,4,434,3.67,Champion,45-54,Male,London,Bronze,True
CUST06009,130,6,722.48,3,3,3,333,3.0,Champion,25-34,Male,South East,Silver,True
CUST06010,272,5,566.42,1,2,3,123,2.0,Lost,18-24,Female,Wales,Bronze,True
CUST06011,68,8,683.9000000000001,3,4,3,343,3.33,Champion,45-54,Male,Scotland,Silver,True
CUST06012,74,4,775.2700000000001,3,2,3,323,2.67,Loyal,18-24,Male,South West,Silver,True
CUST06013,177,9,839.0899999999999,2,4,3,243,3.0,At Risk,45-54,Female,East of England,Gold,True
CUST06014,176,8,303.86,2,4,2,242,2.67,At Risk,65+,Female,London,Bronze,True
CUST06015,33,2,62.75,4,1,1,411,2.0,New Customer,18-24,Male,London,Bronze,True
CUST06016,55,9,391.44,3,4,2,342,3.0,Loyal,45-54,Prefer not to say,London,Gold,True
CUST06017,163,3,228.63,2,1,1,211,1.33,Needs Attention,18-24,Prefer not to say,London,Silver,True
CUST06018,1,3,411.94000000000005,4,1,2,412,2.33,New Customer,55-64,Male,London,Bronze,False
CUST06019,118,6,480.97,3,3,2,332,2.67,Loyal,45-54,Female,Yorkshire,Bronze,False
CUST06020,369,2,33.36,1,1,1,111,1.0,Lost,65+,Male,London,Bronze,True
CUST06021,54,7,934.4,3,3,4,334,3.33,Champion,55-64,Male,North East,Platinum,False
CUST06022,430,4,1190.75,1,2,4,124,2.33,Lost,45-54,Male,London,Bronze,False
CUST06023,3,8,452.31,4,4,2,442,3.33,Loyal,25-34,Female,London,Platinum,True
CUST06024,182,6,836.32,2,3,3,233,2.67,At Risk,35-44,Prefer not to say,South East,Silver,True
CUST06025,298,5,1346.93,1,2,4,124,2.33,Lost,45-54,Female,West Midlands,Bronze,True
CUST06026,82,3,85.38,3,1,1,311,1.67,New Customer,45-54,Male,Yorkshire,Bronze,True
CUST06027,91,6,848.46,3,3,3,333,3.0,Champion,35-44,Male,South East,Bronze,True
CUST06028,210,9,1910.7,2,4,4,244,3.33,At Risk,35-44,Prefer not to say,South West,Silver,True
CUST06029,116,5,224.36,3,2,1,321,2.0,Loyal,65+,Female,South East,Bronze,True
CUST06030,13,8,519.7,4,4,3,443,3.67,Champion,55-64,Prefer not to say,West Midlands,Bronze,False
CUST06031,254,5,835.83,2,2,3,223,2.33,At Risk,35-44,Male,North East,Bronze,True
CUST06032,474,4,298.57000000000005,1,2,2,122,1.67,Lost,35-44,Prefer not to say,South West,Bronze,True
CUST06033,359,4,96.35,1,2,1,121,1.33,Lost,55-64,Female,North West,Bronze,True
CUST06034,391,4,575.6899999999999,1,2,3,123,2.0,Lost,35-44,Prefer not to say,South East,Gold,True
CUST06035,216,5,597.72,2,2,3,223,2.33,At Risk,45-54,Female,Yorkshire,Gold,True
CUST06036,122,8,617.5600000000001,3,4,3,343,3.33,Champion,45-54,Female,South West,Bronze,False
CUST06037,257,9,872.41,2,4,4,244,3.33,At Risk,25-34,Prefer not to say,South East,Platinum,False
CUST06038,227,10,1011.6700000000001,2,4,4,244,3.33,At Risk,35-44,Male,London,Silver,True
CUST06039,100,5,240.28,3,2,1,321,2.0,Loyal,55-64,Male,Wales,Bronze,True
CUST06040,12,5,677.48,4,2,3,423,3.0,Loyal,35-44,Prefer not to say,Yorkshire,Bronze,False
CUST06041,247,6,308.69,2,3,2,232,2.33,At Risk,18-24,Male,London,Bronze,True
CUST06042,23,7,339.12,4,3,2,432,3.0,Loyal,55-64,Female,East of England,Gold,True
CUST06043,23,9,823.3199999999999,4,4,3,443,3.67,Champion,35-44,Prefer not to say,West Midlands,Silver,True
CUST06044,2,9,715.45,4,4,3,443,3.67,Champion,18-24,Female,North West,Bronze,True
CUST06045,142,2,123.76,2,1,1,211,1.33,Needs Attention,55-64,Prefer not to say,North East,Bronze,True
CUST06046,132,7,1358.04,2,3,4,234,3.0,At Risk,18-24,Prefer not to say,North West,Platinum,False
CUST06047,37,7,644.9399999999999,4,3,3,433,3.33,Champion,45-54,Prefer not to say,North West,Silver,True
CUST06048,792,2,341.15999999999997,1,1,2,112,1.33,Lost,45-54,Female,London,Bronze,False
CUST06049,16,11,1736.93,4,4,4,444,4.0,Champion,18-24,Female,Yorkshire,Bronze,False
CUST06050,25,7,461.71999999999997,4,3,2,432,3.0,Loyal,25-34,Female,London,Silver,True
CUST06051,163,3,913.83,2,1,4,214,2.33,Needs Attention,65+,Male,Wales,Silver,True
CUST06052,119,6,476.31,3,3,2,332,2.67,Loyal,35-44,Female,London,Platinum,True
CUST06053,55,5,809.52,3,2,3,323,2.67,Loyal,45-54,Female,London,Platinum,True
CUST06054,13,12,744.87,4,4,3,443,3.67,Champion,18-24,Female,Yorkshire,Platinum,True
CUST06055,155,4,318.98,2,2,2,222,2.0,At Risk,55-64,Prefer not to say,East Midlands,Silver,True
CUST06056,13,11,744.48,4,4,3,443,3.67,Champion,18-24,Prefer not to say,Yorkshire,Silver,True
CUST06057,34,10,392.66,4,4,2,442,3.33,Loyal,35-44,Male,Wales,Silver,True
CUST06058,501,4,154.71,1,2,1,121,1.33,Lost,45-54,Prefer not to say,South East,Bronze,True
CUST06059,406,7,634.4100000000001,1,3,3,133,2.33,Lost,35-44,Prefer not to say,South West,Gold,False
CUST06060,230,3,214.0,2,1,1,211,1.33,Needs Attention,45-54,Female,East Midlands,Gold,True
CUST06061,30,6,370.93,4,3,2,432,3.0,Loyal,18-24,Male,East of England,Silver,True
CUST06062,16,8,412.21000000000004,4,4,2,442,3.33,Loyal,18-24,Female,Yorkshire,Platinum,True
CUST06063,417,5,370.33,1,2,2,122,1.67,Lost,25-34,Male,South East,Bronze,True
CUST06064,111,5,357.16,3,2,2,322,2.33,Loyal,65+,Prefer not to say,Wales,Bronze,True
CUST06065,398,8,500.43,1,4,2,142,2.33,Lost,35-44,Female,London,Bronze,True
CUST06066,24,9,534.97,4,4,3,443,3.67,Champion,45-54,Prefer not to say,South West,Gold,True
CUST06067,31,7,842.31,4,3,3,433,3.33,Champion,18-24,Prefer not to say,East Midlands,Platinum,True
CUST06068,264,5,776.0600000000001,1,2,3,123,2.0,Lost,65+,Female,West Midlands,Bronze,True
CUST06069,80,6,658.7,3,3,3,333,3.0,Champion,65+,Female,South East,Bronze,False
CUST06070,55,6,576.64,3,3,3,333,3.0,Champion,55-64,Prefer not to say,East of England,Silver,True
CUST06071,426,6,788.8,1,3,3,133,2.33,Lost,35-44,Prefer not to say,South East,Silver,True
CUST06072,13,11,946.6,4,4,4,444,4.0,Champion,65+,Female,East Midlands,Bronze,True
CUST06073,159,7,1171.03,2,3,4,234,3.0,At Risk,45-54,Prefer not to say,North West,Bronze,True
CUST06074,34,7,287.73,4,3,2,432,3.0,Loyal,35-44,Female,Wales,Silver,True
CUST06075,73,4,173.75,3,2,1,321,2.0,Loyal,45-54,Prefer not to say,West Midlands,Bronze,True
CUST06076,62,5,544.63,3,2,3,323,2.67,Loyal,65+,Female,South East,Bronze,True
CUST06077,458,4,192.07,1,2,1,121,1.33,Lost,45-54,Female,London,Bronze,True
CUST06078,264,5,168.48000000000002,1,2,1,121,1.33,Lost,65+,Male,East Midlands,Gold,True
CUST06079,736,1,148.84,1,1,1,111,1.0,Lost,18-24,Female,Yorkshire,Bronze,True
CUST06080,374,4,93.52,1,2,1,121,1.33,Lost,45-54,Female,London,Platinum,True
CUST06081,137,4,320.7,2,2,2,222,2.0,At Risk,18-24,Male,London,Bronze,True
CUST06082,134,5,481.23,2,2,2,222,2.0,At Risk,55-64,Prefer not to say,North West,Silver,True
CUST06083,311,5,356.28,1,2,2,122,1.67,Lost,25-34,Prefer not to say,London,Bronze,True
CUST06084,43,8,655.43,4,4,3,443,3.67,Champion,55-64,Prefer not to say,North West,Bronze,False
CUST06085,105,9,1509.04,3,4,4,344,3.67,Champion,45-54,Female,London,Bronze,True
CUST06086,316,6,234.93,1,3,1,131,1.67,Lost,55-64,Female,South East,Silver,True
CUST06087,14,7,1169.44,4,3,4,434,3.67,Champion,55-64,Female,Scotland,Silver,True
CUST06088,63,6,157.67,3,3,1,331,2.33,Loyal,55-64,Prefer not to say,Yorkshire,Bronze,True
CUST06089,372,8,1515.67,1,4,4,144,3.0,Lost,65+,Prefer not to say,South West,Silver,True
CUST06090,53,11,1047.54,4,4,4,444,4.0,Champion,55-64,Female,Scotland,Silver,True
CUST06091,56,9,701.27,3,4,3,343,3.33,Champion,55-64,Male,South East,Silver,False
CUST06092,144,4,461.2,2,2,2,222,2.0,At Risk,18-24,Female,London,Silver,True
CUST06093,308,5,534.34,1,2,3,123,2.0,Lost,45-54,Male,London,Bronze,True
CUST06094,290,4,422.11,1,2,2,122,1.67,Lost,25-34,Female,South East,Silver,True
CUST06095,166,7,365.02,2,3,2,232,2.33,At Risk,18-24,Male,London,Bronze,True
CUST06096,102,4,306.5,3,2,2,322,2.33,Loyal,35-44,Female,South West,Bronze,True
CUST06097,227,4,133.88,2,2,1,221,1.67,At Risk,18-24,Male,East of England,Silver,False
CUST06098,170,2,261.05,2,1,1,211,1.33,Needs Attention,18-24,Prefer not to say,West Midlands,Silver,True
CUST06099,445,6,765.8,1,3,3,133,2.33,Lost,65+,Female,West Midlands,Gold,False
CUST06100,46,6,877.09,4,3,4,434,3.67,Champion,55-64,Female,Yorkshire,Bronze,True
CUST06101,178,3,95.18,2,1,1,211,1.33,Needs Attention,25-34,Female,North West,Silver,True
CUST06102,219,5,176.24,2,2,1,221,1.67,At Risk,65+,Prefer not to say,East Midlands,Bronze,True
CUST06103,83,3,207.74,3,1,1,311,1.67,New Customer,45-54,Prefer not to say,West Midlands,Gold,False
CUST06104,134,7,1917.3300000000002,2,3,4,234,3.0,At Risk,25-34,Female,London,Silver,True
CUST06105,61,5,663.96,3,2,3,323,2.67,Loyal,55-64,Female,Yorkshire,Silver,False
CUST06106,79,5,1946.79,3,2,4,324,3.0,Loyal,18-24,Female,South East,Gold,True
CUST06107,441,3,355.69,1,1,2,112,1.33,Lost,45-54,Prefer not to say,North East,Bronze,True
CUST06108,190,10,1765.67,2,4,4,244,3.33,At Risk,18-24,Female,West Midlands,Gold,False
CUST06109,305,7,447.24,1,3,2,132,2.0,Lost,55-64,Prefer not to say,London,Bronze,True
CUST06110,301,7,1385.03,1,3,4,134,2.67,Lost,25-34,Male,London,Bronze,True
CUST06111,570,6,814.45,1,3,3,133,2.33,Lost,65+,Male,North East,Bronze,True
CUST06112,53,7,935.5699999999999,4,3,4,434,3.67,Champion,35-44,Female,East Midlands,Silver,True
CUST06113,81,6,284.56,3,3,2,332,2.67,Loyal,65+,Male,London,Bronze,True
CUST06114,201,6,281.04,2,3,2,232,2.33,At Risk,55-64,Female,South East,Silver,True
CUST06115,374,7,2135.04,1,3,4,134,2.67,Lost,65+,Female,East Midlands,Silver,True
CUST06116,178,6,923.65,2,3,4,234,3.0,At Risk,55-64,Prefer not to say,East Midlands,Silver,True
CUST06117,380,5,662.1,1,2,3,123,2.0,Lost,65+,Male,East Midlands,Bronze,True
CUST06118,15,3,133.29000000000002,4,1,1,411,2.0,New Customer,45-54,Male,East Midlands,Bronze,True
CUST06119,325,5,730.4100000000001,1,2,3,123,2.0,Lost,35-44,Prefer not to say,Yorkshire,Bronze,True
CUST06120,37,7,414.43,4,3,2,432,3.0,Loyal,35-44,Male,East Midlands,Bronze,True
CUST06121,131,7,724.23,2,3,3,233,2.67,At Risk,55-64,Male,North East,Silver,True
CUST06122,60,7,917.65,3,3,4,334,3.33,Champion,35-44,Prefer not to say,East of England,Bronze,True
CUST06123,30,2,354.29999999999995,4,1,2,412,2.33,New Customer,45-54,Male,East Midlands,Platinum,True
CUST06124,186,6,318.12,2,3,2,232,2.33,At Risk,18-24,Male,London,Gold,False
CUST06125,390,7,601.06,1,3,3,133,2.33,Lost,65+,Female,North West,Bronze,False
CUST06126,150,4,588.02,2,2,3,223,2.33,At Risk,35-44,Prefer not to say,London,Silver,True
CUST06127,9,7,564.59,4,3,3,433,3.33,Champion,35-44,Female,East of England,Silver,True
CUST06128,146,7,232.39999999999998,2,3,1,231,2.0,At Risk,45-54,Female,South East,Bronze,True
CUST06129,243,7,502.90999999999997,2,3,2,232,2.33,At Risk,65+,Prefer not to say,Yorkshire,Platinum,True
CUST06130,23,12,2038.31,4,4,4,444,4.0,Champion,45-54,Female,East of England,Gold,True
CUST06131,411,5,259.86999999999995,1,2,1,121,1.33,Lost,18-24,Male,London,Silver,True
CUST06132,122,5,33.089999999999996,3,2,1,321,2.0,Loyal,25-34,Female,East of England,Platinum,True
CUST06133,42,6,248.05,4,3,1,431,2.67,Loyal,55-64,Prefer not to say,South East,Platinum,False
CUST06134,150,4,1948.67,2,2,4,224,2.67,At Risk,25-34,Female,South West,Gold,True
CUST06135,103,10,733.3,3,4,3,343,3.33,Champion,45-54,Female,South West,Gold,True
CUST06136,231,4,1230.35,2,2,4,224,2.67,At Risk,55-64,Male,London,Silver,False
CUST06137,609,3,162.32999999999998,1,1,1,111,1.0,Lost,35-44,Female,North West,Gold,False
CUST06138,42,3,1869.3400000000001,4,1,4,414,3.0,New Customer,25-34,Prefer not to say,East Midlands,Silver,True
CUST06139,86,10,597.3,3,4,3,343,3.33,Champion,45-54,Prefer not to say,Scotland,Silver,True
CUST06140,3,8,858.65,4,4,3,443,3.67,Champion,55-64,Prefer not to say,North West,Bronze,False
CUST06141,18,8,429.84000000000003,4,4,2,442,3.33,Loyal,18-24,Prefer not to say,West Midlands,Bronze,True
CUST06142,237,7,985.0600000000001,2,3,4,234,3.0,At Risk,35-44,Female,North West,Gold,True
CUST06143,14,3,242.78,4,1,1,411,2.0,New Customer,35-44,Prefer not to say,South East,Gold,True
CUST06144,35,10,1177.1200000000001,4,4,4,444,4.0,Champion,45-54,Female,East Midlands,Gold,True
CUST06145,248,9,1014.33,2,4,4,244,3.33,At Risk,25-34,Male,North East,Silver,True
CUST06146,201,2,32.09,2,1,1,211,1.33,Needs Attention,55-64,Female,West Midlands,Bronze,True
CUST06147,204,5,286.15999999999997,2,2,2,222,2.0,At Risk,45-54,Male,Yorkshire,Silver,True
CUST06148,28,9,759.96,4,4,3,443,3.67,Champion,18-24,Prefer not to say,South East,Silver,True
CUST06149,496,7,989.75,1,3,4,134,2.67,Lost,18-24,Male,Scotland,Gold,True
CUST06150,188,6,531.47,2,3,3,233,2.67,At Risk,35-44,Female,East of England,Gold,True
CUST06151,304,7,661.9000000000001,1,3,3,133,2.33,Lost,55-64,Prefer not to say,London,Gold,True
CUST06152,66,8,413.28,3,4,2,342,3.0,Loyal,25-34,Female,East of England,Bronze,True
CUST06153,27,11,1210.66,4,4,4,444,4.0,Champion,65+,Prefer not to say,West Midlands,Bronze,True
CUST06154,5,6,571.11,4,3,3,433,3.33,Champion,25-34,Prefer not to say,East of England,Silver,True
CUST06155,705,3,372.93,1,1,2,112,1.33,Lost,35-44,Female,East of England,Silver,True
CUST06156,35,7,735.2600000000001,4,3,3,433,3.33,Champion,35-44,Male,South East,Bronze,True
CUST06157,20,8,688.56,4,4,3,443,3.67,Champion,18-24,Prefer not to say,North East,Silver,True
CUST06158,353,3,231.7,1,1,1,111,1.0,Lost,35-44,Prefer not to say,South East,Bronze,False
CUST06159,220,6,221.34,2,3,1,231,2.0,At Risk,65+,Prefer not to say,South West,Silver,True
CUST06160,612,4,936.7,1,2,4,124,2.33,Lost,45-54,Prefer not to say,Scotland,Gold,True
CUST06161,651,2,110.83,1,1,1,111,1.0,Lost,35-44,Female,Scotland,Bronze,False
CUST06162,312,4,424.09000000000003,1,2,2,122,1.67,Lost,25-34,Female,South West,Platinum,True
CUST06163,193,3,50.47,2,1,1,211,1.33,Needs Attention,35-44,Male,West Midlands,Silver,True
CUST06164,225,5,467.53999999999996,2,2,2,222,2.0,At Risk,45-54,Prefer not to say,London,Platinum,True
CUST06165,96,5,1591.1000000000001,3,2,4,324,3.0,Loyal,35-44,Prefer not to say,North West,Silver,True
CUST06166,90,7,899.1300000000001,3,3,4,334,3.33,Champion,45-54,Prefer not to say,London,Gold,True
CUST06167,263,6,560.26,1,3,3,133,2.33,Lost,55-64,Female,South East,Silver,True
CUST06168,138,1,225.14,2,1,1,211,1.33,Needs Attention,45-54,Prefer not to say,London,Bronze,False
CUST06169,122,5,419.72,3,2,2,322,2.33,Loyal,18-24,Female,Yorkshire,Bronze,True
CUST06170,24,7,933.92,4,3,4,434,3.67,Champion,45-54,Prefer not to say,London,Bronze,True
CUST06171,5,8,644.6,4,4,3,443,3.67,Champion,55-64,Female,South East,Bronze,True
CUST06172,161,6,1049.7,2,3,4,234,3.0,At Risk,65+,Male,North West,Silver,True
CUST06173,58,5,236.18,3,2,1,321,2.0,Loyal,55-64,Female,London,Gold,False
CUST06174,41,4,698.26,4,2,3,423,3.0,Loyal,55-64,Male,South East,Bronze,True
CUST06175,99,8,1585.56,3,4,4,344,3.67,Champion,65+,Female,South East,Bronze,False
CUST06176,99,6,2392.85,3,3,4,334,3.33,Champion,35-44,Female,London,Silver,True
CUST06177,287,2,509.98,1,1,3,113,1.67,Lost,25-34,Female,London,Bronze,True
CUST06178,106,6,148.69,3,3,1,331,2.33,Loyal,45-54,Female,North East,Silver,True
CUST06179,308,7,399.60999999999996,1,3,2,132,2.0,Lost,45-54,Female,London,Bronze,True
CUST06180,14,7,601.34,4,3,3,433,3.33,Champion,35-44,Prefer not to say,London,Silver,True
CUST06181,50,2,162.84,4,1,1,411,2.0,New Customer,18-24,Male,South West,Silver,True
CUST06182,205,4,886.5100000000001,2,2,4,224,2.67,At Risk,35-44,Female,East Midlands,Silver,False
CUST06183,361,6,106.38,1,3,1,131,1.67,Lost,25-34,Female,London,Silver,True
CUST06184,306,4,611.3,1,2,3,123,2.0,Lost,45-54,Female,South West,Bronze,True
CUST06185,391,7,896.58,1,3,4,134,2.67,Lost,25-34,Prefer not to say,London,Silver,True
CUST06186,76,8,587.5699999999999,3,4,3,343,3.33,Champion,18-24,Prefer not to say,London,Bronze,True
CUST06187,119,6,281.14,3,3,2,332,2.67,Loyal,25-34,Prefer not to say,Yorkshire,Gold,True
CUST06188,11,7,1719.53,4,3,4,434,3.67,Champion,35-44,Prefer not to say,Yorkshire,Bronze,True
CUST06189,111,6,1331.66,3,3,4,334,3.33,Champion,55-64,Male,East Midlands,Bronze,True
CUST06190,225,5,929.02,2,2,4,224,2.67,At Risk,55-64,Male,Scotland,Silver,True
CUST06191,314,2,25.34,1,1,1,111,1.0,Lost,45-54,Male,West Midlands,Bronze,True
CUST06192,8,7,265.05,4,3,1,431,2.67,Loyal,55-64,Prefer not to say,East Midlands,Silver,False
CUST06193,30,7,918.1999999999999,4,3,4,434,3.67,Champion,35-44,Female,Yorkshire,Bronze,True
CUST06194,488,2,34.64,1,1,1,111,1.0,Lost,25-34,Male,London,Gold,True
CUST06195,147,4,491.06,2,2,2,222,2.0,At Risk,25-34,Male,North West,Bronze,True
CUST06196,319,7,459.32,1,3,2,132,2.0,Lost,18-24,Female,Wales,Platinum,True
CUST06197,128,6,459.53,3,3,2,332,2.67,Loyal,65+,Prefer not to say,London,Bronze,True
CUST06198,30,10,1345.5700000000002,4,4,4,444,4.0,Champion,65+,Male,South East,Bronze,True
CUST06199,571,2,27.06,1,1,1,111,1.0,Lost,55-64,Prefer not to say,North West,Gold,True
CUST06200,574,4,181.47,1,2,1,121,1.33,Lost,25-34,Male,South West,Bronze,False
CUST06201,817,2,64.68,1,1,1,111,1.0,Lost,35-44,Female,North West,Bronze,True
CUST06202,262,5,951.32,1,2,4,124,2.33,Lost,18-24,Male,North West,Gold,True
CUST06203,228,11,738.23,2,4,3,243,3.0,At Risk,25-34,Prefer not to say,East Midlands,Bronze,True
CUST06204,591,2,149.4,1,1,1,111,1.0,Lost,65+,Male,West Midlands,Bronze,False
CUST06205,291,3,44.18,1,1,1,111,1.0,Lost,18-24,Prefer not to say,East Midlands,Bronze,True
CUST06206,83,4,552.5,3,2,3,323,2.67,Loyal,45-54,Prefer not to say,East Midlands,Silver,True
CUST06207,68,8,784.52,3,4,3,343,3.33,Champion,55-64,Prefer not to say,London,Gold,True
CUST06208,67,3,173.41000000000003,3,1,1,311,1.67,New Customer,45-54,Male,London,Platinum,True
CUST06209,381,6,556.5400000000001,1,3,3,133,2.33,Lost,25-34,Female,London,Bronze,False
CUST06210,7,7,644.46,4,3,3,433,3.33,Champion,45-54,Male,South East,Bronze,True
CUST06211,55,7,322.13,3,3,2,332,2.67,Loyal,45-54,Prefer not to say,South West,Gold,True
CUST06212,364,5,710.53,1,2,3,123,2.0,Lost,18-24,Male,South West,Gold,True
CUST06213,682,2,139.73,1,1,1,111,1.0,Lost,18-24,Female,Yorkshire,Bronze,True
CUST06214,342,6,342.54,1,3,2,132,2.0,Lost,65+,Female,Yorkshire,Bronze,True
CUST06215,228,12,1170.85,2,4,4,244,3.33,At Risk,25-34,Prefer not to say,London,Silver,True
CUST06216,83,5,537.36,3,2,3,323,2.67,Loyal,55-64,Prefer not to say,East Midlands,Silver,True
CUST06217,11,4,501.96999999999997,4,2,2,422,2.67,Loyal,35-44,Prefer not to say,South East,Bronze,True
CUST06218,25,13,688.23,4,4,3,443,3.67,Champion,25-34,Prefer not to say,London,Bronze,True
CUST06219,3,7,423.13,4,3,2,432,3.0,Loyal,55-64,Male,West Midlands,Bronze,True
CUST06220,68,4,570.99,3,2,3,323,2.67,Loyal,35-44,Male,South East,Bronze,True
CUST06221,173,6,371.15,2,3,2,232,2.33,At Risk,45-54,Prefer not to say,South East,Bronze,False
CUST06222,59,7,749.91,3,3,3,333,3.0,Champion,18-24,Male,London,Bronze,True
CUST06223,142,3,149.25,2,1,1,211,1.33,Needs Attention,65+,Prefer not to say,Yorkshire,Bronze,True
CUST06224,13,8,620.09,4,4,3,443,3.67,Champion,35-44,Male,South East,Silver,True
CUST06225,21,7,234.84,4,3,1,431,2.67,Loyal,35-44,Prefer not to say,South East,Silver,True
CUST06226,707,1,3.52,1,1,1,111,1.0,Lost,45-54,Prefer not to say,North West,Bronze,True
CUST06227,99,9,1677.92,3,4,4,344,3.67,Champion,25-34,Female,North West,Gold,True
CUST06228,19,4,368.04,4,2,2,422,2.67,Loyal,55-64,Female,London,Bronze,True
CUST06229,243,7,986.6400000000001,2,3,4,234,3.0,At Risk,35-44,Male,North West,Silver,True
CUST06230,88,4,326.26,3,2,2,322,2.33,Loyal,18-24,Female,London,Silver,False
CUST06231,297,6,237.72,1,3,1,131,1.67,Lost,18-24,Prefer not to say,South West,Bronze,True
CUST06232,46,5,377.77,4,2,2,422,2.67,Loyal,25-34,Female,London,Bronze,True
CUST06233,176,6,430.68,2,3,2,232,2.33,At Risk,25-34,Male,London,Bronze,True
CUST06234,15,5,751.8199999999999,4,2,3,423,3.0,Loyal,45-54,Female,North East,Bronze,True
CUST06235,103,3,358.28000000000003,3,1,2,312,2.0,New Customer,55-64,Female,East of England,Silver,True
CUST06236,104,7,1452.02,3,3,4,334,3.33,Champion,18-24,Female,South East,Bronze,False
CUST06237,295,9,955.37,1,4,4,144,3.0,Lost,25-34,Male,South East,Bronze,True
CUST06238,445,7,404.98,1,3,2,132,2.0,Lost,45-54,Male,London,Bronze,True
CUST06239,338,8,840.1200000000001,1,4,3,143,2.67,Lost,25-34,Male,East of England,Silver,True
CUST06240,177,3,111.68,2,1,1,211,1.33,Needs Attention,55-64,Prefer not to say,South East,Bronze,True
CUST06241,111,5,1395.16,3,2,4,324,3.0,Loyal,55-64,Female,South East,Bronze,True
CUST06242,208,3,113.12,2,1,1,211,1.33,Needs Attention,25-34,Male,West Midlands,Silver,True
CUST06243,803,1,3.38,1,1,1,111,1.0,Lost,25-34,Male,Scotland,Platinum,True
CUST06244,124,7,2311.29,3,3,4,334,3.33,Champion,35-44,Female,East of England,Bronze,False
CUST06245,173,6,447.94,2,3,2,232,2.33,At Risk,25-34,Male,East of England,Bronze,True
CUST06246,150,5,265.91,2,2,1,221,1.67,At Risk,18-24,Male,West Midlands,Bronze,True
CUST06247,192,6,1080.07,2,3,4,234,3.0,At Risk,45-54,Male,Yorkshire,Bronze,False
CUST06248,295,5,404.82,1,2,2,122,1.67,Lost,25-34,Female,East of England,Silver,True
CUST06249,579,2,143.8,1,1,1,111,1.0,Lost,45-54,Female,West Midlands,Gold,True
CUST06250,370,5,183.97000000000003,1,2,1,121,1.33,Lost,18-24,Prefer not to say,South East,Bronze,True
CUST06251,44,6,1037.02,4,3,4,434,3.67,Champion,45-54,Male,London,Platinum,True
CUST06252,185,4,358.12,2,2,2,222,2.0,At Risk,35-44,Prefer not to say,South East,Bronze,True
CUST06253,18,7,463.90000000000003,4,3,2,432,3.0,Loyal,45-54,Male,Wales,Silver,True
CUST06254,245,7,219.04000000000002,2,3,1,231,2.0,At Risk,45-54,Male,North West,Silver,False
CUST06255,68,7,857.44,3,3,3,333,3.0,Champion,65+,Female,London,Gold,True
CUST06256,224,4,203.16,2,2,1,221,1.67,At Risk,65+,Female,West Midlands,Silver,True
CUST06257,152,7,1072.73,2,3,4,234,3.0,At Risk,55-64,Prefer not to say,South East,Gold,True
CUST06258,16,3,167.57,4,1,1,411,2.0,New Customer,35-44,Prefer not to say,Yorkshire,Silver,True
CUST06259,158,9,1788.06,2,4,4,244,3.33,At Risk,25-34,Male,North West,Silver,False
CUST06260,299,7,903.59,1,3,4,134,2.67,Lost,65+,Male,West Midlands,Bronze,False
CUST06261,152,9,483.78,2,4,2,242,2.67,At Risk,25-34,Male,London,Bronze,True
CUST06262,27,8,384.09000000000003,4,4,2,442,3.33,Loyal,55-64,Prefer not to say,West Midlands,Bronze,True
CUST06263,7,9,952.2400000000001,4,4,4,444,4.0,Champion,25-34,Prefer not to say,North West,Silver,True
CUST06264,108,5,291.55,3,2,2,322,2.33,Loyal,55-64,Male,South East,Bronze,True
CUST06265,648,4,351.44,1,2,2,122,1.67,Lost,35-44,Male,South East,Silver,True
CUST06266,384,2,35.7,1,1,1,111,1.0,Lost,45-54,Male,North West,Bronze,True
CUST06267,40,7,1549.77,4,3,4,434,3.67,Champion,55-64,Prefer not to say,Yorkshire,Bronze,False
CUST06268,777,3,70.16,1,1,1,111,1.0,Lost,25-34,Male,Yorkshire,Silver,False
CUST06269,180,6,575.36,2,3,3,233,2.67,At Risk,18-24,Prefer not to say,Yorkshire,Bronze,True
CUST06270,33,7,1022.2,4,3,4,434,3.67,Champion,25-34,Male,London,Bronze,False
CUST06271,119,6,333.87,3,3,2,332,2.67,Loyal,18-24,Female,South East,Gold,True
CUST06272,217,7,552.77,2,3,3,233,2.67,At Risk,25-34,Prefer not to say,East of England,Platinum,True
CUST06273,256,4,189.43,2,2,1,221,1.67,At Risk,65+,Female,East Midlands,Platinum,True
CUST06274,215,9,1182.76,2,4,4,244,3.33,At Risk,18-24,Prefer not to say,West Midlands,Bronze,True
CUST06275,19,6,643.24,4,3,3,433,3.33,Champion,65+,Female,East of England,Silver,True
CUST06276,23,7,590.25,4,3,3,433,3.33,Champion,25-34,Female,North West,Bronze,True
CUST06277,56,7,882.02,3,3,4,334,3.33,Champion,55-64,Male,East of England,Bronze,True
CUST06278,28,8,1138.98,4,4,4,444,4.0,Champion,45-54,Female,North West,Bronze,True
CUST06279,234,4,791.8599999999999,2,2,3,223,2.33,At Risk,18-24,Male,London,Gold,True
CUST06280,55,7,355.22999999999996,3,3,2,332,2.67,Loyal,55-64,Prefer not to say,London,Bronze,True
CUST06281,19,7,691.95,4,3,3,433,3.33,Champion,55-64,Male,North East,Gold,True
CUST06282,47,9,460.79,4,4,2,442,3.33,Loyal,25-34,Prefer not to say,South West,Gold,True
CUST06283,140,5,384.38,2,2,2,222,2.0,At Risk,35-44,Male,East of England,Gold,True
CUST06284,53,8,1420.39,4,4,4,444,4.0,Champion,45-54,Female,South West,Bronze,True
CUST06285,972,1,618.3,1,1,3,113,1.67,Lost,55-64,Prefer not to say,East Midlands,Bronze,True
CUST06286,192,7,1598.07,2,3,4,234,3.0,At Risk,55-64,Male,North West,Bronze,True
CUST06287,174,6,189.82,2,3,1,231,2.0,At Risk,35-44,Male,London,Gold,True
CUST06288,58,7,536.52,3,3,3,333,3.0,Champion,55-64,Male,Scotland,Bronze,True
CUST06289,109,6,349.61,3,3,2,332,2.67,Loyal,65+,Male,North West,Bronze,True
CUST06290,50,9,756.1899999999999,4,4,3,443,3.67,Champion,45-54,Prefer not to say,East of England,Silver,True
CUST06291,199,4,703.2,2,2,3,223,2.33,At Risk,35-44,Prefer not to say,Scotland,Gold,False
CUST06292,118,6,518.12,3,3,3,333,3.0,Champion,55-64,Prefer not to say,Yorkshire,Bronze,True
CUST06293,174,3,173.3,2,1,1,211,1.33,Needs Attention,55-64,Female,London,Bronze,True
CUST06294,43,8,1388.38,4,4,4,444,4.0,Champion,18-24,Female,London,Silver,True
CUST06295,226,6,912.6800000000001,2,3,4,234,3.0,At Risk,45-54,Female,North West,Silver,True
CUST06296,241,8,642.6,2,4,3,243,3.0,At Risk,55-64,Female,Yorkshire,Gold,True
CUST06297,361,3,161.95,1,1,1,111,1.0,Lost,55-64,Male,South East,Bronze,True
CUST06298,562,4,976.9999999999999,1,2,4,124,2.33,Lost,35-44,Female,Yorkshire,Bronze,True
CUST06299,23,3,216.97,4,1,1,411,2.0,New Customer,25-34,Male,Yorkshire,Silver,True
CUST06300,387,5,479.01000000000005,1,2,2,122,1.67,Lost,18-24,Female,Yorkshire,Bronze,True
CUST06301,246,6,774.88,2,3,3,233,2.67,At Risk,45-54,Male,West Midlands,Bronze,True
CUST06302,266,3,171.95,1,1,1,111,1.0,Lost,65+,Prefer not to say,North West,Gold,False
CUST06303,408,7,488.29,1,3,2,132,2.0,Lost,35-44,Female,London,Gold,True
CUST06304,158,10,322.94,2,4,2,242,2.67,At Risk,35-44,Female,Scotland,Bronze,True
CUST06305,187,4,83.23,2,2,1,221,1.67,At Risk,45-54,Female,East of England,Bronze,False
CUST06306,20,6,465.58,4,3,2,432,3.0,Loyal,18-24,Female,London,Silver,True
CUST06307,280,8,386.63,1,4,2,142,2.33,Lost,55-64,Female,East of England,Silver,True
CUST06308,236,5,168.21,2,2,1,221,1.67,At Risk,65+,Female,London,Silver,True
CUST06309,184,6,1260.56,2,3,4,234,3.0,At Risk,35-44,Prefer not to say,North West,Silver,True
CUST06310,126,4,175.48,3,2,1,321,2.0,Loyal,55-64,Female,West Midlands,Silver,True
CUST06311,265,2,90.19999999999999,1,1,1,111,1.0,Lost,35-44,Male,London,Silver,True
CUST06312,141,7,509.02000000000004,2,3,3,233,2.67,At Risk,65+,Prefer not to say,London,Silver,False
CUST06313,447,4,640.78,1,2,3,123,2.0,Lost,55-64,Male,South East,Bronze,False
CUST06314,93,7,209.25,3,3,1,331,2.33,Loyal,55-64,Female,North West,Gold,True
CUST06315,4,3,171.98000000000002,4,1,1,411,2.0,New Customer,45-54,Female,Yorkshire,Bronze,True
CUST06316,84,6,232.81,3,3,1,331,2.33,Loyal,55-64,Female,West Midlands,Bronze,True
CUST06317,149,8,1460.75,2,4,4,244,3.33,At Risk,45-54,Male,South West,Gold,True
CUST06318,10,4,85.87,4,2,1,421,2.33,Loyal,55-64,Prefer not to say,London,Bronze,True
CUST06319,297,7,504.9,1,3,2,132,2.0,Lost,45-54,Prefer not to say,Scotland,Gold,False
CUST06320,197,4,455.24,2,2,2,222,2.0,At Risk,55-64,Female,Yorkshire,Silver,False
CUST06321,150,8,815.9200000000001,2,4,3,243,3.0,At Risk,55-64,Male,South East,Bronze,False
CUST06322,357,4,430.23,1,2,2,122,1.67,Lost,18-24,Prefer not to say,London,Bronze,True
CUST06323,846,2,148.75,1,1,1,111,1.0,Lost,35-44,Male,North West,Gold,True
CUST06324,8,8,801.26,4,4,3,443,3.67,Champion,45-54,Male,South East,Gold,True
CUST06325,605,3,116.24,1,1,1,111,1.0,Lost,55-64,Prefer not to say,Yorkshire,Gold,True
CUST06326,983,1,463.9,1,1,2,112,1.33,Lost,55-64,Female,London,Gold,True
CUST06327,177,6,277.85,2,3,2,232,2.33,At Risk,25-34,Female,North West,Gold,True
CUST06328,20,7,310.99,4,3,2,432,3.0,Loyal,35-44,Male,South East,Bronze,True
CUST06329,448,3,107.18,1,1,1,111,1.0,Lost,45-54,Male,London,Silver,False
CUST06330,171,7,1384.8300000000002,2,3,4,234,3.0,At Risk,25-34,Female,South East,Bronze,True
CUST06331,413,6,1362.8999999999999,1,3,4,134,2.67,Lost,18-24,Prefer not to say,Scotland,Bronze,True
CUST06332,82,8,863.86,3,4,3,343,3.33,Champion,18-24,Female,East of England,Silver,True
CUST06333,256,4,307.86,2,2,2,222,2.0,At Risk,65+,Prefer not to say,East Midlands,Silver,True
CUST06334,21,12,2536.46,4,4,4,444,4.0,Champion,18-24,Prefer not to say,East Midlands,Bronze,True
CUST06335,152,5,260.89,2,2,1,221,1.67,At Risk,65+,Male,South East,Silver,True
CUST06336,269,4,95.39,1,2,1,121,1.33,Lost,55-64,Male,South East,Gold,True
CUST06337,675,6,179.10000000000002,1,3,1,131,1.67,Lost,35-44,Female,London,Bronze,True
CUST06338,522,2,163.1,1,1,1,111,1.0,Lost,25-34,Female,South West,Bronze,True
CUST06339,691,1,53.82,1,1,1,111,1.0,Lost,55-64,Prefer not to say,London,Gold,True
CUST06340,659,4,489.65,1,2,2,122,1.67,Lost,45-54,Male,London,Bronze,True
CUST06341,228,5,470.15000000000003,2,2,2,222,2.0,At Risk,25-34,Male,West Midlands,Bronze,True
CUST06342,257,3,328.67,2,1,2,212,1.67,Needs Attention,25-34,Prefer not to say,East of England,Gold,True
CUST06343,252,7,767.39,2,3,3,233,2.67,At Risk,45-54,Prefer not to say,South East,Gold,True
CUST06344,30,5,439.06,4,2,2,422,2.67,Loyal,25-34,Female,West Midlands,Silver,False
CUST06345,197,10,489.9,2,4,2,242,2.67,At Risk,65+,Female,South West,Bronze,True
CUST06346,214,5,184.59,2,2,1,221,1.67,At Risk,35-44,Female,London,Silver,True
CUST06347,118,6,375.83,3,3,2,332,2.67,Loyal,45-54,Prefer not to say,West Midlands,Gold,True
CUST06348,129,6,243.43000000000004,3,3,1,331,2.33,Loyal,65+,Prefer not to say,East of England,Gold,True
CUST06349,50,7,217.87,4,3,1,431,2.67,Loyal,55-64,Female,South East,Platinum,True
CUST06350,484,2,330.45,1,1,2,112,1.33,Lost,45-54,Female,South West,Bronze,True
CUST06351,18,3,90.3,4,1,1,411,2.0,New Customer,25-34,Male,East of England,Bronze,True
CUST06352,25,5,307.19,4,2,2,422,2.67,Loyal,45-54,Prefer not to say,East of England,Gold,True
CUST06353,134,5,272.22,2,2,2,222,2.0,At Risk,18-24,Female,West Midlands,Bronze,True
CUST06354,462,6,771.9300000000001,1,3,3,133,2.33,Lost,25-34,Male,South West,Bronze,True
CUST06355,14,6,2499.9,4,3,4,434,3.67,Champion,18-24,Female,South East,Bronze,False
CUST06356,374,6,787.77,1,3,3,133,2.33,Lost,65+,Prefer not to say,East of England,Gold,True
CUST06357,310,4,232.86,1,2,1,121,1.33,Lost,35-44,Male,Scotland,Bronze,True
CUST06358,82,7,877.0799999999999,3,3,4,334,3.33,Champion,18-24,Prefer not to say,South East,Bronze,True
CUST06359,413,7,1462.2599999999998,1,3,4,134,2.67,Lost,65+,Male,London,Bronze,True
CUST06360,87,10,356.28,3,4,2,342,3.0,Loyal,25-34,Prefer not to say,West Midlands,Silver,True
CUST06361,384,3,223.7,1,1,1,111,1.0,Lost,35-44,Male,South West,Bronze,False
CUST06362,124,5,478.52000000000004,3,2,2,322,2.33,Loyal,65+,Male,London,Silver,True
CUST06363,7,11,1226.8700000000001,4,4,4,444,4.0,Champion,18-24,Prefer not to say,Yorkshire,Silver,False
CUST06364,128,11,1999.99,3,4,4,344,3.67,Champion,45-54,Prefer not to say,East of England,Bronze,True
CUST06365,59,2,390.30999999999995,3,1,2,312,2.0,New Customer,25-34,Male,Wales,Silver,True
CUST06366,103,5,302.48,3,2,2,322,2.33,Loyal,45-54,Prefer not to say,North West,Platinum,True
CUST06367,188,5,232.4,2,2,1,221,1.67,At Risk,45-54,Prefer not to say,East of England,Gold,True
CUST06368,149,7,1286.29,2,3,4,234,3.0,At Risk,55-64,Female,Yorkshire,Bronze,True
CUST06369,20,4,865.53,4,2,3,423,3.0,Loyal,18-24,Prefer not to say,London,Gold,False
CUST06370,62,6,1149.27,3,3,4,334,3.33,Champion,55-64,Prefer not to say,Wales,Silver,True
CUST06371,431,4,538.8,1,2,3,123,2.0,Lost,45-54,Prefer not to say,London,Bronze,True
CUST06372,379,4,400.1,1,2,2,122,1.67,Lost,45-54,Prefer not to say,Wales,Silver,True
CUST06373,55,9,1172.46,3,4,4,344,3.67,Champion,45-54,Male,London,Silver,True
CUST06374,43,6,555.53,4,3,3,433,3.33,Champion,45-54,Female,East Midlands,Silver,True
CUST06375,304,3,47.720000000000006,1,1,1,111,1.0,Lost,25-34,Male,London,Gold,True
CUST06376,1,7,254.74,4,3,1,431,2.67,Loyal,25-34,Female,East of England,Bronze,False
CUST06377,15,7,591.38,4,3,3,433,3.33,Champion,25-34,Male,East of England,Bronze,True
CUST06378,226,6,1563.54,2,3,4,234,3.0,At Risk,18-24,Male,London,Platinum,True
CUST06379,65,6,386.03999999999996,3,3,2,332,2.67,Loyal,55-64,Prefer not to say,South East,Bronze,False
CUST06380,390,5,592.24,1,2,3,123,2.0,Lost,35-44,Prefer not to say,London,Gold,True
CUST06381,50,4,98.21,4,2,1,421,2.33,Loyal,25-34,Female,Yorkshire,Platinum,True
CUST06382,202,4,337.02,2,2,2,222,2.0,At Risk,55-64,Male,London,Bronze,True
CUST06383,197,5,79.67,2,2,1,221,1.67,At Risk,25-34,Female,London,Gold,True
CUST06384,217,6,247.04,2,3,1,231,2.0,At Risk,65+,Male,London,Silver,True
CUST06385,264,7,545.19,1,3,3,133,2.33,Lost,18-24,Prefer not to say,South West,Gold,True
CUST06386,213,6,673.4200000000001,2,3,3,233,2.67,At Risk,35-44,Prefer not to say,North West,Bronze,True
CUST06387,292,4,257.19,1,2,1,121,1.33,Lost,18-24,Male,North West,Bronze,True
CUST06388,62,6,636.6500000000001,3,3,3,333,3.0,Champion,18-24,Prefer not to say,London,Bronze,True
CUST06389,232,4,322.48,2,2,2,222,2.0,At Risk,55-64,Female,Scotland,Silver,True
CUST06390,69,7,790.79,3,3,3,333,3.0,Champion,55-64,Male,London,Bronze,True
CUST06391,91,8,757.92,3,4,3,343,3.33,Champion,25-34,Prefer not to say,London,Gold,True
CUST06392,50,3,1162.95,4,1,4,414,3.0,New Customer,55-64,Male,South West,Bronze,True
CUST06393,22,2,75.94,4,1,1,411,2.0,New Customer,55-64,Prefer not to say,London,Bronze,False
CUST06394,17,7,1807.87,4,3,4,434,3.67,Champion,18-24,Female,West Midlands,Gold,True
CUST06395,21,10,975.72,4,4,4,444,4.0,Champion,65+,Prefer not to say,North West,Bronze,True
CUST06396,142,9,581.86,2,4,3,243,3.0,At Risk,18-24,Male,London,Bronze,False
CUST06397,53,5,272.67,4,2,2,422,2.67,Loyal,65+,Male,Scotland,Bronze,True
CUST06398,129,7,682.37,3,3,3,333,3.0,Champion,25-34,Prefer not to say,London,Silver,True
CUST06399,110,1,4.09,3,1,1,311,1.67,New Customer,55-64,Prefer not to say,East of England,Bronze,True
CUST06400,182,9,680.6400000000001,2,4,3,243,3.0,At Risk,18-24,Female,East of England,Silver,True
CUST06401,155,7,836.3800000000001,2,3,3,233,2.67,At Risk,18-24,Female,London,Bronze,True
CUST06402,243,4,284.56,2,2,2,222,2.0,At Risk,45-54,Prefer not to say,South West,Bronze,False
CUST06403,4,8,764.84,4,4,3,443,3.67,Champion,18-24,Male,North West,Bronze,True
CUST06404,667,2,339.59999999999997,1,1,2,112,1.33,Lost,45-54,Male,London,Silver,False
CUST06405,181,3,125.96000000000001,2,1,1,211,1.33,Needs Attention,35-44,Male,West Midlands,Platinum,True
CUST06406,459,6,1226.3700000000001,1,3,4,134,2.67,Lost,35-44,Female,East of England,Bronze,True
CUST06407,2,10,491.06,4,4,2,442,3.33,Loyal,55-64,Male,South East,Silver,True
CUST06408,174,3,219.69,2,1,1,211,1.33,Needs Attention,25-34,Female,South East,Bronze,True
CUST06409,71,10,640.92,3,4,3,343,3.33,Champion,25-34,Prefer not to say,North West,Bronze,True
CUST06410,61,6,136.04,3,3,1,331,2.33,Loyal,45-54,Female,North West,Gold,False
CUST06411,691,2,46.11,1,1,1,111,1.0,Lost,35-44,Male,London,Bronze,True
CUST06412,149,7,233.99,2,3,1,231,2.0,At Risk,45-54,Male,London,Silver,True
CUST06413,10,8,1170.11,4,4,4,444,4.0,Champion,55-64,Female,London,Silver,True
CUST06414,69,9,702.85,3,4,3,343,3.33,Champion,35-44,Prefer not to say,West Midlands,Bronze,True
CUST06415,87,10,975.0,3,4,4,344,3.67,Champion,18-24,Female,Wales,Bronze,True
CUST06416,118,9,706.65,3,4,3,343,3.33,Champion,35-44,Female,Yorkshire,Silver,False
CUST06417,164,6,370.20000000000005,2,3,2,232,2.33,At Risk,65+,Prefer not to say,East Midlands,Platinum,True
CUST06418,470,6,802.0000000000001,1,3,3,133,2.33,Lost,35-44,Female,East of England,Silver,True
CUST06419,120,9,1617.92,3,4,4,344,3.67,Champion,55-64,Female,Yorkshire,Gold,False
CUST06420,205,7,955.38,2,3,4,234,3.0,At Risk,55-64,Male,London,Bronze,False
CUST06421,352,4,265.19,1,2,1,121,1.33,Lost,45-54,Female,South East,Gold,True
CUST06422,551,7,979.6600000000001,1,3,4,134,2.67,Lost,35-44,Male,South West,Bronze,True
CUST06423,10,10,1587.8799999999999,4,4,4,444,4.0,Champion,65+,Male,East of England,Gold,True
CUST06424,120,8,595.19,3,4,3,343,3.33,Champion,45-54,Prefer not to say,East Midlands,Silver,True
CUST06426,123,4,354.34000000000003,3,2,2,322,2.33,Loyal,65+,Prefer not to say,London,Silver,True
CUST06427,55,3,578.8,3,1,3,313,2.33,New Customer,35-44,Male,South East,Gold,True
CUST06428,44,8,795.96,4,4,3,443,3.67,Champion,65+,Female,London,Platinum,True
CUST06429,65,6,585.3,3,3,3,333,3.0,Champion,55-64,Prefer not to say,South West,Silver,True
CUST06430,1034,1,34.83,1,1,1,111,1.0,Lost,35-44,Female,West Midlands,Gold,False
CUST06431,313,5,371.2,1,2,2,122,1.67,Lost,18-24,Female,North West,Gold,True
CUST06432,52,6,751.38,4,3,3,433,3.33,Champion,18-24,Male,North West,Bronze,True
CUST06433,91,10,1083.1200000000001,3,4,4,344,3.67,Champion,45-54,Prefer not to say,Wales,Bronze,True
CUST06434,273,2,369.77,1,1,2,112,1.33,Lost,25-34,Female,Wales,Gold,False
CUST06435,174,3,516.12,2,1,3,213,2.0,Needs Attention,65+,Male,Scotland,Gold,True
CUST06436,166,6,292.51,2,3,2,232,2.33,At Risk,45-54,Prefer not to say,North West,Silver,True
CUST06437,452,4,605.9499999999999,1,2,3,123,2.0,Lost,45-54,Prefer not to say,East of England,Gold,True
CUST06438,97,5,1659.8,3,2,4,324,3.0,Loyal,25-34,Female,London,Bronze,False
CUST06439,49,4,80.33,4,2,1,421,2.33,Loyal,35-44,Female,East of England,Platinum,True
CUST06440,75,8,763.51,3,4,3,343,3.33,Champion,65+,Prefer not to say,London,Gold,True
CUST06441,579,4,186.45,1,2,1,121,1.33,Lost,25-34,Male,North West,Silver,True
CUST06442,43,2,375.36,4,1,2,412,2.33,New Customer,18-24,Male,London,Gold,False
CUST06443,75,6,613.49,3,3,3,333,3.0,Champion,35-44,Prefer not to say,West Midlands,Gold,True
CUST06444,36,5,227.81000000000003,4,2,1,421,2.33,Loyal,35-44,Female,South East,Bronze,False
CUST06445,13,9,580.11,4,4,3,443,3.67,Champion,55-64,Prefer not to say,North East,Gold,True
CUST06446,300,7,910.06,1,3,4,134,2.67,Lost,65+,Prefer not to say,East Midlands,Gold,False
CUST06447,758,3,59.85,1,1,1,111,1.0,Lost,45-54,Male,Scotland,Silver,True
CUST06448,53,5,595.68,4,2,3,423,3.0,Loyal,65+,Prefer not to say,East Midlands,Bronze,True
CUST06449,22,8,1034.33,4,4,4,444,4.0,Champion,35-44,Female,London,Silver,True
CUST06450,84,7,429.98,3,3,2,332,2.67,Loyal,45-54,Female,West Midlands,Silver,True
CUST06451,212,7,802.1700000000001,2,3,3,233,2.67,At Risk,45-54,Prefer not to say,London,Gold,True
CUST06452,212,5,259.79999999999995,2,2,1,221,1.67,At Risk,35-44,Prefer not to say,Yorkshire,Bronze,True
CUST06453,15,9,1187.24,4,4,4,444,4.0,Champion,45-54,Female,London,Silver,True
CUST06454,791,5,187.26999999999998,1,2,1,121,1.33,Lost,65+,Female,East of England,Bronze,True
CUST06455,120,8,1087.26,3,4,4,344,3.67,Champion,35-44,Female,Yorkshire,Silver,True
CUST06456,675,4,494.71,1,2,2,122,1.67,Lost,45-54,Male,South West,Silver,True
CUST06457,423,4,1085.64,1,2,4,124,2.33,Lost,25-34,Male,Wales,Platinum,True
CUST06458,5,3,58.69,4,1,1,411,2.0,New Customer,65+,Female,East of England,Bronze,True
CUST06459,34,5,1588.32,4,2,4,424,3.33,Loyal,65+,Prefer not to say,Scotland,Silver,True
CUST06460,192,6,1368.93,2,3,4,234,3.0,At Risk,55-64,Male,London,Silver,True
CUST06461,102,4,282.47,3,2,2,322,2.33,Loyal,55-64,Prefer not to say,East Midlands,Bronze,True
CUST06462,17,3,589.71,4,1,3,413,2.67,New Customer,65+,Female,South East,Bronze,True
CUST06463,52,10,789.12,4,4,3,443,3.67,Champion,18-24,Prefer not to say,East Midlands,Gold,True
CUST06464,213,6,496.09999999999997,2,3,2,232,2.33,At Risk,35-44,Prefer not to say,East of England,Bronze,True
CUST06465,366,5,1016.64,1,2,4,124,2.33,Lost,65+,Male,Scotland,Bronze,False
CUST06466,154,6,627.92,2,3,3,233,2.67,At Risk,25-34,Female,London,Silver,True
CUST06467,45,7,293.44,4,3,2,432,3.0,Loyal,65+,Male,London,Bronze,True
CUST06468,200,9,465.63,2,4,2,242,2.67,At Risk,55-64,Female,London,Bronze,True
CUST06469,257,4,248.41,2,2,1,221,1.67,At Risk,45-54,Male,North East,Gold,True
CUST06470,76,9,934.5,3,4,4,344,3.67,Champion,55-64,Prefer not to say,West Midlands,Bronze,True
CUST06471,4,3,160.41,4,1,1,411,2.0,New Customer,65+,Male,East of England,Bronze,False
CUST06472,62,4,352.75,3,2,2,322,2.33,Loyal,45-54,Female,South East,Bronze,False
CUST06473,297,8,1943.71,1,4,4,144,3.0,Lost,35-44,Prefer not to say,London,Gold,True
CUST06474,454,8,833.11,1,4,3,143,2.67,Lost,45-54,Male,London,Bronze,True
CUST06475,297,6,878.92,1,3,4,134,2.67,Lost,35-44,Male,London,Platinum,True
CUST06476,193,5,598.03,2,2,3,223,2.33,At Risk,18-24,Prefer not to say,London,Bronze,True
CUST06477,21,5,299.96,4,2,2,422,2.67,Loyal,55-64,Female,North West,Silver,True
CUST06478,227,7,421.11,2,3,2,232,2.33,At Risk,35-44,Male,South East,Bronze,False
CUST06479,72,8,1086.49,3,4,4,344,3.67,Champion,55-64,Male,West Midlands,Bronze,False
CUST06480,34,9,1817.3000000000002,4,4,4,444,4.0,Champion,25-34,Female,Yorkshire,Bronze,True
CUST06481,235,5,920.16,2,2,4,224,2.67,At Risk,55-64,Prefer not to say,South East,Silver,True
CUST06482,293,4,428.95,1,2,2,122,1.67,Lost,18-24,Male,London,Silver,False
CUST06483,34,8,1346.79,4,4,4,444,4.0,Champion,55-64,Female,Yorkshire,Silver,True
CUST06484,50,3,349.77,4,1,2,412,2.33,New Customer,18-24,Prefer not to say,London,Bronze,True
CUST06485,78,3,107.99,3,1,1,311,1.67,New Customer,45-54,Male,South East,Platinum,False
CUST06486,352,7,212.01,1,3,1,131,1.67,Lost,65+,Male,London,Silver,True
CUST06487,298,11,1517.75,1,4,4,144,3.0,Lost,55-64,Prefer not to say,North East,Bronze,True
CUST06488,60,7,774.5,3,3,3,333,3.0,Champion,55-64,Male,North East,Platinum,True
CUST06489,32,11,474.83000000000004,4,4,2,442,3.33,Loyal,55-64,Male,East of England,Bronze,True
CUST06490,60,5,928.5699999999999,3,2,4,324,3.0,Loyal,45-54,Male,West Midlands,Gold,True
CUST06491,48,7,1655.87,4,3,4,434,3.67,Champion,25-34,Prefer not to say,London,Bronze,True
CUST06492,496,5,307.08,1,2,2,122,1.67,Lost,65+,Male,Yorkshire,Platinum,True
CUST06493,328,3,706.99,1,1,3,113,1.67,Lost,18-24,Female,North West,Silver,True
CUST06494,390,5,182.05,1,2,1,121,1.33,Lost,18-24,Prefer not to say,West Midlands,Bronze,True
CUST06495,460,7,610.88,1,3,3,133,2.33,Lost,25-34,Female,London,Silver,True
CUST06496,294,6,484.31,1,3,2,132,2.0,Lost,25-34,Male,Wales,Bronze,False
CUST06497,158,6,215.54000000000002,2,3,1,231,2.0,At Risk,25-34,Female,Wales,Silver,True
CUST06498,20,7,1144.29,4,3,4,434,3.67,Champion,35-44,Female,London,Bronze,False
CUST06499,144,10,1761.1599999999999,2,4,4,244,3.33,At Risk,45-54,Female,West Midlands,Bronze,True
CUST06500,63,5,465.91,3,2,2,322,2.33,Loyal,35-44,Male,South East,Bronze,True
CUST06501,52,8,1405.46,4,4,4,444,4.0,Champion,65+,Female,London,Bronze,True
CUST06502,7,5,782.0600000000001,4,2,3,423,3.0,Loyal,35-44,Female,West Midlands,Gold,True
CUST06503,205,6,436.89,2,3,2,232,2.33,At Risk,18-24,Prefer not to say,West Midlands,Silver,True
CUST06504,96,7,556.23,3,3,3,333,3.0,Champion,25-34,Prefer not to say,East Midlands,Bronze,True
CUST06505,132,3,259.82,2,1,1,211,1.33,Needs Attention,25-34,Female,North West,Bronze,False
CUST06506,917,2,107.11,1,1,1,111,1.0,Lost,25-34,Prefer not to say,North West,Bronze,True
CUST06507,2,11,643.84,4,4,3,443,3.67,Champion,25-34,Female,East of England,Silver,True
CUST06508,288,6,131.32,1,3,1,131,1.67,Lost,18-24,Female,Yorkshire,Silver,False
CUST06509,33,8,371.97,4,4,2,442,3.33,Loyal,18-24,Prefer not to say,East of England,Silver,True
CUST06510,460,4,416.85,1,2,2,122,1.67,Lost,18-24,Prefer not to say,North West,Bronze,True
CUST06511,72,9,507.58000000000004,3,4,2,342,3.0,Loyal,25-34,Prefer not to say,South East,Bronze,True
CUST06512,370,6,304.14,1,3,2,132,2.0,Lost,55-64,Male,East Midlands,Platinum,True
CUST06513,1,4,1621.51,4,2,4,424,3.33,Loyal,65+,Male,London,Silver,False
CUST06514,401,1,51.2,1,1,1,111,1.0,Lost,35-44,Prefer not to say,West Midlands,Silver,False
CUST06515,303,5,811.96,1,2,3,123,2.0,Lost,25-34,Male,North West,Bronze,False
CUST06516,158,5,433.84000000000003,2,2,2,222,2.0,At Risk,18-24,Male,East of England,Silver,True
CUST06517,194,5,2030.33,2,2,4,224,2.67,At Risk,55-64,Female,London,Bronze,False
CUST06518,25,4,192.14,4,2,1,421,2.33,Loyal,18-24,Female,London,Bronze,False
CUST06519,345,2,72.83,1,1,1,111,1.0,Lost,65+,Female,East Midlands,Gold,True
CUST06520,39,11,809.51,4,4,3,443,3.67,Champion,25-34,Female,South East,Gold,True
CUST06521,34,7,1388.97,4,3,4,434,3.67,Champion,18-24,Male,South East,Silver,True
CUST06522,65,6,1896.77,3,3,4,334,3.33,Champion,65+,Male,Wales,Platinum,True
CUST06523,80,5,573.6,3,2,3,323,2.67,Loyal,18-24,Female,South East,Platinum,True
CUST06524,20,9,1193.82,4,4,4,444,4.0,Champion,45-54,Male,North West,Bronze,True
CUST06525,120,8,609.6600000000001,3,4,3,343,3.33,Champion,65+,Prefer not to say,Yorkshire,Gold,True
CUST06526,42,5,807.34,4,2,3,423,3.0,Loyal,35-44,Prefer not to say,London,Silver,True
CUST06527,219,3,127.14000000000001,2,1,1,211,1.33,Needs Attention,65+,Male,South West,Silver,True
CUST06528,24,7,541.1800000000001,4,3,3,433,3.33,Champion,65+,Male,East Midlands,Bronze,True
CUST06529,170,8,1122.1100000000001,2,4,4,244,3.33,At Risk,18-24,Prefer not to say,East of England,Silver,True
CUST06530,15,5,455.15999999999997,4,2,2,422,2.67,Loyal,65+,Prefer not to say,South West,Silver,True
CUST06531,220,6,239.51,2,3,1,231,2.0,At Risk,65+,Female,South West,Silver,True
CUST06532,24,4,376.63,4,2,2,422,2.67,Loyal,18-24,Prefer not to say,London,Bronze,False
CUST06533,432,4,162.09,1,2,1,121,1.33,Lost,45-54,Male,East Midlands,Bronze,True
CUST06534,77,6,925.89,3,3,4,334,3.33,Champion,55-64,Prefer not to say,South East,Silver,True
CUST06535,214,5,385.09,2,2,2,222,2.0,At Risk,18-24,Female,East Midlands,Bronze,True
CUST06536,18,7,708.77,4,3,3,433,3.33,Champion,35-44,Female,East Midlands,Bronze,True
CUST06537,75,8,860.7,3,4,3,343,3.33,Champion,55-64,Male,East Midlands,Bronze,True
CUST06538,62,12,3122.91,3,4,4,344,3.67,Champion,55-64,Prefer not to say,Yorkshire,Bronze,True
CUST06539,61,4,338.79999999999995,3,2,2,322,2.33,Loyal,45-54,Female,London,Gold,True
CUST06540,13,3,127.41,4,1,1,411,2.0,New Customer,35-44,Prefer not to say,North West,Silver,True
CUST06541,106,2,236.51999999999998,3,1,1,311,1.67,New Customer,45-54,Female,London,Silver,True
CUST06542,51,4,109.83999999999999,4,2,1,421,2.33,Loyal,35-44,Prefer not to say,London,Gold,True
CUST06543,114,4,972.3899999999999,3,2,4,324,3.0,Loyal,55-64,Female,South East,Bronze,True
CUST06544,74,10,1011.98,3,4,4,344,3.67,Champion,45-54,Prefer not to say,Yorkshire,Bronze,True
CUST06545,140,6,313.84,2,3,2,232,2.33,At Risk,45-54,Prefer not to say,East Midlands,Silver,True
CUST06546,77,7,890.45,3,3,4,334,3.33,Champion,25-34,Male,London,Silver,True
CUST06547,201,7,433.29,2,3,2,232,2.33,At Risk,65+,Female,London,Platinum,True
CUST06548,30,4,950.65,4,2,4,424,3.33,Loyal,65+,Prefer not to say,Yorkshire,Silver,True
CUST06549,44,7,590.5500000000001,4,3,3,433,3.33,Champion,18-24,Female,North West,Silver,False
CUST06550,15,5,568.51,4,2,3,423,3.0,Loyal,25-34,Female,South West,Bronze,True
CUST06551,732,4,502.72999999999996,1,2,2,122,1.67,Lost,55-64,Female,North East,Bronze,True
CUST06552,340,5,533.53,1,2,3,123,2.0,Lost,55-64,Female,North West,Bronze,True
CUST06553,221,7,363.49999999999994,2,3,2,232,2.33,At Risk,55-64,Prefer not to say,London,Gold,True
CUST06554,161,9,581.91,2,4,3,243,3.0,At Risk,35-44,Prefer not to say,South East,Gold,True
CUST06555,279,7,586.44,1,3,3,133,2.33,Lost,18-24,Female,South East,Silver,True
CUST06556,39,3,674.34,4,1,3,413,2.67,New Customer,45-54,Female,South West,Bronze,True
CUST06557,59,6,271.22,3,3,1,331,2.33,Loyal,25-34,Male,Scotland,Bronze,True
CUST06558,133,4,665.05,2,2,3,223,2.33,At Risk,45-54,Female,North West,Bronze,True
CUST06559,219,5,475.87,2,2,2,222,2.0,At Risk,45-54,Prefer not to say,South East,Bronze,True
CUST06560,240,4,618.48,2,2,3,223,2.33,At Risk,18-24,Prefer not to say,London,Bronze,True
CUST06561,130,7,507.76,3,3,2,332,2.67,Loyal,25-34,Prefer not to say,West Midlands,Bronze,True
CUST06562,79,7,2736.8199999999997,3,3,4,334,3.33,Champion,45-54,Female,South East,Bronze,True
CUST06563,279,4,422.0,1,2,2,122,1.67,Lost,35-44,Prefer not to say,North West,Platinum,False
CUST06564,56,5,505.41,3,2,2,322,2.33,Loyal,25-34,Male,West Midlands,Gold,True
CUST06565,12,14,1176.98,4,4,4,444,4.0,Champion,35-44,Prefer not to say,South West,Silver,True
CUST06566,172,5,332.49,2,2,2,222,2.0,At Risk,25-34,Male,Yorkshire,Bronze,True
CUST06567,26,7,994.6600000000001,4,3,4,434,3.67,Champion,25-34,Prefer not to say,East Midlands,Silver,True
CUST06568,590,1,63.71,1,1,1,111,1.0,Lost,25-34,Female,South East,Bronze,True
CUST06569,479,4,466.13,1,2,2,122,1.67,Lost,35-44,Prefer not to say,East of England,Bronze,True
CUST06570,146,6,330.42,2,3,2,232,2.33,At Risk,25-34,Male,London,Bronze,True
CUST06571,79,5,180.89999999999998,3,2,1,321,2.0,Loyal,65+,Female,South East,Bronze,False
CUST06572,134,6,804.6800000000001,2,3,3,233,2.67,At Risk,25-34,Male,East Midlands,Bronze,True
CUST06573,351,4,258.98,1,2,1,121,1.33,Lost,55-64,Prefer not to say,London,Gold,False
CUST06574,573,3,171.34,1,1,1,111,1.0,Lost,45-54,Female,Yorkshire,Gold,True
CUST06575,198,6,229.52,2,3,1,231,2.0,At Risk,18-24,Male,East of England,Silver,True
CUST06576,350,9,597.78,1,4,3,143,2.67,Lost,18-24,Prefer not to say,Wales,Bronze,True
CUST06577,4,7,887.13,4,3,4,434,3.67,Champion,18-24,Male,Scotland,Bronze,True
CUST06578,456,5,404.08,1,2,2,122,1.67,Lost,45-54,Female,South East,Bronze,True
CUST06579,223,8,2196.22,2,4,4,244,3.33,At Risk,55-64,Prefer not to say,West Midlands,Silver,False
CUST06580,79,6,341.87,3,3,2,332,2.67,Loyal,25-34,Prefer not to say,London,Gold,False
CUST06581,546,5,316.31,1,2,2,122,1.67,Lost,45-54,Female,South West,Bronze,True
CUST06582,101,6,666.05,3,3,3,333,3.0,Champion,45-54,Prefer not to say,North West,Bronze,True
CUST06583,27,9,1314.26,4,4,4,444,4.0,Champion,65+,Female,South West,Bronze,True
CUST06584,7,8,1054.81,4,4,4,444,4.0,Champion,45-54,Female,East of England,Bronze,True
CUST06585,165,8,843.52,2,4,3,243,3.0,At Risk,45-54,Prefer not to say,West Midlands,Bronze,False
CUST06586,89,9,860.5400000000001,3,4,3,343,3.33,Champion,35-44,Male,London,Bronze,True
CUST06587,477,2,19.91,1,1,1,111,1.0,Lost,45-54,Female,North West,Bronze,True
CUST06588,63,8,1362.15,3,4,4,344,3.67,Champion,35-44,Female,South East,Bronze,True
CUST06589,151,6,660.53,2,3,3,233,2.67,At Risk,35-44,Prefer not to say,Yorkshire,Platinum,False
CUST06590,48,6,400.53999999999996,4,3,2,432,3.0,Loyal,65+,Female,East Midlands,Platinum,True
CUST06591,695,5,93.28,1,2,1,121,1.33,Lost,65+,Prefer not to say,North West,Bronze,True
CUST06592,147,6,259.49,2,3,1,231,2.0,At Risk,55-64,Prefer not to say,South East,Platinum,True
CUST06593,158,9,611.64,2,4,3,243,3.0,At Risk,45-54,Male,West Midlands,Silver,True
CUST06594,468,8,661.34,1,4,3,143,2.67,Lost,18-24,Male,London,Silver,True
CUST06595,68,7,660.81,3,3,3,333,3.0,Champion,45-54,Female,West Midlands,Bronze,True
CUST06596,97,5,679.8000000000001,3,2,3,323,2.67,Loyal,35-44,Female,Yorkshire,Platinum,False
CUST06597,34,7,533.35,4,3,3,433,3.33,Champion,45-54,Male,North West,Bronze,True
CUST06598,95,6,444.1,3,3,2,332,2.67,Loyal,55-64,Prefer not to say,East of England,Bronze,True
CUST06599,223,10,896.15,2,4,4,244,3.33,At Risk,18-24,Prefer not to say,East of England,Platinum,True
CUST06600,97,6,185.24,3,3,1,331,2.33,Loyal,55-64,Male,East of England,Silver,True
CUST06601,42,10,1654.21,4,4,4,444,4.0,Champion,18-24,Female,South East,Silver,True
CUST06602,74,8,1226.1499999999999,3,4,4,344,3.67,Champion,55-64,Male,South East,Silver,True
CUST06603,124,7,588.0899999999999,3,3,3,333,3.0,Champion,65+,Female,London,Silver,False
CUST06604,152,6,471.9200000000001,2,3,2,232,2.33,At Risk,35-44,Male,North West,Gold,True
CUST06605,155,2,163.82999999999998,2,1,1,211,1.33,Needs Attention,18-24,Prefer not to say,North West,Bronze,True
CUST06606,414,1,2.29,1,1,1,111,1.0,Lost,35-44,Female,South West,Bronze,True
CUST06607,231,5,515.03,2,2,3,223,2.33,At Risk,18-24,Male,West Midlands,Bronze,True
CUST06608,107,6,414.40999999999997,3,3,2,332,2.67,Loyal,18-24,Female,North West,Bronze,True
CUST06609,313,4,424.47,1,2,2,122,1.67,Lost,25-34,Prefer not to say,London,Silver,False
CUST06610,279,5,294.90999999999997,1,2,2,122,1.67,Lost,45-54,Prefer not to say,South West,Gold,False
CUST06611,146,2,148.89000000000001,2,1,1,211,1.33,Needs Attention,45-54,Prefer not to say,South West,Bronze,True
CUST06612,407,3,118.07,1,1,1,111,1.0,Lost,25-34,Female,West Midlands,Bronze,True
CUST06613,374,4,217.58,1,2,1,121,1.33,Lost,65+,Male,London,Bronze,False
CUST06614,187,5,982.23,2,2,4,224,2.67,At Risk,35-44,Male,South East,Platinum,True
CUST06615,100,4,1639.8400000000001,3,2,4,324,3.0,Loyal,45-54,Male,South West,Silver,True
CUST06616,22,7,1031.9199999999998,4,3,4,434,3.67,Champion,35-44,Prefer not to say,London,Bronze,False
CUST06617,177,7,529.85,2,3,3,233,2.67,At Risk,18-24,Female,South West,Platinum,True
CUST06618,50,7,1545.83,4,3,4,434,3.67,Champion,35-44,Male,London,Gold,True
CUST06619,553,4,168.07,1,2,1,121,1.33,Lost,65+,Female,London,Bronze,True
CUST06620,226,3,524.27,2,1,3,213,2.0,Needs Attention,65+,Prefer not to say,West Midlands,Silver,False
CUST06621,69,6,348.12,3,3,2,332,2.67,Loyal,18-24,Female,West Midlands,Bronze,True
CUST06622,4,6,325.47,4,3,2,432,3.0,Loyal,18-24,Female,London,Bronze,True
CUST06623,48,8,698.2,4,4,3,443,3.67,Champion,25-34,Prefer not to say,South West,Silver,True
CUST06624,830,3,575.79,1,1,3,113,1.67,Lost,18-24,Prefer not to say,North East,Silver,True
CUST06625,382,4,816.47,1,2,3,123,2.0,Lost,45-54,Prefer not to say,West Midlands,Bronze,True
CUST06626,192,5,266.21,2,2,1,221,1.67,At Risk,35-44,Prefer not to say,South East,Bronze,True
CUST06627,34,4,236.31,4,2,1,421,2.33,Loyal,25-34,Female,East Midlands,Bronze,True
CUST06628,21,6,1953.77,4,3,4,434,3.67,Champion,45-54,Male,South East,Silver,True
CUST06629,976,3,813.12,1,1,3,113,1.67,Lost,35-44,Prefer not to say,Scotland,Silver,True
CUST06630,262,4,424.23,1,2,2,122,1.67,Lost,65+,Prefer not to say,London,Bronze,True
CUST06631,92,6,440.19,3,3,2,332,2.67,Loyal,65+,Male,South East,Gold,True
CUST06632,78,7,592.59,3,3,3,333,3.0,Champion,18-24,Female,West Midlands,Gold,True
CUST06633,202,7,540.33,2,3,3,233,2.67,At Risk,45-54,Female,East of England,Gold,True
CUST06634,360,7,521.87,1,3,3,133,2.33,Lost,35-44,Female,Yorkshire,Gold,True
CUST06635,206,5,165.69,2,2,1,221,1.67,At Risk,65+,Female,London,Bronze,True
CUST06636,170,8,500.54,2,4,2,242,2.67,At Risk,45-54,Prefer not to say,South East,Gold,True
CUST06637,76,6,1290.5,3,3,4,334,3.33,Champion,55-64,Female,South East,Silver,True
CUST06638,741,5,420.36,1,2,2,122,1.67,Lost,25-34,Female,London,Bronze,True
CUST06639,161,8,1163.8700000000001,2,4,4,244,3.33,At Risk,35-44,Prefer not to say,West Midlands,Bronze,True
CUST06640,47,8,1092.46,4,4,4,444,4.0,Champion,18-24,Prefer not to say,East of England,Bronze,True
CUST06641,328,6,305.42,1,3,2,132,2.0,Lost,55-64,Female,London,Silver,False
CUST06642,9,6,292.55,4,3,2,432,3.0,Loyal,65+,Male,London,Bronze,True
CUST06643,33,5,521.11,4,2,3,423,3.0,Loyal,55-64,Male,Yorkshire,Bronze,True
CUST06644,6,4,742.26,4,2,3,423,3.0,Loyal,35-44,Prefer not to say,London,Silver,True
CUST06645,60,6,665.57,3,3,3,333,3.0,Champion,18-24,Male,South West,Gold,False
CUST06646,12,7,1431.3,4,3,4,434,3.67,Champion,45-54,Female,East Midlands,Bronze,True
CUST06647,18,6,120.41,4,3,1,431,2.67,Loyal,25-34,Male,North West,Gold,True
CUST06648,437,2,366.12,1,1,2,112,1.33,Lost,55-64,Female,Scotland,Bronze,True
CUST06649,280,4,1057.95,1,2,4,124,2.33,Lost,55-64,Female,Scotland,Gold,True
CUST06650,195,7,172.14,2,3,1,231,2.0,At Risk,55-64,Prefer not to say,Wales,Bronze,False
CUST06651,273,11,1053.56,1,4,4,144,3.0,Lost,18-24,Male,East of England,Bronze,True
CUST06652,466,3,80.71,1,1,1,111,1.0,Lost,18-24,Prefer not to say,North West,Gold,True
CUST06653,340,3,474.87,1,1,2,112,1.33,Lost,35-44,Male,South East,Gold,True
CUST06654,241,6,137.89999999999998,2,3,1,231,2.0,At Risk,18-24,Prefer not to say,Yorkshire,Gold,True
CUST06655,40,7,969.3,4,3,4,434,3.67,Champion,18-24,Prefer not to say,West Midlands,Silver,True
CUST06656,53,7,527.53,4,3,3,433,3.33,Champion,45-54,Female,West Midlands,Bronze,True
CUST06657,31,6,451.26,4,3,2,432,3.0,Loyal,55-64,Prefer not to say,London,Silver,True
CUST06658,293,4,321.71,1,2,2,122,1.67,Lost,65+,Male,South East,Silver,True
CUST06659,74,8,317.5,3,4,2,342,3.0,Loyal,45-54,Male,East of England,Silver,True
CUST06660,176,5,428.37,2,2,2,222,2.0,At Risk,65+,Male,London,Platinum,True
CUST06661,103,6,1072.19,3,3,4,334,3.33,Champion,45-54,Male,East Midlands,Silver,True
CUST06662,321,6,764.4300000000001,1,3,3,133,2.33,Lost,25-34,Male,Scotland,Gold,True
CUST06663,403,4,204.22,1,2,1,121,1.33,Lost,18-24,Female,South East,Bronze,True
CUST06664,196,8,691.9399999999999,2,4,3,243,3.0,At Risk,18-24,Prefer not to say,London,Bronze,True
CUST06665,170,7,921.47,2,3,4,234,3.0,At Risk,25-34,Prefer not to say,South East,Silver,True
CUST06666,488,3,320.87,1,1,2,112,1.33,Lost,55-64,Female,West Midlands,Silver,False
CUST06667,146,6,225.14,2,3,1,231,2.0,At Risk,65+,Male,Yorkshire,Gold,True
CUST06668,11,3,998.36,4,1,4,414,3.0,New Customer,65+,Female,East of England,Platinum,True
CUST06669,6,10,424.81,4,4,2,442,3.33,Loyal,45-54,Male,Yorkshire,Gold,True
CUST06670,57,5,1365.44,3,2,4,324,3.0,Loyal,35-44,Male,East of England,Silver,True
CUST06671,361,2,17.57,1,1,1,111,1.0,Lost,35-44,Female,East Midlands,Bronze,True
CUST06672,64,6,531.99,3,3,3,333,3.0,Champion,65+,Prefer not to say,London,Silver,True
CUST06673,4,9,1034.01,4,4,4,444,4.0,Champion,35-44,Prefer not to say,London,Silver,True
CUST06674,27,10,1155.04,4,4,4,444,4.0,Champion,35-44,Female,London,Bronze,False
CUST06675,148,9,1589.3999999999999,2,4,4,244,3.33,At Risk,18-24,Female,North West,Silver,True
CUST06676,480,2,248.39,1,1,1,111,1.0,Lost,35-44,Prefer not to say,South West,Silver,True
CUST06677,139,3,206.79,2,1,1,211,1.33,Needs Attention,45-54,Female,Yorkshire,Gold,True
CUST06678,151,6,473.0,2,3,2,232,2.33,At Risk,18-24,Prefer not to say,South West,Silver,True
CUST06679,98,3,308.69,3,1,2,312,2.0,New Customer,55-64,Male,London,Silver,False
CUST06680,77,6,392.40000000000003,3,3,2,332,2.67,Loyal,35-44,Male,North East,Silver,True
CUST06681,407,11,514.28,1,4,3,143,2.67,Lost,25-34,Prefer not to say,West Midlands,Bronze,True
CUST06682,2,11,1023.2800000000001,4,4,4,444,4.0,Champion,35-44,Female,London,Gold,True
CUST06683,19,5,1433.8200000000002,4,2,4,424,3.33,Loyal,65+,Prefer not to say,South East,Silver,True
CUST06684,21,4,550.14,4,2,3,423,3.0,Loyal,65+,Female,East Midlands,Platinum,True
CUST06685,5,4,415.63,4,2,2,422,2.67,Loyal,45-54,Prefer not to say,London,Silver,False
CUST06686,61,3,442.64,3,1,2,312,2.0,New Customer,55-64,Male,West Midlands,Bronze,True
CUST06687,200,9,1378.06,2,4,4,244,3.33,At Risk,25-34,Male,Yorkshire,Silver,True
CUST06688,43,6,661.3499999999999,4,3,3,433,3.33,Champion,45-54,Male,East of England,Bronze,False
CUST06689,745,5,456.07,1,2,2,122,1.67,Lost,35-44,Prefer not to say,London,Silver,True
CUST06690,227,2,320.51,2,1,2,212,1.67,Needs Attention,45-54,Male,South East,Gold,True
CUST06691,221,3,202.64000000000001,2,1,1,211,1.33,Needs Attention,25-34,Female,East of England,Bronze,True
CUST06692,507,2,234.0,1,1,1,111,1.0,Lost,45-54,Prefer not to say,North East,Bronze,True
CUST06693,69,6,169.14000000000001,3,3,1,331,2.33,Loyal,65+,Prefer not to say,London,Bronze,True
CUST06694,241,4,217.3,2,2,1,221,1.67,At Risk,65+,Female,South West,Gold,True
CUST06695,585,4,41.76,1,2,1,121,1.33,Lost,25-34,Female,South West,Bronze,True
CUST06696,560,4,249.37,1,2,1,121,1.33,Lost,45-54,Prefer not to say,South East,Gold,False
CUST06697,138,4,548.13,2,2,3,223,2.33,At Risk,55-64,Male,South East,Silver,True
CUST06698,267,7,1135.03,1,3,4,134,2.67,Lost,45-54,Prefer not to say,South East,Platinum,True
CUST06699,90,4,116.67,3,2,1,321,2.0,Loyal,45-54,Male,South West,Bronze,True
CUST06700,253,6,596.23,2,3,3,233,2.67,At Risk,18-24,Male,London,Silver,True
CUST06701,210,5,285.85,2,2,2,222,2.0,At Risk,65+,Female,London,Silver,True
CUST06702,233,4,602.97,2,2,3,223,2.33,At Risk,25-34,Male,South East,Silver,True
CUST06703,534,5,752.39,1,2,3,123,2.0,Lost,45-54,Female,West Midlands,Gold,True
CUST06704,5,4,297.55,4,2,2,422,2.67,Loyal,45-54,Male,South West,Gold,True
CUST06705,104,7,635.66,3,3,3,333,3.0,Champion,18-24,Female,South East,Bronze,True
CUST06706,57,5,634.4499999999999,3,2,3,323,2.67,Loyal,18-24,Prefer not to say,Yorkshire,Bronze,True
CUST06707,204,6,491.63,2,3,2,232,2.33,At Risk,45-54,Female,London,Silver,False
CUST06708,259,7,819.45,1,3,3,133,2.33,Lost,55-64,Female,East of England,Gold,True
CUST06709,21,7,922.54,4,3,4,434,3.67,Champion,18-24,Male,North East,Bronze,True
CUST06710,156,6,406.08,2,3,2,232,2.33,At Risk,25-34,Female,London,Silver,True
CUST06711,80,6,381.12,3,3,2,332,2.67,Loyal,25-34,Prefer not to say,North West,Bronze,True
CUST06712,2,7,191.11,4,3,1,431,2.67,Loyal,18-24,Prefer not to say,North East,Gold,False
CUST06713,61,8,483.72,3,4,2,342,3.0,Loyal,35-44,Male,London,Silver,True
CUST06714,284,4,692.15,1,2,3,123,2.0,Lost,35-44,Female,North East,Bronze,True
CUST06715,8,9,728.82,4,4,3,443,3.67,Champion,18-24,Male,Wales,Silver,True
CUST06716,94,6,378.51,3,3,2,332,2.67,Loyal,35-44,Male,London,Bronze,True
CUST06717,39,7,686.6600000000001,4,3,3,433,3.33,Champion,45-54,Prefer not to say,West Midlands,Platinum,True
CUST06718,199,7,1040.6100000000001,2,3,4,234,3.0,At Risk,55-64,Male,London,Silver,False
CUST06719,302,2,1790.96,1,1,4,114,2.0,Lost,25-34,Prefer not to say,South East,Gold,True
CUST06720,224,7,833.11,2,3,3,233,2.67,At Risk,65+,Prefer not to say,North West,Silver,False
CUST06721,760,6,447.91,1,3,2,132,2.0,Lost,35-44,Male,East Midlands,Silver,True
CUST06722,23,4,388.46,4,2,2,422,2.67,Loyal,65+,Prefer not to say,Yorkshire,Bronze,True
CUST06723,62,8,409.33,3,4,2,342,3.0,Loyal,25-34,Female,London,Bronze,True
CUST06724,86,9,850.8100000000001,3,4,3,343,3.33,Champion,65+,Male,South East,Bronze,True
CUST06725,126,4,605.73,3,2,3,323,2.67,Loyal,45-54,Female,London,Silver,True
CUST06726,696,4,308.34,1,2,2,122,1.67,Lost,45-54,Female,North East,Bronze,True
CUST06727,142,8,904.61,2,4,4,244,3.33,At Risk,55-64,Female,London,Silver,True
CUST06728,88,5,294.63,3,2,2,322,2.33,Loyal,55-64,Prefer not to say,London,Bronze,True
CUST06729,39,7,1266.17,4,3,4,434,3.67,Champion,35-44,Female,London,Silver,False
CUST06730,270,3,117.56,1,1,1,111,1.0,Lost,35-44,Male,West Midlands,Bronze,True
CUST06731,506,5,612.03,1,2,3,123,2.0,Lost,25-34,Prefer not to say,South East,Bronze,True
CUST06732,6,6,439.41999999999996,4,3,2,432,3.0,Loyal,35-44,Male,London,Silver,False
CUST06733,258,4,160.07999999999998,2,2,1,221,1.67,At Risk,45-54,Prefer not to say,South East,Silver,True
CUST06734,189,7,1204.95,2,3,4,234,3.0,At Risk,45-54,Male,West Midlands,Gold,True
CUST06735,361,5,492.32,1,2,2,122,1.67,Lost,35-44,Prefer not to say,London,Bronze,False
CUST06736,56,10,949.63,3,4,4,344,3.67,Champion,35-44,Female,London,Silver,True
CUST06737,38,6,805.36,4,3,3,433,3.33,Champion,25-34,Female,South East,Silver,True
CUST06738,39,5,251.27,4,2,1,421,2.33,Loyal,45-54,Prefer not to say,East Midlands,Silver,True
CUST06739,17,5,473.14000000000004,4,2,2,422,2.67,Loyal,35-44,Male,London,Silver,True
CUST06740,22,12,1213.71,4,4,4,444,4.0,Champion,25-34,Male,East of England,Silver,True
CUST06741,190,3,199.83999999999997,2,1,1,211,1.33,Needs Attention,65+,Female,London,Bronze,True
CUST06742,557,2,190.81,1,1,1,111,1.0,Lost,55-64,Female,North West,Bronze,False
CUST06743,168,5,762.1600000000001,2,2,3,223,2.33,At Risk,35-44,Male,Wales,Bronze,True
CUST06744,95,10,1063.21,3,4,4,344,3.67,Champion,18-24,Male,Scotland,Bronze,True
CUST06745,293,5,102.39,1,2,1,121,1.33,Lost,35-44,Male,East of England,Gold,True
CUST06746,235,9,3407.29,2,4,4,244,3.33,At Risk,45-54,Male,North West,Bronze,False
CUST06747,11,7,1673.72,4,3,4,434,3.67,Champion,65+,Female,West Midlands,Silver,False
CUST06748,79,3,994.2,3,1,4,314,2.67,New Customer,35-44,Prefer not to say,North West,Bronze,True
CUST06749,69,3,137.52,3,1,1,311,1.67,New Customer,35-44,Prefer not to say,South East,Bronze,True
CUST06750,89,7,405.19,3,3,2,332,2.67,Loyal,65+,Male,Scotland,Gold,True
CUST06751,176,8,432.56,2,4,2,242,2.67,At Risk,55-64,Female,North East,Gold,True
CUST06752,97,6,489.44,3,3,2,332,2.67,Loyal,18-24,Male,London,Gold,True
CUST06753,54,5,388.61,3,2,2,322,2.33,Loyal,55-64,Male,East of England,Silver,True
CUST06754,42,5,649.09,4,2,3,423,3.0,Loyal,25-34,Female,West Midlands,Gold,True
CUST06755,33,7,1108.68,4,3,4,434,3.67,Champion,35-44,Male,Yorkshire,Bronze,True
CUST06756,27,10,1355.28,4,4,4,444,4.0,Champion,45-54,Female,Wales,Platinum,False
CUST06757,64,6,2109.72,3,3,4,334,3.33,Champion,65+,Female,North East,Bronze,True
CUST06758,28,6,655.96,4,3,3,433,3.33,Champion,55-64,Male,London,Silver,False
CUST06759,252,7,452.63,2,3,2,232,2.33,At Risk,45-54,Female,South East,Bronze,True
CUST06760,151,4,153.88,2,2,1,221,1.67,At Risk,55-64,Male,East of England,Bronze,True
CUST06761,31,4,514.35,4,2,3,423,3.0,Loyal,25-34,Male,South East,Gold,True
CUST06762,42,8,1307.47,4,4,4,444,4.0,Champion,18-24,Female,South East,Silver,True
CUST06763,278,5,699.1099999999999,1,2,3,123,2.0,Lost,45-54,Female,East Midlands,Silver,True
CUST06764,33,4,259.36,4,2,1,421,2.33,Loyal,55-64,Prefer not to say,East of England,Gold,False
CUST06765,7,8,796.49,4,4,3,443,3.67,Champion,18-24,Male,North West,Bronze,True
CUST06766,667,6,445.62,1,3,2,132,2.0,Lost,65+,Prefer not to say,Wales,Bronze,True
CUST06767,20,9,1622.3799999999999,4,4,4,444,4.0,Champion,65+,Prefer not to say,Yorkshire,Bronze,True
CUST06768,172,9,531.46,2,4,3,243,3.0,At Risk,18-24,Male,Yorkshire,Bronze,True
CUST06769,104,7,1264.06,3,3,4,334,3.33,Champion,55-64,Female,Wales,Bronze,True
CUST06770,85,6,1195.95,3,3,4,334,3.33,Champion,25-34,Male,West Midlands,Bronze,True
CUST06771,313,6,1139.15,1,3,4,134,2.67,Lost,65+,Prefer not to say,South West,Gold,True
CUST06772,110,10,871.33,3,4,4,344,3.67,Champion,35-44,Female,East Midlands,Silver,True
CUST06773,27,6,998.05,4,3,4,434,3.67,Champion,55-64,Female,South East,Bronze,True
CUST06774,443,2,434.84,1,1,2,112,1.33,Lost,25-34,Male,West Midlands,Platinum,True
CUST06775,199,3,294.35,2,1,2,212,1.67,Needs Attention,18-24,Male,South East,Gold,True
CUST06776,25,6,398.63,4,3,2,432,3.0,Loyal,65+,Prefer not to say,South West,Silver,True
CUST06777,65,2,30.730000000000004,3,1,1,311,1.67,New Customer,65+,Prefer not to say,West Midlands,Bronze,True
CUST06778,73,6,764.4100000000001,3,3,3,333,3.0,Champion,18-24,Female,North West,Silver,True
CUST06779,61,7,1221.8400000000001,3,3,4,334,3.33,Champion,35-44,Prefer not to say,London,Bronze,True
CUST06780,89,9,779.9000000000001,3,4,3,343,3.33,Champion,35-44,Female,London,Bronze,True
CUST06781,383,6,1841.3000000000002,1,3,4,134,2.67,Lost,25-34,Male,South East,Bronze,True
CUST06782,89,5,245.79000000000002,3,2,1,321,2.0,Loyal,65+,Prefer not to say,Yorkshire,Gold,False
CUST06783,158,4,494.03,2,2,2,222,2.0,At Risk,35-44,Female,East of England,Gold,True
CUST06784,2,9,595.46,4,4,3,443,3.67,Champion,18-24,Prefer not to say,South East,Bronze,True
CUST06785,135,6,1013.08,2,3,4,234,3.0,At Risk,65+,Male,South East,Bronze,True
CUST06786,49,4,428.65,4,2,2,422,2.67,Loyal,55-64,Prefer not to say,North East,Bronze,True
CUST06787,229,5,299.99,2,2,2,222,2.0,At Risk,18-24,Prefer not to say,East of England,Silver,True
CUST06788,930,3,98.94,1,1,1,111,1.0,Lost,35-44,Prefer not to say,West Midlands,Bronze,True
CUST06789,7,8,147.01999999999998,4,4,1,441,3.0,Loyal,55-64,Female,East of England,Bronze,False
CUST06790,110,7,252.35999999999999,3,3,1,331,2.33,Loyal,55-64,Male,East of England,Bronze,True
CUST06791,556,4,161.77,1,2,1,121,1.33,Lost,65+,Female,North West,Bronze,True
CUST06792,101,2,32.8,3,1,1,311,1.67,New Customer,45-54,Female,London,Platinum,True
CUST06793,81,6,328.73,3,3,2,332,2.67,Loyal,55-64,Prefer not to say,East of England,Silver,True
CUST06794,164,6,1483.9199999999998,2,3,4,234,3.0,At Risk,45-54,Female,South West,Bronze,True
CUST06795,98,5,258.38,3,2,1,321,2.0,Loyal,65+,Male,South West,Gold,False
CUST06796,25,7,1462.69,4,3,4,434,3.67,Champion,25-34,Prefer not to say,East of England,Silver,False
CUST06797,79,5,369.78,3,2,2,322,2.33,Loyal,18-24,Prefer not to say,Scotland,Bronze,True
CUST06798,222,1,8.89,2,1,1,211,1.33,Needs Attention,35-44,Prefer not to say,North West,Gold,True
CUST06799,166,8,761.73,2,4,3,243,3.0,At Risk,65+,Male,West Midlands,Silver,False
CUST06800,105,5,326.76,3,2,2,322,2.33,Loyal,65+,Male,Scotland,Silver,True
CUST06801,165,6,761.51,2,3,3,233,2.67,At Risk,55-64,Male,East of England,Bronze,True
CUST06802,119,4,350.96000000000004,3,2,2,322,2.33,Loyal,35-44,Male,London,Platinum,True
CUST06803,202,5,305.26,2,2,2,222,2.0,At Risk,18-24,Female,East Midlands,Silver,True
CUST06804,40,6,342.32,4,3,2,432,3.0,Loyal,55-64,Female,North East,Gold,False
CUST06805,47,7,219.46,4,3,1,431,2.67,Loyal,35-44,Female,London,Gold,True
CUST06806,2,9,849.67,4,4,3,443,3.67,Champion,18-24,Female,West Midlands,Platinum,True
CUST06807,490,3,45.82,1,1,1,111,1.0,Lost,35-44,Male,North West,Gold,True
CUST06808,203,12,1355.8600000000001,2,4,4,244,3.33,At Risk,65+,Female,London,Silver,True
CUST06809,405,6,510.82,1,3,3,133,2.33,Lost,18-24,Prefer not to say,East of England,Bronze,False
CUST06810,391,4,325.1,1,2,2,122,1.67,Lost,25-34,Male,North West,Gold,False
CUST06811,249,8,1141.84,2,4,4,244,3.33,At Risk,45-54,Prefer not to say,South East,Gold,True
CUST06812,121,7,701.1999999999999,3,3,3,333,3.0,Champion,65+,Prefer not to say,South East,Platinum,True
CUST06813,290,5,342.73,1,2,2,122,1.67,Lost,65+,Female,North West,Silver,True
CUST06814,188,7,524.41,2,3,3,233,2.67,At Risk,18-24,Prefer not to say,South East,Gold,True
CUST06815,89,6,1023.12,3,3,4,334,3.33,Champion,18-24,Male,South East,Gold,False
CUST06816,38,8,1030.14,4,4,4,444,4.0,Champion,35-44,Male,South East,Silver,False
CUST06817,78,10,662.83,3,4,3,343,3.33,Champion,45-54,Female,Yorkshire,Silver,True
CUST06818,50,3,540.83,4,1,3,413,2.67,New Customer,45-54,Prefer not to say,West Midlands,Bronze,False
CUST06819,108,5,98.53,3,2,1,321,2.0,Loyal,45-54,Male,North West,Gold,True
CUST06820,161,8,554.79,2,4,3,243,3.0,At Risk,65+,Prefer not to say,South East,Silver,True
CUST06821,38,7,640.66,4,3,3,433,3.33,Champion,45-54,Prefer not to say,London,Bronze,True
CUST06822,5,7,761.13,4,4,3,443,3.67,Champion,35-44,Male,South West,Bronze,True
CUST06823,119,12,1014.64,3,4,4,344,3.67,Champion,65+,Prefer not to say,London,Bronze,True
CUST06824,49,3,50.52,4,1,1,411,2.0,New Customer,18-24,Female,London,Bronze,False
CUST06825,41,9,1425.45,4,4,4,444,4.0,Champion,65+,Prefer not to say,East of England,Bronze,False
CUST06826,30,6,633.51,4,3,3,433,3.33,Champion,25-34,Female,Wales,Bronze,True
CUST06827,183,7,1782.93,2,4,4,244,3.33,At Risk,55-64,Female,East of England,Platinum,True
CUST06828,94,6,417.79,3,3,2,332,2.67,Loyal,18-24,Male,Scotland,Bronze,True
CUST06829,161,4,196.95999999999998,2,2,1,221,1.67,At Risk,25-34,Prefer not to say,South East,Gold,False
CUST06830,200,4,210.54000000000002,2,2,1,221,1.67,At Risk,65+,Prefer not to say,East of England,Bronze,True
CUST06831,238,6,571.84,2,3,3,233,2.67,At Risk,18-24,Prefer not to say,South East,Silver,True
CUST06832,62,8,542.06,3,4,3,343,3.33,Champion,25-34,Male,West Midlands,Silver,True
CUST06833,40,9,1358.86,4,4,4,444,4.0,Champion,18-24,Male,London,Bronze,True
CUST06834,372,2,163.53,1,1,1,111,1.0,Lost,45-54,Prefer not to say,South East,Gold,False
CUST06835,67,5,712.7400000000001,3,2,3,323,2.67,Loyal,55-64,Male,East Midlands,Silver,False
CUST06836,116,6,913.19,3,3,4,334,3.33,Champion,35-44,Female,Yorkshire,Bronze,True
CUST06837,80,8,1076.5,3,4,4,344,3.67,Champion,45-54,Female,East Midlands,Gold,True
CUST06838,282,4,152.33,1,2,1,121,1.33,Lost,45-54,Female,South West,Bronze,True
CUST06839,85,8,1611.6699999999998,3,4,4,344,3.67,Champion,18-24,Female,South East,Bronze,True
CUST06840,386,4,587.22,1,2,3,123,2.0,Lost,18-24,Female,West Midlands,Bronze,True
CUST06841,124,2,259.92,3,1,1,311,1.67,New Customer,45-54,Female,West Midlands,Platinum,True
CUST06842,155,7,587.21,2,4,3,243,3.0,At Risk,65+,Prefer not to say,North West,Silver,True
CUST06843,319,13,1180.32,1,4,4,144,3.0,Lost,18-24,Male,East of England,Bronze,True
CUST06844,427,3,57.980000000000004,1,1,1,111,1.0,Lost,35-44,Prefer not to say,East Midlands,Bronze,True
CUST06845,32,7,412.14,4,4,2,442,3.33,Loyal,65+,Male,North West,Silver,True
CUST06846,64,6,584.34,3,3,3,333,3.0,Champion,45-54,Female,Wales,Gold,True
CUST06847,210,7,630.3,2,4,3,243,3.0,At Risk,35-44,Female,London,Bronze,True
CUST06848,217,6,230.28,2,3,1,231,2.0,At Risk,35-44,Prefer not to say,London,Silver,True
CUST06849,233,8,1974.06,2,4,4,244,3.33,At Risk,35-44,Prefer not to say,West Midlands,Bronze,True
CUST06850,201,6,659.0500000000001,2,3,3,233,2.67,At Risk,65+,Female,West Midlands,Silver,True
CUST06851,40,3,119.60000000000001,4,1,1,411,2.0,New Customer,55-64,Female,North West,Gold,True
CUST06852,204,9,1060.67,2,4,4,244,3.33,At Risk,18-24,Female,West Midlands,Bronze,True
CUST06853,14,3,164.10000000000002,4,1,1,411,2.0,New Customer,65+,Male,East of England,Gold,True
CUST06854,6,10,809.23,4,4,3,443,3.67,Champion,35-44,Male,South East,Bronze,True
CUST06855,277,5,240.35,1,2,1,121,1.33,Lost,65+,Male,North West,Gold,True
CUST06856,195,7,858.0999999999999,2,4,3,243,3.0,At Risk,25-34,Female,South East,Bronze,False
CUST06857,169,6,309.13,2,3,2,232,2.33,At Risk,55-64,Prefer not to say,West Midlands,Gold,True
CUST06858,227,2,434.73,2,1,2,212,1.67,Needs Attention,35-44,Female,West Midlands,Bronze,True
CUST06859,19,6,320.83,4,3,2,432,3.0,Loyal,35-44,Prefer not to say,North West,Gold,True
CUST06860,185,8,889.24,2,4,4,244,3.33,At Risk,55-64,Prefer not to say,South East,Silver,False
CUST06861,82,7,1320.59,3,4,4,344,3.67,Champion,65+,Female,London,Bronze,True
CUST06862,125,6,773.75,3,3,3,333,3.0,Champion,65+,Male,Yorkshire,Bronze,True
CUST06863,10,4,723.53,4,2,3,423,3.0,Loyal,65+,Male,North West,Bronze,True
CUST06864,144,3,136.96,2,1,1,211,1.33,Needs Attention,35-44,Prefer not to say,North West,Bronze,True
CUST06865,149,8,1100.1399999999999,2,4,4,244,3.33,At Risk,35-44,Prefer not to say,West Midlands,Bronze,True
CUST06866,181,6,578.4,2,3,3,233,2.67,At Risk,18-24,Female,East Midlands,Silver,True
CUST06867,144,4,288.08000000000004,2,2,2,222,2.0,At Risk,25-34,Male,South East,Bronze,True
CUST06868,185,3,1118.12,2,1,4,214,2.33,Needs Attention,18-24,Prefer not to say,South East,Bronze,True
CUST06869,316,5,259.65,1,2,1,121,1.33,Lost,65+,Female,North East,Silver,True
CUST06870,61,7,1801.0800000000002,3,4,4,344,3.67,Champion,45-54,Male,South East,Silver,True
CUST06871,56,5,159.88,3,2,1,321,2.0,Loyal,65+,Male,London,Gold,True
CUST06872,239,7,2193.12,2,4,4,244,3.33,At Risk,45-54,Prefer not to say,East Midlands,Bronze,True
CUST06873,37,5,491.22,4,2,2,422,2.67,Loyal,55-64,Male,London,Silver,False
CUST06874,142,8,286.34000000000003,2,4,2,242,2.67,At Risk,45-54,Prefer not to say,London,Gold,False
CUST06875,453,6,642.83,1,3,3,133,2.33,Lost,65+,Female,Wales,Gold,False
CUST06876,326,5,1232.2400000000002,1,2,4,124,2.33,Lost,65+,Prefer not to say,London,Bronze,True
CUST06877,456,6,373.45000000000005,1,3,2,132,2.0,Lost,55-64,Prefer not to say,London,Bronze,True
CUST06878,445,3,38.03,1,1,1,111,1.0,Lost,35-44,Female,South East,Bronze,True
CUST06879,143,8,732.26,2,4,3,243,3.0,At Risk,45-54,Male,Wales,Silver,True
CUST06880,268,6,285.24,1,3,2,132,2.0,Lost,25-34,Male,North West,Gold,True
CUST06881,63,6,1481.53,3,3,4,334,3.33,Champion,18-24,Female,West Midlands,Bronze,True
CUST06882,388,10,859.75,1,4,3,143,2.67,Lost,25-34,Male,South East,Bronze,True
CUST06883,110,6,1325.69,3,3,4,334,3.33,Champion,55-64,Male,London,Silver,True
CUST06884,301,4,1371.65,1,2,4,124,2.33,Lost,25-34,Female,London,Bronze,False
CUST06885,36,8,559.62,4,4,3,443,3.67,Champion,18-24,Prefer not to say,Scotland,Silver,False
CUST06886,210,2,131.81,2,1,1,211,1.33,Needs Attention,55-64,Male,London,Platinum,True
CUST06887,61,1,175.84,3,1,1,311,1.67,New Customer,45-54,Prefer not to say,South East,Bronze,True
CUST06888,226,7,550.08,2,4,3,243,3.0,At Risk,55-64,Male,North West,Gold,True
CUST06889,534,5,392.16,1,2,2,122,1.67,Lost,18-24,Female,Yorkshire,Bronze,True
CUST06890,157,7,1565.8799999999999,2,4,4,244,3.33,At Risk,45-54,Male,North East,Silver,True
CUST06891,43,6,270.75,4,3,1,431,2.67,Loyal,45-54,Prefer not to say,Scotland,Silver,True
CUST06892,106,6,751.21,3,3,3,333,3.0,Champion,25-34,Male,Yorkshire,Silver,True
CUST06893,213,8,491.63,2,4,2,242,2.67,At Risk,18-24,Male,North East,Bronze,False
CUST06894,180,8,507.97,2,4,2,242,2.67,At Risk,25-34,Prefer not to say,North West,Silver,True
CUST06895,457,6,498.66999999999996,1,3,2,132,2.0,Lost,18-24,Male,West Midlands,Gold,True
CUST06896,16,5,1428.26,4,2,4,424,3.33,Loyal,35-44,Female,London,Bronze,True
CUST06897,93,4,231.95000000000002,3,2,1,321,2.0,Loyal,45-54,Prefer not to say,South East,Bronze,True
CUST06898,81,5,207.63,3,2,1,321,2.0,Loyal,18-24,Male,East Midlands,Bronze,True
CUST06899,11,6,1131.25,4,3,4,434,3.67,Champion,65+,Male,Yorkshire,Bronze,False
CUST06900,10,9,464.33,4,4,2,442,3.33,Loyal,18-24,Prefer not to say,Yorkshire,Bronze,True
CUST06901,183,9,1922.3799999999999,2,4,4,244,3.33,At Risk,25-34,Male,London,Bronze,True
CUST06902,295,7,580.4300000000001,1,4,3,143,2.67,Lost,18-24,Prefer not to say,East of England,Gold,False
CUST06903,278,3,135.15,1,1,1,111,1.0,Lost,65+,Female,Scotland,Silver,True
CUST06904,8,10,2323.34,4,4,4,444,4.0,Champion,65+,Male,South East,Gold,True
CUST06906,409,7,386.88,1,4,2,142,2.33,Lost,55-64,Prefer not to say,London,Bronze,True
CUST06907,278,5,389.36,1,2,2,122,1.67,Lost,35-44,Male,South East,Bronze,False
CUST06908,352,4,320.77,1,2,2,122,1.67,Lost,35-44,Female,South West,Bronze,True
CUST06909,115,7,539.3,3,4,3,343,3.33,Champion,45-54,Prefer not to say,North East,Gold,True
CUST06910,85,4,125.21000000000001,3,2,1,321,2.0,Loyal,25-34,Male,North East,Gold,True
CUST06911,114,9,2000.7099999999998,3,4,4,344,3.67,Champion,25-34,Male,North West,Silver,True
CUST06912,188,4,246.19,2,2,1,221,1.67,At Risk,35-44,Prefer not to say,West Midlands,Gold,True
CUST06913,57,6,443.84,3,3,2,332,2.67,Loyal,18-24,Male,South East,Bronze,True
CUST06914,66,8,736.3,3,4,3,343,3.33,Champion,25-34,Female,South East,Bronze,True
CUST06915,136,5,396.67,2,2,2,222,2.0,At Risk,55-64,Female,North West,Bronze,True
CUST06916,8,7,751.5799999999999,4,4,3,443,3.67,Champion,25-34,Prefer not to say,South East,Gold,False
CUST06917,105,12,814.64,3,4,3,343,3.33,Champion,45-54,Prefer not to say,South East,Bronze,True
CUST06918,131,5,1180.19,2,2,4,224,2.67,At Risk,35-44,Male,London,Gold,True
CUST06919,127,5,271.23,3,2,1,321,2.0,Loyal,65+,Prefer not to say,Wales,Bronze,False
CUST06920,363,6,840.87,1,3,3,133,2.33,Lost,35-44,Prefer not to say,West Midlands,Silver,True
CUST06921,426,1,6.52,1,1,1,111,1.0,Lost,45-54,Male,South East,Bronze,True
CUST06922,193,4,1010.89,2,2,4,224,2.67,At Risk,45-54,Prefer not to say,South East,Silver,False
CUST06923,43,4,243.67000000000002,4,2,1,421,2.33,Loyal,25-34,Prefer not to say,Yorkshire,Gold,True
CUST06924,36,7,419.16,4,4,2,442,3.33,Loyal,25-34,Prefer not to say,South East,Bronze,True
CUST06925,68,1,42.87,3,1,1,311,1.67,New Customer,45-54,Male,West Midlands,Bronze,True
CUST06926,126,6,364.37,3,3,2,332,2.67,Loyal,18-24,Male,South West,Bronze,True
CUST06927,146,8,521.0600000000001,2,4,3,243,3.0,At Risk,18-24,Prefer not to say,London,Silver,True
CUST06928,193,6,1054.48,2,3,4,234,3.0,At Risk,35-44,Prefer not to say,Yorkshire,Bronze,True
CUST06929,46,10,1927.1000000000001,4,4,4,444,4.0,Champion,55-64,Female,North West,Bronze,True
CUST06930,110,11,698.28,3,4,3,343,3.33,Champion,18-24,Male,Scotland,Bronze,False
CUST06931,270,5,753.12,1,2,3,123,2.0,Lost,25-34,Female,East Midlands,Silver,False
CUST06932,287,5,102.13,1,2,1,121,1.33,Lost,18-24,Prefer not to say,London,Bronze,False
CUST06933,10,6,1935.6699999999998,4,3,4,434,3.67,Champion,35-44,Prefer not to say,East of England,Silver,False
CUST06934,697,3,212.89,1,1,1,111,1.0,Lost,65+,Prefer not to say,Scotland,Bronze,True
CUST06935,255,6,708.54,2,3,3,233,2.67,At Risk,65+,Female,East Midlands,Gold,True
CUST06936,714,3,59.940000000000005,1,1,1,111,1.0,Lost,35-44,Female,East of England,Silver,True
CUST06937,27,7,387.06,4,4,2,442,3.33,Loyal,55-64,Prefer not to say,North West,Bronze,True
CUST06938,218,11,806.4,2,4,3,243,3.0,At Risk,18-24,Female,North West,Gold,True
CUST06939,240,10,648.85,2,4,3,243,3.0,At Risk,25-34,Female,West Midlands,Silver,False
CUST06940,176,7,548.58,2,4,3,243,3.0,At Risk,55-64,Female,South East,Bronze,False
CUST06941,105,6,462.86,3,3,2,332,2.67,Loyal,65+,Male,London,Bronze,True
CUST06942,261,5,966.35,1,2,4,124,2.33,Lost,55-64,Male,London,Silver,True
CUST06943,141,9,1012.6300000000001,2,4,4,244,3.33,At Risk,25-34,Male,North West,Gold,True
CUST06944,69,5,521.94,3,2,3,323,2.67,Loyal,18-24,Female,London,Gold,False
CUST06945,12,9,636.41,4,4,3,443,3.67,Champion,25-34,Prefer not to say,London,Silver,False
CUST06946,23,5,2147.13,4,2,4,424,3.33,Loyal,65+,Male,East Midlands,Bronze,True
CUST06947,209,5,144.52,2,2,1,221,1.67,At Risk,18-24,Female,South West,Bronze,True
CUST06948,18,5,1273.91,4,2,4,424,3.33,Loyal,25-34,Prefer not to say,Yorkshire,Gold,True
CUST06949,192,8,555.77,2,4,3,243,3.0,At Risk,55-64,Male,Yorkshire,Gold,True
CUST06950,95,4,389.3,3,2,2,322,2.33,Loyal,25-34,Female,Scotland,Bronze,True
CUST06951,107,2,310.96000000000004,3,1,2,312,2.0,New Customer,35-44,Female,East Midlands,Bronze,True
CUST06952,203,4,92.88,2,2,1,221,1.67,At Risk,55-64,Male,East of England,Silver,True
CUST06953,133,6,455.55,2,3,2,232,2.33,At Risk,25-34,Prefer not to say,East of England,Silver,True
CUST06954,48,8,1333.4,4,4,4,444,4.0,Champion,55-64,Prefer not to say,South East,Bronze,True
CUST06955,263,5,428.46,1,2,2,122,1.67,Lost,25-34,Female,Yorkshire,Bronze,True
CUST06956,17,7,717.69,4,4,3,443,3.67,Champion,25-34,Female,South East,Bronze,True
CUST06957,67,6,2102.5,3,3,4,334,3.33,Champion,35-44,Prefer not to say,South West,Bronze,False
CUST06958,42,9,1388.29,4,4,4,444,4.0,Champion,45-54,Prefer not to say,London,Silver,False
CUST06959,58,6,528.1700000000001,3,3,3,333,3.0,Champion,65+,Prefer not to say,Scotland,Gold,True
CUST06960,301,2,27.33,1,1,1,111,1.0,Lost,65+,Female,London,Bronze,True
CUST06961,167,3,131.23,2,1,1,211,1.33,Needs Attention,65+,Female,South East,Bronze,False
CUST06962,76,7,1956.39,3,4,4,344,3.67,Champion,25-34,Male,East of England,Silver,True
CUST06963,87,10,841.2199999999999,3,4,3,343,3.33,Champion,25-34,Female,London,Bronze,True
CUST06964,322,7,404.55,1,4,2,142,2.33,Lost,55-64,Female,East of England,Gold,True
CUST06965,317,5,573.47,1,2,3,123,2.0,Lost,25-34,Male,London,Bronze,True
CUST06966,154,8,1019.85,2,4,4,244,3.33,At Risk,35-44,Prefer not to say,South East,Bronze,True
CUST06967,208,5,418.96000000000004,2,2,2,222,2.0,At Risk,45-54,Male,East of England,Bronze,False
CUST06968,162,9,538.9300000000001,2,4,3,243,3.0,At Risk,18-24,Prefer not to say,London,Gold,True
CUST06969,177,12,1242.33,2,4,4,244,3.33,At Risk,45-54,Prefer not to say,Scotland,Bronze,False
CUST06970,69,6,712.4200000000001,3,3,3,333,3.0,Champion,35-44,Male,Yorkshire,Bronze,True
CUST06971,154,7,472.61,2,4,2,242,2.67,At Risk,65+,Female,London,Bronze,True
CUST06972,162,12,1446.29,2,4,4,244,3.33,At Risk,25-34,Male,North West,Bronze,True
CUST06973,41,3,210.17000000000002,4,1,1,411,2.0,New Customer,18-24,Female,South East,Silver,True
CUST06974,70,6,1219.48,3,3,4,334,3.33,Champion,25-34,Female,Yorkshire,Bronze,True
CUST06975,332,5,1037.62,1,2,4,124,2.33,Lost,45-54,Female,London,Gold,True
CUST06976,185,8,993.25,2,4,4,244,3.33,At Risk,25-34,Male,London,Silver,True
CUST06977,188,9,1906.29,2,4,4,244,3.33,At Risk,55-64,Female,Yorkshire,Silver,False
CUST06978,34,9,478.99,4,4,2,442,3.33,Loyal,18-24,Prefer not to say,Scotland,Silver,True
CUST06979,62,7,761.97,3,4,3,343,3.33,Champion,45-54,Male,South East,Silver,True
CUST06980,157,5,328.36,2,2,2,222,2.0,At Risk,35-44,Female,North West,Bronze,True
CUST06981,75,5,514.27,3,2,3,323,2.67,Loyal,45-54,Prefer not to say,West Midlands,Silver,True
CUST06982,152,8,1331.43,2,4,4,244,3.33,At Risk,45-54,Female,North West,Gold,True
CUST06983,61,8,2346.49,3,4,4,344,3.67,Champion,55-64,Female,South East,Gold,True
CUST06984,284,3,402.74,1,1,2,112,1.33,Lost,25-34,Prefer not to say,South West,Bronze,True
CUST06985,18,8,1081.75,4,4,4,444,4.0,Champion,18-24,Female,South East,Bronze,True
CUST06986,74,12,1539.21,3,4,4,344,3.67,Champion,55-64,Male,North West,Silver,True
CUST06987,288,4,171.82,1,2,1,121,1.33,Lost,18-24,Prefer not to say,East of England,Bronze,True
CUST06988,626,3,525.38,1,1,3,113,1.67,Lost,55-64,Male,South West,Silver,True
CUST06989,219,7,415.53000000000003,2,4,2,242,2.67,At Risk,25-34,Prefer not to say,London,Bronze,True
CUST06990,127,4,110.41999999999999,3,2,1,321,2.0,Loyal,18-24,Prefer not to say,South West,Bronze,True
CUST06991,29,11,822.04,4,4,3,443,3.67,Champion,45-54,Female,Wales,Gold,False
CUST06992,129,5,357.68,3,2,2,322,2.33,Loyal,55-64,Male,London,Platinum,True
CUST06993,480,6,316.9,1,3,2,132,2.0,Lost,45-54,Prefer not to say,London,Bronze,True
CUST06994,582,4,962.3299999999999,1,2,4,124,2.33,Lost,35-44,Male,South West,Gold,False
CUST06995,162,3,121.74000000000001,2,1,1,211,1.33,Needs Attention,65+,Female,South East,Bronze,True
CUST06996,48,10,481.41,4,4,2,442,3.33,Loyal,25-34,Prefer not to say,Scotland,Silver,False
CUST06997,201,3,668.6600000000001,2,1,3,213,2.0,Needs Attention,45-54,Prefer not to say,London,Bronze,True
CUST06998,549,3,139.72,1,1,1,111,1.0,Lost,45-54,Prefer not to say,East of England,Bronze,True
CUST06999,318,5,508.54999999999995,1,2,2,122,1.67,Lost,65+,Male,West Midlands,Bronze,True
CUST07000,248,8,2262.36,2,4,4,244,3.33,At Risk,35-44,Female,London,Bronze,True
CUST07001,138,6,441.98,2,3,2,232,2.33,At Risk,25-34,Prefer not to say,West Midlands,Bronze,True
CUST07002,85,4,208.79,3,2,1,321,2.0,Loyal,18-24,Male,North East,Silver,True
CUST07003,1,9,835.8199999999999,4,4,3,443,3.67,Champion,65+,Female,London,Gold,True
CUST07004,4,5,1473.81,4,2,4,424,3.33,Loyal,35-44,Prefer not to say,Scotland,Bronze,True
CUST07005,122,5,576.76,3,2,3,323,2.67,Loyal,65+,Female,London,Platinum,True
CUST07006,545,6,308.85,1,3,2,132,2.0,Lost,18-24,Female,London,Bronze,True
CUST07007,307,3,934.81,1,1,4,114,2.0,Lost,18-24,Prefer not to say,West Midlands,Gold,True
CUST07008,174,5,1780.2,2,2,4,224,2.67,At Risk,25-34,Female,London,Bronze,True
CUST07009,159,9,980.1999999999999,2,4,4,244,3.33,At Risk,65+,Female,South East,Silver,False
CUST07010,297,6,558.1999999999999,1,3,3,133,2.33,Lost,55-64,Male,London,Bronze,True
CUST07011,124,6,303.40999999999997,3,3,2,332,2.67,Loyal,25-34,Prefer not to say,East Midlands,Silver,True
CUST07012,604,2,24.82,1,1,1,111,1.0,Lost,65+,Female,Scotland,Platinum,True
CUST07013,183,5,191.10000000000002,2,2,1,221,1.67,At Risk,65+,Female,London,Platinum,False
CUST07014,27,6,974.77,4,3,4,434,3.67,Champion,65+,Male,London,Gold,True
CUST07015,23,4,1440.54,4,2,4,424,3.33,Loyal,18-24,Male,North West,Gold,True
CUST07016,31,6,469.32,4,3,2,432,3.0,Loyal,35-44,Prefer not to say,South West,Silver,False
CUST07017,101,5,717.11,3,2,3,323,2.67,Loyal,55-64,Male,South East,Bronze,True
CUST07018,412,6,487.32,1,3,2,132,2.0,Lost,45-54,Female,South East,Gold,True
CUST07019,167,4,513.64,2,2,3,223,2.33,At Risk,18-24,Female,North East,Bronze,False
CUST07020,66,6,329.64,3,3,2,332,2.67,Loyal,25-34,Male,Yorkshire,Silver,True
CUST07021,299,3,133.63,1,1,1,111,1.0,Lost,45-54,Female,London,Bronze,True
CUST07022,176,8,1847.94,2,4,4,244,3.33,At Risk,55-64,Female,London,Bronze,True
CUST07023,419,4,39.77,1,2,1,121,1.33,Lost,35-44,Female,London,Platinum,True
CUST07024,71,6,437.15999999999997,3,3,2,332,2.67,Loyal,35-44,Male,North East,Silver,True
CUST07025,30,8,905.55,4,4,4,444,4.0,Champion,55-64,Male,London,Gold,False
CUST07026,71,5,205.97,3,2,1,321,2.0,Loyal,65+,Male,London,Platinum,False
CUST07027,204,13,1127.11,2,4,4,244,3.33,At Risk,25-34,Male,South West,Silver,True
CUST07028,36,5,467.47,4,2,2,422,2.67,Loyal,55-64,Female,North West,Silver,True
CUST07029,113,5,293.48,3,2,2,322,2.33,Loyal,45-54,Prefer not to say,Yorkshire,Bronze,True
CUST07030,70,6,724.3900000000001,3,3,3,333,3.0,Champion,25-34,Prefer not to say,Yorkshire,Silver,True
CUST07031,245,9,402.44,2,4,2,242,2.67,At Risk,65+,Male,London,Gold,True
CUST07032,52,10,653.55,4,4,3,443,3.67,Champion,18-24,Male,London,Gold,True
CUST07033,10,7,383.12,4,4,2,442,3.33,Loyal,45-54,Female,East of England,Silver,True
CUST07034,143,8,160.92,2,4,1,241,2.33,At Risk,35-44,Male,London,Platinum,True
CUST07035,371,3,218.62,1,1,1,111,1.0,Lost,35-44,Male,North West,Silver,True
CUST07036,22,6,470.98999999999995,4,3,2,432,3.0,Loyal,35-44,Prefer not to say,North West,Bronze,True
CUST07037,51,5,267.08000000000004,4,2,1,421,2.33,Loyal,35-44,Prefer not to say,East of England,Bronze,True
CUST07038,106,8,988.8,3,4,4,344,3.67,Champion,55-64,Prefer not to say,East of England,Silver,True
CUST07039,34,5,603.06,4,2,3,423,3.0,Loyal,18-24,Female,London,Gold,True
CUST07040,606,1,1.99,1,1,1,111,1.0,Lost,35-44,Prefer not to say,West Midlands,Bronze,True
CUST07041,217,5,901.99,2,2,4,224,2.67,At Risk,45-54,Male,London,Platinum,True
CUST07042,10,6,327.07,4,3,2,432,3.0,Loyal,25-34,Male,Scotland,Gold,True
CUST07043,330,5,195.64999999999998,1,2,1,121,1.33,Lost,55-64,Male,South East,Silver,True
CUST07044,180,9,1311.48,2,4,4,244,3.33,At Risk,25-34,Male,South West,Gold,True
CUST07045,155,4,992.11,2,2,4,224,2.67,At Risk,35-44,Male,South West,Silver,True
CUST07046,48,8,578.5500000000001,4,4,3,443,3.67,Champion,65+,Female,South East,Bronze,True
CUST07047,40,8,918.11,4,4,4,444,4.0,Champion,65+,Male,London,Silver,False
CUST07048,106,5,396.95,3,2,2,322,2.33,Loyal,18-24,Male,North East,Silver,True
CUST07049,103,4,857.71,3,2,3,323,2.67,Loyal,65+,Female,West Midlands,Gold,True
CUST07050,182,5,1170.05,2,2,4,224,2.67,At Risk,18-24,Female,London,Silver,True
CUST07051,241,2,267.0,2,1,1,211,1.33,Needs Attention,25-34,Male,South West,Bronze,False
CUST07052,479,3,105.69,1,1,1,111,1.0,Lost,25-34,Female,London,Bronze,True
CUST07053,37,12,1981.64,4,4,4,444,4.0,Champion,25-34,Male,North East,Silver,True
CUST07054,363,11,2651.67,1,4,4,144,3.0,Lost,45-54,Female,South West,Bronze,True
CUST07055,21,9,1398.5,4,4,4,444,4.0,Champion,55-64,Female,East of England,Bronze,True
CUST07056,653,4,355.44,1,2,2,122,1.67,Lost,18-24,Male,Yorkshire,Bronze,False
CUST07057,292,7,1866.4,1,4,4,144,3.0,Lost,65+,Male,North East,Bronze,True
CUST07058,843,2,138.32,1,1,1,111,1.0,Lost,35-44,Prefer not to say,North West,Bronze,True
CUST07059,291,4,407.75,1,2,2,122,1.67,Lost,25-34,Female,West Midlands,Silver,False
CUST07060,439,6,662.55,1,3,3,133,2.33,Lost,65+,Female,London,Bronze,True
CUST07061,178,2,193.02999999999997,2,1,1,211,1.33,Needs Attention,65+,Male,South East,Bronze,False
CUST07062,144,6,694.63,2,3,3,233,2.67,At Risk,45-54,Male,South East,Silver,False
CUST07063,78,8,999.87,3,4,4,344,3.67,Champion,35-44,Prefer not to say,Yorkshire,Silver,True
CUST07064,774,2,16.25,1,1,1,111,1.0,Lost,25-34,Female,Scotland,Silver,True
CUST07065,36,4,271.05,4,2,1,421,2.33,Loyal,35-44,Female,London,Silver,True
CUST07066,329,8,1133.67,1,4,4,144,3.0,Lost,18-24,Female,London,Bronze,True
CUST07067,497,9,351.74,1,4,2,142,2.33,Lost,25-34,Female,London,Bronze,True
CUST07068,535,3,142.04,1,1,1,111,1.0,Lost,45-54,Male,South East,Gold,False
CUST07069,90,6,1328.52,3,3,4,334,3.33,Champion,18-24,Male,West Midlands,Silver,True
CUST07070,19,9,449.0,4,4,2,442,3.33,Loyal,65+,Prefer not to say,North West,Silver,False
CUST07071,295,6,510.40999999999997,1,3,3,133,2.33,Lost,35-44,Male,East of England,Bronze,True
CUST07072,83,7,445.0,3,4,2,342,3.0,Loyal,18-24,Male,Yorkshire,Silver,False
CUST07073,57,4,213.79,3,2,1,321,2.0,Loyal,45-54,Prefer not to say,East Midlands,Gold,True
CUST07074,45,6,242.29,4,3,1,431,2.67,Loyal,65+,Prefer not to say,London,Gold,True
CUST07075,85,9,372.51,3,4,2,342,3.0,Loyal,18-24,Prefer not to say,South West,Gold,True
CUST07076,25,7,446.63,4,4,2,442,3.33,Loyal,55-64,Male,London,Gold,True
CUST07077,139,4,221.63,2,2,1,221,1.67,At Risk,55-64,Male,West Midlands,Gold,False
CUST07078,68,8,724.7,3,4,3,343,3.33,Champion,35-44,Female,London,Gold,True
CUST07079,321,4,651.02,1,2,3,123,2.0,Lost,45-54,Female,London,Bronze,False
CUST07080,574,2,99.18,1,1,1,111,1.0,Lost,25-34,Female,London,Platinum,True
CUST07081,62,6,368.33000000000004,3,3,2,332,2.67,Loyal,45-54,Prefer not to say,East Midlands,Platinum,False
CUST07082,458,4,206.4,1,2,1,121,1.33,Lost,35-44,Prefer not to say,Scotland,Bronze,True
CUST07083,117,7,487.74,3,4,2,342,3.0,Loyal,65+,Prefer not to say,South East,Silver,True
CUST07084,50,4,250.16,4,2,1,421,2.33,Loyal,18-24,Male,South East,Bronze,True
CUST07085,57,8,1160.29,3,4,4,344,3.67,Champion,45-54,Male,South West,Silver,True
CUST07086,289,3,205.23,1,1,1,111,1.0,Lost,55-64,Prefer not to say,Scotland,Silver,False
CUST07087,361,6,1866.28,1,3,4,134,2.67,Lost,25-34,Female,North West,Bronze,True
CUST07088,482,6,1864.4,1,3,4,134,2.67,Lost,65+,Male,London,Silver,True
CUST07089,103,7,987.57,3,4,4,344,3.67,Champion,55-64,Prefer not to say,East Midlands,Gold,False
CUST07090,601,7,448.55,1,4,2,142,2.33,Lost,55-64,Male,Scotland,Platinum,False
CUST07091,135,2,115.37,2,1,1,211,1.33,Needs Attention,18-24,Prefer not to say,North West,Bronze,True
CUST07092,350,4,62.38,1,2,1,121,1.33,Lost,35-44,Prefer not to say,London,Silver,True
CUST07093,362,5,194.18,1,2,1,121,1.33,Lost,45-54,Female,East Midlands,Gold,True
CUST07094,272,2,805.4200000000001,1,1,3,113,1.67,Lost,35-44,Female,South West,Silver,False
CUST07095,10,4,931.24,4,2,4,424,3.33,Loyal,65+,Male,South West,Silver,True
CUST07096,554,5,162.53,1,2,1,121,1.33,Lost,55-64,Male,West Midlands,Silver,False
CUST07097,49,6,276.34000000000003,4,3,2,432,3.0,Loyal,18-24,Female,South East,Silver,True
CUST07098,214,7,1009.3499999999999,2,4,4,244,3.33,At Risk,45-54,Male,London,Gold,True
CUST07099,1061,2,43.14,1,1,1,111,1.0,Lost,35-44,Male,London,Bronze,True
CUST07100,6,6,406.7,4,3,2,432,3.0,Loyal,55-64,Female,East Midlands,Gold,True
CUST07101,25,9,578.35,4,4,3,443,3.67,Champion,18-24,Female,South West,Gold,False
CUST07102,754,2,477.75,1,1,2,112,1.33,Lost,55-64,Male,South East,Bronze,True
CUST07103,17,6,730.56,4,3,3,433,3.33,Champion,55-64,Male,South East,Bronze,True
CUST07104,859,3,100.35,1,1,1,111,1.0,Lost,45-54,Female,London,Gold,True
CUST07105,98,8,1117.0,3,4,4,344,3.67,Champion,25-34,Prefer not to say,East of England,Silver,True
CUST07106,60,10,2332.35,3,4,4,344,3.67,Champion,18-24,Prefer not to say,North West,Bronze,True
CUST07107,50,8,1755.5,4,4,4,444,4.0,Champion,55-64,Female,London,Silver,True
CUST07108,497,4,311.78,1,2,2,122,1.67,Lost,18-24,Female,South East,Platinum,False
CUST07109,178,2,326.5,2,1,2,212,1.67,Needs Attention,25-34,Male,London,Bronze,True
CUST07110,347,6,375.64,1,3,2,132,2.0,Lost,55-64,Female,West Midlands,Bronze,True
CUST07111,260,9,827.74,1,4,3,143,2.67,Lost,25-34,Male,North West,Bronze,False
CUST07112,539,2,137.03,1,1,1,111,1.0,Lost,55-64,Male,South East,Bronze,True
CUST07113,71,8,1785.25,3,4,4,344,3.67,Champion,45-54,Prefer not to say,West Midlands,Bronze,True
CUST07114,238,8,321.46000000000004,2,4,2,242,2.67,At Risk,65+,Female,Yorkshire,Silver,True
CUST07115,133,6,953.87,2,3,4,234,3.0,At Risk,65+,Female,South East,Gold,True
CUST07116,21,9,826.9499999999999,4,4,3,443,3.67,Champion,35-44,Male,London,Silver,True
CUST07117,66,3,335.09000000000003,3,1,2,312,2.0,New Customer,18-24,Male,South East,Bronze,True
CUST07118,86,7,517.44,3,4,3,343,3.33,Champion,25-34,Male,North West,Gold,True
CUST07119,141,9,1223.12,2,4,4,244,3.33,At Risk,65+,Female,South East,Bronze,True
CUST07120,225,4,273.28,2,2,2,222,2.0,At Risk,25-34,Female,Scotland,Bronze,False
CUST07121,149,6,1165.22,2,3,4,234,3.0,At Risk,18-24,Female,London,Gold,True
CUST07122,56,6,1352.54,3,3,4,334,3.33,Champion,45-54,Prefer not to say,South West,Bronze,True
CUST07123,206,4,298.55,2,2,2,222,2.0,At Risk,35-44,Female,West Midlands,Silver,True
CUST07124,25,4,124.38,4,2,1,421,2.33,Loyal,45-54,Prefer not to say,South West,Silver,False
CUST07125,214,4,458.93000000000006,2,2,2,222,2.0,At Risk,25-34,Male,Scotland,Gold,True
CUST07126,136,4,96.94999999999999,2,2,1,221,1.67,At Risk,25-34,Male,South East,Bronze,True
CUST07127,162,9,703.34,2,4,3,243,3.0,At Risk,55-64,Prefer not to say,South East,Silver,True
CUST07128,137,7,473.16,2,4,2,242,2.67,At Risk,18-24,Prefer not to say,Wales,Silver,True
CUST07129,39,11,2199.88,4,4,4,444,4.0,Champion,55-64,Prefer not to say,North West,Gold,True
CUST07130,116,9,607.11,3,4,3,343,3.33,Champion,35-44,Female,South West,Bronze,True
CUST07131,13,8,462.83,4,4,2,442,3.33,Loyal,55-64,Male,West Midlands,Bronze,True
CUST07132,3,4,370.35,4,2,2,422,2.67,Loyal,25-34,Male,South West,Gold,False
CUST07133,47,4,203.85,4,2,1,421,2.33,Loyal,65+,Female,West Midlands,Gold,True
CUST07134,769,3,320.9,1,1,2,112,1.33,Lost,55-64,Prefer not to say,London,Silver,True
CUST07135,57,7,1191.4099999999999,3,4,4,344,3.67,Champion,65+,Female,North West,Silver,True
CUST07136,41,12,1377.44,4,4,4,444,4.0,Champion,25-34,Male,London,Silver,True
CUST07137,125,4,171.19,3,2,1,321,2.0,Loyal,18-24,Male,Yorkshire,Bronze,True
CUST07138,59,10,709.97,3,4,3,343,3.33,Champion,25-34,Female,London,Silver,True
CUST07139,27,4,993.5600000000001,4,2,4,424,3.33,Loyal,18-24,Male,London,Silver,True
CUST07140,93,9,1107.6200000000001,3,4,4,344,3.67,Champion,25-34,Female,East Midlands,Silver,True
CUST07141,33,8,273.8,4,4,2,442,3.33,Loyal,65+,Prefer not to say,South West,Gold,False
CUST07142,252,4,1010.1800000000001,2,2,4,224,2.67,At Risk,25-34,Male,North West,Silver,True
CUST07143,58,6,657.65,3,3,3,333,3.0,Champion,55-64,Male,Yorkshire,Silver,True
CUST07144,21,15,2843.65,4,4,4,444,4.0,Champion,25-34,Male,North West,Gold,True
CUST07145,217,10,448.43,2,4,2,242,2.67,At Risk,35-44,Male,East of England,Bronze,True
CUST07146,168,5,1448.8899999999999,2,2,4,224,2.67,At Risk,55-64,Female,North East,Bronze,False
CUST07147,12,3,91.83,4,1,1,411,2.0,New Customer,25-34,Male,Wales,Bronze,False
CUST07148,22,3,65.25,4,1,1,411,2.0,New Customer,18-24,Prefer not to say,South East,Bronze,True
CUST07149,36,2,256.01,4,1,1,411,2.0,New Customer,45-54,Prefer not to say,London,Gold,True
CUST07150,465,3,478.56999999999994,1,1,2,112,1.33,Lost,65+,Prefer not to say,Scotland,Silver,False
CUST07151,229,6,288.87,2,3,2,232,2.33,At Risk,25-34,Male,West Midlands,Bronze,True
CUST07152,60,4,542.0699999999999,3,2,3,323,2.67,Loyal,45-54,Male,South West,Silver,True
CUST07153,64,1,26.26,3,1,1,311,1.67,New Customer,65+,Female,London,Gold,True
CUST07154,86,9,1969.65,3,4,4,344,3.67,Champion,55-64,Male,North West,Bronze,True
CUST07155,153,8,715.75,2,4,3,243,3.0,At Risk,55-64,Female,North West,Gold,False
CUST07156,79,3,157.72,3,1,1,311,1.67,New Customer,25-34,Male,East of England,Bronze,True
CUST07157,151,6,538.42,2,3,3,233,2.67,At Risk,55-64,Female,Scotland,Bronze,True
CUST07158,128,10,2117.4,3,4,4,344,3.67,Champion,65+,Female,East of England,Bronze,True
CUST07159,160,6,537.49,2,3,3,233,2.67,At Risk,35-44,Male,Yorkshire,Gold,True
CUST07160,408,3,67.81,1,1,1,111,1.0,Lost,35-44,Male,North West,Gold,True
CUST07161,178,10,313.62,2,4,2,242,2.67,At Risk,18-24,Male,London,Silver,True
CUST07162,375,6,1309.46,1,3,4,134,2.67,Lost,55-64,Female,South East,Platinum,True
CUST07163,457,6,612.23,1,3,3,133,2.33,Lost,35-44,Prefer not to say,East Midlands,Silver,True
CUST07164,211,4,266.93,2,2,1,221,1.67,At Risk,65+,Male,South West,Platinum,True
CUST07165,55,12,674.18,3,4,3,343,3.33,Champion,35-44,Prefer not to say,North West,Gold,True
CUST07166,65,5,259.27,3,2,1,321,2.0,Loyal,55-64,Prefer not to say,South West,Bronze,True
CUST07167,202,6,402.34,2,3,2,232,2.33,At Risk,35-44,Male,Scotland,Gold,True
CUST07168,18,9,690.24,4,4,3,443,3.67,Champion,35-44,Male,London,Silver,True
CUST07169,50,7,307.71,4,4,2,442,3.33,Loyal,65+,Male,North West,Bronze,True
CUST07170,47,4,353.07,4,2,2,422,2.67,Loyal,18-24,Female,East Midlands,Bronze,True
CUST07171,419,5,397.12,1,2,2,122,1.67,Lost,55-64,Male,Yorkshire,Bronze,True
CUST07172,92,4,842.75,3,2,3,323,2.67,Loyal,55-64,Prefer not to say,South West,Gold,True
CUST07173,376,5,862.16,1,2,3,123,2.0,Lost,18-24,Prefer not to say,London,Silver,True
CUST07174,207,7,1167.06,2,4,4,244,3.33,At Risk,35-44,Male,South East,Bronze,True
CUST07175,265,2,231.72,1,1,1,111,1.0,Lost,65+,Prefer not to say,North West,Gold,False
CUST07176,364,6,543.1800000000001,1,3,3,133,2.33,Lost,35-44,Male,South East,Silver,True
CUST07177,12,9,680.63,4,4,3,443,3.67,Champion,65+,Prefer not to say,Scotland,Silver,False
CUST07178,6,9,646.0699999999999,4,4,3,443,3.67,Champion,25-34,Male,North East,Platinum,False
CUST07179,90,11,778.6500000000001,3,4,3,343,3.33,Champion,25-34,Female,South West,Bronze,True
CUST07180,482,5,1374.46,1,2,4,124,2.33,Lost,65+,Female,North West,Silver,True
CUST07181,203,5,378.13,2,2,2,222,2.0,At Risk,18-24,Prefer not to say,East of England,Silver,True
CUST07182,201,5,271.1,2,2,1,221,1.67,At Risk,35-44,Female,South East,Bronze,True
CUST07183,42,4,349.83,4,2,2,422,2.67,Loyal,18-24,Male,Scotland,Silver,True
CUST07184,472,6,1241.98,1,3,4,134,2.67,Lost,18-24,Female,South West,Platinum,True
CUST07185,217,3,94.58,2,1,1,211,1.33,Needs Attention,45-54,Prefer not to say,South East,Gold,True
CUST07186,216,4,996.31,2,2,4,224,2.67,At Risk,18-24,Prefer not to say,London,Silver,True
CUST07187,36,6,531.8,4,3,3,433,3.33,Champion,35-44,Female,West Midlands,Bronze,True
CUST07188,45,5,705.76,4,2,3,423,3.0,Loyal,45-54,Prefer not to say,London,Silver,True
CUST07189,2,4,148.0,4,2,1,421,2.33,Loyal,65+,Female,Wales,Silver,False
CUST07190,7,9,773.56,4,4,3,443,3.67,Champion,55-64,Female,London,Silver,True
CUST07191,27,7,1200.91,4,4,4,444,4.0,Champion,55-64,Prefer not to say,South East,Silver,True
CUST07192,414,4,155.62,1,2,1,121,1.33,Lost,55-64,Female,South East,Gold,False
CUST07193,4,7,480.89,4,4,2,442,3.33,Loyal,65+,Male,Scotland,Gold,True
CUST07194,27,4,1148.1499999999999,4,2,4,424,3.33,Loyal,65+,Prefer not to say,West Midlands,Platinum,True
CUST07195,548,5,676.9,1,2,3,123,2.0,Lost,25-34,Male,North West,Bronze,True
CUST07196,55,6,221.29,3,3,1,331,2.33,Loyal,65+,Prefer not to say,London,Silver,True
CUST07197,38,9,1664.9399999999998,4,4,4,444,4.0,Champion,25-34,Male,Wales,Bronze,True
CUST07198,95,7,1472.5,3,4,4,344,3.67,Champion,55-64,Prefer not to say,South East,Bronze,True
CUST07199,36,7,895.79,4,4,4,444,4.0,Champion,55-64,Male,West Midlands,Bronze,False
CUST07200,69,7,834.44,3,4,3,343,3.33,Champion,25-34,Male,Scotland,Bronze,True
CUST07201,149,2,255.67999999999998,2,1,1,211,1.33,Needs Attention,25-34,Male,South East,Silver,True
CUST07202,83,4,647.27,3,2,3,323,2.67,Loyal,25-34,Prefer not to say,East of England,Silver,True
CUST07203,141,10,647.75,2,4,3,243,3.0,At Risk,18-24,Male,East Midlands,Bronze,True
CUST07204,139,7,635.11,2,4,3,243,3.0,At Risk,65+,Prefer not to say,South East,Bronze,True
CUST07205,285,5,244.41,1,2,1,121,1.33,Lost,18-24,Female,London,Bronze,True
CUST07206,136,1,35.32,2,1,1,211,1.33,Needs Attention,65+,Female,London,Bronze,False
CUST07207,200,7,743.2900000000001,2,4,3,243,3.0,At Risk,65+,Male,London,Silver,True
CUST07208,512,5,451.08,1,2,2,122,1.67,Lost,18-24,Prefer not to say,East of England,Gold,True
CUST07209,495,2,850.99,1,1,3,113,1.67,Lost,18-24,Prefer not to say,South East,Silver,True
CUST07210,178,2,366.28,2,1,2,212,1.67,Needs Attention,18-24,Male,South East,Silver,True
CUST07211,309,2,113.28,1,1,1,111,1.0,Lost,55-64,Female,South East,Bronze,False
CUST07212,276,7,1315.46,1,4,4,144,3.0,Lost,35-44,Female,South West,Gold,True
CUST07213,409,1,165.17,1,1,1,111,1.0,Lost,18-24,Prefer not to say,South East,Bronze,False
CUST07214,139,4,519.26,2,2,3,223,2.33,At Risk,18-24,Female,South West,Silver,True
CUST07215,191,10,378.68,2,4,2,242,2.67,At Risk,45-54,Male,Yorkshire,Bronze,True
CUST07216,295,6,284.99,1,3,2,132,2.0,Lost,55-64,Male,South East,Gold,True
CUST07217,253,2,33.43,2,1,1,211,1.33,Needs Attention,45-54,Prefer not to say,East of England,Bronze,True
CUST07218,46,6,293.69,4,3,2,432,3.0,Loyal,25-34,Male,Yorkshire,Silver,True
CUST07219,77,6,404.78000000000003,3,3,2,332,2.67,Loyal,65+,Male,East of England,Silver,True
CUST07220,67,6,282.01,3,3,2,332,2.67,Loyal,65+,Prefer not to say,South East,Gold,True
CUST07221,17,5,173.21,4,2,1,421,2.33,Loyal,35-44,Prefer not to say,Yorkshire,Silver,True
CUST07222,13,7,646.24,4,4,3,443,3.67,Champion,45-54,Male,South East,Silver,False
CUST07223,34,7,935.8699999999999,4,4,4,444,4.0,Champion,55-64,Female,Yorkshire,Bronze,True
CUST07224,91,10,1131.94,3,4,4,344,3.67,Champion,35-44,Prefer not to say,North West,Silver,True
CUST07225,91,6,532.66,3,3,3,333,3.0,Champion,65+,Female,East Midlands,Bronze,False
CUST07226,242,6,934.71,2,3,4,234,3.0,At Risk,25-34,Prefer not to say,South East,Bronze,True
CUST07227,188,7,302.91,2,4,2,242,2.67,At Risk,55-64,Female,South East,Silver,True
CUST07228,87,5,540.68,3,2,3,323,2.67,Loyal,45-54,Prefer not to say,South East,Bronze,True
CUST07229,330,4,410.38,1,2,2,122,1.67,Lost,35-44,Male,London,Bronze,True
CUST07230,44,3,177.75,4,1,1,411,2.0,New Customer,35-44,Male,North East,Silver,True
CUST07231,272,6,1031.79,1,3,4,134,2.67,Lost,45-54,Prefer not to say,South East,Bronze,True
CUST07232,4,7,1001.8000000000001,4,4,4,444,4.0,Champion,55-64,Prefer not to say,London,Silver,True
CUST07233,246,9,1512.16,2,4,4,244,3.33,At Risk,35-44,Prefer not to say,East Midlands,Bronze,True
CUST07234,448,8,733.79,1,4,3,143,2.67,Lost,55-64,Male,South West,Gold,True
CUST07235,77,7,572.29,3,4,3,343,3.33,Champion,65+,Prefer not to say,London,Bronze,True
CUST07236,221,5,189.17000000000002,2,2,1,221,1.67,At Risk,18-24,Prefer not to say,Wales,Platinum,True
CUST07237,207,4,675.1600000000001,2,2,3,223,2.33,At Risk,55-64,Male,London,Platinum,True
CUST07238,4,6,402.7,4,3,2,432,3.0,Loyal,65+,Prefer not to say,London,Bronze,True
CUST07239,20,4,271.7,4,2,1,421,2.33,Loyal,55-64,Female,North East,Silver,False
CUST07240,72,4,152.93,3,2,1,321,2.0,Loyal,25-34,Male,South West,Bronze,True
CUST07241,22,3,765.03,4,1,3,413,2.67,New Customer,45-54,Male,North West,Silver,True
CUST07242,734,6,1842.25,1,3,4,134,2.67,Lost,35-44,Male,Wales,Bronze,False
CUST07243,23,9,753.4100000000001,4,4,3,443,3.67,Champion,65+,Male,East of England,Bronze,True
CUST07244,374,5,95.37,1,2,1,121,1.33,Lost,35-44,Prefer not to say,East of England,Bronze,True
CUST07245,730,1,88.33,1,1,1,111,1.0,Lost,55-64,Female,London,Bronze,True
CUST07246,117,11,2224.14,3,4,4,344,3.67,Champion,18-24,Male,North East,Silver,True
CUST07247,169,3,272.1,2,1,1,211,1.33,Needs Attention,18-24,Female,South East,Bronze,True
CUST07248,73,5,182.29999999999998,3,2,1,321,2.0,Loyal,65+,Prefer not to say,London,Silver,False
CUST07249,44,5,1080.8700000000001,4,2,4,424,3.33,Loyal,25-34,Female,North West,Bronze,True
CUST07250,13,12,1108.57,4,4,4,444,4.0,Champion,35-44,Prefer not to say,Yorkshire,Bronze,True
CUST07251,315,3,534.4200000000001,1,1,3,113,1.67,Lost,35-44,Prefer not to say,London,Gold,True
CUST07252,216,6,681.81,2,3,3,233,2.67,At Risk,35-44,Male,South West,Silver,True
CUST07253,38,7,490.93,4,4,2,442,3.33,Loyal,35-44,Male,South West,Platinum,True
CUST07254,258,7,522.34,2,4,3,243,3.0,At Risk,25-34,Female,London,Bronze,True
CUST07255,275,7,433.58,1,4,2,142,2.33,Lost,25-34,Female,London,Gold,True
CUST07256,194,6,178.32999999999998,2,3,1,231,2.0,At Risk,18-24,Female,Scotland,Platinum,True
CUST07257,393,3,186.85000000000002,1,1,1,111,1.0,Lost,55-64,Female,South East,Bronze,True
CUST07258,378,4,335.72,1,2,2,122,1.67,Lost,18-24,Female,Wales,Bronze,True
CUST07259,25,7,646.78,4,4,3,443,3.67,Champion,65+,Prefer not to say,South East,Silver,False
CUST07260,46,11,755.89,4,4,3,443,3.67,Champion,45-54,Female,London,Bronze,True
CUST07261,364,6,558.97,1,3,3,133,2.33,Lost,45-54,Male,West Midlands,Silver,True
CUST07262,138,3,391.73,2,1,2,212,1.67,Needs Attention,35-44,Female,West Midlands,Gold,True
CUST07263,83,5,284.58,3,2,2,322,2.33,Loyal,18-24,Prefer not to say,Scotland,Silver,False
CUST07264,424,3,188.88,1,1,1,111,1.0,Lost,25-34,Prefer not to say,East Midlands,Silver,True
CUST07265,61,5,420.96999999999997,3,2,2,322,2.33,Loyal,35-44,Female,North East,Platinum,False
CUST07266,474,1,7.52,1,1,1,111,1.0,Lost,35-44,Female,South East,Bronze,True
CUST07267,331,2,274.22,1,1,2,112,1.33,Lost,18-24,Male,Scotland,Bronze,True
CUST07268,131,7,310.85,2,4,2,242,2.67,At Risk,55-64,Female,Scotland,Silver,True
CUST07269,134,5,387.35,2,2,2,222,2.0,At Risk,18-24,Prefer not to say,West Midlands,Platinum,True
CUST07270,38,7,1210.02,4,4,4,444,4.0,Champion,25-34,Prefer not to say,East Midlands,Silver,True
CUST07271,98,7,466.43,3,4,2,342,3.0,Loyal,45-54,Male,London,Silver,True
CUST07272,170,4,284.5,2,2,2,222,2.0,At Risk,25-34,Female,East of England,Gold,True
CUST07273,191,3,236.89,2,1,1,211,1.33,Needs Attention,35-44,Male,Scotland,Bronze,False
CUST07274,317,6,1154.01,1,3,4,134,2.67,Lost,35-44,Prefer not to say,London,Platinum,True
CUST07275,45,9,250.32,4,4,1,441,3.0,Loyal,45-54,Female,West Midlands,Bronze,True
CUST07276,117,4,530.0699999999999,3,2,3,323,2.67,Loyal,65+,Prefer not to say,London,Bronze,True
CUST07277,38,7,1087.07,4,4,4,444,4.0,Champion,25-34,Prefer not to say,South West,Bronze,True
CUST07278,324,5,408.46,1,2,2,122,1.67,Lost,35-44,Female,North East,Bronze,True
CUST07279,62,5,347.69,3,2,2,322,2.33,Loyal,25-34,Male,East Midlands,Silver,True
CUST07280,146,4,218.98000000000002,2,2,1,221,1.67,At Risk,55-64,Prefer not to say,London,Bronze,True
CUST07282,7,6,249.32999999999998,4,3,1,431,2.67,Loyal,65+,Male,West Midlands,Silver,True
CUST07283,293,7,226.81,1,4,1,141,2.0,Lost,65+,Prefer not to say,West Midlands,Bronze,True
CUST07284,522,2,107.56,1,1,1,111,1.0,Lost,55-64,Prefer not to say,London,Bronze,True
CUST07285,43,12,1620.1200000000001,4,4,4,444,4.0,Champion,45-54,Male,South West,Bronze,True
CUST07286,711,3,176.66,1,1,1,111,1.0,Lost,45-54,Prefer not to say,East of England,Bronze,True
CUST07287,27,2,148.76,4,1,1,411,2.0,New Customer,25-34,Prefer not to say,East of England,Silver,True
CUST07288,484,7,468.14,1,4,2,142,2.33,Lost,65+,Male,West Midlands,Platinum,True
CUST07289,186,5,347.3,2,2,2,222,2.0,At Risk,18-24,Prefer not to say,East Midlands,Bronze,True
CUST07290,233,5,163.59,2,2,1,221,1.67,At Risk,25-34,Female,East of England,Bronze,True
CUST07291,71,9,613.61,3,4,3,343,3.33,Champion,45-54,Female,East of England,Bronze,True
CUST07292,99,7,2845.46,3,4,4,344,3.67,Champion,25-34,Male,Wales,Platinum,False
CUST07293,30,7,795.25,4,4,3,443,3.67,Champion,55-64,Prefer not to say,Yorkshire,Bronze,True
CUST07294,75,5,1246.3999999999999,3,2,4,324,3.0,Loyal,18-24,Male,London,Silver,True
CUST07295,223,5,132.05,2,2,1,221,1.67,At Risk,65+,Female,North East,Platinum,True
CUST07296,79,2,36.28,3,1,1,311,1.67,New Customer,18-24,Male,East of England,Gold,True
CUST07297,30,8,560.01,4,4,3,443,3.67,Champion,18-24,Prefer not to say,South West,Silver,True
CUST07298,321,6,859.57,1,3,3,133,2.33,Lost,25-34,Female,North West,Silver,True
CUST07299,37,8,823.1,4,4,3,443,3.67,Champion,18-24,Prefer not to say,East Midlands,Gold,True
CUST07300,84,6,305.13,3,3,2,332,2.67,Loyal,25-34,Male,South West,Silver,False
CUST07301,161,6,1286.94,2,3,4,234,3.0,At Risk,55-64,Female,London,Bronze,True
CUST07302,306,7,923.71,1,4,4,144,3.0,Lost,35-44,Prefer not to say,North East,Platinum,True
CUST07303,218,6,810.5,2,3,3,233,2.67,At Risk,55-64,Male,North West,Gold,True
CUST07304,412,3,180.27,1,1,1,111,1.0,Lost,25-34,Prefer not to say,South East,Bronze,False
CUST07305,211,3,48.49,2,1,1,211,1.33,Needs Attention,45-54,Prefer not to say,West Midlands,Gold,True
CUST07306,235,8,1343.96,2,4,4,244,3.33,At Risk,18-24,Male,West Midlands,Silver,False
CUST07307,249,5,838.4999999999999,2,2,3,223,2.33,At Risk,18-24,Prefer not to say,Scotland,Bronze,False
CUST07308,85,2,198.34,3,1,1,311,1.67,New Customer,65+,Male,Wales,Bronze,True
CUST07309,5,3,57.099999999999994,4,1,1,411,2.0,New Customer,18-24,Male,North East,Platinum,True
CUST07310,522,3,499.68,1,1,2,112,1.33,Lost,55-64,Male,Wales,Bronze,True
CUST07311,132,9,1613.1,2,4,4,244,3.33,At Risk,65+,Prefer not to say,North West,Platinum,True
CUST07312,84,10,620.13,3,4,3,343,3.33,Champion,45-54,Male,South East,Silver,False
CUST07313,732,7,600.93,1,4,3,143,2.67,Lost,18-24,Prefer not to say,London,Silver,True
CUST07314,65,4,296.88,3,2,2,322,2.33,Loyal,55-64,Male,East Midlands,Silver,True
CUST07315,38,3,197.6,4,1,1,411,2.0,New Customer,25-34,Male,London,Silver,True
CUST07316,493,5,1445.3799999999999,1,2,4,124,2.33,Lost,45-54,Female,Scotland,Bronze,True
CUST07317,23,7,836.91,4,4,3,443,3.67,Champion,18-24,Female,South West,Bronze,True
CUST07318,47,4,210.32,4,2,1,421,2.33,Loyal,45-54,Prefer not to say,London,Bronze,True
CUST07319,64,3,1312.87,3,1,4,314,2.67,New Customer,65+,Female,London,Bronze,True
CUST07320,166,8,1001.01,2,4,4,244,3.33,At Risk,45-54,Prefer not to say,London,Bronze,True
CUST07321,372,8,2084.12,1,4,4,144,3.0,Lost,18-24,Female,London,Gold,True
CUST07322,798,6,609.12,1,3,3,133,2.33,Lost,35-44,Male,London,Bronze,True
CUST07323,157,7,1816.36,2,4,4,244,3.33,At Risk,35-44,Male,Scotland,Gold,True
CUST07324,194,7,965.46,2,4,4,244,3.33,At Risk,45-54,Male,North West,Silver,True
CUST07325,128,8,410.58,3,4,2,342,3.0,Loyal,45-54,Male,South East,Bronze,True
CUST07326,16,11,875.3100000000001,4,4,4,444,4.0,Champion,45-54,Male,East Midlands,Bronze,True
CUST07327,47,3,459.17,4,1,2,412,2.33,New Customer,65+,Male,South East,Platinum,True
CUST07328,146,9,589.15,2,4,3,243,3.0,At Risk,45-54,Prefer not to say,South West,Bronze,False
CUST07329,154,10,535.22,2,4,3,243,3.0,At Risk,25-34,Prefer not to say,North West,Gold,True
CUST07330,530,6,1155.23,1,3,4,134,2.67,Lost,25-34,Female,East of England,Bronze,True
CUST07331,87,7,541.06,3,4,3,343,3.33,Champion,25-34,Female,West Midlands,Gold,True
CUST07332,27,7,614.51,4,4,3,443,3.67,Champion,35-44,Prefer not to say,North East,Silver,False
CUST07333,186,7,599.28,2,4,3,243,3.0,At Risk,25-34,Prefer not to say,South East,Gold,True
CUST07334,135,4,130.92000000000002,2,2,1,221,1.67,At Risk,55-64,Female,London,Silver,True
CUST07335,94,5,210.3,3,2,1,321,2.0,Loyal,25-34,Female,Scotland,Silver,True
CUST07336,180,3,92.97,2,1,1,211,1.33,Needs Attention,45-54,Female,South East,Bronze,True
CUST07337,771,5,319.85,1,2,2,122,1.67,Lost,55-64,Prefer not to say,London,Bronze,True
CUST07338,46,8,1078.43,4,4,4,444,4.0,Champion,25-34,Male,South East,Bronze,True
CUST07339,305,4,902.1,1,2,4,124,2.33,Lost,25-34,Prefer not to say,London,Silver,True
CUST07340,40,7,321.1,4,4,2,442,3.33,Loyal,45-54,Male,London,Bronze,True
CUST07341,55,6,1307.09,3,3,4,334,3.33,Champion,35-44,Prefer not to say,London,Silver,True
CUST07342,9,5,567.8199999999999,4,2,3,423,3.0,Loyal,55-64,Male,South East,Silver,True
CUST07343,36,12,865.59,4,4,3,443,3.67,Champion,55-64,Male,London,Silver,True
CUST07344,569,6,104.57,1,3,1,131,1.67,Lost,45-54,Female,London,Gold,True
CUST07345,94,8,514.76,3,4,3,343,3.33,Champion,35-44,Male,London,Bronze,True
CUST07346,312,3,101.62,1,1,1,111,1.0,Lost,65+,Male,West Midlands,Bronze,True
CUST07347,159,2,13.45,2,1,1,211,1.33,Needs Attention,25-34,Prefer not to say,North West,Bronze,True
CUST07348,42,5,523.9399999999999,4,2,3,423,3.0,Loyal,35-44,Male,East Midlands,Bronze,True
CUST07349,143,7,2021.7800000000002,2,4,4,244,3.33,At Risk,18-24,Male,East Midlands,Bronze,True
CUST07350,496,3,248.43,1,1,1,111,1.0,Lost,65+,Male,London,Bronze,True
CUST07351,100,2,775.6,3,1,3,313,2.33,New Customer,65+,Prefer not to say,West Midlands,Silver,False
CUST07352,1,8,542.03,4,4,3,443,3.67,Champion,18-24,Female,North West,Platinum,False
CUST07353,275,4,152.68,1,2,1,121,1.33,Lost,55-64,Female,Scotland,Bronze,True
CUST07354,156,7,898.06,2,4,4,244,3.33,At Risk,18-24,Female,London,Gold,True
CUST07355,35,6,1091.5,4,3,4,434,3.67,Champion,35-44,Prefer not to say,East Midlands,Bronze,True
CUST07356,122,7,1654.85,3,4,4,344,3.67,Champion,18-24,Male,North West,Gold,False
CUST07357,324,4,215.07999999999998,1,2,1,121,1.33,Lost,25-34,Female,Yorkshire,Bronze,True
CUST07358,130,8,767.91,3,4,3,343,3.33,Champion,65+,Female,Wales,Bronze,True
CUST07359,284,5,193.7,1,2,1,121,1.33,Lost,45-54,Male,London,Platinum,True
CUST07360,56,4,1043.38,3,2,4,324,3.0,Loyal,35-44,Prefer not to say,Wales,Bronze,True
CUST07361,30,6,498.93,4,3,2,432,3.0,Loyal,55-64,Male,South West,Bronze,True
CUST07362,541,3,66.32,1,1,1,111,1.0,Lost,35-44,Male,London,Silver,False
CUST07363,112,10,617.07,3,4,3,343,3.33,Champion,35-44,Male,East of England,Silver,True
CUST07364,47,5,306.09999999999997,4,2,2,422,2.67,Loyal,35-44,Female,South East,Silver,True
CUST07365,52,6,1139.5500000000002,4,3,4,434,3.67,Champion,25-34,Male,North East,Silver,True
CUST07366,26,6,717.96,4,3,3,433,3.33,Champion,25-34,Male,Yorkshire,Silver,False
CUST07367,43,6,273.82,4,3,2,432,3.0,Loyal,45-54,Male,South West,Bronze,True
CUST07368,65,4,599.75,3,2,3,323,2.67,Loyal,65+,Prefer not to say,South West,Bronze,True
CUST07369,77,9,270.5,3,4,1,341,2.67,Loyal,65+,Male,London,Bronze,True
CUST07370,62,10,1080.18,3,4,4,344,3.67,Champion,55-64,Female,London,Bronze,True
CUST07371,2,4,630.51,4,2,3,423,3.0,Loyal,35-44,Female,South East,Silver,True
CUST07372,29,3,93.28999999999999,4,1,1,411,2.0,New Customer,35-44,Female,East of England,Gold,True
CUST07373,317,3,28.119999999999997,1,1,1,111,1.0,Lost,35-44,Female,East of England,Platinum,True
CUST07374,91,4,158.98000000000002,3,2,1,321,2.0,Loyal,25-34,Female,Yorkshire,Bronze,True
CUST07375,163,3,57.36,2,1,1,211,1.33,Needs Attention,65+,Prefer not to say,South West,Bronze,False
CUST07376,10,9,1190.52,4,4,4,444,4.0,Champion,55-64,Male,East Midlands,Silver,False
CUST07377,864,2,64.83,1,1,1,111,1.0,Lost,35-44,Female,North West,Bronze,False
CUST07378,38,5,963.72,4,2,4,424,3.33,Loyal,55-64,Female,South East,Bronze,False
CUST07379,159,6,194.05,2,3,1,231,2.0,At Risk,35-44,Female,Wales,Bronze,True
CUST07380,98,12,666.37,3,4,3,343,3.33,Champion,65+,Male,West Midlands,Silver,False
CUST07381,133,7,318.75,2,4,2,242,2.67,At Risk,35-44,Prefer not to say,South West,Bronze,True
CUST07382,216,5,308.48,2,2,2,222,2.0,At Risk,18-24,Prefer not to say,Yorkshire,Gold,True
CUST07383,226,5,652.45,2,2,3,223,2.33,At Risk,18-24,Prefer not to say,East Midlands,Bronze,True
CUST07384,160,7,648.53,2,4,3,243,3.0,At Risk,65+,Female,North East,Bronze,False
CUST07385,44,8,1779.14,4,4,4,444,4.0,Champion,35-44,Female,West Midlands,Bronze,False
CUST07386,148,2,240.10999999999999,2,1,1,211,1.33,Needs Attention,25-34,Male,West Midlands,Silver,False
CUST07387,273,9,1157.41,1,4,4,144,3.0,Lost,35-44,Female,Yorkshire,Silver,True
CUST07388,167,4,323.4,2,2,2,222,2.0,At Risk,18-24,Female,East of England,Silver,False
CUST07389,390,5,273.29,1,2,2,122,1.67,Lost,35-44,Male,South West,Silver,True
CUST07390,59,4,230.93,3,2,1,321,2.0,Loyal,35-44,Prefer not to say,London,Bronze,False
CUST07391,145,5,788.07,2,2,3,223,2.33,At Risk,55-64,Prefer not to say,Scotland,Silver,True
CUST07392,271,3,38.98,1,1,1,111,1.0,Lost,35-44,Prefer not to say,East Midlands,Bronze,True
CUST07393,33,10,668.29,4,4,3,443,3.67,Champion,25-34,Male,East Midlands,Silver,True
CUST07394,47,12,1566.95,4,4,4,444,4.0,Champion,35-44,Prefer not to say,North West,Gold,True
CUST07395,160,4,368.18,2,2,2,222,2.0,At Risk,35-44,Prefer not to say,Wales,Silver,False
CUST07396,5,4,285.88,4,2,2,422,2.67,Loyal,55-64,Prefer not to say,West Midlands,Gold,True
CUST07397,241,5,638.57,2,2,3,223,2.33,At Risk,45-54,Male,North West,Bronze,True
CUST07398,338,3,190.78,1,1,1,111,1.0,Lost,45-54,Male,East Midlands,Gold,False
CUST07399,108,6,277.94,3,3,2,332,2.67,Loyal,25-34,Male,East Midlands,Bronze,True
CUST07400,69,5,395.99,3,2,2,322,2.33,Loyal,35-44,Prefer not to say,South West,Gold,True
CUST07401,102,8,580.11,3,4,3,343,3.33,Champion,45-54,Female,North West,Bronze,True
CUST07402,40,7,588.83,4,4,3,443,3.67,Champion,65+,Prefer not to say,London,Bronze,False
CUST07403,5,11,909.3199999999999,4,4,4,444,4.0,Champion,55-64,Female,North East,Bronze,False
CUST07404,126,3,144.81,3,1,1,311,1.67,New Customer,55-64,Female,London,Silver,True
CUST07405,183,5,298.11,2,2,2,222,2.0,At Risk,45-54,Female,North East,Bronze,False
CUST07406,95,7,676.2,3,4,3,343,3.33,Champion,55-64,Prefer not to say,London,Silver,False
CUST07407,45,10,1347.9,4,4,4,444,4.0,Champion,18-24,Prefer not to say,East Midlands,Silver,True
CUST07408,292,6,1000.49,1,3,4,134,2.67,Lost,18-24,Female,South East,Silver,True
CUST07409,8,6,334.94,4,3,2,432,3.0,Loyal,65+,Male,West Midlands,Bronze,False
CUST07410,9,5,994.49,4,2,4,424,3.33,Loyal,35-44,Prefer not to say,South East,Gold,True
CUST07411,615,2,23.240000000000002,1,1,1,111,1.0,Lost,55-64,Prefer not to say,Yorkshire,Bronze,True
CUST07412,188,5,467.08000000000004,2,2,2,222,2.0,At Risk,55-64,Prefer not to say,North East,Silver,True
CUST07413,57,6,431.76,3,3,2,332,2.67,Loyal,65+,Prefer not to say,North West,Bronze,True
CUST07414,72,10,773.78,3,4,3,343,3.33,Champion,35-44,Male,North West,Silver,True
CUST07415,343,5,527.83,1,2,3,123,2.0,Lost,65+,Male,East of England,Platinum,True
CUST07416,103,4,133.41,3,2,1,321,2.0,Loyal,45-54,Male,South West,Gold,True
CUST07417,63,9,1700.15,3,4,4,344,3.67,Champion,18-24,Male,East Midlands,Bronze,True
CUST07418,118,7,932.9300000000001,3,4,4,344,3.67,Champion,65+,Female,London,Silver,True
CUST07419,826,2,71.27000000000001,1,1,1,111,1.0,Lost,25-34,Male,East of England,Silver,True
CUST07420,418,4,293.27,1,2,2,122,1.67,Lost,25-34,Female,West Midlands,Bronze,False
CUST07421,319,5,1101.73,1,2,4,124,2.33,Lost,25-34,Female,Yorkshire,Silver,True
CUST07422,185,3,199.94,2,1,1,211,1.33,Needs Attention,65+,Male,East of England,Silver,True
CUST07423,199,9,502.8,2,4,2,242,2.67,At Risk,18-24,Prefer not to say,Scotland,Platinum,True
CUST07424,143,9,1200.22,2,4,4,244,3.33,At Risk,18-24,Prefer not to say,North West,Gold,True
CUST07425,45,6,282.64,4,3,2,432,3.0,Loyal,55-64,Male,London,Silver,False
CUST07426,53,6,369.25,4,3,2,432,3.0,Loyal,18-24,Female,West Midlands,Silver,True
CUST07427,64,3,223.08,3,1,1,311,1.67,New Customer,55-64,Prefer not to say,Yorkshire,Silver,True
CUST07428,8,7,1308.3300000000002,4,4,4,444,4.0,Champion,45-54,Male,North West,Gold,False
CUST07429,397,8,1280.25,1,4,4,144,3.0,Lost,55-64,Female,London,Bronze,True
CUST07430,53,2,30.45,4,1,1,411,2.0,New Customer,18-24,Prefer not to say,London,Gold,True
CUST07431,17,11,699.73,4,4,3,443,3.67,Champion,55-64,Male,London,Bronze,True
CUST07432,19,7,524.5,4,4,3,443,3.67,Champion,65+,Female,South East,Gold,True
CUST07433,585,7,1383.64,1,4,4,144,3.0,Lost,45-54,Female,London,Platinum,True
CUST07434,72,6,541.3000000000001,3,3,3,333,3.0,Champion,18-24,Male,East Midlands,Bronze,True
CUST07435,50,5,1861.0,4,2,4,424,3.33,Loyal,45-54,Female,South East,Bronze,True
CUST07436,226,4,157.62,2,2,1,221,1.67,At Risk,18-24,Prefer not to say,Wales,Silver,True
CUST07437,436,5,929.47,1,2,4,124,2.33,Lost,25-34,Female,North East,Bronze,True
CUST07438,410,5,308.82,1,2,2,122,1.67,Lost,18-24,Female,East Midlands,Bronze,True
CUST07439,490,5,133.72,1,2,1,121,1.33,Lost,25-34,Female,South West,Gold,True
CUST07440,261,5,368.03000000000003,1,2,2,122,1.67,Lost,45-54,Female,East of England,Bronze,True
CUST07441,474,3,363.62,1,1,2,112,1.33,Lost,45-54,Prefer not to say,South East,Gold,True
CUST07442,963,1,244.83,1,1,1,111,1.0,Lost,65+,Female,West Midlands,Silver,True
CUST07443,179,4,73.76,2,2,1,221,1.67,At Risk,45-54,Female,London,Silver,True
CUST07444,263,8,710.63,1,4,3,143,2.67,Lost,65+,Male,South West,Gold,True
CUST07445,26,8,655.39,4,4,3,443,3.67,Champion,55-64,Prefer not to say,West Midlands,Silver,True
CUST07446,104,7,954.97,3,4,4,344,3.67,Champion,45-54,Female,East Midlands,Platinum,True
CUST07447,45,4,437.3,4,2,2,422,2.67,Loyal,55-64,Female,South West,Gold,True
CUST07448,77,9,724.84,3,4,3,343,3.33,Champion,45-54,Male,London,Bronze,True
CUST07449,133,4,186.01999999999998,2,2,1,221,1.67,At Risk,65+,Female,London,Bronze,True
CUST07450,412,3,428.19,1,1,2,112,1.33,Lost,25-34,Female,London,Silver,True
CUST07451,273,7,901.3199999999999,1,4,4,144,3.0,Lost,55-64,Female,Yorkshire,Bronze,False
CUST07452,85,6,647.4,3,3,3,333,3.0,Champion,55-64,Prefer not to say,East Midlands,Gold,True
CUST07453,296,5,541.6,1,2,3,123,2.0,Lost,65+,Male,Scotland,Bronze,True
CUST07454,119,5,428.51,3,2,2,322,2.33,Loyal,65+,Prefer not to say,Yorkshire,Bronze,True
CUST07455,163,7,424.92,2,4,2,242,2.67,At Risk,25-34,Female,London,Gold,False
CUST07456,37,6,667.54,4,3,3,433,3.33,Champion,18-24,Female,Yorkshire,Silver,True
CUST07457,368,4,250.01,1,2,1,121,1.33,Lost,18-24,Male,London,Bronze,True
CUST07458,98,5,423.21000000000004,3,2,2,322,2.33,Loyal,25-34,Male,London,Gold,True
CUST07459,465,4,391.0,1,2,2,122,1.67,Lost,35-44,Prefer not to say,Yorkshire,Bronze,True
CUST07460,49,8,800.37,4,4,3,443,3.67,Champion,65+,Female,London,Gold,True
CUST07461,328,3,340.41,1,1,2,112,1.33,Lost,18-24,Female,South East,Bronze,False
CUST07462,684,2,86.0,1,1,1,111,1.0,Lost,55-64,Female,Yorkshire,Gold,True
CUST07463,224,5,149.23,2,2,1,221,1.67,At Risk,18-24,Male,Yorkshire,Silver,True
CUST07464,79,11,1262.94,3,4,4,344,3.67,Champion,55-64,Male,Yorkshire,Silver,True
CUST07465,99,5,144.93,3,2,1,321,2.0,Loyal,25-34,Female,London,Silver,True
CUST07466,5,3,131.6,4,1,1,411,2.0,New Customer,55-64,Female,East of England,Silver,True
CUST07467,46,8,1509.98,4,4,4,444,4.0,Champion,18-24,Male,Yorkshire,Bronze,False
CUST07468,307,3,577.75,1,1,3,113,1.67,Lost,25-34,Male,West Midlands,Silver,True
CUST07469,12,7,550.63,4,4,3,443,3.67,Champion,18-24,Male,South East,Platinum,False
CUST07470,523,6,600.2,1,3,3,133,2.33,Lost,65+,Female,East Midlands,Silver,False
CUST07471,176,5,950.92,2,2,4,224,2.67,At Risk,35-44,Prefer not to say,North West,Bronze,True
CUST07472,41,4,211.49,4,2,1,421,2.33,Loyal,35-44,Female,South West,Bronze,True
CUST07473,231,6,443.54999999999995,2,3,2,232,2.33,At Risk,65+,Prefer not to say,North West,Gold,True
CUST07474,52,10,1906.72,4,4,4,444,4.0,Champion,35-44,Male,Wales,Platinum,True
CUST07475,73,6,1268.35,3,3,4,334,3.33,Champion,55-64,Female,East Midlands,Gold,True
CUST07476,40,3,64.02000000000001,4,1,1,411,2.0,New Customer,65+,Male,London,Bronze,True
CUST07477,109,11,1394.7,3,4,4,344,3.67,Champion,55-64,Prefer not to say,West Midlands,Bronze,True
CUST07478,474,5,426.47,1,2,2,122,1.67,Lost,25-34,Male,North West,Gold,True
CUST07479,261,6,258.15,1,3,1,131,1.67,Lost,18-24,Male,West Midlands,Bronze,True
CUST07480,177,4,406.65,2,2,2,222,2.0,At Risk,45-54,Male,East of England,Platinum,True
CUST07481,107,2,42.27,3,1,1,311,1.67,New Customer,18-24,Prefer not to say,East Midlands,Bronze,True
CUST07482,149,9,652.98,2,4,3,243,3.0,At Risk,65+,Male,London,Bronze,True
CUST07483,135,4,334.19,2,2,2,222,2.0,At Risk,55-64,Prefer not to say,North West,Platinum,True
CUST07484,110,8,1228.85,3,4,4,344,3.67,Champion,35-44,Female,Scotland,Silver,True
CUST07485,314,6,328.53,1,3,2,132,2.0,Lost,35-44,Male,North East,Gold,True
CUST07486,42,8,1321.99,4,4,4,444,4.0,Champion,25-34,Male,Yorkshire,Gold,True
CUST07487,225,7,479.52,2,4,2,242,2.67,At Risk,18-24,Male,London,Silver,True
CUST07488,96,5,289.19,3,2,2,322,2.33,Loyal,65+,Prefer not to say,West Midlands,Silver,False
CUST07489,23,6,1069.68,4,3,4,434,3.67,Champion,65+,Male,London,Bronze,True
CUST07490,118,8,1245.6200000000001,3,4,4,344,3.67,Champion,55-64,Female,East Midlands,Bronze,True
CUST07491,20,6,674.5,4,3,3,433,3.33,Champion,55-64,Prefer not to say,East Midlands,Silver,False
CUST07492,35,7,931.3000000000001,4,4,4,444,4.0,Champion,55-64,Male,East Midlands,Bronze,True
CUST07493,32,11,1389.9,4,4,4,444,4.0,Champion,35-44,Prefer not to say,North West,Gold,True
CUST07494,142,5,250.18,2,2,1,221,1.67,At Risk,55-64,Prefer not to say,East Midlands,Bronze,True
CUST07495,522,5,2173.2,1,2,4,124,2.33,Lost,45-54,Female,East Midlands,Silver,True
CUST07496,85,4,667.62,3,2,3,323,2.67,Loyal,25-34,Male,West Midlands,Platinum,True
CUST07497,215,4,39.870000000000005,2,2,1,221,1.67,At Risk,65+,Female,London,Bronze,True
CUST07498,297,5,344.82,1,2,2,122,1.67,Lost,25-34,Prefer not to say,South East,Silver,True
CUST07499,18,6,1230.67,4,3,4,434,3.67,Champion,45-54,Male,West Midlands,Silver,True
CUST07500,362,7,1524.58,1,4,4,144,3.0,Lost,55-64,Female,South West,Silver,True
CUST07501,45,7,950.0600000000001,4,4,4,444,4.0,Champion,55-64,Female,North East,Platinum,True
CUST07502,441,3,90.03,1,1,1,111,1.0,Lost,45-54,Male,London,Bronze,True
CUST07503,6,6,327.51,4,3,2,432,3.0,Loyal,45-54,Female,Wales,Gold,True
CUST07504,138,3,70.33,2,1,1,211,1.33,Needs Attention,65+,Female,South West,Silver,False
CUST07505,50,4,378.09999999999997,4,2,2,422,2.67,Loyal,18-24,Male,East of England,Bronze,True
CUST07506,325,5,161.11,1,2,1,121,1.33,Lost,65+,Male,North West,Bronze,True
CUST07507,77,6,94.24,3,3,1,331,2.33,Loyal,25-34,Male,North East,Silver,True
CUST07508,163,5,122.61,2,2,1,221,1.67,At Risk,25-34,Female,London,Silver,True
CUST07509,208,5,224.6,2,2,1,221,1.67,At Risk,55-64,Male,East of England,Bronze,True
CUST07510,79,8,1597.49,3,4,4,344,3.67,Champion,65+,Male,North West,Silver,True
CUST07511,67,3,102.59,3,1,1,311,1.67,New Customer,65+,Male,South East,Bronze,True
CUST07512,33,10,2052.4700000000003,4,4,4,444,4.0,Champion,35-44,Male,London,Platinum,True
CUST07513,107,5,185.75,3,2,1,321,2.0,Loyal,18-24,Prefer not to say,Wales,Gold,True
CUST07514,157,4,1138.55,2,2,4,224,2.67,At Risk,65+,Male,Wales,Silver,False
CUST07515,560,3,90.02000000000001,1,1,1,111,1.0,Lost,65+,Male,London,Platinum,True
CUST07516,369,2,123.13,1,1,1,111,1.0,Lost,45-54,Male,North West,Bronze,True
CUST07517,267,4,1849.0500000000002,1,2,4,124,2.33,Lost,45-54,Male,North East,Bronze,True
CUST07518,188,5,543.26,2,2,3,223,2.33,At Risk,45-54,Prefer not to say,West Midlands,Bronze,False
CUST07519,624,5,1431.08,1,2,4,124,2.33,Lost,18-24,Prefer not to say,West Midlands,Bronze,True
CUST07520,200,8,902.23,2,4,4,244,3.33,At Risk,25-34,Female,South East,Bronze,True
CUST07521,148,9,1067.2,2,4,4,244,3.33,At Risk,55-64,Female,North West,Bronze,True
CUST07522,47,9,555.74,4,4,3,443,3.67,Champion,18-24,Prefer not to say,South East,Gold,True
CUST07523,48,4,385.61,4,2,2,422,2.67,Loyal,55-64,Male,Yorkshire,Silver,True
CUST07524,90,2,40.3,3,1,1,311,1.67,New Customer,25-34,Prefer not to say,South East,Bronze,True
CUST07525,119,4,84.52,3,2,1,321,2.0,Loyal,35-44,Female,East of England,Bronze,True
CUST07526,209,6,340.9,2,3,2,232,2.33,At Risk,65+,Female,London,Bronze,True
CUST07527,123,4,332.28000000000003,3,2,2,322,2.33,Loyal,45-54,Male,London,Bronze,True
CUST07528,61,8,219.21,3,4,1,341,2.67,Loyal,35-44,Female,South East,Gold,False
CUST07529,143,4,194.15,2,2,1,221,1.67,At Risk,45-54,Prefer not to say,Yorkshire,Bronze,True
CUST07530,188,4,112.55,2,2,1,221,1.67,At Risk,18-24,Male,South West,Bronze,True
CUST07531,601,5,964.71,1,2,4,124,2.33,Lost,25-34,Male,North East,Silver,True
CUST07532,937,3,63.620000000000005,1,1,1,111,1.0,Lost,18-24,Female,London,Gold,True
CUST07533,82,8,1407.4099999999999,3,4,4,344,3.67,Champion,45-54,Prefer not to say,London,Silver,True
CUST07534,231,3,554.26,2,1,3,213,2.0,Needs Attention,55-64,Male,North West,Silver,True
CUST07535,86,7,461.15,3,4,2,342,3.0,Loyal,65+,Prefer not to say,London,Gold,True
CUST07536,970,2,311.85,1,1,2,112,1.33,Lost,65+,Prefer not to say,Scotland,Platinum,True
CUST07537,67,3,204.84,3,1,1,311,1.67,New Customer,55-64,Male,North West,Bronze,True
CUST07538,196,8,1464.2000000000003,2,4,4,244,3.33,At Risk,55-64,Prefer not to say,London,Silver,True
CUST07539,72,8,771.54,3,4,3,343,3.33,Champion,45-54,Female,South East,Bronze,True
CUST07540,410,7,1280.44,1,4,4,144,3.0,Lost,65+,Prefer not to say,South East,Bronze,True
CUST07541,268,4,89.36,1,2,1,121,1.33,Lost,35-44,Prefer not to say,South East,Silver,True
CUST07542,101,6,246.34,3,3,1,331,2.33,Loyal,35-44,Male,West Midlands,Gold,False
CUST07543,97,5,418.79,3,2,2,322,2.33,Loyal,25-34,Prefer not to say,East of England,Silver,True
CUST07544,14,6,1646.37,4,3,4,434,3.67,Champion,65+,Female,East Midlands,Silver,False
CUST07545,40,7,410.23,4,4,2,442,3.33,Loyal,35-44,Female,South East,Silver,True
CUST07546,79,10,1527.3500000000001,3,4,4,344,3.67,Champion,25-34,Male,London,Bronze,True
CUST07547,239,5,351.73,2,2,2,222,2.0,At Risk,45-54,Male,London,Bronze,True
CUST07548,90,7,368.94,3,4,2,342,3.0,Loyal,65+,Prefer not to say,London,Gold,True
CUST07549,25,3,120.22999999999999,4,1,1,411,2.0,New Customer,45-54,Prefer not to say,South East,Silver,True
CUST07550,192,5,216.54999999999998,2,2,1,221,1.67,At Risk,35-44,Female,London,Silver,True
CUST07551,180,8,543.97,2,4,3,243,3.0,At Risk,65+,Prefer not to say,Yorkshire,Bronze,True
CUST07552,232,10,718.1,2,4,3,243,3.0,At Risk,25-34,Male,West Midlands,Gold,True
CUST07553,40,6,687.06,4,3,3,433,3.33,Champion,35-44,Male,East Midlands,Bronze,True
CUST07554,425,2,1207.12,1,1,4,114,2.0,Lost,35-44,Male,Scotland,Bronze,True
CUST07555,305,9,1629.79,1,4,4,144,3.0,Lost,65+,Prefer not to say,North West,Silver,True
CUST07556,146,7,280.98,2,4,2,242,2.67,At Risk,25-34,Male,North West,Bronze,True
CUST07557,16,5,231.45,4,2,1,421,2.33,Loyal,55-64,Male,South East,Bronze,True
CUST07558,95,7,616.33,3,4,3,343,3.33,Champion,65+,Female,North West,Gold,True
CUST07559,111,3,406.66,3,1,2,312,2.0,New Customer,55-64,Prefer not to say,South East,Silver,True
CUST07560,669,1,66.71,1,1,1,111,1.0,Lost,65+,Male,North West,Gold,True
CUST07561,296,5,191.56,1,2,1,121,1.33,Lost,18-24,Prefer not to say,West Midlands,Silver,True
CUST07562,411,2,135.05,1,1,1,111,1.0,Lost,45-54,Female,South East,Silver,True
CUST07563,54,7,766.94,3,4,3,343,3.33,Champion,45-54,Prefer not to say,South West,Bronze,True
CUST07564,12,5,973.2800000000001,4,2,4,424,3.33,Loyal,18-24,Female,South East,Bronze,True
CUST07565,18,7,1019.1600000000001,4,4,4,444,4.0,Champion,65+,Male,Yorkshire,Bronze,True
CUST07566,318,3,240.12,1,1,1,111,1.0,Lost,25-34,Female,Wales,Silver,True
CUST07567,117,4,645.0699999999999,3,2,3,323,2.67,Loyal,35-44,Female,West Midlands,Silver,False
CUST07568,77,7,1599.92,3,4,4,344,3.67,Champion,25-34,Female,North West,Platinum,True
CUST07569,129,5,236.6,3,2,1,321,2.0,Loyal,25-34,Male,South East,Silver,True
CUST07570,98,5,218.89,3,2,1,321,2.0,Loyal,35-44,Prefer not to say,East Midlands,Gold,True
CUST07571,13,5,280.16,4,2,2,422,2.67,Loyal,55-64,Prefer not to say,East of England,Silver,False
CUST07572,211,10,624.9300000000001,2,4,3,243,3.0,At Risk,65+,Prefer not to say,Scotland,Bronze,True
CUST07573,201,5,792.01,2,2,3,223,2.33,At Risk,35-44,Male,London,Gold,False
CUST07574,494,4,1516.3,1,2,4,124,2.33,Lost,65+,Male,London,Gold,True
CUST07575,3,7,1323.45,4,4,4,444,4.0,Champion,55-64,Male,South West,Bronze,True
CUST07576,10,7,1181.71,4,4,4,444,4.0,Champion,45-54,Male,South East,Silver,True
CUST07577,145,5,225.17,2,2,1,221,1.67,At Risk,25-34,Prefer not to say,London,Bronze,True
CUST07578,27,7,2031.52,4,4,4,444,4.0,Champion,35-44,Male,London,Bronze,True
CUST07579,172,8,682.24,2,4,3,243,3.0,At Risk,55-64,Female,East of England,Silver,True
CUST07580,187,5,125.05000000000001,2,2,1,221,1.67,At Risk,55-64,Female,West Midlands,Bronze,True
CUST07581,190,7,295.6,2,4,2,242,2.67,At Risk,35-44,Female,London,Silver,True
CUST07582,523,3,140.76999999999998,1,1,1,111,1.0,Lost,55-64,Female,Yorkshire,Silver,False
CUST07583,10,8,1240.07,4,4,4,444,4.0,Champion,65+,Prefer not to say,East Midlands,Gold,True
CUST07584,475,5,204.92000000000002,1,2,1,121,1.33,Lost,35-44,Female,South East,Silver,True
CUST07585,212,7,538.98,2,4,3,243,3.0,At Risk,45-54,Prefer not to say,East Midlands,Bronze,False
CUST07586,46,13,1043.05,4,4,4,444,4.0,Champion,25-34,Prefer not to say,West Midlands,Bronze,False
CUST07587,26,9,890.19,4,4,4,444,4.0,Champion,55-64,Female,Yorkshire,Bronze,True
CUST07588,400,6,801.76,1,3,3,133,2.33,Lost,55-64,Female,Wales,Silver,True
CUST07589,83,7,725.53,3,4,3,343,3.33,Champion,55-64,Prefer not to say,North West,Silver,True
CUST07590,82,2,243.26,3,1,1,311,1.67,New Customer,35-44,Male,London,Bronze,True
CUST07591,117,6,299.37,3,3,2,332,2.67,Loyal,45-54,Female,South East,Gold,True
CUST07592,79,2,290.13,3,1,2,312,2.0,New Customer,18-24,Male,Scotland,Bronze,True
CUST07593,8,6,569.89,4,3,3,433,3.33,Champion,35-44,Female,North West,Bronze,False
CUST07594,128,3,101.89,3,1,1,311,1.67,New Customer,55-64,Female,North West,Bronze,False
CUST07595,33,2,119.04,4,1,1,411,2.0,New Customer,55-64,Male,West Midlands,Bronze,True
CUST07596,145,6,548.0899999999999,2,3,3,233,2.67,At Risk,35-44,Prefer not to say,London,Bronze,False
CUST07597,86,6,982.66,3,3,4,334,3.33,Champion,35-44,Female,South West,Bronze,True
CUST07598,283,4,345.12,1,2,2,122,1.67,Lost,18-24,Female,London,Bronze,True
CUST07599,568,8,981.62,1,4,4,144,3.0,Lost,35-44,Prefer not to say,West Midlands,Gold,True
CUST07600,129,6,399.46000000000004,3,3,2,332,2.67,Loyal,55-64,Female,London,Bronze,False
CUST07601,133,13,2809.69,2,4,4,244,3.33,At Risk,45-54,Prefer not to say,South East,Silver,True
CUST07602,95,4,394.47,3,2,2,322,2.33,Loyal,18-24,Male,Scotland,Platinum,True
CUST07603,134,7,748.84,2,4,3,243,3.0,At Risk,25-34,Female,Yorkshire,Bronze,True
CUST07604,138,3,442.53999999999996,2,1,2,212,1.67,Needs Attention,65+,Prefer not to say,North West,Silver,True
CUST07605,545,9,1058.49,1,4,4,144,3.0,Lost,18-24,Prefer not to say,North West,Bronze,True
CUST07606,304,5,408.18,1,2,2,122,1.67,Lost,45-54,Female,South West,Gold,False
CUST07607,46,6,479.1,4,3,2,432,3.0,Loyal,35-44,Male,East of England,Bronze,True
CUST07608,316,3,103.88,1,1,1,111,1.0,Lost,45-54,Male,South West,Silver,False
CUST07609,370,5,257.79,1,2,1,121,1.33,Lost,55-64,Male,South West,Silver,False
CUST07610,302,4,202.24,1,2,1,121,1.33,Lost,25-34,Prefer not to say,London,Bronze,True
CUST07611,5,8,1393.9199999999998,4,4,4,444,4.0,Champion,45-54,Female,West Midlands,Silver,True
CUST07612,27,2,420.45000000000005,4,1,2,412,2.33,New Customer,25-34,Male,South West,Platinum,True
CUST07613,99,5,221.98999999999998,3,2,1,321,2.0,Loyal,65+,Female,London,Silver,True
CUST07614,67,11,949.75,3,4,4,344,3.67,Champion,18-24,Female,North West,Silver,True
CUST07615,249,2,121.49000000000001,2,1,1,211,1.33,Needs Attention,55-64,Male,London,Silver,True
CUST07616,263,5,175.31,1,2,1,121,1.33,Lost,65+,Male,South East,Gold,True
CUST07617,87,9,650.63,3,4,3,343,3.33,Champion,55-64,Female,London,Silver,True
CUST07618,408,5,187.77,1,2,1,121,1.33,Lost,35-44,Prefer not to say,East Midlands,Silver,True
CUST07619,396,6,195.62,1,3,1,131,1.67,Lost,25-34,Male,Scotland,Gold,False
CUST07620,13,7,766.01,4,4,3,443,3.67,Champion,55-64,Prefer not to say,West Midlands,Bronze,True
CUST07621,50,4,108.56,4,2,1,421,2.33,Loyal,45-54,Male,South West,Silver,True
CUST07622,339,1,41.9,1,1,1,111,1.0,Lost,35-44,Female,East of England,Bronze,True
CUST07623,72,9,336.03999999999996,3,4,2,342,3.0,Loyal,55-64,Male,East of England,Gold,False
CUST07624,96,4,219.42000000000002,3,2,1,321,2.0,Loyal,35-44,Prefer not to say,Yorkshire,Bronze,True
CUST07625,107,7,542.08,3,4,3,343,3.33,Champion,18-24,Male,East of England,Silver,True
CUST07626,85,10,394.0,3,4,2,342,3.0,Loyal,65+,Female,Yorkshire,Gold,True
CUST07627,682,1,13.14,1,1,1,111,1.0,Lost,65+,Female,North East,Bronze,False
CUST07628,1090,1,45.85,1,1,1,111,1.0,Lost,45-54,Male,Yorkshire,Silver,True
CUST07629,129,7,258.68,3,4,1,341,2.67,Loyal,65+,Prefer not to say,South West,Bronze,True
CUST07630,114,5,1501.81,3,2,4,324,3.0,Loyal,45-54,Male,North West,Silver,True
CUST07631,44,5,261.55,4,2,1,421,2.33,Loyal,25-34,Male,Wales,Silver,True
CUST07632,4,5,341.82,4,2,2,422,2.67,Loyal,55-64,Prefer not to say,South East,Bronze,True
CUST07633,21,6,1081.2,4,3,4,434,3.67,Champion,35-44,Male,London,Gold,True
CUST07634,27,4,1149.44,4,2,4,424,3.33,Loyal,25-34,Male,North West,Bronze,True
CUST07635,334,3,138.06,1,1,1,111,1.0,Lost,18-24,Female,East of England,Silver,True
CUST07636,42,6,2424.14,4,3,4,434,3.67,Champion,45-54,Prefer not to say,London,Silver,True
CUST07637,14,9,918.58,4,4,4,444,4.0,Champion,25-34,Female,South West,Bronze,False
CUST07638,504,3,196.6,1,1,1,111,1.0,Lost,45-54,Female,West Midlands,Silver,True
CUST07639,34,9,2556.01,4,4,4,444,4.0,Champion,55-64,Prefer not to say,South West,Bronze,True
CUST07640,66,8,229.57999999999998,3,4,1,341,2.67,Loyal,35-44,Prefer not to say,Scotland,Gold,True
CUST07641,86,3,102.68,3,1,1,311,1.67,New Customer,25-34,Male,South West,Bronze,True
CUST07642,95,7,224.49,3,4,1,341,2.67,Loyal,65+,Male,London,Bronze,True
CUST07643,363,3,76.87,1,1,1,111,1.0,Lost,45-54,Prefer not to say,South East,Bronze,True
CUST07644,212,2,73.65,2,1,1,211,1.33,Needs Attention,35-44,Male,London,Silver,True
CUST07645,402,7,239.12,1,4,1,141,2.0,Lost,35-44,Male,South East,Platinum,True
CUST07646,628,2,53.95,1,1,1,111,1.0,Lost,55-64,Prefer not to say,East Midlands,Bronze,True
CUST07647,92,8,823.0,3,4,3,343,3.33,Champion,65+,Female,East of England,Bronze,True
CUST07648,114,5,345.44,3,2,2,322,2.33,Loyal,45-54,Female,South West,Silver,True
CUST07649,52,10,1208.74,4,4,4,444,4.0,Champion,25-34,Female,London,Gold,True
CUST07650,18,7,1441.66,4,4,4,444,4.0,Champion,25-34,Prefer not to say,West Midlands,Bronze,True
CUST07651,797,2,32.61,1,1,1,111,1.0,Lost,35-44,Prefer not to say,Yorkshire,Gold,True
CUST07652,106,13,551.28,3,4,3,343,3.33,Champion,65+,Female,London,Bronze,True
CUST07653,149,8,1054.8700000000001,2,4,4,244,3.33,At Risk,35-44,Prefer not to say,North West,Gold,True
CUST07654,55,5,759.19,3,2,3,323,2.67,Loyal,18-24,Prefer not to say,Yorkshire,Bronze,False
CUST07655,6,11,2431.4199999999996,4,4,4,444,4.0,Champion,65+,Male,Wales,Bronze,True
CUST07656,60,10,2535.79,3,4,4,344,3.67,Champion,18-24,Prefer not to say,South East,Silver,True
CUST07657,85,6,1253.3700000000001,3,3,4,334,3.33,Champion,65+,Prefer not to say,North West,Silver,True
CUST07658,52,4,512.41,4,2,3,423,3.0,Loyal,65+,Female,London,Gold,True
CUST07659,312,3,298.23,1,1,2,112,1.33,Lost,45-54,Prefer not to say,London,Gold,True
CUST07660,30,11,851.9200000000001,4,4,3,443,3.67,Champion,65+,Prefer not to say,North West,Bronze,True
CUST07661,64,2,204.6,3,1,1,311,1.67,New Customer,55-64,Male,Scotland,Silver,True
CUST07662,512,7,695.47,1,4,3,143,2.67,Lost,35-44,Prefer not to say,London,Silver,True
CUST07663,300,7,1683.4700000000003,1,4,4,144,3.0,Lost,55-64,Female,South West,Silver,True
CUST07664,380,1,842.17,1,1,3,113,1.67,Lost,45-54,Female,Yorkshire,Bronze,True
CUST07665,10,7,782.57,4,4,3,443,3.67,Champion,65+,Prefer not to say,London,Bronze,True
CUST07666,159,6,228.48000000000002,2,3,1,231,2.0,At Risk,35-44,Female,London,Gold,False
CUST07667,601,3,177.63,1,1,1,111,1.0,Lost,35-44,Male,South East,Silver,True
CUST07668,137,6,608.0,2,3,3,233,2.67,At Risk,25-34,Male,North West,Bronze,True
CUST07669,207,4,465.11,2,2,2,222,2.0,At Risk,35-44,Female,East of England,Silver,False
CUST07670,379,5,538.3100000000001,1,2,3,123,2.0,Lost,18-24,Prefer not to say,East Midlands,Silver,True
CUST07671,31,3,247.76999999999998,4,1,1,411,2.0,New Customer,55-64,Male,North East,Silver,True
CUST07672,306,6,371.71999999999997,1,3,2,132,2.0,Lost,25-34,Male,West Midlands,Silver,True
CUST07673,849,3,381.11,1,1,2,112,1.33,Lost,25-34,Male,South East,Silver,False
CUST07674,300,3,122.88999999999999,1,1,1,111,1.0,Lost,45-54,Male,South East,Bronze,False
CUST07675,97,4,936.3199999999999,3,2,4,324,3.0,Loyal,18-24,Female,West Midlands,Platinum,True
CUST07676,316,4,146.97,1,2,1,121,1.33,Lost,18-24,Prefer not to say,South East,Platinum,True
CUST07677,104,6,620.14,3,3,3,333,3.0,Champion,55-64,Female,North East,Bronze,True
CUST07678,15,7,1158.75,4,4,4,444,4.0,Champion,65+,Prefer not to say,South East,Gold,True
CUST07679,221,3,371.33000000000004,2,1,2,212,1.67,Needs Attention,35-44,Prefer not to say,East Midlands,Silver,True
CUST07680,27,6,488.03000000000003,4,3,2,432,3.0,Loyal,65+,Female,London,Gold,True
CUST07681,352,6,541.91,1,3,3,133,2.33,Lost,18-24,Female,West Midlands,Bronze,False
CUST07682,85,6,1101.26,3,3,4,334,3.33,Champion,45-54,Prefer not to say,South East,Silver,True
CUST07683,342,2,109.55,1,1,1,111,1.0,Lost,35-44,Female,Wales,Bronze,True
CUST07684,92,5,446.91999999999996,3,2,2,322,2.33,Loyal,65+,Male,East of England,Bronze,False
CUST07685,57,8,346.76,3,4,2,342,3.0,Loyal,55-64,Male,East Midlands,Bronze,True
CUST07686,47,6,571.53,4,3,3,433,3.33,Champion,55-64,Female,London,Silver,True
CUST07687,145,4,176.89,2,2,1,221,1.67,At Risk,35-44,Female,Wales,Silver,True
CUST07688,6,5,992.8699999999999,4,2,4,424,3.33,Loyal,18-24,Male,London,Platinum,True
CUST07689,8,5,416.3,4,2,2,422,2.67,Loyal,18-24,Male,East Midlands,Bronze,True
CUST07690,117,6,132.14,3,3,1,331,2.33,Loyal,18-24,Prefer not to say,West Midlands,Bronze,True
CUST07691,47,7,1584.28,4,4,4,444,4.0,Champion,25-34,Female,South West,Bronze,True
CUST07692,2,13,1006.26,4,4,4,444,4.0,Champion,35-44,Female,South East,Bronze,True
CUST07693,259,3,213.8,1,1,1,111,1.0,Lost,18-24,Female,London,Gold,False
CUST07694,152,5,632.4,2,2,3,223,2.33,At Risk,35-44,Male,North East,Gold,False
CUST07695,142,8,381.2,2,4,2,242,2.67,At Risk,65+,Male,East of England,Platinum,True
CUST07696,41,10,1556.7799999999997,4,4,4,444,4.0,Champion,55-64,Male,West Midlands,Silver,False
CUST07697,38,6,359.86,4,3,2,432,3.0,Loyal,35-44,Prefer not to say,Yorkshire,Bronze,True
CUST07698,171,8,746.87,2,4,3,243,3.0,At Risk,55-64,Male,East of England,Bronze,True
CUST07699,424,7,370.46999999999997,1,4,2,142,2.33,Lost,35-44,Female,Wales,Gold,True
CUST07700,365,2,177.3,1,1,1,111,1.0,Lost,45-54,Prefer not to say,North West,Gold,True
CUST07701,18,6,339.5,4,3,2,432,3.0,Loyal,55-64,Female,North West,Bronze,True
CUST07702,141,7,842.72,2,4,3,243,3.0,At Risk,18-24,Female,South West,Bronze,True
CUST07703,170,7,383.42,2,4,2,242,2.67,At Risk,25-34,Male,East of England,Platinum,True
CUST07704,58,6,621.3,3,3,3,333,3.0,Champion,25-34,Male,Yorkshire,Gold,True
CUST07705,266,7,502.1,1,4,2,142,2.33,Lost,65+,Male,Yorkshire,Gold,False
CUST07706,31,7,1087.79,4,4,4,444,4.0,Champion,55-64,Male,North East,Bronze,False
CUST07707,350,1,21.07,1,1,1,111,1.0,Lost,18-24,Female,Yorkshire,Gold,True
CUST07708,28,10,938.21,4,4,4,444,4.0,Champion,55-64,Male,London,Bronze,True
CUST07709,17,10,1026.92,4,4,4,444,4.0,Champion,35-44,Prefer not to say,London,Silver,True
CUST07710,321,9,537.54,1,4,3,143,2.67,Lost,45-54,Prefer not to say,North East,Gold,True
CUST07711,284,9,857.7299999999999,1,4,3,143,2.67,Lost,55-64,Male,Yorkshire,Bronze,True
CUST07712,157,8,722.65,2,4,3,243,3.0,At Risk,55-64,Prefer not to say,London,Gold,True
CUST07713,130,7,476.06,3,4,2,342,3.0,Loyal,35-44,Male,Yorkshire,Gold,True
CUST07714,42,7,409.36,4,4,2,442,3.33,Loyal,18-24,Female,West Midlands,Silver,True
CUST07715,31,5,1079.24,4,2,4,424,3.33,Loyal,45-54,Prefer not to say,London,Silver,True
CUST07716,70,5,81.84,3,2,1,321,2.0,Loyal,65+,Male,London,Silver,True
CUST07717,183,6,176.57999999999998,2,3,1,231,2.0,At Risk,45-54,Female,Yorkshire,Silver,True
CUST07718,34,8,512.11,4,4,3,443,3.67,Champion,35-44,Female,East Midlands,Bronze,True
CUST07719,29,5,198.26,4,2,1,421,2.33,Loyal,25-34,Female,North West,Silver,True
CUST07720,3,4,515.27,4,2,3,423,3.0,Loyal,35-44,Prefer not to say,Scotland,Silver,True
CUST07721,19,9,746.45,4,4,3,443,3.67,Champion,18-24,Female,West Midlands,Silver,True
CUST07722,523,5,413.74,1,2,2,122,1.67,Lost,55-64,Male,Yorkshire,Platinum,True
CUST07723,61,5,348.4,3,2,2,322,2.33,Loyal,55-64,Female,North East,Silver,True
CUST07724,470,4,167.69,1,2,1,121,1.33,Lost,45-54,Prefer not to say,South East,Bronze,True
CUST07725,375,6,1479.3999999999999,1,3,4,134,2.67,Lost,55-64,Male,South West,Bronze,True
CUST07726,271,7,1046.56,1,4,4,144,3.0,Lost,18-24,Male,South East,Gold,True
CUST07727,272,2,645.34,1,1,3,113,1.67,Lost,45-54,Prefer not to say,South East,Bronze,True
CUST07728,617,2,97.94,1,1,1,111,1.0,Lost,35-44,Prefer not to say,South East,Bronze,True
CUST07729,138,9,453.88,2,4,2,242,2.67,At Risk,45-54,Male,North East,Bronze,True
CUST07730,21,7,1162.5,4,4,4,444,4.0,Champion,18-24,Prefer not to say,West Midlands,Bronze,True
CUST07731,514,6,982.21,1,3,4,134,2.67,Lost,65+,Female,London,Silver,True
CUST07732,110,2,33.53,3,1,1,311,1.67,New Customer,18-24,Prefer not to say,Yorkshire,Bronze,True
CUST07733,68,5,1469.93,3,2,4,324,3.0,Loyal,35-44,Male,Yorkshire,Silver,True
CUST07734,19,12,1096.06,4,4,4,444,4.0,Champion,18-24,Male,East Midlands,Bronze,False
CUST07735,74,10,564.19,3,4,3,343,3.33,Champion,55-64,Prefer not to say,North East,Platinum,True
CUST07736,51,6,573.97,4,3,3,433,3.33,Champion,25-34,Prefer not to say,Yorkshire,Bronze,True
CUST07737,157,9,1939.58,2,4,4,244,3.33,At Risk,65+,Male,South West,Gold,True
CUST07738,104,7,143.81,3,4,1,341,2.67,Loyal,18-24,Prefer not to say,North West,Bronze,True
CUST07739,31,7,1456.11,4,4,4,444,4.0,Champion,25-34,Male,South West,Bronze,True
CUST07740,420,5,334.33000000000004,1,2,2,122,1.67,Lost,18-24,Prefer not to say,West Midlands,Silver,True
CUST07741,68,12,1226.8400000000001,3,4,4,344,3.67,Champion,25-34,Prefer not to say,Yorkshire,Silver,True
CUST07742,45,7,358.69,4,4,2,442,3.33,Loyal,25-34,Male,South East,Silver,True
CUST07743,173,8,790.16,2,4,3,243,3.0,At Risk,65+,Female,East of England,Silver,True
CUST07744,504,5,1662.99,1,2,4,124,2.33,Lost,25-34,Female,East of England,Bronze,True
CUST07745,387,6,753.7,1,3,3,133,2.33,Lost,25-34,Female,London,Bronze,True
CUST07746,181,5,532.49,2,2,3,223,2.33,At Risk,18-24,Female,London,Silver,False
CUST07747,24,4,401.45,4,2,2,422,2.67,Loyal,18-24,Male,South East,Bronze,True
CUST07748,418,3,620.96,1,1,3,113,1.67,Lost,18-24,Male,South West,Silver,True
CUST07749,66,13,1944.0,3,4,4,344,3.67,Champion,65+,Male,London,Gold,True
CUST07750,82,8,760.41,3,4,3,343,3.33,Champion,35-44,Prefer not to say,London,Gold,True
CUST07751,60,7,198.69,3,4,1,341,2.67,Loyal,18-24,Prefer not to say,Yorkshire,Bronze,True
CUST07752,31,7,456.21999999999997,4,4,2,442,3.33,Loyal,18-24,Male,North East,Silver,True
CUST07753,31,7,1201.9599999999998,4,4,4,444,4.0,Champion,45-54,Male,London,Bronze,True
CUST07754,237,9,2021.9799999999998,2,4,4,244,3.33,At Risk,35-44,Prefer not to say,Scotland,Silver,True
CUST07755,76,8,664.86,3,4,3,343,3.33,Champion,18-24,Female,London,Bronze,True
CUST07756,52,9,1419.48,4,4,4,444,4.0,Champion,18-24,Prefer not to say,South East,Bronze,True
CUST07757,25,6,398.62,4,3,2,432,3.0,Loyal,25-34,Female,South East,Bronze,True
CUST07758,42,4,868.59,4,2,3,423,3.0,Loyal,35-44,Male,Yorkshire,Silver,True
CUST07759,218,4,61.13,2,2,1,221,1.67,At Risk,55-64,Male,South East,Bronze,False
CUST07760,122,3,159.39,3,1,1,311,1.67,New Customer,55-64,Female,East of England,Bronze,True
CUST07761,101,8,732.07,3,4,3,343,3.33,Champion,18-24,Female,North West,Bronze,False
CUST07762,84,6,490.08000000000004,3,3,2,332,2.67,Loyal,18-24,Male,North West,Silver,False
CUST07763,206,6,777.48,2,3,3,233,2.67,At Risk,25-34,Male,East of England,Gold,True
CUST07764,5,9,475.57,4,4,2,442,3.33,Loyal,35-44,Prefer not to say,North West,Silver,True
CUST07765,219,10,1139.78,2,4,4,244,3.33,At Risk,45-54,Prefer not to say,London,Gold,True
CUST07766,119,5,242.0,3,2,1,321,2.0,Loyal,35-44,Male,Yorkshire,Bronze,True
CUST07767,424,5,725.36,1,2,3,123,2.0,Lost,35-44,Female,Yorkshire,Bronze,True
CUST07768,2,7,1045.9,4,4,4,444,4.0,Champion,18-24,Prefer not to say,Scotland,Silver,True
CUST07769,392,4,518.64,1,2,3,123,2.0,Lost,65+,Prefer not to say,West Midlands,Platinum,False
CUST07770,214,4,886.48,2,2,4,224,2.67,At Risk,45-54,Female,Wales,Silver,True
CUST07771,43,7,1239.5,4,4,4,444,4.0,Champion,45-54,Male,London,Bronze,True
CUST07772,202,8,183.19,2,4,1,241,2.33,At Risk,18-24,Prefer not to say,East of England,Silver,True
CUST07773,223,9,1067.21,2,4,4,244,3.33,At Risk,18-24,Prefer not to say,London,Gold,True
CUST07774,57,4,478.4,3,2,2,322,2.33,Loyal,18-24,Prefer not to say,West Midlands,Gold,True
CUST07775,100,6,442.42,3,3,2,332,2.67,Loyal,65+,Female,West Midlands,Bronze,True
CUST07776,212,5,605.01,2,2,3,223,2.33,At Risk,35-44,Prefer not to say,South East,Bronze,True
CUST07777,2,3,128.1,4,1,1,411,2.0,New Customer,45-54,Prefer not to say,London,Gold,True
CUST07778,1,7,1191.45,4,4,4,444,4.0,Champion,65+,Male,East of England,Platinum,False
CUST07779,57,8,1116.3799999999999,3,4,4,344,3.67,Champion,18-24,Prefer not to say,North West,Bronze,True
CUST07780,9,7,843.57,4,4,3,443,3.67,Champion,65+,Prefer not to say,London,Bronze,True
CUST07781,4,7,758.98,4,4,3,443,3.67,Champion,65+,Female,London,Bronze,True
CUST07782,5,5,292.89,4,2,2,422,2.67,Loyal,45-54,Male,North West,Gold,True
CUST07783,39,7,490.43,4,4,2,442,3.33,Loyal,35-44,Prefer not to say,Yorkshire,Bronze,True
CUST07784,75,11,1632.09,3,4,4,344,3.67,Champion,45-54,Prefer not to say,London,Bronze,True
CUST07785,43,6,573.69,4,3,3,433,3.33,Champion,25-34,Female,Scotland,Bronze,True
CUST07786,125,9,1344.06,3,4,4,344,3.67,Champion,55-64,Female,Yorkshire,Silver,True
CUST07787,45,10,1447.3700000000001,4,4,4,444,4.0,Champion,25-34,Female,London,Bronze,True
CUST07788,219,12,349.90999999999997,2,4,2,242,2.67,At Risk,55-64,Prefer not to say,London,Gold,True
CUST07789,239,7,512.34,2,4,3,243,3.0,At Risk,18-24,Prefer not to say,East Midlands,Gold,True
CUST07790,100,6,895.7,3,3,4,334,3.33,Champion,18-24,Prefer not to say,London,Silver,True
CUST07791,133,7,593.55,2,4,3,243,3.0,At Risk,35-44,Prefer not to say,Wales,Bronze,True
CUST07792,101,8,531.5,3,4,3,343,3.33,Champion,45-54,Male,West Midlands,Silver,False
CUST07793,205,3,377.97999999999996,2,1,2,212,1.67,Needs Attention,35-44,Prefer not to say,South East,Bronze,True
CUST07794,44,2,265.7,4,1,1,411,2.0,New Customer,35-44,Male,North West,Platinum,False
CUST07795,83,8,213.63000000000002,3,4,1,341,2.67,Loyal,35-44,Male,London,Silver,True
CUST07796,215,8,866.15,2,4,3,243,3.0,At Risk,18-24,Prefer not to say,East of England,Bronze,False
CUST07797,75,6,116.45,3,3,1,331,2.33,Loyal,45-54,Prefer not to say,London,Bronze,True
CUST07798,212,11,656.1700000000001,2,4,3,243,3.0,At Risk,18-24,Male,East of England,Silver,True
CUST07799,46,6,1682.0,4,3,4,434,3.67,Champion,18-24,Male,London,Platinum,True
CUST07800,664,2,108.11,1,1,1,111,1.0,Lost,35-44,Prefer not to say,Scotland,Bronze,True
CUST07801,207,7,1262.43,2,4,4,244,3.33,At Risk,65+,Prefer not to say,South West,Bronze,True
CUST07802,77,8,1132.85,3,4,4,344,3.67,Champion,35-44,Female,London,Gold,True
CUST07803,137,4,353.54999999999995,2,2,2,222,2.0,At Risk,35-44,Male,London,Silver,True
CUST07804,66,9,1021.3199999999999,3,4,4,344,3.67,Champion,45-54,Female,North West,Bronze,True
CUST07805,8,3,250.33,4,1,1,411,2.0,New Customer,25-34,Female,South East,Platinum,True
CUST07806,161,5,537.1700000000001,2,2,3,223,2.33,At Risk,18-24,Male,North West,Silver,True
CUST07807,636,2,112.87,1,1,1,111,1.0,Lost,65+,Female,London,Bronze,True
CUST07808,529,4,250.73000000000002,1,2,1,121,1.33,Lost,25-34,Prefer not to say,Wales,Silver,True
CUST07809,10,6,577.71,4,3,3,433,3.33,Champion,55-64,Male,East Midlands,Bronze,True
CUST07810,190,4,333.3,2,2,2,222,2.0,At Risk,65+,Male,London,Bronze,True
CUST07811,7,6,1592.3899999999999,4,3,4,434,3.67,Champion,55-64,Male,East of England,Bronze,True
CUST07812,212,3,330.49,2,1,2,212,1.67,Needs Attention,25-34,Female,South East,Bronze,False
CUST07813,89,6,484.22,3,3,2,332,2.67,Loyal,55-64,Female,East of England,Platinum,True
CUST07814,13,5,438.06,4,2,2,422,2.67,Loyal,45-54,Female,London,Bronze,True
CUST07815,500,4,597.54,1,2,3,123,2.0,Lost,25-34,Male,South East,Bronze,True
CUST07816,10,9,871.5799999999999,4,4,4,444,4.0,Champion,65+,Prefer not to say,South East,Platinum,True
CUST07817,4,8,1431.86,4,4,4,444,4.0,Champion,18-24,Female,East Midlands,Silver,True
CUST07818,265,5,750.81,1,2,3,123,2.0,Lost,25-34,Prefer not to say,West Midlands,Silver,True
CUST07819,613,4,519.6,1,2,3,123,2.0,Lost,25-34,Prefer not to say,East Midlands,Silver,True
CUST07820,114,10,854.36,3,4,3,343,3.33,Champion,35-44,Prefer not to say,East of England,Platinum,True
CUST07821,95,3,295.49,3,1,2,312,2.0,New Customer,65+,Male,London,Silver,False
CUST07822,471,4,373.15,1,2,2,122,1.67,Lost,45-54,Male,Yorkshire,Bronze,True
CUST07823,581,5,200.70000000000002,1,2,1,121,1.33,Lost,25-34,Prefer not to say,London,Gold,True
CUST07824,13,9,1324.81,4,4,4,444,4.0,Champion,25-34,Male,East Midlands,Bronze,True
CUST07825,909,2,11.65,1,1,1,111,1.0,Lost,35-44,Male,South East,Bronze,False
CUST07826,558,5,958.92,1,2,4,124,2.33,Lost,45-54,Female,Wales,Gold,True
CUST07827,19,5,500.84999999999997,4,2,2,422,2.67,Loyal,35-44,Female,London,Silver,True
CUST07828,87,3,177.11,3,1,1,311,1.67,New Customer,18-24,Male,Scotland,Platinum,True
CUST07829,87,4,266.49,3,2,1,321,2.0,Loyal,25-34,Prefer not to say,East of England,Gold,False
CUST07830,131,3,586.15,2,1,3,213,2.0,Needs Attention,25-34,Prefer not to say,West Midlands,Silver,True
CUST07831,144,8,325.97,2,4,2,242,2.67,At Risk,18-24,Female,South East,Gold,True
CUST07832,140,3,512.5500000000001,2,1,3,213,2.0,Needs Attention,25-34,Male,West Midlands,Bronze,True
CUST07833,1,9,841.9,4,4,3,443,3.67,Champion,35-44,Male,South East,Silver,True
CUST07834,19,5,922.28,4,2,4,424,3.33,Loyal,25-34,Prefer not to say,North West,Silver,True
CUST07835,17,3,297.96000000000004,4,1,2,412,2.33,New Customer,18-24,Prefer not to say,West Midlands,Bronze,True
CUST07836,135,4,83.51,2,2,1,221,1.67,At Risk,45-54,Prefer not to say,North East,Platinum,True
CUST07837,486,3,40.08,1,1,1,111,1.0,Lost,45-54,Male,London,Gold,True
CUST07838,159,5,161.41,2,2,1,221,1.67,At Risk,35-44,Prefer not to say,North East,Silver,True
CUST07839,71,6,375.05,3,3,2,332,2.67,Loyal,25-34,Female,North West,Silver,True
CUST07840,83,4,145.62,3,2,1,321,2.0,Loyal,18-24,Prefer not to say,South East,Silver,True
CUST07841,373,1,56.49,1,1,1,111,1.0,Lost,55-64,Male,South West,Bronze,False
CUST07842,92,4,331.1,3,2,2,322,2.33,Loyal,35-44,Prefer not to say,East Midlands,Bronze,True
CUST07843,52,5,766.26,4,2,3,423,3.0,Loyal,45-54,Male,South West,Bronze,True
CUST07844,6,7,285.22,4,4,2,442,3.33,Loyal,25-34,Female,West Midlands,Bronze,True
CUST07845,197,9,1212.23,2,4,4,244,3.33,At Risk,55-64,Female,London,Platinum,False
CUST07846,59,6,1162.71,3,3,4,334,3.33,Champion,35-44,Male,London,Gold,True
CUST07847,143,6,529.3199999999999,2,3,3,233,2.67,At Risk,35-44,Female,London,Silver,True
CUST07848,31,6,212.5,4,3,1,431,2.67,Loyal,25-34,Male,South East,Bronze,True
CUST07849,153,4,517.65,2,2,3,223,2.33,At Risk,55-64,Female,London,Gold,True
CUST07850,218,10,840.9100000000001,2,4,3,243,3.0,At Risk,45-54,Male,North West,Bronze,True
CUST07851,42,6,159.09,4,3,1,431,2.67,Loyal,55-64,Male,North West,Silver,False
CUST07852,78,9,1339.97,3,4,4,344,3.67,Champion,45-54,Male,London,Silver,True
CUST07853,102,8,417.44,3,4,2,342,3.0,Loyal,55-64,Prefer not to say,West Midlands,Gold,False
CUST07854,750,3,161.67000000000002,1,1,1,111,1.0,Lost,55-64,Prefer not to say,Yorkshire,Silver,True
CUST07855,178,5,1284.6100000000001,2,2,4,224,2.67,At Risk,55-64,Prefer not to say,London,Gold,True
CUST07856,49,3,520.83,4,1,3,413,2.67,New Customer,45-54,Female,London,Silver,True
CUST07857,97,8,1001.69,3,4,4,344,3.67,Champion,65+,Prefer not to say,London,Silver,False
CUST07858,154,8,1475.38,2,4,4,244,3.33,At Risk,35-44,Male,London,Bronze,False
CUST07859,292,6,460.78,1,3,2,132,2.0,Lost,65+,Prefer not to say,South West,Bronze,False
CUST07860,86,6,918.82,3,3,4,334,3.33,Champion,35-44,Prefer not to say,Yorkshire,Gold,True
CUST07861,41,5,578.58,4,2,3,423,3.0,Loyal,55-64,Female,Yorkshire,Gold,True
CUST07862,17,2,105.69999999999999,4,1,1,411,2.0,New Customer,55-64,Male,London,Silver,True
CUST07863,329,8,1134.95,1,4,4,144,3.0,Lost,55-64,Prefer not to say,Yorkshire,Silver,False
CUST07864,204,7,854.67,2,4,3,243,3.0,At Risk,55-64,Female,South East,Gold,False
CUST07865,128,9,983.1,3,4,4,344,3.67,Champion,25-34,Prefer not to say,Yorkshire,Bronze,True
CUST07866,38,9,783.09,4,4,3,443,3.67,Champion,65+,Female,London,Bronze,True
CUST07867,577,5,424.52000000000004,1,2,2,122,1.67,Lost,65+,Prefer not to say,West Midlands,Platinum,True
CUST07868,46,8,580.94,4,4,3,443,3.67,Champion,18-24,Female,Yorkshire,Bronze,False
CUST07869,1,5,899.38,4,2,4,424,3.33,Loyal,55-64,Female,West Midlands,Bronze,True
CUST07870,313,4,359.99,1,2,2,122,1.67,Lost,65+,Female,North West,Bronze,True
CUST07871,126,6,262.75,3,3,1,331,2.33,Loyal,35-44,Male,London,Silver,True
CUST07872,194,3,76.72,2,1,1,211,1.33,Needs Attention,65+,Male,London,Bronze,True
CUST07873,76,5,121.15,3,2,1,321,2.0,Loyal,45-54,Female,North West,Bronze,False
CUST07874,78,6,324.28999999999996,3,3,2,332,2.67,Loyal,55-64,Prefer not to say,South East,Bronze,True
CUST07875,21,7,524.76,4,4,3,443,3.67,Champion,65+,Prefer not to say,North West,Bronze,True
CUST07876,77,7,1378.24,3,4,4,344,3.67,Champion,45-54,Prefer not to say,East of England,Platinum,True
CUST07877,603,4,827.01,1,2,3,123,2.0,Lost,45-54,Male,London,Gold,True
CUST07878,588,4,151.57000000000002,1,2,1,121,1.33,Lost,45-54,Male,East Midlands,Bronze,True
CUST07879,443,3,169.48000000000002,1,1,1,111,1.0,Lost,25-34,Prefer not to say,South East,Bronze,True
CUST07880,59,3,837.03,3,1,3,313,2.33,New Customer,65+,Female,East of England,Bronze,False
CUST07881,147,6,2086.38,2,3,4,234,3.0,At Risk,35-44,Male,London,Bronze,True
CUST07882,253,9,1258.89,2,4,4,244,3.33,At Risk,25-34,Male,South East,Gold,True
CUST07883,80,8,2277.04,3,4,4,344,3.67,Champion,65+,Female,London,Silver,False
CUST07884,71,6,446.46,3,3,2,332,2.67,Loyal,35-44,Male,London,Silver,False
CUST07885,195,7,541.12,2,4,3,243,3.0,At Risk,25-34,Prefer not to say,London,Silver,True
CUST07886,348,1,220.33,1,1,1,111,1.0,Lost,45-54,Prefer not to say,North West,Silver,True
CUST07887,16,7,446.65000000000003,4,4,2,442,3.33,Loyal,45-54,Female,West Midlands,Platinum,True
CUST07888,14,9,430.54,4,4,2,442,3.33,Loyal,65+,Prefer not to say,South East,Silver,True
CUST07889,75,7,748.0899999999999,3,4,3,343,3.33,Champion,45-54,Female,East Midlands,Gold,True
CUST07890,217,5,1171.36,2,2,4,224,2.67,At Risk,65+,Female,South West,Platinum,False
CUST07891,155,2,792.77,2,1,3,213,2.0,Needs Attention,65+,Female,North West,Silver,True
CUST07892,53,9,1484.82,4,4,4,444,4.0,Champion,18-24,Male,London,Silver,True
CUST07893,33,9,2319.99,4,4,4,444,4.0,Champion,25-34,Female,London,Bronze,False
CUST07894,134,7,481.13,2,4,2,242,2.67,At Risk,35-44,Male,London,Silver,False
CUST07895,267,3,119.97,1,1,1,111,1.0,Lost,45-54,Female,East of England,Silver,True
CUST07896,128,7,262.53999999999996,3,4,1,341,2.67,Loyal,25-34,Male,South East,Bronze,True
CUST07897,73,5,473.83000000000004,3,2,2,322,2.33,Loyal,65+,Male,London,Bronze,False
CUST07898,195,2,171.45000000000002,2,1,1,211,1.33,Needs Attention,18-24,Prefer not to say,West Midlands,Bronze,False
CUST07899,207,4,395.03,2,2,2,222,2.0,At Risk,18-24,Prefer not to say,London,Bronze,True
CUST07900,203,10,701.03,2,4,3,243,3.0,At Risk,65+,Prefer not to say,London,Bronze,True
CUST07901,167,6,422.04,2,3,2,232,2.33,At Risk,65+,Prefer not to say,South West,Bronze,True
CUST07902,217,8,931.06,2,4,4,244,3.33,At Risk,45-54,Male,East of England,Bronze,True
CUST07903,240,4,588.61,2,2,3,223,2.33,At Risk,25-34,Prefer not to say,South West,Platinum,True
CUST07904,75,7,336.93,3,4,2,342,3.0,Loyal,55-64,Prefer not to say,South East,Gold,True
CUST07905,102,8,831.49,3,4,3,343,3.33,Champion,65+,Female,South West,Silver,True
CUST07906,252,5,791.46,2,2,3,223,2.33,At Risk,65+,Male,South West,Platinum,True
CUST07907,115,7,311.32,3,4,2,342,3.0,Loyal,25-34,Prefer not to say,North West,Silver,True
CUST07908,60,8,336.84,3,4,2,342,3.0,Loyal,45-54,Prefer not to say,London,Bronze,True
CUST07909,476,3,112.43,1,1,1,111,1.0,Lost,45-54,Prefer not to say,South West,Bronze,True
CUST07910,222,9,522.67,2,4,3,243,3.0,At Risk,55-64,Male,Wales,Bronze,True
CUST07911,162,11,598.67,2,4,3,243,3.0,At Risk,55-64,Male,London,Silver,True
CUST07912,16,5,137.55,4,2,1,421,2.33,Loyal,35-44,Female,South West,Bronze,True
CUST07913,74,5,294.8,3,2,2,322,2.33,Loyal,55-64,Prefer not to say,Scotland,Bronze,True
CUST07914,52,2,82.75,4,1,1,411,2.0,New Customer,18-24,Prefer not to say,West Midlands,Silver,False
CUST07915,21,2,107.18,4,1,1,411,2.0,New Customer,18-24,Male,Scotland,Gold,True
CUST07916,31,6,75.58,4,3,1,431,2.67,Loyal,55-64,Male,South East,Bronze,True
CUST07917,167,5,896.66,2,2,4,224,2.67,At Risk,35-44,Female,North West,Bronze,True
CUST07918,52,4,502.74999999999994,4,2,2,422,2.67,Loyal,35-44,Male,West Midlands,Bronze,True
CUST07919,186,8,1767.13,2,4,4,244,3.33,At Risk,45-54,Female,South East,Gold,True
CUST07920,533,5,293.58,1,2,2,122,1.67,Lost,45-54,Prefer not to say,West Midlands,Silver,True
CUST07921,85,8,2046.6599999999999,3,4,4,344,3.67,Champion,35-44,Female,North West,Bronze,True
CUST07922,289,5,533.8399999999999,1,2,3,123,2.0,Lost,35-44,Prefer not to say,East Midlands,Silver,True
CUST07923,37,11,1162.92,4,4,4,444,4.0,Champion,35-44,Prefer not to say,South West,Bronze,True
CUST07924,311,6,348.28999999999996,1,3,2,132,2.0,Lost,18-24,Prefer not to say,East Midlands,Silver,False
CUST07925,257,3,342.26,2,1,2,212,1.67,Needs Attention,65+,Female,London,Bronze,True
CUST07926,261,4,213.57,1,2,1,121,1.33,Lost,45-54,Male,London,Bronze,True
CUST07927,16,8,669.27,4,4,3,443,3.67,Champion,25-34,Female,London,Gold,True
CUST07928,20,8,504.09000000000003,4,4,2,442,3.33,Loyal,45-54,Male,North West,Gold,True
CUST07929,83,5,1202.71,3,2,4,324,3.0,Loyal,35-44,Female,East Midlands,Silver,True
CUST07930,14,8,1468.45,4,4,4,444,4.0,Champion,55-64,Male,West Midlands,Bronze,True
CUST07931,236,5,752.01,2,2,3,223,2.33,At Risk,65+,Prefer not to say,West Midlands,Platinum,False
CUST07932,339,8,1407.1399999999999,1,4,4,144,3.0,Lost,18-24,Female,London,Bronze,True
CUST07933,107,8,739.35,3,4,3,343,3.33,Champion,55-64,Male,Scotland,Silver,True
CUST07934,8,5,1422.58,4,2,4,424,3.33,Loyal,25-34,Prefer not to say,South East,Bronze,True
CUST07935,28,6,126.37,4,3,1,431,2.67,Loyal,25-34,Male,Scotland,Silver,True
CUST07936,185,1,34.83,2,1,1,211,1.33,Needs Attention,18-24,Female,Scotland,Gold,True
CUST07937,74,5,109.72000000000001,3,2,1,321,2.0,Loyal,55-64,Prefer not to say,East of England,Silver,True
CUST07938,217,4,1033.3899999999999,2,2,4,224,2.67,At Risk,65+,Male,London,Silver,False
CUST07939,514,4,372.7,1,2,2,122,1.67,Lost,25-34,Prefer not to say,London,Silver,False
CUST07940,271,7,704.96,1,4,3,143,2.67,Lost,55-64,Female,West Midlands,Gold,True
CUST07941,198,5,230.76999999999998,2,2,1,221,1.67,At Risk,55-64,Male,South East,Platinum,True
CUST07942,158,8,1337.93,2,4,4,244,3.33,At Risk,25-34,Male,North West,Silver,False
CUST07943,16,3,423.81,4,1,2,412,2.33,New Customer,45-54,Prefer not to say,North West,Silver,True
CUST07944,309,6,847.6,1,3,3,133,2.33,Lost,18-24,Male,London,Bronze,True
CUST07945,43,5,841.9100000000001,4,2,3,423,3.0,Loyal,25-34,Male,North East,Bronze,False
CUST07946,54,8,410.24,3,4,2,342,3.0,Loyal,45-54,Male,London,Platinum,True
CUST07947,240,7,334.90000000000003,2,4,2,242,2.67,At Risk,45-54,Female,North East,Bronze,True
CUST07948,76,9,805.66,3,4,3,343,3.33,Champion,18-24,Female,London,Bronze,True
CUST07949,198,9,490.45,2,4,2,242,2.67,At Risk,25-34,Prefer not to say,London,Silver,True
CUST07950,359,2,162.15,1,1,1,111,1.0,Lost,35-44,Prefer not to say,North East,Silver,True
CUST07951,212,5,247.5,2,2,1,221,1.67,At Risk,18-24,Male,North West,Silver,True
CUST07952,55,8,364.52,3,4,2,342,3.0,Loyal,55-64,Prefer not to say,East of England,Silver,False
CUST07953,217,6,827.0899999999999,2,3,3,233,2.67,At Risk,55-64,Female,East of England,Silver,False
CUST07954,96,2,103.75999999999999,3,1,1,311,1.67,New Customer,45-54,Male,South West,Gold,True
CUST07955,20,9,639.71,4,4,3,443,3.67,Champion,55-64,Female,Wales,Bronze,True
CUST07956,35,8,533.96,4,4,3,443,3.67,Champion,65+,Male,East Midlands,Gold,True
CUST07957,22,8,990.17,4,4,4,444,4.0,Champion,25-34,Female,London,Gold,True
CUST07958,40,9,631.29,4,4,3,443,3.67,Champion,18-24,Male,Yorkshire,Silver,True
CUST07959,282,3,292.85,1,1,2,112,1.33,Lost,25-34,Prefer not to say,North West,Silver,True
CUST07960,18,2,38.53,4,1,1,411,2.0,New Customer,65+,Male,London,Bronze,False
CUST07961,345,3,234.09,1,1,1,111,1.0,Lost,65+,Male,London,Silver,True
CUST07962,54,6,525.34,3,3,3,333,3.0,Champion,65+,Prefer not to say,South East,Silver,True
CUST07963,12,5,561.95,4,2,3,423,3.0,Loyal,35-44,Male,South East,Bronze,True
CUST07964,194,10,650.01,2,4,3,243,3.0,At Risk,25-34,Male,North East,Silver,True
CUST07965,152,7,805.4,2,4,3,243,3.0,At Risk,45-54,Male,East of England,Gold,True
CUST07966,41,7,1633.24,4,4,4,444,4.0,Champion,35-44,Male,West Midlands,Gold,False
CUST07967,221,7,405.96,2,4,2,242,2.67,At Risk,55-64,Male,London,Bronze,True
CUST07968,424,5,475.99,1,2,2,122,1.67,Lost,35-44,Female,Scotland,Bronze,True
CUST07969,86,3,273.43,3,1,2,312,2.0,New Customer,45-54,Prefer not to say,East Midlands,Bronze,True
CUST07970,88,4,344.44000000000005,3,2,2,322,2.33,Loyal,55-64,Prefer not to say,Scotland,Bronze,True
CUST07971,159,8,430.5,2,4,2,242,2.67,At Risk,35-44,Male,North West,Gold,True
CUST07972,104,7,709.27,3,4,3,343,3.33,Champion,65+,Prefer not to say,North East,Silver,True
CUST07973,395,5,246.77,1,2,1,121,1.33,Lost,45-54,Male,South East,Bronze,False
CUST07974,119,5,240.01,3,2,1,321,2.0,Loyal,18-24,Male,London,Platinum,True
CUST07975,23,5,483.4,4,2,2,422,2.67,Loyal,55-64,Female,London,Silver,False
CUST07976,134,4,1044.51,2,2,4,224,2.67,At Risk,65+,Male,East Midlands,Bronze,True
CUST07977,100,4,415.77,3,2,2,322,2.33,Loyal,55-64,Female,London,Bronze,False
CUST07978,124,8,394.67,3,4,2,342,3.0,Loyal,55-64,Male,London,Silver,True
CUST07979,139,6,364.1,2,3,2,232,2.33,At Risk,18-24,Prefer not to say,North West,Gold,True
CUST07980,597,2,37.26,1,1,1,111,1.0,Lost,65+,Female,West Midlands,Gold,True
CUST07981,125,4,359.58000000000004,3,2,2,322,2.33,Loyal,65+,Female,South West,Bronze,True
CUST07982,172,9,1102.95,2,4,4,244,3.33,At Risk,65+,Female,North West,Bronze,True
CUST07983,581,5,390.83,1,2,2,122,1.67,Lost,45-54,Prefer not to say,East of England,Bronze,True
CUST07984,436,3,69.33,1,1,1,111,1.0,Lost,35-44,Female,West Midlands,Platinum,True
CUST07985,61,7,502.09999999999997,3,4,2,342,3.0,Loyal,18-24,Male,London,Bronze,True
CUST07986,33,6,436.40999999999997,4,3,2,432,3.0,Loyal,45-54,Female,South East,Gold,True
CUST07987,118,5,1045.98,3,2,4,324,3.0,Loyal,25-34,Prefer not to say,London,Silver,True
CUST07988,188,6,403.66999999999996,2,3,2,232,2.33,At Risk,25-34,Prefer not to say,Yorkshire,Silver,True
CUST07989,32,4,1328.59,4,2,4,424,3.33,Loyal,45-54,Prefer not to say,Scotland,Bronze,True
CUST07990,142,6,723.1600000000001,2,3,3,233,2.67,At Risk,65+,Male,East of England,Silver,True
CUST07991,44,9,788.72,4,4,3,443,3.67,Champion,55-64,Male,South East,Silver,True
CUST07992,264,7,610.21,1,4,3,143,2.67,Lost,35-44,Prefer not to say,North East,Silver,True
CUST07993,150,4,109.24,2,2,1,221,1.67,At Risk,18-24,Male,London,Bronze,False
CUST07994,236,4,186.18,2,2,1,221,1.67,At Risk,25-34,Female,London,Silver,True
CUST07995,151,5,485.67999999999995,2,2,2,222,2.0,At Risk,18-24,Male,London,Silver,True
CUST07996,99,9,804.98,3,4,3,343,3.33,Champion,18-24,Prefer not to say,South West,Platinum,True
CUST07997,320,6,1050.35,1,3,4,134,2.67,Lost,45-54,Male,South West,Silver,True
CUST07998,94,7,654.42,3,4,3,343,3.33,Champion,65+,Prefer not to say,South East,Silver,True
CUST07999,343,4,235.7,1,2,1,121,1.33,Lost,45-54,Male,West Midlands,Gold,True
CUST08000,17,11,955.2,4,4,4,444,4.0,Champion,55-64,Female,Yorkshire,Silver,True
